{"type":"FeatureCollection","features":[{"type":"Feature","properties":{"name":"Irrawaddy Delta","scalerank":1.0},"geometry":{"type":"MultiLineString","coordinates":[[[95.4511,17.8205],[95.4277,17.8447],[95.3053,17.7499],[95.2555,17.7482],[95.1973,17.6765],[95.2109,17.6317],[95.1607,17.6094],[95.1665,17.5424],[95.1091,17.4884],[95.1152,17.4637],[95.0855,17.4598],[95.0675,17.4295],[95.0921,17.4298],[95.0751,17.3804],[95.0,17.3336],[94.9991,17.3538],[94.981,17.3585],[94.9446,17.3431],[94.9302,17.2786],[94.957,17.2286],[94.8757,17.1483],[94.8594,17.0953],[94.8203,17.0698],[94.8416,17.0384],[94.7879,17.0279],[94.7412,16.9706],[94.7249,16.7852],[94.7454,16.7203],[94.7249,16.6927],[94.7324,16.648],[94.677,16.532]],[[95.4503,17.7913],[95.4926,17.8438],[95.4926,17.9092],[95.5575,17.9291],[95.5874,17.8951],[95.6025,17.9025],[95.6043,17.8147],[95.6445,17.7345],[95.6863,17.7186],[95.6633,17.6865],[95.7271,17.5986],[95.7249,17.5319],[95.7783,17.5001],[95.7778,17.4525],[95.7983,17.4464],[95.8215,17.4003],[95.8087,17.3933],[95.8399,17.3516],[95.8552,17.2799],[95.9575,17.1575],[95.9382,17.1073],[95.9495,17.0468],[96.0503,16.9807],[96.129,16.7767],[96.1712,16.7716]],[[95.4653,17.7069],[95.3859,17.7216],[95.3692,17.6349],[95.314,17.6349],[95.308,17.6184],[95.335,17.5803],[95.3251,17.553],[95.2661,17.4984],[95.3418,17.4574],[95.3024,17.4158],[95.3329,17.3526],[95.3171,17.3346],[95.2695,17.3333],[95.2616,17.3504],[95.2813,17.3706],[95.2654,17.3939],[95.2388,17.3295],[95.2798,17.2991],[95.2147,17.3094],[95.2517,17.2513],[95.2462,17.2081],[95.2656,17.1956],[95.1959,17.1272],[95.2057,17.0167],[95.1563,16.9292],[95.2319,16.8262],[95.1973,16.7579],[95.191,16.7064],[95.1575,16.7067],[95.1589,16.6612],[95.1221,16.6207],[95.1299,16.5785],[95.0376,16.5613],[95.04,16.5382],[94.9926,16.4948],[94.9452,16.3297],[94.8198,16.2174],[94.7937,16.1621]],[[95.6066,16.8579],[95.6668,16.8162],[95.6633,16.7374],[95.7583,16.7177],[95.7856,16.6382],[95.8086,16.6352],[95.8594,16.6624],[95.884,16.6254],[95.8831,16.535],[95.8347,16.4972],[95.8687,16.4597],[95.8775,16.4206],[96.0066,16.3873]],[[95.479,16.8057],[95.4807,16.7499],[95.4399,16.722],[95.4374,16.6828],[95.417,16.6791],[95.3897,16.504],[95.3692,16.5183],[95.3834,16.4852],[95.376,16.4528],[95.3486,16.4016],[95.3213,16.3911],[95.2822,16.3036],[95.2716,16.169],[95.1848,16.0447],[95.1325,16.0248]]]}},{"type":"Feature","properties":{"name":"Tuotuo","scalerank":1.0},"geometry":{"type":"LineString","coordinates":[[90.7947,34.3004],[91.0665,34.3414],[91.2599,34.3166],[91.3404,34.2851],[91.4146,34.2942],[91.7048,34.2565],[91.8115,34.2682],[91.8367,34.2159],[91.9775,34.1365],[92.0305,34.14],[92.065,34.1877],[92.1484,34.239],[92.2163,34.25],[92.5855,34.2103],[92.6313,34.1741],[92.6487,34.1291],[92.7226,34.0872],[92.8132,34.0813],[92.9928,34.1003]]}},{"type":"Feature","properties":{"name":"Nmai","scalerank":4.0},"geometry":{"type":"LineString","coordinates":[[97.9832,28.425],[98.0309,28.4178],[98.0616,28.3871],[98.0859,28.3114],[98.1921,28.2499],[98.2507,28.1844],[98.2957,28.1673],[98.3317,28.0925],[98.3111,28.0568],[98.3443,27.9288],[98.3272,27.8236],[98.3469,27.7673],[98.3155,27.7081],[98.2957,27.6951],[98.2794,27.709],[98.2371,27.6671],[98.1715,27.6528],[98.151,27.6597],[98.1192,27.7263],[98.0999,27.736],[98.0371,27.73],[98.0214,27.7224],[98.0195,27.6969],[98.0869,27.5294],[98.11,27.4269],[98.1866,27.3192],[98.2278,27.21],[98.302,27.147],[98.3496,27.06],[98.3779,26.7875],[98.333,26.7047],[98.337,26.6032],[98.3093,26.5914],[98.2882,26.5055],[98.2803,26.4285],[98.2922,26.3611],[98.117,25.8925],[98.0343,25.7896],[97.8023,25.5909],[97.739,25.6275],[97.6924,25.7076],[97.537,25.7176],[97.4863,25.7008]]}},{"type":"Feature","properties":{"name":"Nu","scalerank":4.0},"geometry":{"type":"LineString","coordinates":[[91.5183,31.9431],[91.5547,31.7721],[91.6594,31.7188],[91.689,31.6824],[91.7358,31.6706],[91.7442,31.6457],[91.7307,31.5973],[91.7763,31.5693],[91.8088,31.5089],[91.7847,31.4713],[91.813,31.4143],[91.874,31.4024],[91.939,31.4434],[92.0126,31.4287],[92.0377,31.4091],[92.0388,31.3409],[92.0899,31.2965],[92.2188,31.2893],[92.2644,31.3067],[92.3263,31.3741],[92.3206,31.4427],[92.3368,31.4698],[92.3814,31.4514],[92.532,31.502],[92.6642,31.5159],[92.731,31.5478],[92.8301,31.5524],[92.8845,31.5731],[92.9241,31.5726],[92.9487,31.5404],[93.0099,31.5653],[93.0608,31.5212],[93.1295,31.546],[93.4421,31.5521],[93.768,31.4886],[93.8477,31.5127],[93.9253,31.5122],[93.9732,31.5376],[94.1832,31.4801],[94.2573,31.5097],[94.3013,31.4797],[94.4876,31.4844],[94.5798,31.4555],[94.5991,31.43],[94.5725,31.3819],[94.568,31.3148],[94.5055,31.2579],[94.6085,31.2294],[94.6392,31.1275],[94.6891,31.096],[94.7368,31.0728],[94.7727,31.0748],[94.9006,31.1285],[94.9216,31.1671],[94.9673,31.1851],[95.0582,31.1697],[95.1121,31.1887],[95.252,31.1889],[95.4475,31.1189],[95.5279,30.9808],[95.6016,30.9398],[95.6938,30.966],[95.7803,30.954],[95.8228,31.0009],[95.8648,31.0066],[95.8899,30.9796],[95.9105,30.9864],[96.1028,30.9208],[96.255,30.8924],[96.2907,30.8599],[96.3357,30.8608],[96.3678,30.8162],[96.4439,30.5661],[96.5405,30.4335],[96.5956,30.4479]]}},{"type":"Feature","properties":{"name":"Ayeyarwady","scalerank":4.0},"geometry":{"type":"LineString","coordinates":[[97.4863,25.7008],[97.5342,25.6763],[97.5068,25.6319],[97.4863,25.522],[97.4036,25.3814],[97.4205,25.3302],[97.3788,25.3333],[97.3369,25.3695],[97.3135,25.3572],[97.3137,25.3187],[97.2678,25.2893],[97.2715,25.2174],[97.233,25.1862],[97.2437,25.1268],[97.3189,25.1269],[97.315,25.1043],[97.2979,25.0815],[97.2599,25.098],[97.2141,25.0865],[97.233,25.036],[97.2219,24.997],[97.117,24.933],[97.1015,24.9162],[97.1028,24.8678],[97.0344,24.8231],[97.0606,24.7164],[97.1155,24.6114],[97.1069,24.514],[97.1231,24.4879],[97.1216,24.3725],[97.1368,24.3371],[97.205,24.2705],[97.1853,24.2067],[97.1472,24.1704],[97.0841,24.1422],[96.9761,24.1447],[96.9292,24.1281],[96.8213,24.2128],[96.782,24.2904],[96.6336,24.3573],[96.5919,24.3524],[96.5676,24.3142],[96.5323,24.2975],[96.438,24.303],[96.4464,24.2752],[96.4314,24.2532],[96.3626,24.2002],[96.295,24.0962],[96.29,23.9703],[96.205,23.7685],[96.1555,23.7497],[96.1274,23.6707],[96.0203,23.555],[96.0066,23.385],[95.9781,23.2617],[95.9649,22.7691],[95.9551,22.7503],[95.9105,22.7394],[95.9013,22.7072],[95.9902,22.5293],[95.9648,22.4726],[95.9638,22.3925],[96.0127,22.3319],[95.9861,22.2814],[95.9878,22.2165],[96.0075,22.0894],[96.0481,21.994],[96.0413,21.9234],[95.9929,21.8767],[95.9138,21.8563],[95.8489,21.9108],[95.7765,21.9315],[95.512,21.9175],[95.4717,21.8569],[95.4505,21.7808],[95.3871,21.7331],[95.3245,21.5375],[95.3302,21.4639],[95.2755,21.4451],[95.1416,21.3139],[95.0774,21.3013],[95.0219,21.3112],[94.9856,21.2498],[94.9098,21.2256],[94.8484,21.2256],[94.8193,21.2044],[94.8033,21.1635],[94.8203,20.9724],[94.8064,20.9245],[94.718,20.8358],[94.7131,20.8138],[94.7522,20.6912],[94.7949,20.6434],[94.8203,20.5062],[94.8587,20.482],[94.9052,20.3649],[94.8967,20.2456],[94.9098,20.2046],[94.8967,20.1841],[94.9145,20.1243],[94.9378,20.0885],[95.0108,20.0492],[95.0141,19.9964],[95.0538,19.9684],[95.0522,19.9151],[95.1126,19.8907],[95.1602,19.8231],[95.1358,19.7391],[95.1699,19.6224],[95.1645,19.5006],[95.1973,19.3723],[95.1749,19.1529],[95.127,19.0956],[95.1127,19.0152],[95.1342,18.9309],[95.1934,18.8658],[95.2131,18.8055],[95.1856,18.7376],[95.1528,18.7108],[95.1016,18.6975],[95.0798,18.6671],[95.063,18.5618],[95.0846,18.5222],[95.1795,18.4476],[95.2099,18.3632],[95.2874,18.32],[95.3828,18.2308],[95.4503,18.0331],[95.4448,17.9571],[95.4238,17.9291],[95.4337,17.8759],[95.4591,17.84],[95.4581,17.726],[95.4926,17.6554],[95.5655,17.6143],[95.541,17.5598],[95.5479,17.5001],[95.6231,17.4431],[95.6742,17.4366],[95.677,17.419],[95.6104,17.366],[95.5889,17.3026],[95.5913,17.2514],[95.6465,17.1099],[95.6359,17.0732],[95.561,17.0148],[95.5674,16.9641],[95.6126,16.864],[95.5933,16.8489],[95.5337,16.8466],[95.4923,16.8113],[95.335,16.7579],[95.3486,16.6754],[95.3237,16.6614],[95.3176,16.6102],[95.2627,16.5877],[95.2589,16.5292],[95.2007,16.4991],[95.1631,16.4494],[95.0801,16.3939],[95.0338,16.2813],[94.9924,16.2508]]}},{"type":"Feature","properties":{"name":"Tongtian","scalerank":1.0},"geometry":{"type":"LineString","coordinates":[[92.9928,34.1003],[93.0117,34.1086],[93.0342,34.163],[93.1284,34.2259],[93.3482,34.2321],[93.392,34.2185],[93.4773,34.2321],[93.6629,34.2117],[93.7486,34.2323],[93.8137,34.2731],[93.8111,34.3167],[93.8499,34.3273],[93.9172,34.4536],[93.9732,34.4713],[94.0681,34.5613],[94.1694,34.5891],[94.2646,34.5838],[94.3512,34.671],[94.3623,34.6567],[94.3923,34.6844],[94.4758,34.6953],[94.5584,34.764],[94.6025,34.7675],[94.6524,34.7413],[94.8834,34.701],[94.9439,34.6635],[94.9675,34.6706],[94.989,34.6089],[95.0068,34.5858],[95.0538,34.5748],[95.0675,34.5338],[95.1115,34.5307],[95.1699,34.486],[95.2114,34.4996],[95.2354,34.4649],[95.2764,34.4724],[95.314,34.4587],[95.3176,34.4803],[95.3384,34.4859],[95.3486,34.4618],[95.4666,34.3626],[95.5559,34.3299],[95.5781,34.3111],[95.5678,34.2805],[95.5889,34.2595],[95.5678,34.239],[95.5962,34.2247],[95.6176,34.2338],[95.6803,34.2008],[95.7066,34.1292],[95.7944,34.0533],[95.8259,34.0519],[95.865,33.9718],[95.8948,33.9449],[95.8982,33.9144],[95.9929,33.869],[95.9871,33.8432],[96.1221,33.7979],[96.0959,33.7796],[96.1306,33.7648],[96.2183,33.7864],[96.2114,33.7735],[96.2319,33.7517],[96.1978,33.7462],[96.2273,33.7386],[96.2346,33.718],[96.2561,33.7325],[96.3147,33.7319],[96.3591,33.766],[96.4001,33.7462],[96.4038,33.6841],[96.4302,33.6909],[96.5,33.6431],[96.4721,33.6226],[96.5776,33.6112],[96.6178,33.5884],[96.6235,33.5469],[96.7007,33.5473],[96.7067,33.5191],[96.6895,33.5061],[96.7227,33.4395],[96.7055,33.4234],[96.7328,33.3967],[96.7533,33.4097],[96.7465,33.3967],[96.7727,33.3888],[96.7737,33.3557],[96.801,33.3898],[96.7935,33.3756],[96.8283,33.3135],[96.8489,33.3346],[96.859,33.3221],[96.9177,33.3272],[96.964,33.3482],[96.9793,33.3272],[97.0071,33.3414],[96.9998,33.3135],[97.0204,33.3202],[97.0239,33.2145],[97.084,33.1567],[97.1343,33.1332],[97.1853,33.0467],[97.23,33.0227],[97.2535,32.9442],[97.3608,32.897],[97.3838,32.7791],[97.4304,32.7002],[97.5654,32.6248],[97.603,32.6214],[97.6204,32.588],[97.6636,32.5598],[97.8176,32.5132],[97.8562,32.5191],[97.8866,32.4976],[98.0139,32.4644],[98.0803,32.4046],[98.1228,32.4002],[98.2056,32.3556],[98.2199,32.2521],[98.3093,32.1286],[98.3745,32.0803],[98.3933,32.0401],[98.4527,31.984],[98.4448,31.9079],[98.4189,31.8798],[98.4351,31.8383],[98.4254,31.8133],[98.5012,31.7497],[98.5415,31.6898]]}},{"type":"Feature","properties":{"name":"Nu","scalerank":4.0},"geometry":{"type":"LineString","coordinates":[[96.5956,30.4479],[96.7018,30.4418],[96.6917,30.3702],[96.7222,30.2971],[96.7726,30.2914],[96.8574,30.2399],[96.918,30.2418],[96.992,30.1975],[97.0603,30.1943],[97.169,30.1134],[97.2478,30.0897],[97.2876,30.0215],[97.3374,29.9743],[97.3582,29.8995],[97.4181,29.8607],[97.4282,29.7953],[97.4473,29.7731],[97.4424,29.6847],[97.5615,29.548],[97.5811,29.4861],[97.7037,29.4509],[97.7236,29.4227],[97.8482,29.3718],[97.8665,29.3392],[97.8977,29.3278],[97.8972,29.2908],[97.9356,29.2549],[97.9443,29.1941],[98.0405,29.0725],[98.047,29.0382],[98.0823,29.0192],[98.1033,28.9215],[98.1824,28.8185],[98.2575,28.7902],[98.3434,28.7154],[98.3744,28.5312],[98.4391,28.4929],[98.4527,28.407],[98.4453,28.3393],[98.4705,28.2977],[98.4854,28.1297],[98.5689,28.096],[98.6514,28.0063],[98.667,27.9561],[98.6855,27.9613],[98.6582,27.9278],[98.6863,27.8674],[98.6731,27.7696],[98.7316,27.669],[98.8295,27.5613],[98.8251,27.4886],[98.809,27.4617],[98.8862,27.261],[98.8687,27.1739],[98.8984,26.4549],[98.8894,26.3734],[98.8595,26.3356],[98.8715,26.2806],[98.8574,26.1772],[98.8711,26.1458],[98.843,26.0843],[98.8533,26.048],[98.8369,25.9205],[98.8948,25.4713],[98.8711,25.3817],[98.8774,25.324],[98.843,25.2862],[98.843,25.2278],[98.8587,25.1985],[98.843,25.1881],[98.843,25.0733],[98.9053,24.9187],[98.8886,24.9016],[98.8954,24.8736],[98.9555,24.746],[99.0355,24.6971],[99.0547,24.6539],[99.025,24.4903],[98.9793,24.4154],[99.047,24.3839],[99.065,24.3215],[99.1253,24.2842],[98.999,24.2432],[98.8549,24.1392],[98.7158,24.1215],[98.4929,24.0467],[98.4319,24.0001],[98.4116,23.9634],[98.4449,23.8415],[98.5747,23.745],[98.6489,23.6089],[98.5899,23.5042],[98.6178,23.4458],[98.6069,23.4265],[98.6582,23.426],[98.7202,23.388],[98.7332,23.3018],[98.7242,23.2623],[98.6406,23.2279],[98.5885,23.2413],[98.5318,23.2267],[98.5109,23.2062],[98.4435,23.2055],[98.4712,23.17],[98.516,23.1528],[98.5647,23.0764],[98.4995,23.0425],[98.5176,22.9702],[98.5489,22.9747],[98.665,22.9012],[98.6511,22.847],[98.5451,22.8226],[98.522,22.7816],[98.5489,22.7373],[98.5415,22.7093],[98.5632,22.6787],[98.5588,22.6393],[98.5783,22.6349],[98.6445,22.48],[98.5689,22.2882],[98.6435,22.1394],[98.7744,22.0402],[98.738,22.0267],[98.7202,21.9723],[98.5693,21.8936],[98.5489,21.8593],[98.5855,21.7153],[98.6445,21.6303],[98.6485,21.5814],[98.5823,21.5477],[98.5689,21.5136],[98.6253,21.417],[98.6731,21.3901],[98.6787,21.3045],[98.7128,21.2393],[98.7031,21.1785],[98.783,21.1021],[98.8017,21.0747],[98.7964,21.0434],[98.7407,20.9923],[98.6389,20.9905],[98.6074,20.9604],[98.5079,20.9512]]}},{"type":"Feature","properties":{"name":"Salween","scalerank":4.0},"geometry":{"type":"LineString","coordinates":[[98.5079,20.9512],[98.4917,20.8768],[98.5005,20.7874],[98.6498,20.4849],[98.6592,20.4366],[98.6441,20.3775],[98.6582,20.3349],[98.6963,20.2939],[98.6895,20.2014],[98.6069,20.1466],[98.5659,20.15],[98.4885,20.085],[98.3775,20.0748],[98.2337,19.9991],[98.1409,19.99],[98.0203,19.9532],[97.9177,19.965],[97.877,19.9508],[97.8295,19.8619],[97.7511,19.8465],[97.7402,19.7801],[97.6554,19.6905],[97.6331,19.5472],[97.5855,19.4195],[97.5256,19.3743],[97.5346,19.1505],[97.49,19.0504],[97.4658,18.862],[97.4317,18.8204],[97.387,18.8236],[97.3513,18.8717],[97.3349,18.8751],[97.3272,18.8509],[97.3349,18.7106],[97.3628,18.5877],[97.3455,18.5616],[97.4428,18.4035],[97.4522,18.3338],[97.5279,18.2656],[97.562,18.3307],[97.6372,18.3065],[97.6428,18.2732],[97.6176,18.2419],[97.6838,18.1463],[97.6939,18.0617],[97.7197,18.0533],[97.7538,17.9693],[97.6914,17.8958],[97.6984,17.8336],[97.6758,17.8305],[97.676,17.8153],[97.7129,17.6901],[97.7207,17.5917],[97.7727,17.4725],[97.7599,17.4056],[97.6905,17.3614],[97.6748,17.3234],[97.6742,17.183],[97.6553,17.1731],[97.6509,17.1264],[97.6098,17.035],[97.6401,16.9326],[97.6054,16.6844],[97.6736,16.555]]}},{"type":"Feature","properties":{"name":"Jinsha","scalerank":1.0},"geometry":{"type":"MultiLineString","coordinates":[[[98.5415,31.6898],[98.5919,31.5987],[98.8848,31.354],[98.7676,31.2303],[98.6825,31.3159],[98.6376,31.3092],[98.6111,31.2561],[98.6199,31.1879],[98.6035,31.1696],[98.6929,31.1246],[98.726,31.0596],[98.8027,30.9909],[98.7979,30.9408],[98.7749,30.9022],[98.7874,30.8808],[98.8803,30.7931],[98.9541,30.7478],[98.9605,30.7271],[98.9529,30.7081],[98.9053,30.6824],[98.905,30.6637],[98.9316,30.5795],[98.9325,30.4906],[98.9605,30.4599],[98.9865,30.1443],[99.0339,30.0552],[99.0561,29.9152],[99.0053,29.82],[99.0007,29.7849],[99.0144,29.7678],[99.0007,29.7569],[98.9865,29.6508],[99.0418,29.5624],[99.0623,29.3082],[99.1085,29.2241],[99.1039,29.0921],[99.1209,28.9646],[99.0964,28.8359],[99.1243,28.7496],[99.1305,28.6646],[99.1721,28.5926],[99.1653,28.5547],[99.1802,28.5047],[99.1624,28.4381],[99.2267,28.3393],[99.2734,28.3072],[99.2744,28.2772],[99.3813,28.1844],[99.3985,28.1264]],[[99.3985,28.1196],[99.3945,28.0425],[99.4578,27.8688],[99.4317,27.7977],[99.4413,27.75],[99.481,27.6746],[99.523,27.6536],[99.5215,27.605],[99.5603,27.5633],[99.5557,27.5095],[99.5862,27.4869],[99.645,27.3859],[99.6359,27.3502],[99.6531,27.3177],[99.8024,27.1956],[99.9478,27.0295],[99.9741,26.8863],[100.0634,26.9583],[100.0847,27.0691],[100.059,27.1287],[100.0634,27.1737],[100.1161,27.2085],[100.2446,27.3612],[100.2143,27.4139],[100.1931,27.511],[100.295,27.6835],[100.2996,27.8321],[100.4203,27.8385],[100.4332,27.7428],[100.4649,27.6707],[100.4488,27.499],[100.543,27.4388],[100.5227,27.3767],[100.5524,27.2555],[100.5388,27.2196],[100.4947,27.1879],[100.4338,27.1839],[100.4971,27.1241],[100.4539,27.0303],[100.4743,26.9347],[100.4519,26.8264],[100.3982,26.8038],[100.394,26.7872],[100.419,26.6392],[100.4332,26.6256],[100.4265,26.5195],[100.4607,26.4034],[100.4129,26.3001],[100.447,26.2277],[100.4737,26.215],[100.5479,26.2294],[100.6121,26.201],[100.6357,26.2132],[100.6677,26.1917],[100.7749,26.1841],[100.8307,26.206],[100.9058,26.1663],[101.0,26.2791]]]}},{"type":"Feature","properties":{"name":"God\u00e4vari","scalerank":5.0},"geometry":{"type":"MultiLineString","coordinates":[[[73.6524,20.0128],[73.686,20.043],[73.8381,19.9937],[73.9026,19.9991],[73.9674,19.9827],[74.0042,20.0265],[74.0571,20.0476],[74.0826,20.0251],[74.0982,20.0333],[74.2285,19.9718],[74.3892,19.9306],[74.4425,19.8819],[74.5089,19.8893],[74.5689,19.8059],[74.7594,19.7611],[74.8489,19.6634],[74.8897,19.6497],[74.9516,19.6566],[75.1397,19.5876],[75.1809,19.5939],[75.2167,19.5484],[75.3352,19.5057],[75.3757,19.4635],[75.4175,19.4615],[75.4367,19.4206],[75.4791,19.4374],[75.5481,19.3895],[75.7207,19.3522],[75.7874,19.3964],[75.8347,19.3758],[75.9142,19.389],[75.9174,19.3049],[75.9656,19.3065],[76.0099,19.3418],[76.0208,19.2996],[76.0616,19.2934],[76.1104,19.3123],[76.2258,19.26],[76.3049,19.2652],[76.3613,19.2333],[76.3399,19.1429],[76.3181,19.1295],[76.3294,19.1093],[76.3659,19.1336],[76.3804,19.1283],[76.3897,19.1052],[76.4229,19.1038],[76.4423,19.0597],[76.5069,19.1029],[76.5654,19.1119],[76.6305,19.0688],[76.6196,19.0245],[76.6309,19.0096],[76.7156,19.0184],[76.7365,18.9775],[76.7809,19.0188],[76.7809,19.0532],[76.8262,19.0452],[76.8448,19.0675],[76.9216,19.0532],[76.98,19.1016],[77.0581,19.0873],[77.0567,19.1115],[77.0792,19.1221],[77.0928,19.1015],[77.0724,19.0811],[77.0789,19.0703],[77.1337,19.067],[77.165,19.1153],[77.1956,19.1008],[77.2432,19.1221],[77.2637,19.1153],[77.2869,19.1426],[77.3242,19.1365],[77.3809,19.1563],[77.3941,19.1389],[77.384,19.0911],[77.4766,19.0122],[77.5719,18.9872],[77.5986,18.9411],[77.6311,18.9366],[77.7095,18.877],[77.7852,18.8661],[77.8859,18.8265],[77.9448,18.8297],[77.9699,18.8682],[78.0293,18.8726],[78.0488,18.9132],[78.2153,19.0021],[78.2481,19.0017],[78.2803,18.9803],[78.2955,18.9303],[78.3911,18.9918],[78.4464,18.963],[78.5112,18.9644],[78.5419,18.944],[78.5704,18.9844],[78.6474,18.9881],[78.6764,19.034],[78.7756,19.0076],[78.7939,19.0387],[78.836,19.058],[78.919,19.0364],[78.9324,19.0668],[79.0121,19.0814],[79.0719,19.0458],[79.1179,18.9391],[79.1783,18.8776],[79.2412,18.862],[79.2927,18.8136],[79.3899,18.8574],[79.429,18.8524],[79.5869,18.7658],[79.6216,18.731],[79.6409,18.7342],[79.6865,18.6798],[79.7656,18.6901],[79.814,18.7219],[79.8512,18.794],[79.8339,18.8409],[79.8445,18.8819],[79.877,18.8404],[80.0017,18.7857],[80.0906,18.6975],[80.1697,18.6901],[80.2947,18.7134],[80.3521,18.5924],[80.3721,18.6156],[80.3906,18.6043],[80.3889,18.4776],[80.4439,18.4505],[80.4663,18.4194],[80.4918,18.2923],[80.6973,18.1595],[80.7763,18.0231],[80.84,17.9963],[80.8906,17.9389],[80.8686,17.7752],[80.8965,17.7106],[80.8862,17.6559],[80.8965,17.6418],[80.9944,17.6392],[81.0198,17.5862],[81.0673,17.6076],[81.1162,17.6076],[81.1498,17.5728],[81.2546,17.5616],[81.3032,17.4876],[81.3732,17.4878],[81.4127,17.4581],[81.5053,17.4642],[81.6159,17.3916],[81.6172,17.3364],[81.6705,17.306],[81.6515,17.1964],[81.6858,17.1117],[81.75,17.0311],[81.759,16.9663],[81.7297,16.9151],[81.7341,16.8857],[81.7676,16.7794],[81.8008,16.7374],[81.7978,16.7049],[81.8638,16.5782],[81.8314,16.4774],[81.7954,16.4636],[81.7488,16.4171],[81.7178,16.4426],[81.7047,16.4293],[81.7115,16.3122]],[[81.759,16.9554],[81.7722,16.8928],[81.8376,16.7852],[81.9001,16.7545],[81.9312,16.7169],[82.0737,16.682],[82.2149,16.7109],[82.3427,16.7014]]]}},{"type":"Feature","properties":{"name":"Pamir","scalerank":5.0},"geometry":{"type":"LineString","coordinates":[[73.6046,37.4461],[73.4849,37.4812],[73.4402,37.4802],[73.3779,37.4528],[73.3208,37.4672],[73.2758,37.4597],[73.2112,37.4085],[73.1699,37.4085],[73.1318,37.3846],[73.0671,37.3154],[72.9951,37.3095],[72.9019,37.254],[72.7903,37.2206],[72.6573,37.0291]]}},{"type":"Feature","properties":{"name":"Panj","scalerank":5.0},"geometry":{"type":"LineString","coordinates":[[72.6573,37.0291],[72.4746,36.9977],[72.4055,37.0079],[72.2593,36.9676],[72.1262,36.8729],[71.7973,36.6863],[71.6528,36.6872],[71.5769,36.7335],[71.5281,36.8564],[71.4626,36.9483],[71.4595,37.011],[71.4308,37.0672],[71.4497,37.2169],[71.4867,37.2673],[71.4933,37.3077],[71.4868,37.4094],[71.5108,37.4862],[71.4968,37.5668],[71.5405,37.71],[71.5291,37.7613],[71.5899,37.816],[71.5973,37.8985],[71.5367,37.9446],[71.5007,37.9465],[71.3407,37.8936],[71.2578,37.9267],[71.2722,37.9982],[71.3587,38.1844],[71.3576,38.2515],[71.3341,38.2809],[71.2173,38.3261],[71.117,38.3988],[71.0493,38.4089],[71.0081,38.4588],[70.9736,38.4739],[70.943,38.4662],[70.9358,38.4332],[70.8705,38.4534],[70.8427,38.4404],[70.7768,38.4467],[70.7413,38.4197],[70.6645,38.4056],[70.6843,38.3869],[70.6763,38.3752],[70.5996,38.3473],[70.5825,38.2753],[70.5468,38.2629],[70.4699,38.1207],[70.2537,37.9737],[70.2612,37.9395],[70.2143,37.9295],[70.1716,37.9464],[70.1648,37.8902],[70.1956,37.8402],[70.2468,37.8194],[70.2747,37.7744],[70.2827,37.705],[70.2537,37.631],[70.2159,37.6174],[70.1573,37.5416],[70.1288,37.5325],[70.0071,37.5491],[69.9548,37.5758],[69.9185,37.6174],[69.8018,37.5817],[69.7539,37.5969],[69.6646,37.5764],[69.5282,37.5862],[69.5083,37.5793],[69.4908,37.5372],[69.384,37.4536],[69.3766,37.3809],[69.3909,37.3709],[69.3859,37.3417],[69.4175,37.2679],[69.4094,37.2459],[69.4448,37.2366],[69.4072,37.1777],[69.3234,37.1212],[69.2454,37.1041],[69.1231,37.1694],[68.9849,37.3206],[68.8875,37.3384],[68.9172,37.3027],[68.9155,37.2792],[68.8899,37.2822],[68.8564,37.3251],[68.8354,37.3294],[68.8098,37.3123],[68.8199,37.2512],[68.7593,37.2755],[68.6685,37.2785],[68.6572,37.2679],[68.6708,37.2474],[68.6482,37.2446],[68.6265,37.2065],[68.551,37.1928],[68.5234,37.1649],[68.4033,37.1519],[68.4176,37.1285],[68.3914,37.1057],[68.3071,37.1145],[68.2803,37.0869],[68.2774,37.0103],[68.212,37.0215]]}},{"type":"Feature","properties":{"name":"Amu  Darya","scalerank":5.0},"geometry":{"type":"LineString","coordinates":[[68.212,37.0215],[68.0198,36.9259],[67.8777,37.0646],[67.8076,37.0835],[67.7726,37.1103],[67.7802,37.1891],[67.7463,37.2296],[67.6772,37.2338],[67.6327,37.2543],[67.5918,37.2474],[67.561,37.2202],[67.5256,37.2731],[67.5027,37.2822],[67.3907,37.2198],[67.2588,37.1854],[67.2363,37.1927],[67.1874,37.2584],[67.1228,37.2822],[67.0971,37.3408],[67.0055,37.3846],[66.7346,37.3636],[66.6936,37.3437],[66.5386,37.3694],[66.4507,37.3231],[66.4131,37.3499],[66.294,37.3314],[66.2182,37.375],[66.1426,37.3853],[66.0792,37.4411],[65.8547,37.5081],[65.7962,37.5696],[65.6487,37.6038],[65.5519,37.6649],[65.4028,37.7112],[65.3071,37.7086],[65.2651,37.7272],[65.1463,37.9435],[65.0864,38.0078],[64.9361,38.1039],[64.5689,38.2186],[64.3705,38.3272],[64.2813,38.4412],[64.1544,38.5319],[64.072,38.6816],[63.9778,38.7471],[63.9629,38.8445],[63.8793,38.957],[63.7549,39.0037],[63.6861,39.091],[63.5582,39.1387],[63.4688,39.22],[63.38,39.2486],[63.2571,39.3237],[63.0896,39.3237],[63.0225,39.3502],[62.9829,39.4062],[62.9973,39.4803],[62.9902,39.5502],[62.9249,39.5843],[62.8799,39.6528],[62.7537,39.6669],[62.7024,39.7436],[62.6168,39.7809],[62.6094,39.8123],[62.5447,39.8686],[62.5241,39.94],[62.4622,40.0]]}},{"type":"Feature","properties":{"name":"Yarkant","scalerank":6.0},"geometry":{"type":"LineString","coordinates":[[77.5249,35.5207],[77.6577,35.5913],[77.6817,35.6192],[77.71,35.7534],[77.689,35.7849],[77.5527,35.8797],[77.544,35.9038],[77.6422,36.0793],[77.7595,36.1426],[77.7577,36.1718],[77.6274,36.1991],[77.5312,36.2674],[77.5386,36.2879],[77.4907,36.3425],[77.4981,36.3724],[77.4508,36.4297],[77.25,36.4592],[77.1581,36.4462],[77.0792,36.4592],[76.8289,36.3834],[76.7496,36.4046],[76.644,36.4003],[76.4937,36.4325],[76.4208,36.5523],[76.3692,36.5647],[76.2747,36.6195],[76.1917,36.6345],[76.1026,36.6888],[76.0582,36.7608],[76.0156,36.8858],[75.962,36.9458],[75.9244,36.9561],[75.9201,36.9718],[76.0081,37.0931],[76.0151,37.1771],[75.9695,37.2065],[75.9068,37.3179],[75.9547,37.3285],[75.9745,37.2921],[76.0794,37.2884],[76.106,37.2747],[76.1436,37.3129],[76.1848,37.3263],[76.1917,37.3636],[76.2494,37.4182],[76.229,37.4597],[76.2365,37.5447],[76.2227,37.5826],[76.2363,37.5969],[76.1812,37.7335],[76.2071,37.8102],[76.1675,37.8371],[76.2017,37.8508],[76.219,37.8917],[76.2677,37.8968],[76.2761,37.9669],[76.363,37.9879],[76.4253,37.9708],[76.5181,37.9941],[76.5468,37.9822],[76.5372,37.9316],[76.6746,37.906],[76.7273,37.8811],[76.7754,37.8826],[76.9421,38.0351],[77.0027,38.0605],[77.0191,38.0914],[77.2097,38.2337],[77.3814,38.3393],[77.394,38.3544],[77.3296,38.5832],[77.3667,38.6043],[77.3872,38.6663],[77.4492,38.6999],[77.4838,38.7961],[77.5728,38.8712],[77.5815,38.8913],[77.5554,39.0066],[77.6171,39.0394],[77.6397,39.1319],[77.669,39.1319],[77.7102,39.1604],[77.7349,39.1483],[77.7486,39.1925],[77.867,39.2752],[77.9295,39.2962],[77.9628,39.3475],[78.0693,39.382],[78.0873,39.4124],[78.2144,39.4837],[78.4702,39.5843],[78.4909,39.5766],[78.5524,39.6042],[78.5659,39.5638],[78.5862,39.5581],[78.6895,39.6042],[78.8198,39.6116],[78.834,39.6458],[78.9024,39.6175],[78.9567,39.639],[78.9746,39.6272],[79.0186,39.6343],[79.1304,39.6954],[79.2449,39.7072],[79.3473,39.7391],[79.4575,39.8281],[79.6088,39.8447],[79.6626,39.8928],[79.8959,40.0]]}},{"type":"Feature","properties":{"name":"Sutlej","scalerank":6.0},"geometry":{"type":"MultiLineString","coordinates":[[[76.7647,31.4086],[76.7365,31.3919],[76.7503,31.3583],[76.7365,31.3087],[76.6936,31.3124],[76.6831,31.2789],[76.6497,31.2677],[76.6099,31.2888],[76.492,31.4105],[76.4692,31.426],[76.4351,31.4222]],[[81.2947,30.7917],[81.1993,30.8521]]]}},{"type":"Feature","properties":{"name":"Sutlej","scalerank":6.0},"geometry":{"type":"MultiLineString","coordinates":[[[76.4351,31.4222],[76.4009,31.4291],[76.3667,31.4024],[76.3782,31.339],[76.4373,31.2427],[76.5534,31.1706],[76.5873,31.0786],[76.5381,31.0589],[76.5381,31.0046],[76.5058,30.9779],[76.4595,30.9712],[76.3954,31.0115],[76.3326,31.0046],[76.291,31.0188],[76.2705,31.0046],[76.2085,31.0188],[76.0825,30.9909],[75.9998,30.9943],[75.9229,31.0225],[75.8297,30.9971],[75.6064,30.9909],[75.5392,30.9726],[75.3956,30.9852],[75.2332,31.06],[75.1975,31.0523],[75.1772,31.0899],[75.1186,31.1008],[75.126,31.1213],[75.0332,31.1833],[74.8364,31.1586],[74.762,31.1081],[74.7083,31.1144],[74.6006,31.0568],[74.5191,30.9627],[74.4412,30.9464],[74.4009,30.8933],[74.3189,30.8936],[74.2998,30.8384],[74.2563,30.8155],[74.2662,30.7886],[74.1907,30.7172],[74.1632,30.6651],[74.0671,30.6107],[74.0571,30.5316],[74.004,30.5091],[73.9387,30.4262],[73.8995,30.4224],[73.9057,30.395],[73.8672,30.3877],[73.8449,30.3572],[73.7698,30.3677],[73.6646,30.3175],[73.5898,30.3229],[73.5398,30.2777],[73.4179,30.2247],[73.3406,30.2163],[73.344,30.1815],[73.2969,30.1617],[73.2798,30.1289],[73.233,30.1707],[73.2123,30.1492],[73.2256,30.1251],[73.1392,30.0865],[73.0532,30.0934],[73.0338,30.0553],[72.9326,29.9826],[72.9229,30.0036],[72.8884,30.004],[72.8342,29.9637],[72.7677,29.9434],[72.7281,29.9063],[72.6355,29.8925],[72.6183,29.8259],[72.4737,29.8532],[72.3621,29.8384],[72.3456,29.8076],[72.282,29.7713],[72.2496,29.7117],[72.1962,29.7132],[72.1728,29.6818],[72.1843,29.6717],[72.1482,29.6595],[72.166,29.5795],[72.0647,29.547],[71.9843,29.4914],[71.9132,29.4901],[71.9189,29.4696],[71.9011,29.4625],[71.8062,29.4771],[71.7886,29.4491],[71.7636,29.462],[71.7197,29.4427],[71.6935,29.4771],[71.6677,29.4737],[71.5899,29.4081],[71.5973,29.3876],[71.5142,29.39],[71.4944,29.4081],[71.4828,29.3704],[71.4671,29.3665],[71.4397,29.4081],[71.3884,29.3663],[71.3639,29.374],[71.3496,29.4081],[71.323,29.3802],[71.3019,29.4007],[71.3155,29.415],[71.2715,29.4286],[71.2182,29.3868],[71.1845,29.4213],[71.1446,29.3846],[71.11,29.3771],[71.0973,29.39],[71.022,29.3665]],[[81.1993,30.8521],[81.1834,30.8963],[81.1509,30.9191],[80.9518,30.9781],[80.8949,31.0348],[80.7551,31.1246],[80.6284,31.1213],[80.5632,31.0961],[80.5455,31.0664],[80.5025,31.048],[80.3901,31.0692],[80.2857,31.1144],[80.2316,31.159],[80.1524,31.186],[80.086,31.2604],[80.0121,31.2908],[79.9982,31.3062],[80.0017,31.3435],[79.9302,31.4024],[79.8853,31.4713],[79.8067,31.498],[79.6795,31.4872],[79.5259,31.5096],[79.4435,31.5532],[79.4229,31.5867],[79.3541,31.6332],[79.2994,31.6352],[79.2449,31.6727],[79.1213,31.6966],[79.0313,31.6856],[78.9909,31.6489],[78.9487,31.661],[78.8427,31.8052],[78.7696,31.8081],[78.7173,31.8475],[78.6542,31.8248],[78.6279,31.7655],[78.5562,31.7506],[78.5385,31.7185],[78.4548,31.6754],[78.4296,31.6338],[78.4424,31.6004],[78.2921,31.6004],[78.2613,31.5211],[78.1891,31.5123],[77.9688,31.5716],[77.8293,31.5639],[77.7031,31.5048],[77.6283,31.4473],[77.6316,31.4009],[77.5554,31.3892],[77.538,31.3544],[77.3682,31.3587],[77.3076,31.2761],[77.1591,31.2407],[77.1298,31.241],[76.9937,31.3067],[76.9291,31.3677],[76.8824,31.3688],[76.8842,31.4146],[76.8255,31.4291],[76.7647,31.4086]],[[81.3757,30.7581],[81.331,30.7644],[81.2937,30.7923]]]}},{"type":"Feature","properties":{"name":"Mah\u00e4na Nad\u00ef","scalerank":6.0},"geometry":{"type":"LineString","coordinates":[[83.8576,21.5201],[83.8335,21.5328],[83.7144,21.6947],[83.665,21.7242],[83.5753,21.7476],[83.5489,21.7405],[83.5029,21.6661],[83.4671,21.6455],[83.3902,21.6925],[83.2997,21.6951]]}},{"type":"Feature","properties":{"name":"Mah\u00e4na Nad\u00ef","scalerank":6.0},"geometry":{"type":"MultiLineString","coordinates":[[[83.8565,21.5205],[83.9338,21.4924],[83.9801,21.4317],[83.9746,21.3902],[83.8975,21.3076],[83.9092,21.2049],[83.83,21.0548],[83.8328,20.9308],[83.9648,20.8359],[84.0483,20.8141],[84.2061,20.8904],[84.2914,20.8768],[84.3135,20.8677],[84.3296,20.8004],[84.3647,20.7574],[84.5444,20.7241],[84.7078,20.6295],[84.7813,20.5213],[84.8954,20.5181],[85.0162,20.4388],[85.1694,20.3784],[85.2334,20.3963],[85.2773,20.3633],[85.3443,20.3567],[85.3975,20.3817],[85.5042,20.379],[85.6448,20.4578],[85.6824,20.4373],[85.7236,20.4373],[85.7725,20.4714],[85.8653,20.4457],[85.9567,20.3648],[86.0113,20.3667],[86.0631,20.2613],[86.145,20.212],[86.1587,20.1431]],[[80.6253,20.599],[80.6383,20.6455],[80.6148,20.698],[80.6321,20.7534],[80.7551,20.7847],[80.897,21.0036],[81.0309,21.0652],[81.0883,21.0543],[81.1347,21.0957],[81.2316,21.1021],[81.2454,21.1747],[81.2359,21.2286],[81.2659,21.2393],[81.3103,21.3599],[81.3626,21.4203],[81.3565,21.4875],[81.3894,21.5737],[81.4231,21.5867],[81.4273,21.6146],[81.5191,21.613],[81.5932,21.6401],[81.6091,21.5955],[81.6741,21.576],[81.6895,21.5856],[81.6973,21.6303],[81.6687,21.6619],[81.7178,21.702],[81.7007,21.7582],[81.879,21.7816],[81.9722,21.8563],[82.0442,21.8904],[82.1094,21.8494],[82.1701,21.8518],[82.1991,21.7749],[82.2765,21.76],[82.3247,21.7191],[82.4444,21.7538],[82.5032,21.7402],[82.5305,21.7538],[82.5776,21.7291],[82.6744,21.7191],[82.6952,21.7333],[82.7556,21.7196],[82.8062,21.7352],[82.8523,21.7025],[83.017,21.7355],[83.0786,21.7115],[83.1157,21.7269],[83.2997,21.6951]]]}},{"type":"Feature","properties":{"name":"Krishna","scalerank":6.0},"geometry":{"type":"LineString","coordinates":[[78.9972,16.2303],[79.0217,16.2471],[79.1606,16.2193],[79.2101,16.2366],[79.2334,16.3305],[79.2083,16.3887],[79.2135,16.4932],[79.2656,16.5696],[79.3134,16.5794]]}},{"type":"Feature","properties":{"name":"Krishna","scalerank":6.0},"geometry":{"type":"MultiLineString","coordinates":[[[73.7964,17.9918],[73.856,17.9762],[73.9314,17.9103],[73.9832,17.8049],[74.0361,17.7652],[74.0537,17.6865],[74.1254,17.6418],[74.1394,17.6148],[74.1425,17.5421],[74.0903,17.4905],[74.0913,17.4704],[74.1084,17.3916],[74.2099,17.2816],[74.1934,17.2347],[74.2217,17.1967],[74.1875,17.1762],[74.2032,17.1544],[74.2695,17.1287],[74.2974,17.1341],[74.3036,17.1073],[74.3364,17.1201],[74.3662,17.1005],[74.3599,17.0771],[74.3793,17.0316],[74.4199,17.0476],[74.4449,17.0402],[74.4612,17.0111],[74.448,16.9934],[74.5507,16.8814],[74.533,16.856],[74.5515,16.8295],[74.6235,16.8043],[74.6463,16.7687],[74.6946,16.7442],[74.6159,16.72],[74.6052,16.6998],[74.6349,16.6595],[74.6809,16.6344],[74.6306,16.617],[74.6782,16.5691],[74.7935,16.5977],[74.8062,16.6507],[74.8897,16.6691],[74.9164,16.635],[74.9348,16.6344],[74.9826,16.6754],[75.1055,16.5109],[75.1601,16.5518],[75.1601,16.6065],[75.1875,16.6277],[75.2172,16.6267],[75.2632,16.5934],[75.2839,16.6044],[75.3178,16.5862],[75.36,16.6016],[75.4003,16.5382],[75.4519,16.5146],[75.4397,16.4252],[75.4762,16.4332],[75.5166,16.4695],[75.5681,16.4287],[75.6407,16.4462],[75.7081,16.4153],[75.7218,16.3812],[75.7856,16.3491],[75.8505,16.3586],[75.9116,16.322],[75.9954,16.3057],[76.0532,16.2718],[76.0582,16.2228],[76.0796,16.1978],[76.2017,16.1819],[76.2808,16.1546],[76.3828,16.2535],[76.4766,16.2508],[76.5523,16.3363],[76.6132,16.3464],[76.7622,16.4341],[76.8093,16.4195],[76.8461,16.4382],[76.8745,16.4835],[76.9673,16.5118],[76.99,16.5655],[77.0181,16.51],[77.0515,16.519],[77.1345,16.4818],[77.1655,16.4415],[77.394,16.3812],[77.4933,16.3782],[77.5717,16.3479],[77.6458,16.352],[77.7346,16.3266],[77.8977,16.2198],[77.9526,16.1227],[78.0724,16.0248],[78.1283,16.0037],[78.176,15.9492],[78.2444,15.9764],[78.256,16.0057],[78.2444,16.0385],[78.2998,16.0228],[78.4,16.0834],[78.4998,16.0938],[78.5597,16.0567],[78.6456,16.0716],[78.7341,16.0303],[78.7911,16.0345],[78.8394,16.0667],[78.8469,16.1507],[78.8977,16.1428],[78.9229,16.1898],[78.9972,16.2303]],[[79.3134,16.5794],[79.4177,16.5902],[79.5043,16.6419],[79.5505,16.6297],[79.5943,16.6691],[79.7209,16.689],[79.7717,16.7271],[79.8263,16.6921],[79.8823,16.7032],[79.9097,16.6313],[79.9581,16.6304],[80.043,16.7386],[80.0733,16.8229],[80.0979,16.8201],[80.1357,16.751],[80.1404,16.6583],[80.1924,16.6124],[80.2721,16.5798],[80.3137,16.5867],[80.3907,16.5655],[80.4033,16.5841],[80.4705,16.5921],[80.683,16.4363],[80.7178,16.357],[80.8174,16.2638],[80.8389,16.1639],[80.8686,16.1074],[80.8827,16.0137]]]}},{"type":"Feature","properties":{"name":"Helmand","scalerank":6.0},"geometry":{"type":"MultiLineString","coordinates":[[[68.4893,34.5716],[68.3707,34.5254],[68.3385,34.486],[68.2667,34.5133],[68.0357,34.4971],[67.9397,34.4437],[67.7392,34.4103],[67.5747,34.355],[67.4307,34.2526],[67.3135,34.2056],[67.2662,34.157]],[[67.2662,34.1632],[67.2161,34.0913],[67.2588,34.0335],[67.2383,33.9544],[67.1495,33.951],[67.0914,33.8929],[67.013,33.8553],[66.8956,33.7387],[66.7769,33.7254],[66.7312,33.6915],[66.6719,33.7088],[66.6165,33.6582],[66.4967,33.6035],[66.4233,33.5469],[66.3789,33.5435],[66.3066,33.4923],[66.2861,33.4066],[66.1622,33.3889],[66.0549,33.2969],[66.0533,33.244],[66.0254,33.2307],[65.968,33.1392],[65.8955,33.0702],[65.8131,33.0642],[65.7231,32.9906],[65.5457,32.93],[65.5357,32.87],[65.4832,32.833],[65.4858,32.7709],[65.4492,32.691],[65.3198,32.5116],[65.3141,32.4162],[65.2613,32.3381],[65.2241,32.3198],[65.1694,32.3273],[65.1074,32.2999],[65.0903,32.3331],[64.9976,32.2726],[64.9535,32.187],[64.8491,32.1016],[64.7358,31.9081],[64.6249,31.8333],[64.5591,31.8094],[64.3539,31.6631]],[[61.6041,31.2044],[61.667,31.066],[61.7734,30.994],[61.8041,30.95],[61.8041,30.8333],[61.7837,30.8128],[61.7905,30.7718],[61.8247,30.734],[61.8321,30.5595],[61.8115,30.4322],[61.8545,30.3574],[61.9324,30.3088],[62.099,30.2831],[62.2157,30.2299],[62.428,30.17],[62.5588,30.1685],[62.8731,30.2579],[62.9965,30.2715],[63.0626,30.2617],[63.1343,30.3006],[63.189,30.3603],[63.2553,30.3739],[63.3012,30.4282],[63.4155,30.5057],[63.5884,30.5837],[63.8867,30.5289],[63.9697,30.5664],[64.0282,30.6744],[64.0571,30.6835],[64.0972,30.7705],[64.102,30.8874],[64.1826,31.0318],[64.163,31.0865],[64.1847,31.1227],[64.1895,31.1758],[64.2714,31.2988],[64.3596,31.3907],[64.3744,31.4291],[64.3775,31.4486],[64.3472,31.4946],[64.3468,31.6245],[64.3608,31.6631]]]}},{"type":"Feature","properties":{"name":"Hong","scalerank":6.0},"geometry":{"type":"LineString","coordinates":[[101.0,24.7779],[100.894,24.9167],[100.8958,24.9435],[100.8189,25.0255],[100.7344,24.9876],[100.7139,25.0149],[100.6508,25.0244],[100.5786,25.0726],[100.3505,25.1325],[100.2348,25.3854],[100.1829,25.4432]]}},{"type":"Feature","properties":{"name":"Yamuna","scalerank":6.0},"geometry":{"type":"MultiLineString","coordinates":[[[78.3399,30.9151],[78.2171,30.8196],[78.0955,30.7755],[78.0537,30.6658],[78.0205,30.647],[77.9581,30.5111],[77.8942,30.5384],[77.665,30.446],[77.5759,30.4288],[77.5654,30.4149],[77.5864,30.3807],[77.585,30.3253],[77.5382,30.2094],[77.4843,30.1529],[77.3233,30.0644],[77.3179,30.0405],[77.2847,30.0382],[77.2209,29.9608],[77.1804,29.8043],[77.1619,29.7713],[77.1339,29.7644],[77.1375,29.7228],[77.1066,29.7023],[77.1138,29.6822],[77.0879,29.6586],[77.0999,29.5891],[77.0581,29.5555],[77.0724,29.5279],[77.0657,29.5037],[77.1202,29.4838],[77.0657,29.4249],[77.1482,29.415],[77.1328,29.3723],[77.15,29.3133],[77.1306,29.2806],[77.1339,29.1164],[77.1956,28.9976],[77.1755,28.9632],[77.2207,28.9144],[77.2022,28.8771],[77.2167,28.8436],[77.1956,28.8068],[77.1978,28.791],[77.2166,28.7883],[77.2232,28.694]],[[77.2232,28.694],[77.2227,28.6888],[77.2227,28.6949],[77.2232,28.694]],[[77.2232,28.694],[77.259,28.5926],[77.29,28.5789],[77.3434,28.4984],[77.377,28.4842],[77.3772,28.4554],[77.4076,28.4691],[77.4282,28.4307],[77.4658,28.4344],[77.4682,28.3968],[77.4971,28.3933],[77.4664,28.3153],[77.4879,28.299],[77.4907,28.2636],[77.5386,28.2431],[77.4971,28.209],[77.5386,28.181],[77.4949,28.1519],[77.5038,28.0929],[77.4697,28.1128],[77.468,28.0469],[77.5038,28.0203],[77.5265,27.9745],[77.5293,27.9526],[77.5038,27.9415],[77.5196,27.8983],[77.5933,27.8459],[77.5796,27.7974],[77.6505,27.8117],[77.6899,27.7973],[77.6646,27.7575],[77.6873,27.7157],[77.6752,27.6634],[77.6957,27.6296],[77.6553,27.605],[77.7057,27.588],[77.6846,27.5149],[77.7471,27.3831],[77.7919,27.3917],[77.7826,27.333],[77.8609,27.2661],[77.8844,27.304],[77.9092,27.2513],[77.9284,27.2562],[77.9371,27.2927],[77.9526,27.2978],[77.9767,27.2494],[77.9933,27.2731],[78.0185,27.2562],[78.0247,27.1805],[78.0747,27.2021],[78.1587,27.1737],[78.2,27.191],[78.2109,27.1691],[78.1972,27.1122],[78.2139,27.0865],[78.2356,27.0835],[78.2482,27.0933],[78.2369,27.1122],[78.2514,27.1121],[78.2722,27.0843],[78.3064,27.1253],[78.3486,27.1275],[78.3604,27.1122],[78.3228,27.0975],[78.2989,27.0638],[78.343,27.0781],[78.4111,27.056],[78.4404,27.015],[78.4355,26.9962],[78.479,26.9813],[78.5139,26.9294],[78.5317,26.9347],[78.5112,26.9819],[78.5559,26.9757],[78.5625,26.9464],[78.5906,26.9268],[78.5864,26.9551],[78.6047,26.9542],[78.6416,26.8863],[78.6757,26.9141],[78.6956,26.9215],[78.7036,26.8999],[78.729,26.919],[78.8579,26.8033],[78.9433,26.7833],[78.929,26.7622],[79.0046,26.7622],[78.9835,26.7354],[79.0346,26.6921],[79.046,26.6412],[79.0667,26.6392],[79.0524,26.6256],[79.0835,26.5983],[79.1275,26.6051],[79.1729,26.5914],[79.204,26.5452],[79.2927,26.5232],[79.2449,26.5021],[79.262,26.4804],[79.2107,26.4444],[79.2193,26.431],[79.2858,26.4412],[79.3247,26.4044],[79.4626,26.4383],[79.5042,26.3497],[79.5554,26.3604],[79.523,26.305],[79.532,26.288],[79.5664,26.2625],[79.6269,26.2509],[79.6489,26.2097],[79.7241,26.1868],[79.748,26.1641],[79.7398,26.1365],[79.7725,26.1116],[79.8471,26.1147],[79.8999,26.0953],[79.9274,26.1625],[79.9495,26.1627],[79.9585,26.0724],[80.0803,26.0707],[80.093,26.0371],[80.0805,25.9988],[80.1701,25.9549],[80.1939,25.928],[80.2769,25.9263],[80.2969,25.8919],[80.4067,25.9149],[80.537,25.8691],[80.54,25.8432],[80.4591,25.8353],[80.4917,25.7913],[80.5676,25.7862],[80.5675,25.7345],[80.7305,25.6865],[80.7796,25.6899],[80.8174,25.7281],[80.8386,25.7184],[80.8512,25.6839],[80.9234,25.6855],[80.9513,25.6143],[81.0232,25.6257],[81.0269,25.5943],[80.9991,25.5707],[81.0173,25.5425],[81.0868,25.5113],[81.1838,25.4947],[81.1921,25.4744],[81.148,25.4114],[81.1731,25.3784],[81.2441,25.3541],[81.2612,25.3294],[81.3445,25.3424],[81.3848,25.3203],[81.3906,25.2803],[81.4723,25.2656],[81.6606,25.3582],[81.7256,25.3568],[81.7954,25.3299],[81.8117,25.3488],[81.7949,25.3836],[81.8283,25.4164],[81.8756,25.4271],[81.9031,25.4146]]]}},{"type":"Feature","properties":{"name":"Narmada","scalerank":6.0},"geometry":{"type":"LineString","coordinates":[[81.5742,22.7537],[81.4619,22.7652],[81.4076,22.8426],[81.2802,22.8773],[81.1765,22.9251],[81.1624,22.9483],[81.0352,22.9819],[81.016,22.9769],[81.001,22.9304],[80.8891,22.953],[80.9004,23.0044],[80.8419,23.0554],[80.8171,23.0395],[80.8024,22.9952],[80.7656,23.0213],[80.6657,22.9942],[80.6294,22.9644],[80.5912,22.9735],[80.5191,22.953],[80.5315,22.906],[80.4767,22.8424],[80.4986,22.7961],[80.4915,22.7486],[80.5103,22.7261],[80.4778,22.6747],[80.5055,22.6234],[80.4505,22.579],[80.408,22.576],[80.34,22.6325],[80.3272,22.7264],[80.2857,22.7333],[80.2689,22.7955],[80.2166,22.8006],[80.165,22.7662],[80.0598,22.7748],[80.0258,22.7879],[79.9302,22.8773],[79.9439,22.9421],[79.9083,22.996],[79.9439,23.0486],[79.9404,23.1038],[79.8866,23.1131],[79.8545,23.1011],[79.7892,23.1319],[79.6865,23.097],[79.5909,23.1135],[79.5738,23.138],[79.516,23.1368],[79.4317,23.0992],[79.3481,23.1068],[79.2026,23.0738],[79.1264,23.076],[79.0857,23.0153],[79.039,23.0162],[78.9641,23.0483],[78.731,23.0486],[78.6449,23.0213],[78.4749,23.0004],[78.3125,22.9046],[78.2858,22.8636],[78.2444,22.8636],[78.2205,22.8902],[78.171,22.8825],[78.1353,22.8427],[78.1204,22.7888],[77.9939,22.8226],[77.9384,22.8083],[77.9216,22.8605],[77.8757,22.8371],[77.86,22.8736],[77.819,22.8493],[77.7613,22.7748],[77.6394,22.7315],[77.5803,22.6807],[77.4247,22.6267],[77.3126,22.5597],[77.2625,22.5961],[77.1402,22.5628],[77.0491,22.501],[76.9216,22.4937],[76.803,22.4257],[76.763,22.3099],[76.6887,22.2635],[76.6359,22.2637],[76.5654,22.2268],[76.4766,22.2814],[76.4766,22.3223],[76.4225,22.336],[76.2416,22.2923],[76.1881,22.2425],[76.0968,22.2422],[75.9542,22.1879],[75.818,22.1858],[75.7392,22.1579],[75.6314,22.1728],[75.3403,22.1397],[75.1123,22.0958],[75.0473,22.0991],[74.9826,22.076],[74.7698,22.076],[74.5674,22.0207],[74.5309,22.0497],[74.4327,22.0395],[74.352,21.9866],[74.29,21.9661],[74.2843,21.945],[74.249,21.9298],[74.2048,21.9251],[74.1288,21.9518],[74.061,21.9404],[73.9426,21.8746],[73.7925,21.8371],[73.6996,21.8486],[73.6777,21.8861],[73.607,21.9121],[73.5432,21.9798],[73.4436,21.9866],[73.4129,21.9177],[73.3736,21.9285],[73.3367,21.8858],[73.3037,21.8904],[73.2681,21.9365],[73.2319,21.9297],[73.2451,21.8444],[73.2211,21.8289],[73.1533,21.8563],[73.1362,21.8439],[73.1588,21.7766],[73.1318,21.7538]]}},{"type":"Feature","properties":{"name":"Dadu","scalerank":6.0},"geometry":{"type":"MultiLineString","coordinates":[[[100.0702,33.0057],[100.1909,32.8985],[100.1968,32.859],[100.2915,32.8032],[100.3712,32.7791],[100.442,32.7265],[100.4885,32.6835],[100.5084,32.6282],[100.5545,32.5765],[100.7105,32.5227],[100.7664,32.4875],[100.8059,32.4423],[100.8032,32.3415],[100.8476,32.3565],[100.8715,32.3471],[100.8628,32.3315],[100.9602,32.2799],[101.0,32.2132]],[[101.0,32.1591],[100.9709,32.0884],[100.9771,32.0239],[101.0,32.007]]]}},{"type":"Feature","properties":{"name":"Chenab","scalerank":6.0},"geometry":{"type":"MultiLineString","coordinates":[[[77.4356,32.2931],[77.3565,32.3167],[77.2978,32.3682],[77.0787,32.5004],[76.9922,32.5128],[76.9551,32.5945],[76.8751,32.6387],[76.7305,32.6734],[76.6091,32.7506],[76.4771,32.7545],[76.4443,32.7683],[76.4282,32.8229],[76.4624,32.9088],[76.4282,32.9709],[76.427,33.0495],[76.3547,33.1159],[76.2455,33.179],[76.1987,33.2425],[76.0962,33.3067],[75.8326,33.3773],[75.7524,33.3795],[75.7252,33.3347],[75.8084,33.2169],[75.8001,33.1621],[75.7027,33.171],[75.5995,33.1414],[75.3635,33.1399],[75.3246,33.1558],[75.292,33.2096],[75.1427,33.2744],[75.1235,33.2258],[75.0835,33.2011],[75.0596,33.1625],[74.9976,33.1778],[74.9036,33.1683],[74.8184,33.1934],[74.8007,33.1795],[74.7918,33.0567],[74.8085,33.0019],[74.7798,32.912],[74.5422,32.7904],[74.4687,32.7011],[74.3384,32.6115],[74.2198,32.5646],[74.1931,32.5362],[74.1459,32.5225],[74.1035,32.4768],[74.0435,32.4644],[73.9913,32.4193],[73.9212,32.4169],[73.8679,32.3923],[73.7905,32.3829],[73.7561,32.3415],[73.6767,32.3471],[73.5221,32.2412],[73.4005,32.2274],[73.3847,32.19],[73.2905,32.1073],[73.2789,32.0727],[73.2141,32.0351],[73.1878,31.9495],[73.1392,31.9021],[73.1082,31.8301],[72.9928,31.7874],[72.9194,31.7103],[72.6559,31.6662],[72.5836,31.6147],[72.5427,31.6079],[72.5171,31.5692],[72.3613,31.4881],[72.3429,31.4492],[72.2512,31.3646],[72.253,31.2941],[72.2341,31.2202],[72.1386,31.1833]],[[72.1388,31.1833],[72.1393,31.0941],[72.0908,31.0523],[72.0782,30.9947],[72.0185,30.9534],[71.9858,30.8857],[71.9425,30.861],[71.8579,30.7729],[71.8369,30.6619],[71.7129,30.5732],[71.6477,30.5725],[71.6295,30.5335],[71.5693,30.5049],[71.5352,30.4633],[71.4936,30.4542],[71.4527,30.3891],[71.405,30.3603],[71.4141,30.3345],[71.3639,30.3162],[71.31,30.1326],[71.2519,30.0443],[71.2251,29.9252],[71.1842,29.9023],[71.1734,29.876],[71.2061,29.7933],[71.1716,29.6887],[71.1406,29.6398],[71.0538,29.5965],[71.0447,29.5485],[71.0077,29.5317],[71.0457,29.4249],[71.022,29.3939],[71.0037,29.2933],[70.9488,29.2662],[70.9389,29.2192],[70.8302,29.2247],[70.812,29.1594],[70.7574,29.1505],[70.7539,29.1195],[70.6987,29.0376],[70.6392,29.0368]]]}},{"type":"Feature","properties":{"name":"Maquan","scalerank":2.0},"geometry":{"type":"LineString","coordinates":[[82.4005,30.4114],[82.4723,30.4224],[82.5891,30.3603],[82.6513,30.3825],[82.7692,30.3585],[82.8593,30.373],[82.9067,30.3277],[82.9336,30.2514],[82.9653,30.2237],[83.082,30.1753],[83.0955,30.1514],[83.1677,30.1249],[83.1919,30.1343],[83.199,30.1123],[83.2524,30.0729],[83.2931,30.0765],[83.3823,30.0415],[83.4098,29.9915],[83.5374,29.9385],[83.6045,29.8776],[83.7266,29.8559],[83.9801,29.7364],[83.9522,29.7023],[83.9895,29.6331],[84.0872,29.5702],[84.1856,29.5795],[84.2377,29.5414],[84.4161,29.5352],[84.4933,29.5106],[84.5105,29.4759],[84.4804,29.3495],[84.5071,29.3222],[84.4988,29.2967],[84.5828,29.2574],[84.6179,29.2885],[84.7763,29.2244],[84.8379,29.2294],[84.9638,29.1861],[85.0012,29.1986],[85.0352,29.2294],[85.0405,29.2545],[85.165,29.3256],[85.251,29.315],[85.3227,29.2778],[85.3917,29.2806],[85.4871,29.2505],[85.5554,29.2565],[85.6095,29.1915],[85.6529,29.1806],[85.782,29.2164],[85.9464,29.1822],[86.1474,29.1782],[86.2754,29.2134],[86.3875,29.2238],[86.4536,29.2073],[86.5014,29.2203],[86.5095,29.2392],[86.5464,29.2134],[86.6069,29.2017],[86.6665,29.2134],[87.0064,29.1851],[87.0674,29.152],[87.1207,29.1767],[87.1939,29.1452],[87.2192,29.1568],[87.4094,29.1179],[87.6602,29.1516]]}},{"type":"Feature","properties":{"name":"Za","scalerank":2.0},"geometry":{"type":"LineString","coordinates":[[94.084,33.1558],[94.1768,33.1838],[94.3481,33.1497],[94.4478,33.1633],[94.4844,33.208],[94.5263,33.2179],[94.5791,33.2122],[94.6282,33.1861],[94.705,33.1769],[94.7659,33.1906],[94.8608,33.1682],[94.9583,33.0876],[94.9653,33.1004],[95.0811,33.0541],[95.0899,32.9573],[95.1043,32.9416],[95.1358,32.9442],[95.2177,32.8958],[95.2525,32.9073],[95.3984,32.8536],[95.5577,32.848],[95.6138,32.8059],[95.6503,32.7145],[95.8074,32.6624],[95.8717,32.5999],[95.9597,32.5451],[96.1811,32.5706],[96.2598,32.4979],[96.311,32.4883],[96.3376,32.4515],[96.3621,32.4338],[96.3759,32.4439],[96.4284,32.4025],[96.4157,32.3843],[96.4246,32.3592],[96.5331,32.1661],[96.6472,32.1218],[96.7427,32.1218],[96.7593,32.1123],[96.7805,32.0467],[96.8467,32.0366],[96.8513,31.9761],[96.9177,31.9573],[96.9413,31.9655]]}},{"type":"Feature","properties":{"name":"Jhelum","scalerank":7.0},"geometry":{"type":"MultiLineString","coordinates":[[[74.5942,34.3796],[74.569,34.3985],[74.5497,34.3914],[74.5492,34.3365],[74.5317,34.3016]],[[73.5977,33.321],[73.6128,33.2493],[73.6692,33.1878],[73.6729,33.1683],[73.643,33.1422]]]}},{"type":"Feature","properties":{"name":"Jhelum","scalerank":7.0},"geometry":{"type":"MultiLineString","coordinates":[[[74.5317,34.3016],[74.408,34.2689],[74.2695,34.1775],[74.1187,34.1496],[74.0204,34.0988],[73.9749,34.1115],[73.9129,34.1018],[73.8186,34.156],[73.7076,34.1707],[73.6275,34.203],[73.5134,34.324],[73.4539,34.3351],[73.5161,34.0074],[73.5774,33.91],[73.5647,33.8029],[73.5977,33.708],[73.5706,33.633],[73.6305,33.5561],[73.6122,33.519],[73.6253,33.4513],[73.6017,33.4408],[73.5713,33.3866],[73.5977,33.321]],[[75.3662,33.4444],[75.3525,33.4848],[75.1886,33.5829],[75.1055,33.7045],[75.1186,33.7424],[75.1016,33.8002],[75.0195,33.8796],[74.9826,33.951],[74.9164,33.9649],[74.8901,34.0261],[74.7175,34.1402],[74.6255,34.2515],[74.6296,34.3331],[74.5938,34.3799]],[[73.643,33.1422],[73.62,33.1236],[73.6381,33.1023],[73.7612,33.0447],[73.7779,33.0182],[73.7698,32.9777],[73.6122,32.8412],[73.5903,32.7706],[73.5327,32.7071],[73.4185,32.6483],[73.3303,32.6282],[73.2695,32.6351],[73.2666,32.6074],[73.0657,32.5811],[72.9761,32.5437],[72.933,32.5432],[72.7335,32.442],[72.6113,32.4365],[72.5839,32.4129],[72.5358,32.4024],[72.4634,32.3359],[72.3999,32.3159],[72.3728,32.2889],[72.3365,32.2316],[72.294,32.0782],[72.2403,32.0057],[72.2669,31.8851],[72.2475,31.8159],[72.1672,31.6975],[72.1249,31.4674],[72.1386,31.4092],[72.1113,31.3813],[72.1293,31.2657],[72.1583,31.2294],[72.1388,31.1833]]]}},{"type":"Feature","properties":{"name":"Mae Klong","scalerank":7.0},"geometry":{"type":"LineString","coordinates":[[99.0392,15.0436],[99.0846,14.9891],[99.1087,14.9226],[99.0688,14.8907],[99.0375,14.8263],[99.0499,14.5737],[99.0796,14.4942],[99.1493,14.4105]]}},{"type":"Feature","properties":{"name":"Mae Klong","scalerank":7.0},"geometry":{"type":"MultiLineString","coordinates":[[[98.8916,16.1756],[98.888,16.1038],[98.856,16.0713],[98.8574,16.0311],[98.8179,15.9938],[98.8237,15.9061],[98.8576,15.8415],[98.809,15.7642],[98.8289,15.6771],[98.8971,15.5729],[98.8169,15.516],[98.8328,15.4478],[98.8997,15.3626],[98.8859,15.3438],[98.9126,15.2844],[98.9015,15.2739],[98.9224,15.1766],[98.9659,15.1541],[98.985,15.0967],[99.0392,15.0436]],[[99.1493,14.4105],[99.1653,14.3664],[99.2246,14.3054],[99.2478,14.2292],[99.2385,14.2137],[99.2589,14.1861],[99.416,14.1092],[99.4454,14.0643],[99.5017,14.0716],[99.5017,14.0511],[99.5541,13.9988],[99.6376,13.9691],[99.669,13.9412],[99.7617,13.9617],[99.7966,13.8964],[99.8682,13.847],[99.8804,13.8109],[99.8511,13.7494],[99.8652,13.7082],[99.832,13.6835],[99.8096,13.606],[99.8306,13.5886],[99.8306,13.5576],[99.9102,13.5262],[99.9771,13.4212],[100.0014,13.4205],[100.0014,13.372]]]}},{"type":"Feature","properties":{"name":"Yom","scalerank":7.0},"geometry":{"type":"LineString","coordinates":[[100.6126,18.0397],[100.5263,17.9974],[100.4741,17.9105],[100.4707,17.8869],[100.5519,17.7766]]}},{"type":"Feature","properties":{"name":"Yom","scalerank":7.0},"geometry":{"type":"MultiLineString","coordinates":[[[101.0,19.5196],[100.9216,19.5259],[100.8798,19.4857],[100.8836,19.4209],[100.854,19.4049],[100.8463,19.3769],[100.8504,19.2639],[100.8163,19.2252],[100.8374,19.191],[100.8145,19.173],[100.7765,18.9601],[100.7887,18.909],[100.8374,18.8682],[100.8101,18.8483],[100.7959,18.7795],[100.7689,18.7369],[100.776,18.7242],[100.7616,18.7168],[100.776,18.6702],[100.7616,18.6628],[100.776,18.6566],[100.7627,18.6413],[100.7616,18.5734],[100.7959,18.5089],[100.8306,18.4949],[100.8613,18.389],[100.8995,18.3276],[100.8635,18.2936],[100.8067,18.1383],[100.7033,18.0504],[100.6126,18.0397]],[[100.5519,17.7766],[100.5674,17.7595],[100.5053,17.7188],[100.4312,17.7059],[100.419,17.7237],[100.3972,17.7112],[100.3849,17.7237],[100.3513,17.6802],[100.2378,17.6418],[100.2205,17.6656],[100.1931,17.6691],[100.1264,17.6459],[100.1036,17.6138],[100.1386,17.5803],[100.1135,17.5495],[100.1386,17.4295],[100.1106,17.4158],[100.1177,17.3912],[100.0724,17.3697],[100.09,17.2687],[100.0634,17.2029],[100.1773,17.0703],[100.1651,17.0459],[100.2,17.0248],[100.1863,17.0111],[100.2205,16.9565],[100.2067,16.9565],[100.2205,16.9087],[100.2409,16.9012],[100.2409,16.8541],[100.2724,16.8309],[100.2689,16.8131],[100.2273,16.7989],[100.2169,16.7777],[100.2825,16.6828],[100.275,16.6691],[100.2549,16.6766],[100.262,16.5382],[100.275,16.545],[100.2867,16.5101],[100.314,16.5257],[100.3372,16.5183],[100.3372,16.4774],[100.3904,16.403],[100.3849,16.3532],[100.4029,16.3483],[100.417,16.308],[100.4265,16.2303],[100.4059,16.0931],[100.3565,16.0098],[100.3234,15.9901],[100.2962,15.8973],[100.2485,15.8638],[100.2409,15.8057],[100.2273,15.7983],[100.2143,15.812],[100.2329,15.7816],[100.1407,15.7066]]]}},{"type":"Feature","properties":{"name":"Cauvery","scalerank":7.0},"geometry":{"type":"MultiLineString","coordinates":[[[76.4322,12.5163],[76.4746,12.4609],[76.5723,12.4274]],[[77.6749,11.9705],[77.6874,11.9482],[77.8264,11.911],[77.8168,11.8171]]]}},{"type":"Feature","properties":{"name":"Cauvery","scalerank":7.0},"geometry":{"type":"MultiLineString","coordinates":[[[76.5723,12.4274],[76.6132,12.4199],[76.6576,12.4404],[76.7787,12.4005],[76.9137,12.2255],[77.0156,12.2381],[77.0113,12.1829],[77.0522,12.1697],[77.0623,12.1868],[77.1202,12.2008],[77.1202,12.2355],[77.1959,12.3175],[77.2993,12.3063],[77.3462,12.2827],[77.4249,12.293],[77.4922,12.2055],[77.6984,12.1981],[77.7329,12.1746],[77.7294,12.0793],[77.6749,11.9705]],[[75.6604,12.338],[75.7436,12.2845],[75.8111,12.3175],[75.8696,12.3206],[75.921,12.4335],[75.9552,12.4438],[75.978,12.5366],[76.0548,12.6192],[76.1657,12.5823],[76.2326,12.5155],[76.3432,12.508],[76.3897,12.486],[76.4082,12.5265],[76.4324,12.5161]],[[77.8168,11.8171],[77.7714,11.6664],[77.7411,11.6201],[77.7304,11.5224],[77.71,11.5019],[77.6897,11.42],[77.8511,11.2437],[77.8881,11.0978],[77.917,11.0716],[78.032,11.0904],[78.1235,11.062],[78.2024,10.951],[78.363,10.9605],[78.4868,10.9095],[78.678,10.8694]],[[78.6,10.8781],[78.731,10.8235],[78.8856,10.8203]],[[78.8856,10.8203],[78.9195,10.8421],[79.1091,10.867],[79.2627,10.934],[79.4336,10.9396],[79.4605,10.9191],[79.6318,10.9344],[79.684,10.9007],[79.7554,10.9055],[79.7998,10.8911],[79.8412,10.9055]],[[78.8856,10.8203],[78.9589,10.7939],[79.0593,10.8167],[79.1453,10.7962],[79.3001,10.8094],[79.3683,10.7894],[79.4299,10.7238],[79.4944,10.5594],[79.4954,10.4912],[79.4692,10.4158],[79.4903,10.3681],[79.5286,10.3383]],[[78.8818,10.8167],[78.8856,10.8203]]]}},{"type":"Feature","properties":{"name":"Chambal","scalerank":7.0},"geometry":{"type":"MultiLineString","coordinates":[[[75.5073,24.744],[75.5099,24.7666],[75.5921,24.8101],[75.5957,24.8597],[75.5717,24.9187]],[[75.3855,24.2225],[75.3525,24.3061],[75.4459,24.3669],[75.5969,24.5419],[75.5814,24.6477]]]}},{"type":"Feature","properties":{"name":"Chambal","scalerank":7.0},"geometry":{"type":"MultiLineString","coordinates":[[[75.5717,24.9187],[75.5545,24.9473],[75.5737,24.9711],[75.719,25.0834],[75.7429,25.1112],[75.7329,25.1215],[75.7442,25.1388],[75.8071,25.155],[75.9044,25.2733],[75.9309,25.2837],[75.9695,25.2346],[75.9863,25.2375],[76.0183,25.2662],[76.0325,25.3334],[76.0719,25.3582],[76.093,25.3445],[76.1409,25.3547],[76.1279,25.3902],[76.1777,25.4984],[76.2227,25.5021],[76.2705,25.5295],[76.2836,25.6274],[76.3115,25.6592],[76.2849,25.708],[76.3223,25.7145],[76.3633,25.7569],[76.4456,25.7933],[76.4692,25.8442],[76.5548,25.8516],[76.6206,25.8851],[76.641,25.9205],[76.74,25.9233],[76.796,25.9646],[76.8154,26.0189],[76.8875,26.0639],[76.908,26.0987],[76.9918,26.1359],[77.019,26.1717],[77.0823,26.1853],[77.1248,26.2379],[77.2097,26.242],[77.2881,26.3001],[77.3357,26.3612],[77.415,26.3649],[77.4418,26.4134],[77.5144,26.4164],[77.6168,26.483],[77.715,26.506],[77.7441,26.5362],[77.8315,26.5758],[77.819,26.6051],[77.8806,26.6256],[77.9026,26.6641],[78.0128,26.6956],[78.0793,26.683],[78.1012,26.7952],[78.1515,26.7833],[78.169,26.8222],[78.2549,26.8174],[78.2803,26.8515],[78.3261,26.8599],[78.5635,26.7586],[78.7101,26.7989],[78.7241,26.7764],[78.7454,26.7893],[78.762,26.7652],[78.7925,26.7622],[78.8613,26.7013],[78.9194,26.7079],[78.9412,26.6699],[78.9972,26.674],[78.9942,26.6337],[79.0263,26.5915],[79.1145,26.5362],[79.185,26.5252],[79.1964,26.5089],[79.1826,26.4797],[79.2074,26.4776],[79.2449,26.5021]],[[75.5814,24.6477],[75.5073,24.744]],[[75.6672,22.4732],[75.5838,22.523],[75.5073,22.6114],[75.5033,22.7264],[75.4687,22.8121],[75.5245,23.097],[75.5043,23.208],[75.3926,23.3897],[75.395,23.4677],[75.3546,23.5439],[75.3546,23.6945],[75.3282,23.7264],[75.2934,23.7156],[75.272,23.7562],[75.2787,23.7969],[75.3496,23.8024],[75.3731,23.8505],[75.4544,23.9077],[75.5131,24.0361],[75.5117,24.0756],[75.4858,24.1138],[75.4395,24.1476],[75.3855,24.2225]]]}},{"type":"Feature","properties":{"name":"Lancang","scalerank":2.0},"geometry":{"type":"MultiLineString","coordinates":[[[96.9413,31.9655],[96.9949,31.9137],[96.9929,31.8549],[97.0208,31.827],[97.0176,31.7671],[97.0807,31.6946],[97.0932,31.6007],[97.1231,31.5943],[97.2026,31.5042],[97.1915,31.4496],[97.2195,31.3397],[97.1572,31.2817],[97.2002,31.1964],[97.1982,31.0852],[97.2154,31.0477],[97.2891,31.019],[97.377,30.9431],[97.356,30.8571],[97.3785,30.7319],[97.4273,30.6772],[97.5576,30.5818],[97.6645,30.4058],[97.7231,30.3841],[97.8279,30.2843],[97.873,30.2624],[97.8795,30.2395],[97.9369,30.2055],[97.9518,30.1651],[98.0016,30.124],[98.005,30.0631],[98.043,30.0213],[98.0616,29.9562],[98.1041,29.9062],[98.1442,29.8122],[98.2101,29.8043],[98.3393,29.6389],[98.3462,29.5546],[98.416,29.4172],[98.4347,29.4083],[98.4353,29.3563],[98.4732,29.3426],[98.6316,29.1595],[98.583,29.024],[98.6343,28.9442],[98.6855,28.7086],[98.7749,28.5721],[98.8506,28.4015],[98.8643,28.3356],[98.843,28.2705],[98.8501,28.225],[98.9126,28.1196],[98.9011,28.011],[99.0349,27.8521],[99.0549,27.7594],[99.0486,27.7081],[98.9988,27.6695],[99.0349,27.5852],[99.0075,27.5579],[99.0418,27.4685],[99.0903,27.3968],[99.1085,27.3303],[99.1025,27.2769],[99.0826,27.263],[99.089,27.2425],[99.1467,27.1977],[99.1721,27.1327],[99.1504,27.0172],[99.1863,26.9224],[99.1856,26.8863],[99.1406,26.7717],[99.1596,26.7193],[99.1366,26.6071],[99.1039,26.5471],[99.1448,26.4822],[99.1305,26.4475],[99.1449,26.3398],[99.1305,26.2967],[99.1306,26.0734],[99.1653,25.8658],[99.2546,25.7349],[99.2813,25.6297],[99.3576,25.5704],[99.3365,25.5052],[99.3513,25.4389],[99.3298,25.4196],[99.2973,25.433],[99.292,25.3736],[99.4135,25.2122],[99.4888,25.1395],[99.5488,25.1385],[99.6353,25.0989],[99.7307,24.9776],[99.7549,24.892],[99.8269,24.8579],[99.8926,24.7714],[100.0767,24.7334],[100.101,24.7191],[100.1162,24.671],[100.2102,24.7459],[100.3234,24.7691],[100.3721,24.7509],[100.4265,24.7071],[100.4332,24.6555],[100.5084,24.5761],[100.5152,24.5227],[100.5458,24.5106],[100.5571,24.4653],[100.5274,24.4484],[100.5168,24.4201],[100.5309,24.1627],[100.5195,24.1226],[100.4939,24.092],[100.3818,24.0628],[100.4075,23.916],[100.3234,23.8437],[100.2895,23.7648],[100.2554,23.7407],[100.1795,23.6314],[100.1386,23.4731],[100.0702,23.3468],[100.0833,23.2714],[100.043,23.2124],[100.114,23.1652],[100.1467,23.0652],[100.2267,23.003],[100.2485,23.0076],[100.2691,22.9497],[100.2962,22.9592],[100.3009,22.8789],[100.3618,22.7768],[100.3645,22.6718],[100.5127,22.5517],[100.5679,22.5269],[100.5747,22.4376],[100.5641,22.4254],[100.6593,22.3149],[100.6093,22.2785],[100.6995,22.2371],[100.7344,22.1405],[100.7207,22.1095],[100.7779,22.0876],[100.7626,22.0717],[100.7959,22.0139],[100.8673,21.9835],[100.9179,21.8609],[100.9473,21.8463],[101.0,21.8483]],[[101.0,21.4046],[100.8141,21.3004],[100.7251,21.3119],[100.6891,21.1595],[100.6251,21.0543],[100.5431,21.0276],[100.5569,20.9923],[100.5288,20.9686],[100.5173,20.9065],[100.5152,20.8867],[100.5339,20.8741],[100.6226,20.8887],[100.6518,20.8768],[100.5364,20.8079],[100.3645,20.8284],[100.3293,20.7862],[100.2743,20.7622],[100.2109,20.6976],[100.1725,20.6223],[100.1207,20.389],[100.0967,20.3486],[100.1025,20.2638],[100.1522,20.2393],[100.1674,20.2539],[100.1669,20.2928],[100.2089,20.3132],[100.24,20.373],[100.3061,20.3998],[100.344,20.3902],[100.4607,20.1909],[100.5288,20.15],[100.5547,20.1704],[100.5842,20.1636],[100.6016,19.8028],[100.6782,19.8188],[100.7921,19.8911],[100.928,19.8733],[101.0,19.8409]]]}},{"type":"Feature","properties":{"name":"Ping","scalerank":7.0},"geometry":{"type":"LineString","coordinates":[[98.8956,17.3873],[98.9324,17.2488],[98.9588,17.2377]]}},{"type":"Feature","properties":{"name":"Ping","scalerank":7.0},"geometry":{"type":"MultiLineString","coordinates":[[[98.8643,19.7801],[98.8926,19.7532],[98.9189,19.6292],[98.9955,19.4341],[98.9601,19.2882],[99.0043,19.1297],[98.9505,19.0878],[99.0,18.7867],[98.9837,18.68],[98.9648,18.6622],[98.9659,18.6013],[98.9263,18.529],[98.7749,18.4431],[98.6997,18.4226],[98.7084,18.4012],[98.6912,18.3664],[98.7066,18.3372],[98.6582,18.2923],[98.6377,18.1297],[98.6189,18.1258],[98.6309,18.1004],[98.5967,18.0738],[98.6168,18.0744],[98.624,18.0259],[98.6035,18.0123],[98.6309,17.9918],[98.6445,18.0048],[98.6741,17.9707],[98.6328,17.93],[98.6482,17.9156],[98.6445,17.8851],[98.6582,17.8819],[98.7454,17.6978],[98.7369,17.6735],[98.699,17.6518],[98.7128,17.5635],[98.6997,17.4295],[98.7291,17.4241],[98.8176,17.4742],[98.8538,17.4693],[98.9001,17.4305],[98.8956,17.3873]],[[98.9585,17.2377],[99.0144,17.2377],[99.061,17.2055],[99.0903,17.1341],[99.0527,17.0904],[99.1174,16.9838],[99.1197,16.961],[99.0903,16.9193],[99.1282,16.8808],[99.157,16.8135],[99.3538,16.647],[99.4451,16.6252],[99.5488,16.4363],[99.5406,16.4138],[99.5914,16.3706],[99.6665,16.3456],[99.7053,16.2701],[99.7544,16.2084],[99.7913,16.1935],[99.8033,16.1378],[99.8743,16.0585],[99.8716,16.0037],[100.0632,15.8814],[100.09,15.7676],[100.1589,15.7164]]]}},{"type":"Feature","properties":{"name":"Yarlung","scalerank":2.0},"geometry":{"type":"LineString","coordinates":[[87.6602,29.1516],[87.6875,29.1663],[87.6681,29.2178],[87.7763,29.3338],[87.985,29.399],[88.09,29.3837],[88.1689,29.3371],[88.2343,29.378],[88.2598,29.3643],[88.3007,29.3712],[88.3427,29.3355],[88.4031,29.3301],[88.4956,29.3643],[88.8517,29.3343],[88.873,29.3444],[88.9121,29.3289],[88.9794,29.3812],[89.0164,29.3854],[89.0556,29.3494],[89.1228,29.3429],[89.1672,29.3712],[89.2463,29.3575],[89.2805,29.378],[89.4309,29.348],[89.6612,29.3712],[89.7644,29.3257],[89.8115,29.3227],[90.0139,29.3675],[90.2861,29.3362],[90.3975,29.2892],[90.4273,29.2531],[90.5824,29.2848],[90.7005,29.3489],[90.7403,29.3546],[90.7647,29.2957],[90.8496,29.3444],[90.8906,29.3444],[90.9597,29.3165],[90.9903,29.3309],[91.038,29.3165],[91.1148,29.3354],[91.1386,29.3184],[91.3027,29.2847],[91.5701,29.3052],[91.6633,29.2874],[91.7691,29.2886],[91.8657,29.3078],[91.9497,29.2931],[91.9929,29.2611],[92.0254,29.2676],[92.0591,29.2996],[92.1289,29.3048],[92.3569,29.2368],[92.3982,29.271],[92.4221,29.2694],[92.4737,29.2544],[92.5251,29.1589],[92.5934,29.1612],[92.5811,29.1312],[92.5943,29.1173],[92.6637,29.1402],[92.7364,29.096],[92.8704,29.097],[92.9387,29.0596],[92.9951,29.0536],[93.0426,29.0646],[93.1062,29.1295],[93.149,29.0377],[93.2833,29.0042],[93.3477,29.0299],[93.4745,29.1859],[93.6213,29.1822],[93.6318,29.1612],[93.6873,29.1697],[93.731,29.1556],[93.7784,29.1695],[93.8489,29.1557],[93.9119,29.1958],[94.0263,29.2259],[94.1796,29.2171],[94.356,29.3095]]}},{"type":"Feature","properties":{"name":"Gh\u00e4ghara","scalerank":7.0},"geometry":{"type":"LineString","coordinates":[[80.9233,30.5521],[81.0251,30.5418],[81.09,30.4766],[81.1089,30.3832],[81.1699,30.319],[81.1975,30.2237],[81.3257,30.1558],[81.4607,30.1691],[81.5413,30.0715],[81.6363,30.045],[81.7463,30.0369],[81.7798,29.9767],[81.86,29.9269],[81.857,29.889],[81.8765,29.8468],[81.8633,29.8072],[82.0136,29.7467],[81.9861,29.704],[81.8787,29.6561],[81.8588,29.6259],[81.7773,29.6133],[81.7808,29.5345],[81.7251,29.4975],[81.7084,29.468],[81.709,29.4019],[81.7388,29.3529],[81.7433,29.3123],[81.7239,29.2807],[81.6159,29.2232],[81.6057,29.1822],[81.4098,29.024],[81.4146,28.9808],[81.5281,28.8526],[81.5718,28.7696],[81.513,28.7496],[81.5255,28.7652],[81.5164,28.8082],[81.4255,28.9036],[81.3378,28.8942],[81.2937,28.9147],[81.2075,28.9079],[81.054,28.9761],[80.9921,28.9352],[81.0781,28.8629],[81.1355,28.8663],[81.1612,28.8299],[81.2105,28.8116],[81.19,28.8594],[81.2046,28.8525],[81.2278,28.8264],[81.2769,28.6971],[81.2643,28.5856],[81.218,28.407],[81.1939,28.3668],[81.1975,28.3393],[81.1629,28.3114],[81.0992,28.3394],[81.0654,28.2535],[81.1275,28.1716],[81.1338,28.1109],[81.1708,28.0945],[81.1838,28.0712],[81.1559,28.0271],[81.2144,27.9995],[81.2385,27.9483],[81.2999,27.9204],[81.2727,27.8763],[81.2864,27.8459],[81.2727,27.8214],[81.2802,27.7696],[81.2522,27.7149],[81.3082,27.6661],[81.3066,27.5387],[81.3547,27.4462],[81.3963,27.4139],[81.4138,27.3102],[81.4547,27.2834],[81.4583,27.2562],[81.4303,27.2221],[81.4583,27.1842],[81.449,27.1424],[81.4788,27.0986],[81.4745,27.0769],[81.5009,27.0587],[81.5681,27.0638],[81.6069,27.0471],[81.7192,26.9478],[81.738,26.91],[81.7871,26.8966],[81.8437,26.808],[81.9688,26.7889],[82.0945,26.8531],[82.2295,26.8164],[82.2465,26.7969],[82.2254,26.7696],[82.3246,26.7171],[82.3551,26.674],[82.4185,26.6483],[82.4756,26.6586],[82.5717,26.6138],[82.649,26.6136],[82.7031,26.5611],[82.8145,26.5778],[83.0043,26.4761],[83.0766,26.3995],[83.3228,26.3519],[83.4286,26.2711],[83.4656,26.2625],[83.5073,26.2762],[83.7075,26.268],[83.7747,26.2488],[83.8618,26.1851],[83.8975,26.1253],[84.1079,26.0869],[84.1504,26.066],[84.1759,26.0228],[84.2061,26.0154],[84.2255,25.9637],[84.2615,25.9313],[84.3743,25.9404],[84.4566,25.87],[84.5317,25.8621],[84.6055,25.7999],[84.6416,25.7338],[84.7131,25.7418]]}},{"type":"Feature","properties":{"name":"Chindwin","scalerank":7.0},"geometry":{"type":"LineString","coordinates":[[96.9034,25.6319],[96.8769,25.7042],[96.8972,25.7315],[96.9015,25.8145],[96.9551,25.9287],[96.9871,25.9505],[97.0171,26.0117],[97.0133,26.0502],[97.0608,26.1402],[97.0532,26.1914],[96.9451,26.3035],[96.8579,26.3297],[96.8045,26.3785],[96.7732,26.3644],[96.739,26.3928],[96.6987,26.3724],[96.5684,26.4195],[96.4869,26.5098],[96.4517,26.4959],[96.4038,26.512],[96.4138,26.5506],[96.3677,26.5457],[96.3349,26.584],[96.2857,26.5834],[96.3008,26.6374],[96.266,26.6392],[96.2803,26.6188],[96.2509,26.5884],[96.2257,26.5914],[96.2546,26.5118],[96.2461,26.4822],[96.2319,26.5021],[96.2236,26.3816],[96.2046,26.3587],[96.1573,26.3587],[96.1442,26.34],[96.1863,26.3005],[96.1573,26.283],[96.0914,26.2904],[96.044,26.2753],[96.0087,26.1946],[95.9541,26.1649],[95.8831,26.0769],[95.884,26.0372],[95.8617,26.0151],[95.8219,26.0237],[95.8079,26.0687],[95.7589,26.0223],[95.7076,26.026],[95.7042,25.9813],[95.6752,26.0205],[95.6421,26.0004],[95.6359,25.954],[95.5889,25.9335],[95.5957,25.8994],[95.5678,25.8789],[95.5779,25.8526],[95.5229,25.816],[95.5161,25.7852],[95.4374,25.7315],[95.4157,25.6815],[95.4439,25.6077],[95.4208,25.544],[95.3825,25.5255],[95.3615,25.3854],[95.2872,25.3548],[95.2838,25.3223],[95.2177,25.283],[95.2007,25.2483],[95.1358,25.2552],[95.0774,25.2203],[95.04,25.1316],[95.043,25.1019],[94.9871,25.0609],[94.9719,24.9814],[94.949,24.9855],[94.9216,24.939],[94.8613,24.9008],[94.936,24.8443],[94.9341,24.8269],[94.8788,24.8063],[94.8757,24.7753],[94.8456,24.7594],[94.7385,24.7269],[94.6977,24.6495],[94.6838,24.5699],[94.7324,24.5227],[94.718,24.513],[94.7286,24.4569],[94.7088,24.4322],[94.7671,24.4131],[94.8227,24.3253],[94.8228,24.29],[94.8074,24.275],[94.734,24.2718],[94.6993,24.2543],[94.6975,24.1931],[94.6648,24.1592],[94.6445,24.1514],[94.626,24.1804],[94.5914,24.1717],[94.615,24.1174],[94.6069,24.0664],[94.5534,24.028],[94.5613,24.0019],[94.6241,23.961],[94.6225,23.9331],[94.5089,23.888],[94.54,23.8232],[94.4263,23.7237],[94.4284,23.5433],[94.3283,23.4309],[94.3208,23.3912],[94.34,23.3371],[94.3697,23.3138],[94.3071,23.2124],[94.3355,23.1939],[94.3473,23.1148],[94.4367,23.0486],[94.4408,23.0291],[94.4182,22.9977],[94.3965,22.9865],[94.3761,23.0014],[94.3626,22.989],[94.3848,22.948],[94.4963,22.9373],[94.5281,22.8884],[94.5501,22.8846],[94.6607,22.9112],[94.678,22.9832],[94.705,22.9865],[94.7402,22.9663],[94.7383,22.9073],[94.7603,22.8807],[94.7566,22.8582],[94.69,22.7947],[94.7286,22.7264],[94.7763,22.7006],[94.7607,22.6206],[94.8074,22.5414],[94.8194,22.4703],[94.9302,22.3968],[94.9822,22.3936],[95.1192,22.1108],[95.1352,22.0734],[95.1289,21.9484],[95.1469,21.8396],[95.2426,21.7119],[95.2686,21.6221],[95.2593,21.5267],[95.273,21.4447]]}},{"type":"Feature","properties":{"name":"Sapt","scalerank":7.0},"geometry":{"type":"LineString","coordinates":[[85.7546,28.5516],[85.7267,28.6335],[85.7887,28.6874],[85.832,28.6691],[85.9055,28.6751],[86.0115,28.6519],[86.0774,28.654],[86.1218,28.6753],[86.1563,28.7532],[86.262,28.8076],[86.354,28.7976],[86.3989,28.7769],[86.4273,28.6695],[86.4951,28.6062],[86.5805,28.6267],[86.7515,28.6062],[86.7925,28.6205],[87.0084,28.5926],[87.1183,28.6205],[87.1809,28.5987],[87.2734,28.6121],[87.3648,28.5851],[87.4644,28.5069],[87.5125,28.4998],[87.6052,28.441],[87.6148,28.4225],[87.5634,28.4071],[87.4684,28.338],[87.4507,28.2738],[87.3579,28.2636],[87.3333,28.1986],[87.3372,28.1322],[87.3696,28.09],[87.3858,28.0131],[87.3716,27.965],[87.3858,27.9415],[87.3716,27.9141],[87.4131,27.8732],[87.4426,27.7743],[87.3627,27.7502],[87.3723,27.6898],[87.3306,27.5994],[87.2149,27.5371],[87.1404,27.4561],[87.1493,27.4136],[87.2021,27.3509],[87.1939,27.3245],[87.2118,27.3076],[87.2141,27.2481],[87.2467,27.2241],[87.2759,27.1531],[87.1973,27.0821],[87.197,27.0119],[87.1626,26.9565],[87.1751,26.903],[87.1599,26.8485],[87.0039,26.723],[86.9614,26.6048],[86.968,26.5567],[86.926,26.4966],[86.7546,26.3649],[86.6373,26.3181],[86.5488,26.2059],[86.5283,26.1542],[86.4617,26.0906],[86.4185,25.9896],[86.4531,25.8741],[86.4194,25.8106],[86.4536,25.7691],[86.4672,25.7206],[86.5922,25.6295],[86.6597,25.6257],[86.7341,25.5431],[86.7293,25.5279],[86.7599,25.5186],[86.8098,25.4674],[86.9288,25.4796],[87.0361,25.4265],[87.1871,25.4612],[87.2598,25.4341],[87.3316,25.4557],[87.4741,25.4255],[87.5684,25.3757],[87.6083,25.3712],[87.6318,25.3314],[87.707,25.2999],[87.7583,25.2442]]}},{"type":"Feature","properties":{"name":"Dihang","scalerank":2.0},"geometry":{"type":"LineString","coordinates":[[94.356,29.3095],[94.4826,29.4285],[94.5823,29.4818],[94.6546,29.489],[94.7066,29.4641],[94.8173,29.4918],[94.8753,29.5406],[94.9241,29.6096],[94.9263,29.6219],[94.8859,29.6331],[94.9166,29.6688],[94.8917,29.6972],[94.9036,29.716],[94.9548,29.7569],[95.1245,29.7642],[95.0925,29.8137],[95.1288,29.8802],[95.1951,29.8929],[95.2241,29.8665],[95.2965,29.8631],[95.3075,29.8435],[95.2883,29.8112],[95.384,29.7711],[95.3799,29.7171],[95.3965,29.6878],[95.3882,29.5949],[95.426,29.5372],[95.4373,29.4638],[95.2546,29.2884],[95.2018,29.2788],[95.0444,29.1765],[95.0009,29.1682],[94.9976,29.1304],[94.9087,29.0511],[94.9048,29.0209],[94.8311,28.9505],[94.7885,28.9346],[94.7734,28.8544],[94.7935,28.8241],[94.9155,28.821],[94.9269,28.743],[94.9756,28.7122],[94.9773,28.6827],[94.9991,28.682],[95.032,28.616],[95.098,28.5394],[95.0925,28.4058],[95.0134,28.3268],[94.9929,28.2864],[94.9895,28.2506],[95.032,28.1737],[95.1299,28.1481],[95.2001,28.1783],[95.2551,28.168],[95.3162,28.0887],[95.3931,28.0544],[95.3965,28.003]]}},{"type":"Feature","properties":{"name":"Mamas","scalerank":7.0},"geometry":{"type":"LineString","coordinates":[[91.7765,28.2919],[91.7778,28.0839],[91.8281,27.9398],[91.8115,27.8905],[91.7482,27.8023],[91.7512,27.7081],[91.6963,27.5926],[91.6853,27.5158],[91.5795,27.4332],[91.5581,27.3994],[91.5572,27.359],[91.5292,27.3218],[91.3918,27.243],[91.358,27.106],[91.2197,27.0126],[91.1624,26.8904],[91.0254,26.8791],[90.9746,26.8665],[90.9452,26.8383],[90.9575,26.7875],[90.9304,26.7718],[90.9081,26.7281],[90.915,26.6539],[90.8407,26.4827],[90.8565,26.4195],[90.7991,26.3311],[90.7503,26.3187],[90.7227,26.264],[90.6606,26.2431],[90.6487,26.193]]}},{"type":"Feature","properties":{"name":"Buh","scalerank":7.0},"geometry":{"type":"LineString","coordinates":[[98.8643,38.1587],[98.8711,38.1246],[98.7975,37.991],[98.8164,37.9433],[98.8071,37.8984],[98.6929,37.7267],[98.6313,37.7169],[98.5987,37.6927],[98.6445,37.6385],[98.7029,37.4458],[98.751,37.4114],[98.9659,37.3636],[99.1402,37.2681],[99.5657,37.1324],[99.6311,37.0803],[99.7843,37.0045],[99.8388,37.0003]]}},{"type":"Feature","properties":{"name":"Brahmaputra","scalerank":2.0},"geometry":{"type":"MultiLineString","coordinates":[[[95.3965,28.003],[95.4015,27.972],[95.4717,27.8714],[95.4595,27.8439],[95.2935,27.7428],[95.0982,27.6914],[95.0811,27.6404],[95.1358,27.6876],[95.1484,27.6638],[95.1394,27.6296],[94.9166,27.5716],[94.8682,27.503],[94.8176,27.4995],[94.7618,27.4583],[94.7578,27.4193],[94.6498,27.3518],[94.6701,27.3387],[94.6318,27.3161],[94.615,27.2767],[94.6629,27.3115],[94.6814,27.3057],[94.6767,27.282],[94.615,27.2494],[94.6013,27.1942],[94.5876,27.2289],[94.5711,27.2181],[94.5548,27.1014],[94.5009,27.0969],[94.4484,27.0594],[94.4322,27.0078],[94.3081,26.9276],[94.1969,26.9242],[94.1216,26.8522],[94.1133,26.8695],[94.1352,26.9068],[94.1135,26.9124],[94.0635,26.8795],[93.927,26.8317],[93.8634,26.7659],[93.7516,26.732],[93.6567,26.715],[93.568,26.752],[93.44,26.7681],[93.3683,26.7185],[93.3132,26.7398],[93.2743,26.7371],[93.1192,26.6475],[92.8984,26.6535],[92.8538,26.612],[92.7107,26.6114],[92.6572,26.5908],[92.6231,26.5332],[92.5947,26.5175],[92.5081,26.5157],[92.4015,26.5362],[92.2446,26.4715],[92.2302,26.4412],[92.2026,26.4546],[92.1728,26.4429],[92.0758,26.3802],[92.0569,26.3033],[91.9247,26.268],[91.8912,26.2388],[91.8461,26.2393],[91.6653,26.1664],[91.6069,26.1706],[91.4981,26.1398],[91.3909,26.1704],[91.2882,26.1656],[91.1355,26.2136],[90.9638,26.1741],[90.8496,26.1304],[90.6821,26.19],[90.49,26.2289],[90.4215,26.1684],[89.9542,26.0107],[89.8464,25.8887],[89.7368,25.6918],[89.6978,25.5729],[89.7076,25.4833],[89.6709,25.3243],[89.7026,25.2418],[89.6262,25.0748],[89.6143,24.9371],[89.6581,24.8699],[89.6736,24.7915],[89.7158,24.7264],[89.768,24.5496],[89.7546,24.2833],[89.7332,24.2237],[89.7397,24.123],[89.6968,24.0161],[89.7003,23.9581],[89.7261,23.8845],[89.7857,23.7967],[89.8551,23.7466],[89.9086,23.6741],[89.985,23.6444],[90.2501,23.462]],[[89.7555,24.2744],[89.8067,24.2266],[89.8081,24.1993],[89.8261,24.1951],[89.8264,24.1376],[89.8838,24.131],[89.9072,24.0895],[89.9312,24.0851],[89.9703,24.0349],[90.051,24.0355],[90.0449,24.0218],[90.0947,24.006],[90.1147,23.9559],[90.1602,23.9256],[90.1746,23.9331],[90.2122,23.9156],[90.2504,23.8362],[90.2202,23.7294],[90.3151,23.7506],[90.3596,23.7065],[90.4216,23.6861],[90.4669,23.6439],[90.4763,23.6314],[90.457,23.6255],[90.458,23.6085],[90.4763,23.583]]]}},{"type":"Feature","properties":{"name":"Bhima","scalerank":7.0},"geometry":{"type":"LineString","coordinates":[[73.694,19.0054],[73.7808,18.952],[73.8775,18.8488],[73.9473,18.731],[73.9982,18.7058],[73.9883,18.6833],[74.064,18.6389],[74.1359,18.6048],[74.2018,18.6219],[74.2632,18.6702],[74.2727,18.6361],[74.3005,18.6321],[74.3242,18.5798],[74.4072,18.5734],[74.4674,18.5256],[74.4719,18.5463],[74.5059,18.4983],[74.5466,18.5045],[74.5737,18.4788],[74.6474,18.4596],[74.6666,18.471],[74.6531,18.4778],[74.6687,18.497],[74.7089,18.5043],[74.7212,18.484],[74.7158,18.4071],[74.7907,18.3959],[74.8079,18.3512],[74.8407,18.3392],[74.8406,18.3133],[74.797,18.286],[74.8554,18.2536],[74.9288,18.2577],[74.9846,18.238],[75.023,18.2513],[75.0056,18.2011],[75.089,18.2161],[75.0986,18.1966],[75.0845,18.1318],[75.094,18.1163],[75.1539,18.1147],[75.1519,18.0956],[75.0881,18.0632],[75.0173,17.9777],[75.0471,17.9639],[75.1043,18.002],[75.1331,17.9956],[75.1881,17.9434],[75.126,17.8881],[75.1388,17.8754],[75.1943,17.8782],[75.1991,17.8583],[75.1635,17.8204],[75.1633,17.7872],[75.1886,17.7685],[75.2689,17.7612],[75.2979,17.7175],[75.3622,17.68],[75.4482,17.7106],[75.4571,17.6572],[75.5149,17.6457],[75.5068,17.6107],[75.5419,17.6013],[75.5779,17.553],[75.6026,17.5598],[75.6119,17.5394],[75.6536,17.5394],[75.624,17.4836],[75.6596,17.4671],[75.678,17.4253],[75.7407,17.4157],[75.7839,17.3748],[75.8317,17.417],[75.8453,17.4022],[75.87,17.4162],[75.8976,17.3522],[75.9365,17.326],[76.0099,17.3538],[76.0462,17.3442],[76.0826,17.2931],[76.0719,17.2657],[76.1265,17.2439],[76.1709,17.1967],[76.2544,17.161],[76.3449,17.1815],[76.3593,17.1483],[76.3872,17.1483],[76.3619,17.1192],[76.3872,17.0931],[76.3804,17.0664],[76.4484,17.1404],[76.5586,17.1822],[76.5723,17.1762],[76.5169,17.1157],[76.5108,17.0869],[76.579,17.0931],[76.5658,17.074],[76.579,17.0596],[76.6168,17.0869],[76.6576,17.0869],[76.6821,17.0664],[76.7354,17.1522],[76.7647,17.1341],[76.7647,17.0931],[76.8067,17.0436],[76.8223,17.0384],[76.8526,17.0596],[76.9059,17.043],[76.9304,16.9916],[76.9223,16.9472],[76.9387,16.8951],[76.8942,16.8399],[76.9068,16.8255],[76.9402,16.8325],[77.1337,16.7266],[77.1309,16.648],[77.1641,16.6375],[77.1672,16.5766],[77.1982,16.5176],[77.2847,16.4153]]}},{"type":"Feature","properties":{"name":"Tista","scalerank":7.0},"geometry":{"type":"LineString","coordinates":[[88.5918,27.6951],[88.6599,27.6058],[88.667,27.5716],[88.647,27.5499],[88.544,27.5237],[88.5206,27.4016],[88.4404,27.2767],[88.4623,27.2462],[88.4954,27.2329],[88.5332,27.1543],[88.4347,27.0666],[88.4495,27.013],[88.4424,26.9633],[88.4597,26.9269],[88.6123,26.7491],[88.6642,26.6636],[88.7392,26.5952],[88.7751,26.4601],[88.9373,26.2767],[89.0934,26.1385],[89.1577,26.0095],[89.1672,25.954],[89.2293,25.9233],[89.318,25.8305],[89.395,25.82],[89.483,25.7598],[89.5379,25.6744],[89.5347,25.6341],[89.5595,25.5594],[89.5763,25.5421],[89.6607,25.5257],[89.669,25.4676],[89.697,25.4326]]}},{"type":"Feature","properties":{"name":"Yalong","scalerank":7.0},"geometry":{"type":"MultiLineString","coordinates":[[[97.6166,34.0642],[97.5913,34.0337],[97.3457,33.9421],[97.2267,33.8349],[97.1593,33.8096],[97.2516,33.4583],[97.3442,33.3609],[97.4317,33.3414],[97.5645,33.3762],[97.6954,33.3619],[97.7681,33.4097],[97.8005,33.4024],[97.8757,33.3433],[97.9041,33.2725],[97.9513,33.2286],[98.0457,33.2151],[98.0711,33.1875],[98.1578,33.1702],[98.2019,33.1284],[98.2376,33.1164],[98.3198,33.0456],[98.364,32.9368],[98.3916,32.905],[98.5933,32.8412],[98.6439,32.8902],[98.7612,32.8207],[98.7656,32.8337],[98.8169,32.8177],[98.8624,32.7529],[98.9941,32.7661],[99.0418,32.7381],[99.1039,32.6351],[99.0821,32.6101],[99.0903,32.5743],[99.0645,32.5396],[99.0826,32.4439],[99.0198,32.4086],[99.0103,32.3837],[98.9382,32.3612],[98.9529,32.2999],[99.0728,32.2788],[99.142,32.3082],[99.2644,32.2806],[99.3484,32.1472],[99.4553,32.103],[99.4942,31.9908],[99.5286,31.9752],[99.5762,31.9163],[99.6358,31.8968],[99.6655,31.8065],[99.7376,31.7622],[99.8062,31.6517],[99.9702,31.6289],[100.0606,31.5956],[100.09,31.5663],[100.114,31.481],[100.2262,31.3921],[100.2823,31.2573],[100.3098,31.128],[100.3088,30.9593],[100.2662,30.896],[100.2,30.8817],[100.1638,30.8567],[100.1498,30.8211],[100.1522,30.7799],[100.2177,30.6263],[100.3328,30.525],[100.4094,30.5049],[100.4536,30.4488],[100.594,30.4198],[100.6065,30.3872],[100.6809,30.3434],[100.7503,30.2259],[100.7874,30.2211],[100.8042,30.1934],[100.8545,30.1995],[100.8662,30.187],[100.9566,30.2106],[100.9957,30.2032],[101.0,30.1879]],[[101.0,30.1653],[100.9882,30.1173],[101.0,30.1088]]]}},{"type":"Feature","properties":{"name":null,"scalerank":7.0},"geometry":{"type":"LineString","coordinates":[[80.9407,31.3915],[80.8208,31.3751],[80.7358,31.3821],[80.6318,31.4721],[80.5303,31.4666],[80.4519,31.4864],[80.4236,31.5185],[80.3893,31.6209],[80.3113,31.7119],[80.293,31.7702],[80.1855,31.8698],[80.1325,31.9957],[80.0667,32.0808],[80.0427,32.1457],[79.9373,32.2384],[79.9043,32.3041],[79.8108,32.3941],[79.7009,32.4496],[79.6831,32.4979]]}},{"type":"Feature","properties":{"name":"Sittong","scalerank":7.0},"geometry":{"type":"LineString","coordinates":[[95.7869,20.2182],[95.8311,20.1931],[95.9308,20.2046],[96.0269,20.1656],[96.121,20.156],[96.2408,20.069],[96.2415,19.8841],[96.2257,19.8278],[96.2319,19.7869],[96.294,19.7111],[96.3008,19.6292],[96.2782,19.6229],[96.3076,19.5361],[96.2803,19.4517],[96.3212,19.3505],[96.3098,19.3235],[96.335,19.288],[96.356,19.2866],[96.438,19.15],[96.4243,19.1358],[96.4425,19.0886],[96.438,19.0327],[96.4516,19.0331],[96.4599,18.9518],[96.4986,18.8759],[96.5006,18.8568],[96.4493,18.8334],[96.4548,18.6929],[96.5201,18.6021],[96.5584,18.5853],[96.6159,18.512],[96.6025,18.4983],[96.6298,18.471],[96.6782,18.3612],[96.6707,18.3379],[96.6848,18.3194],[96.6988,18.1962],[96.7171,18.1706],[96.7427,18.1727],[96.7564,18.0772],[96.7805,18.0533],[96.804,18.054],[96.8215,17.998],[96.8079,17.9844],[96.8632,17.9229],[96.8899,17.7652],[96.8816,17.7012],[96.9034,17.6728],[96.8831,17.4574]]}},{"type":"Feature","properties":{"name":"Mahi","scalerank":7.0},"geometry":{"type":"LineString","coordinates":[[72.9073,22.2786],[72.9182,22.2963],[72.989,22.2615],[73.0398,22.3072],[73.0898,22.4908],[73.1641,22.5913],[73.2449,22.6633],[73.252,22.778],[73.3325,22.795],[73.3705,22.8299],[73.3676,22.8855],[73.4304,22.9708],[73.4278,23.0248],[73.5364,23.0988],[73.5755,23.1813],[73.6546,23.2137],[73.6825,23.2561],[73.7924,23.2683],[73.8512,23.3297],[73.9312,23.3485],[73.99,23.4145],[74.0099,23.4912],[74.1041,23.619],[74.1166,23.734],[74.1368,23.774],[74.2566,23.8239],[74.352,23.8889],[74.4531,23.9145],[74.5165,23.8743],[74.5177,23.8438],[74.5479,23.8007],[74.5497,23.7566],[74.5191,23.6579],[74.5481,23.5748],[74.5265,23.5385],[74.6055,23.4077],[74.7076,23.3421],[74.7148,23.3181],[74.7556,23.2921],[74.7364,23.2745],[74.7773,23.2325],[74.7945,23.1474],[74.8686,23.1321],[74.9322,23.1509],[74.9649,23.1424],[75.0054,23.1024],[75.0083,22.9241],[74.9597,22.8168],[74.9734,22.7298]]}},{"type":"Feature","properties":{"name":"Tapi","scalerank":7.0},"geometry":{"type":"LineString","coordinates":[[78.1308,21.7008],[77.9971,21.6842],[77.9243,21.7251],[77.8111,21.7276],[77.8072,21.7733],[77.7784,21.8111],[77.7289,21.8214],[77.2964,21.8048],[77.302,21.7874],[77.1969,21.7337],[77.0693,21.7123],[76.9174,21.6182],[76.814,21.6002],[76.7711,21.5127],[76.6733,21.4532],[76.6069,21.439],[76.4926,21.4513],[76.3434,21.3998],[76.0723,21.1712],[76.0574,21.1398],[76.0004,21.1024],[75.8677,21.0609],[75.7715,21.0629],[75.4402,21.17],[75.3704,21.1701],[75.3032,21.1483],[75.2398,21.1498],[75.177,21.1788],[75.0667,21.1708],[75.0141,21.1863],[74.9026,21.264],[74.8279,21.281],[74.7622,21.3605],[74.6812,21.3998],[74.4049,21.4441],[74.3139,21.5172],[74.134,21.5159],[73.9065,21.462],[73.8477,21.4248],[73.7901,21.3566],[73.7131,21.3107],[73.7105,21.2641],[73.6919,21.2474],[73.3884,21.2804],[73.3022,21.2459],[73.1832,21.2273],[73.1471,21.2349],[73.0711,21.2938],[72.9981,21.3081],[72.9269,21.277],[72.8775,21.2293],[72.8018,21.2447],[72.8052,21.1909],[72.7286,21.1481]]}},{"type":"Feature","properties":{"name":"Sankh","scalerank":7.0},"geometry":{"type":"LineString","coordinates":[[83.9034,23.1981],[83.9439,23.1783],[83.9877,23.0563],[84.073,22.9945],[84.1293,22.9846],[84.176,22.9996],[84.2173,23.1128],[84.2415,23.1168],[84.2849,23.0579],[84.3914,22.9676],[84.3884,22.8182],[84.4229,22.6561],[84.3936,22.6063],[84.3189,22.5565],[84.3091,22.4987],[84.3399,22.4539],[84.44,22.3926],[84.512,22.3254],[84.6221,22.3144],[84.6681,22.2652]]}},{"type":"Feature","properties":{"name":"Ganges","scalerank":3.0},"geometry":{"type":"MultiLineString","coordinates":[[[79.8407,30.8885],[79.8135,30.8196],[79.8407,30.724],[79.8749,30.6892],[79.8471,30.6756],[79.7153,30.5082],[79.6547,30.5017],[79.5459,30.5732],[79.436,30.4824],[79.3889,30.4224],[79.3213,30.3981],[79.3067,30.346],[79.2689,30.3045],[79.2051,30.2772],[79.137,30.3043],[79.0007,30.306],[78.8032,30.2359],[78.6962,30.2442],[78.5942,30.1452],[78.5789,30.0976],[78.5864,30.0729],[78.4634,30.0729],[78.405,30.1324],[78.3201,30.1406],[78.28,30.0716],[78.1549,29.9255],[78.1978,29.7482],[78.1891,29.7067],[78.1549,29.6751],[78.0189,29.6192],[77.9905,29.572],[77.9918,29.5311],[78.0524,29.4348],[78.0524,29.374],[78.082,29.3447],[78.0724,29.3256],[78.1172,29.2514],[78.1209,29.1922],[78.0798,29.1407],[78.0724,28.9693],[78.106,28.9136],[78.0928,28.8359],[78.1267,28.8116],[78.1238,28.7781],[78.1827,28.6929],[78.176,28.6205],[78.1953,28.5703],[78.2647,28.4888],[78.2791,28.4417],[78.2647,28.4213],[78.2791,28.4007],[78.2639,28.372],[78.2901,28.307],[78.3827,28.222],[78.4634,28.1059],[78.544,28.0452],[78.5847,28.0328],[78.6256,27.9899],[78.8951,27.9132],[78.9812,27.827],[79.1555,27.8179],[79.2036,27.6914],[79.332,27.6368],[79.4099,27.6466],[79.4647,27.5865],[79.5548,27.5415],[79.5664,27.4754],[79.6111,27.4378],[79.6316,27.3409],[79.6978,27.2415],[79.838,27.1452],[79.9302,27.1437],[80.0083,27.0269],[80.0094,26.9707],[80.1078,26.8737],[80.1416,26.7424],[80.2451,26.682],[80.2969,26.5487],[80.3364,26.5301],[80.3477,26.4884],[80.526,26.3649],[80.5588,26.2382],[80.5949,26.2215],[80.5977,26.1746],[80.6731,26.1148],[80.75,26.106],[80.7969,26.0734],[80.7951,26.0404],[80.814,26.0297],[80.8534,26.0582],[80.9619,26.077],[81.0328,26.061],[81.0652,26.0003],[81.2041,25.9393],[81.2245,25.8685],[81.2944,25.8452],[81.3928,25.7722],[81.4028,25.7589],[81.3767,25.7043],[81.4,25.6656],[81.513,25.6312],[81.5538,25.5847],[81.6301,25.5865],[81.6575,25.5295],[81.7047,25.4947],[81.7451,25.4958],[81.7783,25.478],[81.908,25.5117],[81.9175,25.4984],[81.9032,25.4128],[81.9375,25.3445],[81.9699,25.3245],[82.043,25.3356],[82.0752,25.3166],[82.0884,25.2789],[82.1124,25.2756],[82.1814,25.3166],[82.2148,25.3021],[82.2018,25.19],[82.2732,25.1937],[82.2254,25.2203],[82.2661,25.2706],[82.2906,25.2756],[82.3124,25.2631],[82.3276,25.2151],[82.3489,25.2142],[82.3723,25.2532],[82.3972,25.2608],[82.4968,25.1699],[82.551,25.1578],[82.5928,25.1732],[82.5676,25.2178],[82.637,25.2203],[82.7786,25.1249],[82.8355,25.1186],[82.9204,25.1946],[83.0083,25.2107],[83.0251,25.2462],[83.0063,25.2893],[83.0415,25.3231],[83.1349,25.3264],[83.1714,25.3513],[83.1778,25.4103],[83.1631,25.4361],[83.1231,25.4522],[83.1856,25.5295],[83.2126,25.5352],[83.3259,25.4749],[83.3831,25.4947],[83.4094,25.487],[83.53,25.4019],[83.5439,25.4116],[83.5413,25.4395],[83.4909,25.5171],[83.5588,25.5478],[83.6171,25.5977],[83.7057,25.6083],[83.735,25.5865],[83.7535,25.5295],[83.772,25.5173],[83.8977,25.524],[84.1435,25.7363],[84.1798,25.746],[84.2129,25.7281],[84.23,25.6811],[84.2538,25.6797],[84.3081,25.7386],[84.3727,25.7652],[84.4865,25.7008],[84.5958,25.6933],[84.6682,25.7059],[84.7493,25.7534],[84.8814,25.7076],[84.9739,25.7349],[85.0588,25.7281],[85.0859,25.7211],[85.1428,25.6419],[85.2371,25.6182],[85.2844,25.5543],[85.3694,25.5138],[85.4214,25.517],[85.5151,25.5847],[85.5766,25.5084],[85.6519,25.4634],[85.7376,25.5107],[85.8307,25.505],[85.997,25.3803],[86.0283,25.3339],[86.1858,25.3193],[86.2412,25.3302],[86.3062,25.2927],[86.415,25.3309],[86.5344,25.4829],[86.5644,25.4852],[86.5907,25.4612],[86.5796,25.3751],[86.6113,25.3035],[86.6939,25.2564],[86.7825,25.2756],[86.8347,25.326],[86.8899,25.35],[86.9962,25.2784],[87.0772,25.2542],[87.1084,25.262],[87.1599,25.2278],[87.1901,25.2303],[87.2385,25.275],[87.3037,25.3771],[87.3511,25.3985],[87.4783,25.4038],[87.512,25.3819],[87.5357,25.3201],[87.5986,25.2667],[87.7701,25.237],[87.7837,25.2142],[87.7686,25.1593],[87.7809,25.0899],[87.8606,25.0308],[87.9543,24.9876],[87.9581,24.9442],[87.9087,24.8784],[87.9111,24.8444],[87.9475,24.7958],[87.9595,24.7172],[88.0059,24.6555],[88.0567,24.6343],[88.0815,24.6001],[88.0855,24.5369],[88.1189,24.4942],[88.1908,24.4606],[88.3079,24.4862],[88.3872,24.3888],[88.4444,24.3508],[88.5161,24.3675],[88.6814,24.3341],[88.7371,24.2873],[88.7493,24.2235],[88.7312,24.19],[88.7515,24.1527],[88.8245,24.1191],[88.9307,24.1716],[88.9597,24.1671],[89.0366,24.0953],[89.0698,24.0379],[89.0681,23.9964],[89.0887,23.9772]],[[87.9381,24.8057],[87.92,24.782],[87.9204,24.7266],[87.9409,24.6195],[88.0574,24.5159],[88.0504,24.505],[88.0779,24.4562],[88.1189,24.447],[88.1128,24.4094],[88.1501,24.4058],[88.1563,24.3717],[88.2525,24.3119],[88.2288,24.2887],[88.253,24.2714],[88.2566,24.1413],[88.1946,24.0013],[88.2288,23.9877],[88.1987,23.9731],[88.2378,23.7748],[88.2281,23.7565],[88.2083,23.7611],[88.1598,23.6997],[88.1482,23.6343],[88.219,23.6065],[88.2356,23.6376],[88.2642,23.5766],[88.325,23.6103],[88.3214,23.5743],[88.2833,23.5489],[88.365,23.5241],[88.3407,23.4376],[88.3761,23.4141],[88.379,23.3909],[88.3672,23.3456],[88.3408,23.3338],[88.3477,23.2698],[88.3922,23.2158],[88.4574,23.2124],[88.4683,23.1926],[88.4473,23.1424],[88.4956,23.1072],[88.4683,23.0629],[88.4951,23.0493],[88.4404,23.0281],[88.4069,22.9455]],[[88.4291,24.3558],[88.4216,24.3333],[88.4533,24.2834],[88.5181,24.2635],[88.5371,24.2299],[88.5396,24.1992],[88.5093,24.1993],[88.5297,24.18],[88.5234,24.1441],[88.5645,24.1447],[88.5708,24.1174],[88.6197,24.1085],[88.6328,24.0703],[88.6464,24.0833],[88.6328,23.9877],[88.7699,23.9536],[88.7872,23.9617],[88.8627,23.908],[88.8457,23.8784],[88.873,23.871],[88.8587,23.8505],[88.8696,23.6997],[88.856,23.678],[88.8269,23.6812],[88.8258,23.6367],[88.7644,23.6271],[88.7699,23.5966],[88.7402,23.5855],[88.74,23.5643],[88.7937,23.4852],[88.8283,23.4868],[88.8347,23.43],[88.9072,23.4731],[88.9072,23.426],[88.8894,23.4129],[88.9391,23.3965],[88.9295,23.3695],[88.914,23.3775],[88.905,23.3622],[88.989,23.3673],[88.9946,23.3884],[88.9679,23.4049],[88.9744,23.4174],[89.0164,23.385],[89.0208,23.2619],[88.9968,23.2228],[89.0369,23.2124],[89.0547,23.1835],[89.0413,23.1735],[89.1194,23.0759],[89.0781,22.999],[89.0816,22.9769],[89.1194,22.9666],[89.0914,22.9493],[89.0933,22.9343],[89.1303,22.9302],[89.1368,22.8936],[89.1121,22.8902],[89.1348,22.826],[89.1605,22.8226],[89.1536,22.7947],[89.1914,22.8121],[89.1741,22.7674],[89.1895,22.7745],[89.2013,22.7469],[89.2561,22.7368],[89.3117,22.6928],[89.3043,22.6787],[89.2634,22.7059],[89.3043,22.6377],[89.2931,22.6001]],[[89.0883,23.9783],[89.0887,23.9772]],[[89.0887,23.9772],[89.1592,23.9335],[89.3214,23.9299],[89.4673,23.8649],[89.53,23.8194],[89.7089,23.8568],[89.7493,23.848]],[[89.0887,23.9772],[89.1045,23.9343],[89.2495,23.8164],[89.262,23.7518],[89.3525,23.6717],[89.421,23.6744],[89.5258,23.5374],[89.4968,23.5141],[89.5029,23.4868],[89.519,23.5084],[89.5481,23.5057],[89.5986,23.4731],[89.6265,23.3707],[89.5986,23.385],[89.5976,23.3531],[89.6376,23.2882],[89.6675,23.2888],[89.6276,23.2403],[89.6809,23.227],[89.6948,23.1715],[89.7363,23.1851],[89.756,23.1705],[89.7109,23.1191],[89.6812,23.138],[89.6848,23.11],[89.7227,23.0895],[89.8325,22.9319],[89.9429,22.8573],[90.0068,22.7503],[90.0244,22.6513],[90.0102,22.4903]],[[90.0875,23.5786],[90.0689,23.5118],[90.1124,23.439],[90.0934,23.4276],[90.0821,23.3887],[90.0647,23.3912],[90.1165,23.3692],[90.1337,23.2984],[90.0989,23.3018],[90.0989,23.2609],[90.1282,23.2779],[90.1454,23.2366],[90.2126,23.2252],[90.2126,23.1913]],[[90.2126,23.1913],[90.1917,23.1715],[90.1716,23.1792],[90.1774,23.199],[90.2126,23.1913]],[[90.2126,23.1913],[90.2504,23.1752],[90.2429,23.1243],[90.2942,23.1167],[90.3321,23.0895],[90.2921,23.0428],[90.3253,23.038],[90.3173,23.0046],[90.3848,22.9338],[90.3665,22.9012],[90.3653,22.8457],[90.3942,22.7748]],[[88.4069,22.9455],[88.4955,22.9343],[88.5559,22.9853],[88.6157,22.97],[88.6328,22.9387],[88.7242,22.9433],[88.773,22.855],[88.8283,22.8493],[88.8525,22.8301],[88.8406,22.7457],[88.814,22.7395],[88.813,22.7211],[88.8682,22.6636],[88.9296,22.6588],[88.9419,22.6377],[88.9561,22.5852],[88.9277,22.5483],[88.9706,22.5281],[88.998,22.4515],[88.9893,22.387],[89.0232,22.295],[89.0087,22.2858],[89.0758,22.1752],[89.0603,22.1306]],[[88.4069,22.9455],[88.3455,22.7783],[88.3659,22.6985],[88.3423,22.5763],[88.3174,22.5551],[88.2512,22.5537],[88.2376,22.5218],[88.1331,22.4687],[88.1397,22.3989],[88.1069,22.3838],[88.103,22.3142],[88.0709,22.2349]],[[88.4063,22.9455],[88.4069,22.9455]],[[89.2931,22.6001],[89.2734,22.6356],[89.2573,22.6335],[89.27,22.5808],[89.251,22.5534],[89.2524,22.5123],[89.2906,22.4658],[89.2584,22.4437],[89.2529,22.3812],[89.2772,22.3559],[89.2657,22.3373],[89.2753,22.3127],[89.318,22.2814],[89.3058,22.242],[89.3423,22.1306],[89.3873,22.0867],[89.3453,22.0207],[89.3521,21.9723]],[[89.2931,22.6001],[89.2931,22.598]],[[89.4757,22.295],[89.4443,22.3341],[89.4255,22.5338],[89.3939,22.5756],[89.3453,22.6029],[89.3126,22.587],[89.2931,22.6001]]]}},{"type":"Feature","properties":{"name":"Penner","scalerank":7.0},"geometry":{"type":"LineString","coordinates":[[77.5728,13.4068],[77.6093,13.4349],[77.6137,13.472],[77.5222,13.5711],[77.4871,13.6634],[77.4629,13.8245],[77.4944,13.8848],[77.4732,13.9449],[77.4187,14.0046],[77.4335,14.0836],[77.3964,14.1793],[77.3652,14.2117],[77.3389,14.3502],[77.3126,14.3673],[77.2837,14.4396],[77.2805,14.465],[77.3126,14.4957],[77.266,14.6694],[77.2915,14.709],[77.2931,14.7882],[77.3282,14.8666],[77.4487,14.888],[77.6197,14.9522],[77.7812,14.8985],[77.7969,14.9218],[77.867,14.9554],[77.9309,14.964],[78.0327,14.9158],[78.0761,14.8666],[78.1549,14.8524],[78.2407,14.804],[78.3569,14.8666],[78.3775,14.8231],[78.5385,14.7364],[78.5801,14.6885],[78.6416,14.6606],[78.6895,14.6128],[78.7477,14.606],[78.7719,14.5786],[78.8473,14.5555],[78.8783,14.5067],[78.929,14.4688],[78.9773,14.4763],[79.0422,14.4483],[79.1051,14.4733],[79.1501,14.4261],[79.1895,14.4422],[79.2064,14.4757],[79.2244,14.4831],[79.263,14.4629],[79.4505,14.5677],[79.5391,14.5786],[79.5821,14.5502],[79.6699,14.5892],[79.7141,14.593],[79.8196,14.5313],[79.8482,14.493],[79.9749,14.4688],[80.0159,14.4783],[80.0667,14.524],[80.1491,14.565]]}},{"type":"Feature","properties":{"name":"Indus","scalerank":3.0},"geometry":{"type":"LineString","coordinates":[[72.7817,34.6225],[72.8023,34.5768],[72.7887,34.5142],[72.8367,34.481],[72.8279,34.3932],[72.8525,34.2878],[72.8331,34.1683],[72.707,34.0856]]}},{"type":"Feature","properties":{"name":"Indus","scalerank":3.0},"geometry":{"type":"MultiLineString","coordinates":[[[72.707,34.0855],[72.6332,34.0138],[72.4675,34.0205],[72.3484,33.961],[72.2403,33.9379],[72.2258,33.9012],[72.2341,33.766],[72.0874,33.7899],[72.0219,33.7462],[71.9741,33.65],[71.9531,33.5264],[71.9018,33.4886],[71.8735,33.4435],[71.8779,33.4234],[71.7407,33.3756],[71.7232,33.3553],[71.725,33.3187],[71.699,33.2725],[71.7544,33.1838],[71.7129,33.1109],[71.7184,33.0294],[71.6493,32.9786],[71.5338,32.9491],[71.5068,32.9148],[71.448,32.8873],[71.405,32.8089],[71.4117,32.7257],[71.3545,32.6889],[71.3259,32.6368],[71.3234,32.5936],[71.3508,32.525],[71.3406,32.4151],[71.2834,32.3399],[71.2288,32.1817],[71.1235,32.0941],[71.1123,32.039],[70.9928,31.8979],[70.9668,31.8189],[70.8993,31.7096],[70.9033,31.6637],[70.7914,31.4263],[70.7681,31.2498],[70.7888,31.1383],[70.8186,31.0782],[70.8352,30.9483],[70.8147,30.8727],[70.75,30.7744],[70.7714,30.6773],[70.8303,30.5994],[70.8481,30.542],[70.8152,30.364],[70.774,30.3159],[70.8159,30.2195],[70.8019,30.1094],[70.8351,30.0534],[70.8442,29.9],[70.8237,29.8414],[70.7751,29.8089],[70.7551,29.7581],[70.6631,29.6683],[70.6353,29.6007],[70.6445,29.546],[70.7003,29.506],[70.7012,29.4384],[70.7203,29.3996],[70.6482,29.2151],[70.6679,29.1236],[70.6602,29.0588],[70.565,29.0233],[70.4661,28.9161],[70.3736,28.9146],[70.3501,28.8951],[70.3339,28.8475],[70.2764,28.7925],[70.1441,28.739],[70.0958,28.6826],[70.0431,28.6592],[70.0286,28.5979],[69.9268,28.577],[69.8825,28.5423],[69.7622,28.5091],[69.7166,28.4012],[69.6692,28.366],[69.645,28.3206],[69.5733,28.2503],[69.4878,28.216],[69.4195,28.2324],[69.379,28.1524],[69.2881,28.1697],[69.2506,28.1293],[69.1808,28.1188],[69.1314,28.0562],[69.0349,28.0627],[69.0261,28.0018],[68.999,27.9721],[68.9225,27.9843],[68.9204,27.9629],[68.9536,27.9152],[68.95,27.8683],[68.8827,27.8494],[68.8608,27.8076],[68.8779,27.7825],[68.9556,27.7459],[68.9326,27.7103],[68.8359,27.668],[68.791,27.6669],[68.7499,27.6997],[68.7171,27.7669],[68.6765,27.7904],[68.658,27.7817],[68.6466,27.711],[68.5655,27.7095],[68.5107,27.6647],[68.4497,27.6766],[68.4166,27.6274],[68.3528,27.6177],[68.2911,27.5569],[68.2892,27.5346],[68.3315,27.4776],[68.297,27.4188],[68.3267,27.3741],[68.2966,27.3612],[68.2099,27.3631],[68.1465,27.2791],[68.2055,27.2359],[68.2017,27.2149],[68.0942,27.1859],[68.1207,27.1206],[68.1133,27.0941],[68.051,27.0219],[67.9761,26.9697],[67.913,26.9656],[67.9171,26.9029],[67.8917,26.8328],[67.9024,26.7174],[67.879,26.6438],[67.926,26.5737],[67.927,26.499],[67.8899,26.3857],[67.9274,26.3439],[67.9391,26.2691],[68.0121,26.2381],[68.04,26.1907],[68.1104,26.1663],[68.1321,26.1347],[68.1362,26.0621],[68.2214,25.9998],[68.2711,25.9033],[68.3914,25.8269],[68.3977,25.8096],[68.3314,25.7658],[68.3227,25.7329],[68.4264,25.6612],[68.3823,25.6212],[68.3927,25.5492],[68.3145,25.4988],[68.3279,25.451],[68.3098,25.3953],[68.3442,25.3529],[68.3491,25.2793],[68.3012,25.2083],[68.3705,25.1418],[68.2947,25.1291],[68.2664,25.0537],[68.2737,24.9927],[68.2608,24.9693],[68.2371,24.9682],[68.1978,25.0064],[68.1348,24.9415],[68.1406,24.8741],[68.044,24.8684],[68.0475,24.7907],[68.0011,24.7322],[67.9703,24.6563],[68.0105,24.5873],[67.9579,24.5245],[67.9703,24.4429],[67.8434,24.4119],[67.87,24.3465],[67.8547,24.3333],[67.8054,24.3485],[67.7847,24.336],[67.8261,24.2849],[67.8248,24.2552],[67.7665,24.2693],[67.7378,24.1741],[67.7198,24.1637],[67.6768,24.1756],[67.655,24.1591],[67.6636,24.1064]],[[79.4373,32.7381],[79.3569,32.8507],[79.3274,32.8685],[79.3086,32.9282],[79.1819,32.9893],[79.1008,33.0808],[78.9553,33.2012],[78.915,33.2104],[78.7866,33.15],[78.7109,33.1654],[78.5767,33.2111],[78.5488,33.2459],[78.4335,33.2824],[78.353,33.3547],[78.291,33.3655],[78.1958,33.4329],[78.1523,33.4689],[78.1498,33.5665],[78.1008,33.5778],[78.0798,33.6289],[78.0078,33.6636],[77.9426,33.7387],[77.8584,33.7804],[77.6604,34.0293],[77.5562,34.1135],[77.4889,34.1369],[77.4213,34.1291],[77.3394,34.1602],[77.3196,34.1962],[77.2774,34.2042],[77.2571,34.1918],[77.1641,34.2374],[77.1339,34.2321],[77.0434,34.262],[77.0315,34.2908],[76.99,34.3079],[76.9043,34.3079],[76.8428,34.3303],[76.7703,34.4034],[76.6845,34.4478],[76.6001,34.5543],[76.5381,34.5748],[76.4495,34.6314],[76.3168,34.6678],[76.2153,34.7665],[76.1899,34.8299],[76.1954,34.8752],[76.2227,34.9173],[76.2153,34.9549],[76.1777,34.9689],[76.0343,35.0924],[76.0037,35.0961],[75.9216,35.1656],[75.9142,35.2259],[75.887,35.2464],[75.8433,35.3414],[75.7971,35.3434],[75.7463,35.3078],[75.7,35.3229],[75.6672,35.3078],[75.6359,35.3142],[75.4861,35.4156],[75.4518,35.4601],[75.3628,35.4859],[75.3394,35.5753],[75.3233,35.5856],[75.0859,35.6018],[75.0483,35.6346],[74.9483,35.651],[74.8725,35.7117],[74.7452,35.7241],[74.7471,35.7772],[74.7246,35.786],[74.7246,35.8416],[74.6567,35.8428],[74.6305,35.8209],[74.6469,35.7603],[74.6217,35.7379],[74.6499,35.7019],[74.6095,35.6605],[74.6316,35.6062],[74.6325,35.5275],[74.6072,35.4958],[74.4749,35.4661],[74.4036,35.4177],[74.2467,35.4267],[74.207,35.4049],[74.1592,35.4053],[74.0982,35.4382],[74.0298,35.4343],[73.9108,35.4941],[73.8369,35.4973],[73.7561,35.5275],[73.6272,35.5435],[73.5024,35.5344],[73.44,35.5622],[73.3959,35.5435],[73.3124,35.5416],[73.2627,35.404],[73.249,35.3184],[73.2854,35.2852],[73.2695,35.26],[73.1187,35.1849],[72.928,35.0349],[72.892,35.037],[72.8989,34.9788],[72.8648,34.9068],[72.8723,34.892],[72.9692,34.8566],[72.9846,34.8249],[72.9517,34.8177],[72.9194,34.7808],[72.8245,34.7608],[72.8027,34.7324],[72.8096,34.6741],[72.7817,34.6225]],[[79.7346,32.4439],[79.4298,32.745]],[[67.6636,24.1064],[67.6614,24.1081]],[[67.6636,24.1064],[67.6397,24.0708],[67.5323,24.0605]],[[67.7134,24.0664],[67.6636,24.1064]],[[67.7134,24.0664],[67.7602,24.0528]],[[67.9259,23.9824],[67.9557,23.9945],[67.9242,24.056],[67.8689,24.0764],[67.8111,24.0628],[67.7649,24.0718],[67.7671,24.023],[67.7867,24.003],[67.9259,23.9824]],[[67.9259,23.9824],[67.9268,23.9849]],[[68.0245,23.9337],[68.0139,24.0096],[67.9907,24.0186],[67.9564,23.9995]],[[67.6509,23.9312],[67.7314,23.9652],[67.7134,24.0664]],[[67.8575,23.9095],[67.8682,23.9445],[67.9155,23.9609],[67.9259,23.9824]]]}},{"type":"Feature","properties":{"name":null,"scalerank":7.0},"geometry":{"type":"MultiLineString","coordinates":[[[90.6401,22.953],[90.5973,23.0109],[90.5888,22.962]],[[90.4626,22.8226],[90.5444,22.7817]],[[90.6624,22.804],[90.6522,22.8251],[90.6165,22.8301],[90.5816,22.7879]],[[90.6697,22.4726],[90.7001,22.4835],[90.7158,22.4558],[90.6834,22.3919]],[[90.7158,22.4521],[90.7306,22.4487],[90.7411,22.4041],[90.7833,22.4002],[90.8596,22.3422]]]}},{"type":"Feature","properties":{"name":"Brahmani","scalerank":7.0},"geometry":{"type":"LineString","coordinates":[[84.6681,22.2652],[84.6795,22.2471],[84.7729,22.2525],[84.7965,22.2386],[84.8789,22.0826],[84.8674,22.0589],[84.887,21.9503],[84.8621,21.889],[84.9262,21.828],[84.9701,21.8326],[84.9991,21.7569],[84.9952,21.7413],[84.9043,21.7129],[84.9037,21.6778],[84.9928,21.6289],[85.0103,21.6035],[85.0012,21.5349],[84.9401,21.4396],[84.9397,21.3995],[85.0575,21.2317],[85.1295,21.2039],[85.1276,21.1079],[85.23,21.0299],[85.2463,20.9793],[85.2449,20.9067],[85.2834,20.8793],[85.295,20.8431],[85.3314,20.8088],[85.5805,20.7399],[85.6078,20.7541],[85.6414,20.8065],[85.7647,20.8751],[85.812,20.8872],[85.9209,20.8684],[86.1108,20.8755],[86.1974,20.8476],[86.444,20.6833],[86.5089,20.6783],[86.5715,20.7043],[86.6267,20.6818],[86.7107,20.6782],[86.7437,20.6583],[86.7493,20.6114],[86.8106,20.6407],[86.8176,20.6653],[86.8574,20.6611],[86.9401,20.698]]}},{"type":"Feature","properties":{"name":"Chao Phraya","scalerank":7.0},"geometry":{"type":"MultiLineString","coordinates":[[[100.1407,15.7066],[100.1183,15.6966],[100.0969,15.6543],[100.0969,15.5922],[100.0771,15.573],[100.1089,15.5591],[100.0969,15.528],[100.1106,15.5178],[100.1106,15.4632],[100.1308,15.4559],[100.1174,15.4215],[100.0833,15.4147],[100.0969,15.3806],[100.0702,15.3868],[100.0921,15.3535],[100.0596,15.2717],[100.0833,15.2707],[100.0839,15.2374],[100.1215,15.1804],[100.2422,15.1695],[100.2887,15.0721],[100.303,15.0789],[100.3787,14.9138],[100.3936,14.9189],[100.4097,14.8663],[100.4401,14.8524],[100.447,14.7189],[100.4641,14.6811],[100.447,14.5445],[100.4595,14.4661],[100.4265,14.3763],[100.4607,14.305],[100.4885,14.2975],[100.5121,14.1627],[100.5431,14.1231],[100.5288,14.0818],[100.5528,14.0556],[100.5411,14.0082],[100.5712,13.9953],[100.574,13.9779],[100.5425,13.8378],[100.4981,13.7674],[100.5127,13.7149],[100.4947,13.6948],[100.5486,13.6816],[100.5706,13.708],[100.5957,13.6971],[100.5831,13.6635],[100.5497,13.6577],[100.5431,13.6402],[100.5977,13.6122]],[[100.0833,15.2372],[100.0524,15.1634],[100.0142,15.1307],[100.0293,15.0926],[100.0109,15.0666],[100.0471,15.0399],[100.0156,14.9902],[100.0702,14.9387],[100.1044,14.8257],[100.09,14.7943],[100.0969,14.709],[100.1471,14.6506],[100.1174,14.4875],[100.1386,14.421],[100.1621,14.4011],[100.1174,14.1746],[100.1311,14.1199],[100.169,14.0957],[100.1835,13.9797],[100.2,13.9754],[100.2141,13.9269],[100.2241,13.8355],[100.1891,13.8065],[100.1931,13.7904],[100.2825,13.7736],[100.2789,13.755],[100.2409,13.7494],[100.2295,13.7211],[100.2143,13.7289],[100.2048,13.7139],[100.2409,13.7084],[100.2432,13.689],[100.2582,13.6912],[100.262,13.7147],[100.2724,13.7076],[100.262,13.66],[100.2209,13.6638],[100.2348,13.6402],[100.2205,13.6265],[100.275,13.5167]]]}},{"type":"Feature","properties":{"name":"Shiquan","scalerank":3.0},"geometry":{"type":"LineString","coordinates":[[81.6397,31.4496],[81.5925,31.4039],[81.4892,31.3943],[81.4096,31.4754],[81.3145,31.5059],[81.2178,31.6007],[81.1657,31.741],[81.2052,31.8408],[81.2515,31.8948],[81.3941,31.9863],[81.3757,32.0187],[81.3341,32.0187],[81.2813,32.0489],[81.2717,32.0924],[81.2833,32.1734],[81.2444,32.2014],[81.212,32.3211],[81.1559,32.375],[81.054,32.4018],[81.0064,32.4479],[80.8653,32.4754],[80.7358,32.5385],[80.6476,32.5534],[80.1957,32.5517],[80.0247,32.486],[79.8889,32.4794],[79.7346,32.4439]]}},{"type":"Feature","properties":{"name":"Huang","scalerank":3.0},"geometry":{"type":"MultiLineString","coordinates":[[[97.7628,35.0881],[97.7332,35.0552],[97.6973,34.9199],[97.6177,34.8851],[97.5459,34.876]],[[97.2882,34.8355],[97.2343,34.9073],[97.1238,34.9434],[97.072,34.9306]]]}},{"type":"Feature","properties":{"name":"Huang","scalerank":3.0},"geometry":{"type":"MultiLineString","coordinates":[[[96.1642,35.1297],[96.2493,35.1092],[96.4832,35.1057],[96.6549,35.0501],[96.8113,35.0613],[96.8899,35.0068],[96.9746,34.9916],[97.0154,34.9374],[97.072,34.9306]],[[97.7628,35.0881],[97.7959,35.1111],[97.8489,35.1123],[97.9916,35.0806],[98.1244,34.937],[98.1373,34.8934],[98.3779,34.8153],[98.3963,34.7736],[98.4015,34.6493],[98.381,34.6192],[98.3267,34.5982],[98.3298,34.5748],[98.3948,34.5474],[98.4663,34.4922],[98.4902,34.4244],[98.5147,34.4012],[98.6274,34.3574],[98.7097,34.355],[98.7243,34.3686],[98.7236,34.4549],[98.783,34.4512],[98.8369,34.4792],[98.9529,34.4587],[98.9865,34.4308],[99.002,34.4369],[99.0561,34.4103],[99.0696,34.3625],[99.0349,34.27],[99.0758,34.1533],[99.0486,34.0714],[99.0623,33.9715],[99.0968,33.9501],[99.1106,33.9134],[99.1721,33.8758],[99.2481,33.7844],[99.3062,33.7466],[99.3769,33.7528],[99.392,33.784],[99.3782,33.8144],[99.3953,33.8272],[99.5255,33.8028],[99.542,33.7735],[99.5693,33.766],[99.6458,33.7657],[99.7033,33.807],[99.7715,33.8],[99.837,33.7757],[99.9058,33.7182],[99.9991,33.6756],[100.0801,33.5879],[100.1589,33.5742],[100.2887,33.6915],[100.2546,33.7462],[100.2409,33.7387],[100.2456,33.7603],[100.3167,33.7462],[100.375,33.7626],[100.48,33.8295],[100.565,33.8548],[100.6321,33.9105],[100.7002,33.9305],[100.7822,33.9243],[100.8145,33.8798],[100.8306,33.8833],[100.8699,33.808],[100.9262,33.7864],[100.9125,33.7591],[100.959,33.7381],[100.9957,33.7517],[101.0,33.7276]],[[101.0,34.5468],[100.929,34.5518],[100.8613,34.7181],[100.7634,34.6778],[100.6748,34.6757],[100.6183,34.6915],[100.4946,34.8055],[100.3364,34.8338],[100.2887,34.9173],[100.2858,34.9846],[100.249,35.0462],[100.2472,35.1736],[100.2205,35.2407],[100.2713,35.2954],[100.2053,35.3306],[100.2143,35.3784],[100.1931,35.371],[100.1912,35.4023],[100.1311,35.4666],[100.1589,35.484],[100.1664,35.5328],[100.2076,35.574],[100.2962,35.7717],[100.3484,35.7748],[100.3906,35.8006],[100.447,35.7791],[100.4551,35.8297],[100.4971,35.8416],[100.5431,35.889],[100.5909,35.889],[100.6378,35.9131],[100.6421,35.9361],[100.7205,35.9891],[100.7417,36.0709],[100.8159,36.1323],[101.0,36.1325]],[[97.2882,34.8355],[97.3012,34.818],[97.4063,34.8179],[97.485,34.8713],[97.547,34.876]]]}}]}