{"type":"FeatureCollection","features":[{"type":"Feature","properties":{"name":"Lakshadweep","country":"India"},"geometry":{"type":"MultiPolygon","coordinates":[[[[73.0133,8.3035],[73.0129,8.3033],[73.0129,8.3036],[73.0133,8.3035]]],[[[73.0527,8.2735],[73.0352,8.2656],[73.0201,8.27],[73.017,8.2769],[73.047,8.2767],[73.0629,8.2951],[73.0679,8.3103],[73.0742,8.3218],[73.0776,8.3255],[73.0527,8.2735]]],[[[72.288,10.0467],[72.2848,10.0474],[72.2898,10.0543],[72.288,10.0467]]],[[[73.6305,10.0694],[73.6296,10.0697],[73.6309,10.0698],[73.6305,10.0694]]],[[[73.6322,10.0711],[73.6321,10.0699],[73.6315,10.0701],[73.6322,10.0711]]],[[[73.6339,10.0734],[73.6331,10.0725],[73.6328,10.0733],[73.6339,10.0734]]],[[[73.6304,10.0746],[73.6297,10.0745],[73.6304,10.075],[73.6304,10.0746]]],[[[73.6277,10.0753],[73.6271,10.0736],[73.6254,10.0736],[73.6269,10.0754],[73.6277,10.0753]]],[[[73.647,10.0824],[73.6404,10.0583],[73.6504,10.1031],[73.647,10.0824]]],[[[72.3359,10.1075],[72.3356,10.1022],[72.3342,10.1009],[72.3359,10.1075]]],[[[73.6518,10.1103],[73.6513,10.1098],[73.6513,10.1106],[73.6518,10.1103]]],[[[72.331,10.1341],[72.3266,10.131],[72.3274,10.1398],[72.331,10.1341]]],[[[73.6595,10.1553],[73.6634,10.1423],[73.6606,10.131],[73.6592,10.1303],[73.6595,10.1553]]],[[[72.6399,10.5804],[72.6489,10.5646],[72.6164,10.5433],[72.6399,10.5804]]],[[[72.1659,10.8158],[72.1681,10.8139],[72.1641,10.814],[72.1659,10.8158]]],[[[73.6587,10.8132],[73.6986,10.8175],[73.7009,10.8154],[73.6709,10.8051],[73.6587,10.8132]]],[[[72.1694,10.8193],[72.2021,10.8705],[72.179,10.8299],[72.1694,10.8193]]],[[[72.284,10.9386],[72.2927,10.9472],[72.2888,10.9368],[72.284,10.9386]]],[[[72.3198,10.9471],[72.3157,10.9503],[72.3263,10.9526],[72.3198,10.9471]]],[[[72.3326,10.9531],[72.3296,10.9527],[72.3327,10.9539],[72.3326,10.9531]]],[[[72.3322,10.956],[72.3337,10.9545],[72.3331,10.9541],[72.3322,10.956]]],[[[72.3348,10.9586],[72.3336,10.9575],[72.3334,10.9603],[72.3348,10.9586]]],[[[72.7195,11.115],[72.7178,11.1284],[72.7329,11.1375],[72.7305,11.1268],[72.7195,11.115]]],[[[72.7611,11.1839],[72.7785,11.243],[72.7895,11.2615],[72.7763,11.2185],[72.7611,11.1839]]],[[[73.0076,11.4708],[72.9974,11.4983],[72.9988,11.4995],[73.0092,11.4887],[73.0076,11.4708]]],[[[72.1881,11.602],[72.186,11.5998],[72.1846,11.6028],[72.1881,11.602]]],[[[72.7166,11.6958],[72.7048,11.6838],[72.7157,11.705],[72.7166,11.6958]]]]}},{"type":"Feature","properties":{"name":"Kerala","country":"India"},"geometry":{"type":"Polygon","coordinates":[[[74.9968,12.7891],[75.0094,12.7675],[74.9833,12.7372],[75.0134,12.728],[75.001,12.7164],[75.0525,12.7201],[75.0466,12.6676],[75.0852,12.6748],[75.086,12.704],[75.1115,12.6818],[75.152,12.6832],[75.162,12.672],[75.1385,12.6434],[75.1607,12.6221],[75.2017,12.63],[75.2011,12.5877],[75.2203,12.5691],[75.2375,12.5698],[75.2763,12.6185],[75.327,12.5924],[75.3154,12.5725],[75.2905,12.5826],[75.2729,12.569],[75.2706,12.5483],[75.2803,12.5253],[75.3041,12.5233],[75.3046,12.5041],[75.333,12.4983],[75.3366,12.4641],[75.3608,12.465],[75.3822,12.502],[75.4161,12.5],[75.4233,12.4668],[75.3934,12.4514],[75.3656,12.4567],[75.3726,12.4003],[75.4219,12.3727],[75.4104,12.3472],[75.4322,12.309],[75.4136,12.2912],[75.4794,12.2954],[75.5397,12.2168],[75.5326,12.2014],[75.5772,12.1578],[75.6361,12.1492],[75.662,12.0992],[75.7033,12.1082],[75.7147,12.0704],[75.7535,12.0841],[75.8026,12.0786],[75.794,12.055],[75.8273,11.9877],[75.8704,11.9526],[76.0032,11.9314],[76.1123,11.9787],[76.1199,11.8505],[76.1904,11.8712],[76.2075,11.8615],[76.2237,11.8082],[76.2802,11.8116],[76.3397,11.739],[76.4142,11.7588],[76.4274,11.726],[76.4035,11.7078],[76.4434,11.6436],[76.3881,11.6297],[76.378,11.6019],[76.3359,11.5957],[76.3024,11.5712],[76.2789,11.6009],[76.2345,11.5721],[76.2515,11.5378],[76.2385,11.5263],[76.2476,11.4685],[76.2844,11.4829],[76.3255,11.4533],[76.3422,11.4676],[76.3977,11.435],[76.4187,11.4418],[76.4151,11.4226],[76.4621,11.3875],[76.5177,11.3713],[76.5082,11.3541],[76.5479,11.3589],[76.5458,11.3003],[76.5222,11.2713],[76.4531,11.2394],[76.4386,11.199],[76.4584,11.1877],[76.4724,11.2088],[76.5034,11.2116],[76.5338,11.1968],[76.6007,11.2066],[76.6297,11.1942],[76.6983,11.2396],[76.7314,11.2156],[76.729,11.191],[76.7002,11.1818],[76.6896,11.1596],[76.7288,11.1305],[76.7483,11.1358],[76.7461,11.0548],[76.7782,11.0421],[76.8009,11.054],[76.7666,11.0291],[76.7109,11.0387],[76.6591,10.9305],[76.7408,10.891],[76.8283,10.8719],[76.8538,10.839],[76.8482,10.8188],[76.9007,10.8073],[76.9072,10.7824],[76.8929,10.7214],[76.8676,10.6948],[76.8825,10.6397],[76.8145,10.6357],[76.8101,10.6242],[76.8383,10.5967],[76.8431,10.5373],[76.8164,10.4235],[76.8488,10.3682],[76.8302,10.3039],[76.8487,10.2853],[76.8731,10.2985],[76.8734,10.2763],[76.9116,10.2353],[76.9824,10.2201],[77.0511,10.2621],[77.0429,10.2838],[77.1766,10.3584],[77.2358,10.352],[77.2277,10.3154],[77.2629,10.2633],[77.2597,10.2303],[77.2819,10.2366],[77.295,10.2179],[77.2678,10.1216],[77.2382,10.1301],[77.2013,10.1058],[77.2619,10.0297],[77.2532,10.0128],[77.2729,9.9642],[77.2465,9.9514],[77.2183,9.9043],[77.2125,9.8769],[77.2372,9.8514],[77.2218,9.8225],[77.2467,9.7979],[77.2227,9.7878],[77.2239,9.7304],[77.2036,9.7221],[77.2067,9.6947],[77.1659,9.6129],[77.209,9.6134],[77.2343,9.5815],[77.2697,9.5728],[77.3178,9.6025],[77.3395,9.5733],[77.3611,9.6023],[77.3503,9.5671],[77.3656,9.5351],[77.3852,9.5192],[77.4005,9.5274],[77.4124,9.509],[77.3926,9.4594],[77.366,9.4601],[77.3494,9.4412],[77.3253,9.3371],[77.3,9.3367],[77.2995,9.3109],[77.283,9.3013],[77.2817,9.2166],[77.2514,9.1886],[77.2668,9.1525],[77.2124,9.1005],[77.1975,9.047],[77.1675,9.0453],[77.1466,9.0218],[77.1963,8.9546],[77.1928,8.9262],[77.2566,8.8776],[77.2628,8.842],[77.2297,8.7846],[77.1973,8.7689],[77.1925,8.7444],[77.17,8.7418],[77.2067,8.6842],[77.2007,8.6691],[77.2838,8.5467],[77.2617,8.5062],[77.2401,8.4971],[77.2143,8.5128],[77.2024,8.5012],[77.2281,8.4473],[77.2066,8.4447],[77.1817,8.3958],[77.1511,8.3845],[77.153,8.3551],[77.1743,8.3586],[77.1758,8.3203],[77.1693,8.3329],[77.1398,8.3299],[77.096,8.293],[76.9791,8.3818],[76.6314,8.8365],[76.5451,8.9073],[76.4991,9.0582],[76.3416,9.4034],[76.2408,9.9676],[76.1003,10.3815],[76.0305,10.5262],[76.0383,10.549],[76.0269,10.5754],[76.0095,10.5668],[75.9101,10.7861],[75.8296,11.1155],[75.6977,11.4249],[75.6637,11.4625],[75.6342,11.461],[75.6163,11.4774],[75.5362,11.6935],[75.5442,11.7045],[75.53,11.7036],[75.4537,11.7703],[75.3851,11.8565],[75.3557,11.8598],[75.2503,12.0082],[75.2291,12.0226],[75.2011,12.0061],[75.0581,12.3517],[74.9738,12.5004],[74.8645,12.7588],[74.9968,12.7891]],[[75.5377,11.7628],[75.5415,11.7389],[75.5267,11.7266],[75.531,11.7083],[75.5553,11.7215],[75.5377,11.7628]]]}},{"type":"Feature","properties":{"name":"Puducherry","country":"India"},"geometry":{"type":"MultiPolygon","coordinates":[[[[79.8098,10.8804],[79.807,10.8776],[79.8061,10.8796],[79.8098,10.8804]]],[[[79.7398,10.921],[79.7389,10.9199],[79.7392,10.9214],[79.7398,10.921]]],[[[79.723,10.937],[79.7204,10.9372],[79.7225,10.9383],[79.723,10.937]]],[[[79.7197,10.9559],[79.7183,10.9548],[79.7184,10.9559],[79.7197,10.9559]]],[[[79.8167,11.0033],[79.8538,10.9832],[79.8507,10.8278],[79.8311,10.8274],[79.8281,10.8497],[79.8079,10.8556],[79.8249,10.8648],[79.8113,10.8803],[79.8286,10.8838],[79.7837,10.8885],[79.7893,10.9084],[79.7563,10.8918],[79.763,10.9136],[79.7233,10.9352],[79.7376,10.9526],[79.72,10.9526],[79.7197,10.9685],[79.764,10.9598],[79.7472,11.0029],[79.7978,10.9825],[79.8167,11.0033]],[[79.7641,10.9122],[79.7622,10.9015],[79.7679,10.9018],[79.7641,10.9122]],[[79.7704,10.9014],[79.7662,10.9006],[79.7666,10.8986],[79.7704,10.9014]]],[[[75.5383,11.7096],[75.5362,11.6935],[75.5289,11.7023],[75.5383,11.7096]]],[[[75.5383,11.7627],[75.5553,11.7215],[75.531,11.7083],[75.5266,11.7261],[75.5415,11.7389],[75.5383,11.7627]]],[[[79.6746,11.8035],[79.6906,11.8086],[79.6814,11.7962],[79.6746,11.8035]]],[[[79.6946,11.823],[79.7042,11.8135],[79.693,11.8137],[79.6946,11.823]]],[[[79.6411,11.8228],[79.6618,11.8394],[79.6713,11.8149],[79.6411,11.8228]]],[[[79.7377,11.843],[79.7678,11.8227],[79.8071,11.8335],[79.7959,11.7857],[79.7659,11.7918],[79.7551,11.7752],[79.7129,11.7908],[79.7357,11.8093],[79.7377,11.843]]],[[[79.6972,11.8741],[79.6991,11.8613],[79.696,11.8604],[79.6972,11.8741]]],[[[79.7916,11.885],[79.7929,11.8835],[79.7912,11.8839],[79.7916,11.885]]],[[[79.5994,11.883],[79.6627,11.8673],[79.6578,11.8526],[79.6263,11.8547],[79.6285,11.8698],[79.602,11.8579],[79.5994,11.883]]],[[[79.7893,11.8958],[79.7907,11.8945],[79.789,11.895],[79.7893,11.8958]]],[[[79.6874,11.9685],[79.6766,11.9485],[79.6528,11.9579],[79.6622,11.9692],[79.6874,11.9685]]],[[[79.7468,12.0076],[79.7604,11.9892],[79.7235,11.977],[79.7445,11.965],[79.7503,11.9199],[79.7847,11.9599],[79.8051,11.9533],[79.8126,11.9779],[79.8406,11.9558],[79.8078,11.8366],[79.8007,11.8553],[79.7662,11.8405],[79.7685,11.8759],[79.7504,11.8479],[79.7397,11.8646],[79.7178,11.8541],[79.7098,11.8893],[79.674,11.8807],[79.6954,11.8948],[79.6962,11.9192],[79.7187,11.919],[79.7066,11.9136],[79.7112,11.8907],[79.7407,11.9054],[79.7175,11.929],[79.7209,11.9449],[79.7097,11.95],[79.7112,11.9331],[79.6917,11.9513],[79.7468,12.0076]],[[79.7754,11.905],[79.7728,11.8752],[79.785,11.8629],[79.7924,11.8768],[79.7965,11.8999],[79.7754,11.905]]],[[[79.7891,12.0182],[79.8043,12.0259],[79.8051,12.021],[79.7891,12.0182]]],[[[79.6282,12.0323],[79.651,12.0218],[79.636,11.996],[79.6426,11.9421],[79.6575,11.9481],[79.6707,11.9316],[79.6365,11.9014],[79.6185,11.9261],[79.6282,12.0323]]],[[[79.697,12.0326],[79.718,11.9904],[79.657,11.9914],[79.6605,12.0114],[79.697,12.0326]]],[[[79.8571,12.0068],[79.8409,12.0128],[79.8498,12.0513],[79.8736,12.042],[79.8571,12.0068]]],[[[82.2188,16.74],[82.2715,16.7315],[82.3015,16.7552],[82.3106,16.735],[82.293,16.7097],[82.2613,16.7019],[82.1824,16.7371],[82.2296,16.7624],[82.2188,16.74]]]]}},{"type":"Feature","properties":{"name":"Tamil nadu","country":"India"},"geometry":{"type":"MultiPolygon","coordinates":[[[[78.2053,8.8418],[78.2158,8.842],[78.2192,8.8339],[78.2053,8.8418]]],[[[78.2218,8.872],[78.2274,8.8708],[78.2268,8.8663],[78.2218,8.872]]],[[[78.2702,8.9432],[78.2713,8.9396],[78.2696,8.9391],[78.2702,8.9432]]],[[[78.2552,8.9546],[78.2506,8.9529],[78.2519,8.9564],[78.2552,8.9546]]],[[[78.4955,9.0907],[78.4872,9.0887],[78.4899,9.0934],[78.4955,9.0907]]],[[[78.5391,9.1038],[78.5351,9.1028],[78.5391,9.106],[78.5391,9.1038]]],[[[78.5793,9.1128],[78.588,9.107],[78.571,9.1011],[78.5793,9.1128]]],[[[79.4966,9.1232],[79.4919,9.124],[79.4965,9.1248],[79.4966,9.1232]]],[[[79.4883,9.1282],[79.4883,9.1265],[79.4871,9.1273],[79.4883,9.1282]]],[[[79.4806,9.1306],[79.4816,9.1287],[79.4797,9.1297],[79.4806,9.1306]]],[[[79.4829,9.1343],[79.4823,9.1318],[79.4815,9.1329],[79.4829,9.1343]]],[[[79.4729,9.1392],[79.4735,9.1366],[79.4698,9.1394],[79.4729,9.1392]]],[[[79.4674,9.1434],[79.4675,9.1405],[79.4651,9.1433],[79.4674,9.1434]]],[[[79.4547,9.1453],[79.4538,9.1439],[79.4541,9.1456],[79.4547,9.1453]]],[[[79.4558,9.1476],[79.4562,9.1466],[79.4551,9.1471],[79.4558,9.1476]]],[[[79.4524,9.1498],[79.4527,9.1464],[79.4501,9.148],[79.4524,9.1498]]],[[[79.4458,9.1521],[79.4445,9.1523],[79.4455,9.1538],[79.4458,9.1521]]],[[[78.697,9.1526],[78.6938,9.1529],[78.6965,9.1558],[78.697,9.1526]]],[[[78.7311,9.1559],[78.731,9.1521],[78.728,9.1528],[78.7311,9.1559]]],[[[78.7509,9.1565],[78.7525,9.1556],[78.7514,9.1555],[78.7509,9.1565]]],[[[79.4436,9.1566],[79.4477,9.1539],[79.4473,9.1527],[79.4436,9.1566]]],[[[78.6989,9.1583],[78.6981,9.1585],[78.6988,9.1587],[78.6989,9.1583]]],[[[78.8196,9.1652],[78.8184,9.1607],[78.8169,9.1604],[78.8196,9.1652]]],[[[78.829,9.1705],[78.824,9.1665],[78.8285,9.1737],[78.829,9.1705]]],[[[78.7031,9.1855],[78.7019,9.1858],[78.7019,9.186],[78.7031,9.1855]]],[[[78.9104,9.1865],[78.9101,9.186],[78.9101,9.1866],[78.9104,9.1865]]],[[[78.9434,9.1877],[78.9308,9.1815],[78.9206,9.1831],[78.8973,9.1797],[78.9434,9.1877]]],[[[78.9668,9.1874],[78.9711,9.185],[78.9674,9.1829],[78.9668,9.1874]]],[[[79.0689,9.2105],[79.091,9.1959],[79.0568,9.198],[79.0689,9.2105]]],[[[79.1415,9.2143],[79.1395,9.2126],[79.1389,9.2133],[79.1415,9.2143]]],[[[79.1341,9.216],[79.1291,9.2146],[79.133,9.2162],[79.1341,9.216]]],[[[79.2327,9.2431],[79.2385,9.2419],[79.2386,9.2412],[79.2327,9.2431]]],[[[79.1793,9.2382],[79.2236,9.2472],[79.1993,9.2302],[79.1793,9.2382]]],[[[79.7662,10.9006],[79.7703,10.9007],[79.7666,10.8986],[79.7662,10.9006]]],[[[79.7641,10.9122],[79.7639,10.9059],[79.7679,10.9018],[79.7622,10.9015],[79.7641,10.9122]]],[[[79.7692,11.9007],[79.7968,11.8943],[79.7924,11.8768],[79.7807,11.8627],[79.7692,11.9007]],[[79.789,11.895],[79.791,11.8953],[79.7893,11.8958],[79.789,11.895]],[[79.7916,11.885],[79.7929,11.8835],[79.7933,11.8846],[79.7916,11.885]]],[[[79.8457,13.3276],[79.85,13.3235],[79.8428,13.3222],[79.8457,13.3276]]],[[[80.2687,13.5646],[80.326,13.4417],[80.3453,13.2799],[80.2984,13.1375],[80.2949,13.0929],[80.3108,13.1082],[80.2868,13.0644],[80.2594,12.9346],[80.2552,12.7827],[80.1558,12.4649],[80.0342,12.3018],[79.8736,12.042],[79.8498,12.0513],[79.8409,12.0128],[79.8568,12.0061],[79.8406,11.9558],[79.8126,11.9779],[79.8051,11.9533],[79.7847,11.9599],[79.7599,11.9436],[79.7622,11.9285],[79.7503,11.9199],[79.7445,11.965],[79.7235,11.977],[79.7604,11.9892],[79.7465,12.0077],[79.6917,11.9513],[79.7112,11.9331],[79.7097,11.95],[79.7209,11.9449],[79.7175,11.929],[79.7407,11.9054],[79.7112,11.8907],[79.7066,11.9136],[79.7187,11.919],[79.6962,11.9192],[79.6954,11.8948],[79.6738,11.8916],[79.674,11.8807],[79.71,11.8892],[79.7189,11.8533],[79.7394,11.8647],[79.7519,11.8483],[79.764,11.877],[79.7682,11.8388],[79.7823,11.8559],[79.8082,11.8453],[79.7975,11.8246],[79.7701,11.8226],[79.7367,11.8442],[79.7357,11.8093],[79.7124,11.7915],[79.7551,11.7752],[79.7659,11.7918],[79.7959,11.7857],[79.757,11.5561],[79.8426,11.3507],[79.8538,10.9832],[79.8401,11.0016],[79.8155,11.0039],[79.7978,10.9825],[79.7487,11.0033],[79.764,10.9598],[79.7312,10.9705],[79.7192,10.9572],[79.7367,10.9574],[79.7251,10.9292],[79.763,10.9136],[79.7563,10.8918],[79.7893,10.9084],[79.7837,10.8885],[79.8286,10.8838],[79.8113,10.8803],[79.8249,10.8648],[79.8079,10.8556],[79.8281,10.8497],[79.8311,10.8274],[79.8525,10.8272],[79.8533,10.6794],[79.841,10.6763],[79.8533,10.6765],[79.8804,10.3047],[79.8603,10.2824],[79.8168,10.2758],[79.8133,10.2887],[79.8139,10.2756],[79.7801,10.2725],[79.7834,10.2961],[79.7487,10.3144],[79.7775,10.2846],[79.7677,10.2718],[79.5307,10.3092],[79.5441,10.3249],[79.5129,10.3131],[79.3959,10.3186],[79.2985,10.2633],[79.2683,10.2328],[79.2774,10.2133],[79.2415,10.1849],[79.2294,10.1075],[79.2231,10.106],[79.2199,10.1126],[79.2195,10.1131],[79.2191,10.1126],[79.2271,10.0736],[79.2481,10.0709],[79.2393,10.0578],[79.2661,10.0392],[79.1389,9.9209],[79.147,9.9114],[79.1255,9.9037],[79.124,9.8836],[79.1184,9.8907],[79.1113,9.8928],[79.1208,9.8553],[79.085,9.8347],[79.0939,9.8294],[79.0586,9.7725],[79.0299,9.7615],[79.0159,9.7323],[79.016,9.7404],[79.0132,9.7448],[78.9598,9.6309],[78.9336,9.6062],[78.9152,9.499],[78.8983,9.4899],[78.9385,9.4059],[79.0693,9.2957],[79.2112,9.2833],[79.2659,9.2927],[79.3099,9.3276],[79.3293,9.3201],[79.3147,9.2812],[79.324,9.2636],[79.4164,9.1871],[79.4358,9.1642],[79.436,9.1585],[79.2994,9.2468],[79.22,9.2576],[79.2092,9.2824],[79.0807,9.2612],[78.9789,9.2749],[78.8611,9.2554],[78.7326,9.2119],[78.7173,9.1895],[78.6638,9.1936],[78.6422,9.1747],[78.6571,9.1577],[78.5782,9.131],[78.5322,9.1382],[78.4138,9.1139],[78.215,8.966],[78.1866,8.9236],[78.1581,8.797],[78.1871,8.7641],[78.1991,8.7875],[78.1983,8.7611],[78.163,8.7413],[78.1256,8.6651],[78.138,8.586],[78.1219,8.5157],[78.1306,8.4969],[78.0639,8.418],[78.067,8.3729],[77.8029,8.2402],[77.7813,8.201],[77.7447,8.1769],[77.5771,8.1367],[77.5513,8.078],[77.3159,8.1219],[77.0961,8.2932],[77.1398,8.3299],[77.1806,8.3235],[77.1669,8.3427],[77.1743,8.3586],[77.153,8.3551],[77.1511,8.3845],[77.1817,8.3958],[77.2066,8.4447],[77.2281,8.4473],[77.2024,8.5012],[77.2143,8.5128],[77.2401,8.4971],[77.2617,8.5062],[77.2838,8.5467],[77.2007,8.6691],[77.2067,8.6842],[77.17,8.7418],[77.1925,8.7444],[77.1973,8.7689],[77.2297,8.7846],[77.2628,8.842],[77.2566,8.8776],[77.1928,8.9262],[77.1963,8.9546],[77.1466,9.0218],[77.1675,9.0453],[77.1975,9.047],[77.2124,9.1005],[77.2668,9.1525],[77.2514,9.1886],[77.2817,9.2166],[77.283,9.3013],[77.2995,9.3109],[77.3,9.3367],[77.3253,9.3371],[77.3494,9.4412],[77.366,9.4601],[77.3926,9.4594],[77.4124,9.509],[77.4005,9.5274],[77.3852,9.5192],[77.3656,9.5351],[77.3503,9.5671],[77.3611,9.6023],[77.3395,9.5733],[77.3178,9.6025],[77.2697,9.5728],[77.2343,9.5815],[77.209,9.6134],[77.1659,9.6129],[77.2067,9.6947],[77.2036,9.7221],[77.2239,9.7304],[77.2227,9.7878],[77.2467,9.7979],[77.2218,9.8225],[77.2372,9.8514],[77.2125,9.8769],[77.2183,9.9043],[77.2465,9.9514],[77.2729,9.9642],[77.2532,10.0128],[77.2619,10.0297],[77.2013,10.1062],[77.2382,10.1301],[77.2678,10.1216],[77.295,10.2179],[77.2819,10.2366],[77.2597,10.2303],[77.2629,10.2633],[77.2277,10.3154],[77.2356,10.3523],[77.1766,10.3584],[77.0429,10.2838],[77.0511,10.2621],[76.9824,10.2201],[76.9116,10.2353],[76.8734,10.2763],[76.8731,10.2985],[76.8487,10.2853],[76.8303,10.3036],[76.8488,10.3682],[76.8164,10.4235],[76.8431,10.5373],[76.8383,10.5967],[76.8101,10.6242],[76.8145,10.6357],[76.8825,10.6397],[76.8676,10.6948],[76.8929,10.7214],[76.9072,10.7824],[76.9007,10.8073],[76.8482,10.8188],[76.8538,10.839],[76.8283,10.8719],[76.7408,10.891],[76.6591,10.9305],[76.7109,11.0387],[76.7666,11.0291],[76.8009,11.054],[76.7782,11.0421],[76.7461,11.0548],[76.7483,11.1358],[76.7288,11.1305],[76.6896,11.1596],[76.7002,11.1818],[76.729,11.191],[76.7314,11.2156],[76.6983,11.2396],[76.6297,11.1942],[76.6007,11.2066],[76.5338,11.1968],[76.5105,11.2116],[76.4724,11.2088],[76.4584,11.1877],[76.4386,11.199],[76.4531,11.2394],[76.5222,11.2713],[76.5458,11.3003],[76.5479,11.3589],[76.5082,11.3541],[76.5177,11.3713],[76.4621,11.3875],[76.4151,11.4226],[76.4187,11.4418],[76.3977,11.435],[76.3422,11.4676],[76.3255,11.4533],[76.2844,11.4829],[76.2476,11.4685],[76.2385,11.5263],[76.2515,11.5378],[76.2333,11.5704],[76.2789,11.6009],[76.3024,11.5712],[76.3359,11.5957],[76.3546,11.5893],[76.3881,11.6297],[76.4325,11.6313],[76.4439,11.6477],[76.4314,11.6664],[76.4579,11.6644],[76.5111,11.705],[76.5505,11.6742],[76.56,11.6225],[76.5767,11.6145],[76.7569,11.6184],[76.8469,11.5945],[76.8581,11.614],[76.8355,11.655],[76.8883,11.7336],[76.908,11.7952],[76.9539,11.7921],[76.9699,11.7769],[76.9821,11.8115],[77.0129,11.8146],[77.0387,11.7938],[77.0289,11.7747],[77.0629,11.7904],[77.0564,11.7698],[77.0802,11.736],[77.1177,11.7211],[77.1107,11.7735],[77.2386,11.7947],[77.2499,11.813],[77.2939,11.809],[77.3351,11.7712],[77.3648,11.7904],[77.3945,11.7876],[77.4272,11.7609],[77.4666,11.8471],[77.4616,11.9],[77.4862,11.8874],[77.4948,11.9438],[77.538,11.9324],[77.6757,11.952],[77.6964,12.0158],[77.7756,12.1184],[77.7277,12.1815],[77.6108,12.2061],[77.4927,12.1973],[77.472,12.2079],[77.4826,12.2302],[77.472,12.2499],[77.4876,12.2805],[77.5513,12.2912],[77.6168,12.3682],[77.6346,12.4876],[77.6261,12.4963],[77.6074,12.4751],[77.5837,12.4788],[77.6163,12.5092],[77.5872,12.5148],[77.5803,12.5516],[77.591,12.6152],[77.6062,12.6289],[77.5989,12.6672],[77.6599,12.6838],[77.6764,12.6795],[77.6787,12.6604],[77.7042,12.6614],[77.7116,12.6831],[77.7399,12.673],[77.7352,12.694],[77.7639,12.6996],[77.7745,12.7242],[77.7624,12.7353],[77.7927,12.7479],[77.7788,12.768],[77.8076,12.7953],[77.8099,12.8315],[77.7925,12.8427],[77.836,12.8703],[77.8903,12.8697],[77.9293,12.8909],[77.9413,12.8687],[77.9186,12.8306],[77.9407,12.8233],[77.94,12.8531],[77.9523,12.8571],[77.9952,12.8059],[78.0151,12.8134],[78.0037,12.8248],[78.029,12.8452],[78.0239,12.8565],[78.0536,12.8538],[78.1342,12.782],[78.231,12.7607],[78.241,12.7299],[78.2057,12.7064],[78.2106,12.6861],[78.2711,12.7051],[78.3012,12.6659],[78.3714,12.6271],[78.4649,12.624],[78.4679,12.6759],[78.4998,12.6761],[78.5032,12.7164],[78.5197,12.7124],[78.4891,12.742],[78.5167,12.7244],[78.5209,12.7361],[78.5251,12.7154],[78.5443,12.7109],[78.5296,12.71],[78.5361,12.6905],[78.5559,12.7002],[78.5556,12.7558],[78.5925,12.7827],[78.6335,12.9313],[78.657,12.9321],[78.6209,12.9912],[78.6555,13.0152],[78.6562,13.0312],[78.7053,13.0152],[78.7145,13.0687],[78.7518,13.0549],[78.7943,13.0666],[78.8131,13.0891],[78.842,13.0786],[78.8912,13.0972],[78.8916,13.0331],[78.9371,13.0304],[78.9037,13.0477],[78.9239,13.0808],[78.995,13.0866],[79.0634,13.0531],[79.0809,13.0257],[79.1145,13.0393],[79.1631,13.0203],[79.193,13.0467],[79.1804,13.0488],[79.1921,13.0561],[79.1783,13.0592],[79.1921,13.0674],[79.1807,13.0842],[79.2344,13.1052],[79.2329,13.1394],[79.21,13.1485],[79.2349,13.1708],[79.2453,13.1383],[79.2575,13.1607],[79.2803,13.1529],[79.284,13.1228],[79.3125,13.1261],[79.2943,13.1096],[79.3072,13.1055],[79.3413,13.1368],[79.3454,13.1214],[79.3605,13.1235],[79.3561,13.1646],[79.38,13.1629],[79.3695,13.1729],[79.3877,13.1775],[79.374,13.1893],[79.4384,13.1882],[79.4532,13.2384],[79.4309,13.2298],[79.4377,13.2429],[79.4185,13.243],[79.4084,13.2653],[79.4337,13.275],[79.4454,13.3013],[79.42,13.2895],[79.3819,13.3075],[79.4354,13.3517],[79.4563,13.3386],[79.4997,13.3478],[79.4974,13.332],[79.5373,13.3386],[79.5346,13.2754],[79.5793,13.2578],[79.5961,13.2849],[79.6314,13.2697],[79.6425,13.2901],[79.6654,13.2787],[79.6826,13.2958],[79.6954,13.2691],[79.6783,13.2617],[79.6843,13.2444],[79.7091,13.251],[79.7022,13.2241],[79.7164,13.2164],[79.7373,13.2365],[79.7501,13.208],[79.755,13.2065],[79.7945,13.2263],[79.7947,13.2421],[79.7307,13.2829],[79.7567,13.2953],[79.7603,13.3182],[79.7917,13.2935],[79.809,13.3172],[79.8628,13.3169],[79.916,13.3599],[79.9331,13.3519],[79.9628,13.3914],[79.9346,13.4165],[79.9733,13.4297],[79.9724,13.4691],[80.0075,13.4786],[80.0159,13.498],[80.0466,13.4937],[80.0484,13.5123],[80.0005,13.5257],[79.9986,13.5427],[80.0569,13.5366],[80.0813,13.5498],[80.0782,13.4888],[80.1392,13.5043],[80.1451,13.4914],[80.2146,13.4903],[80.2418,13.4706],[80.2687,13.5646]],[[79.6911,12.0324],[79.6605,12.0114],[79.657,11.9914],[79.7196,11.9922],[79.6911,12.0324]],[[79.7888,12.0264],[79.8019,12.0171],[79.8057,12.0245],[79.7888,12.0264]],[[79.6426,11.9421],[79.651,12.0218],[79.6255,12.0322],[79.6179,11.936],[79.6321,11.9013],[79.6707,11.9316],[79.6575,11.9481],[79.6426,11.9421]],[[79.6784,11.9718],[79.6622,11.9692],[79.6546,11.9535],[79.6847,11.9534],[79.6784,11.9718]],[[79.6484,11.8804],[79.5994,11.883],[79.602,11.8579],[79.6285,11.8698],[79.6263,11.8547],[79.6578,11.8526],[79.6484,11.8804]],[[79.6991,11.8613],[79.6972,11.8741],[79.696,11.8604],[79.6991,11.8613]],[[79.6473,11.8442],[79.6463,11.8162],[79.6713,11.8149],[79.6618,11.8394],[79.6473,11.8442]],[[79.702,11.8229],[79.693,11.8137],[79.7042,11.8135],[79.702,11.8229]],[[79.6906,11.807],[79.6747,11.8059],[79.6814,11.7962],[79.6906,11.807]],[[79.7197,10.9559],[79.7183,10.9548],[79.7197,10.9548],[79.7197,10.9559]],[[79.7204,10.9372],[79.7229,10.9362],[79.7225,10.9383],[79.7204,10.9372]],[[79.739,10.9212],[79.7398,10.9201],[79.7395,10.9214],[79.739,10.9212]],[[79.8098,10.8804],[79.807,10.8776],[79.81,10.8784],[79.8098,10.8804]]]]}},{"type":"Feature","properties":{"name":"Karnataka","country":"India"},"geometry":{"type":"MultiPolygon","coordinates":[[[[74.239,14.7114],[74.2401,14.7087],[74.2377,14.7093],[74.239,14.7114]]],[[[74.1581,14.7387],[74.1524,14.74],[74.1534,14.7422],[74.1581,14.7387]]],[[[74.1079,14.7591],[74.119,14.7552],[74.1195,14.7528],[74.1079,14.7591]]],[[[74.089,14.7955],[74.0872,14.7937],[74.086,14.7964],[74.089,14.7955]]],[[[74.0557,14.8173],[74.0573,14.8154],[74.054,14.8163],[74.0557,14.8173]]],[[[74.0642,14.8213],[74.0627,14.8193],[74.0621,14.8209],[74.0642,14.8213]]],[[[74.0566,14.8205],[74.0617,14.8202],[74.0571,14.8189],[74.0566,14.8205]]],[[[74.0958,14.8373],[74.0934,14.8387],[74.0957,14.8381],[74.0958,14.8373]]],[[[74.0973,14.8464],[74.1007,14.8412],[74.0961,14.8458],[74.0973,14.8464]]],[[[74.1076,14.8657],[74.1066,14.8648],[74.1063,14.8653],[74.1076,14.8657]]],[[[74.2912,15.832],[74.3134,15.7964],[74.3023,15.7875],[74.2665,15.7978],[74.2617,15.8296],[74.2912,15.832]]],[[[77.3199,18.458],[77.3452,18.4336],[77.3656,18.4516],[77.3728,18.4013],[77.4141,18.3931],[77.3949,18.3685],[77.4001,18.3474],[77.3567,18.3202],[77.3658,18.3071],[77.4377,18.3103],[77.4476,18.27],[77.465,18.2625],[77.5116,18.282],[77.5126,18.3096],[77.6054,18.2813],[77.5718,18.244],[77.5853,18.2198],[77.5635,18.1961],[77.5968,18.1559],[77.5988,18.0933],[77.5476,18.0561],[77.5886,18.0122],[77.6059,18.0202],[77.6278,17.9968],[77.6489,17.9989],[77.6559,17.9688],[77.6495,17.95],[77.633,17.9674],[77.6245,17.9596],[77.619,17.9041],[77.5861,17.9078],[77.5991,17.8731],[77.5764,17.8754],[77.554,17.8201],[77.5282,17.8279],[77.5066,17.786],[77.5691,17.7665],[77.5685,17.7489],[77.546,17.7268],[77.4524,17.6947],[77.4431,17.584],[77.4941,17.5684],[77.5069,17.5423],[77.5284,17.5754],[77.5506,17.5517],[77.5938,17.5645],[77.5969,17.5343],[77.662,17.5228],[77.6924,17.4974],[77.6884,17.4752],[77.6574,17.4809],[77.6569,17.5065],[77.6448,17.4776],[77.6152,17.4729],[77.6143,17.4459],[77.5762,17.4562],[77.5759,17.4307],[77.5373,17.4437],[77.513,17.4309],[77.5142,17.4142],[77.5378,17.4061],[77.5298,17.3707],[77.4838,17.355],[77.4791,17.3707],[77.4536,17.374],[77.456,17.3314],[77.4379,17.2919],[77.4585,17.279],[77.4204,17.2376],[77.3802,17.2225],[77.4037,17.2099],[77.3939,17.1944],[77.3723,17.1956],[77.3637,17.1588],[77.4067,17.1245],[77.4636,17.11],[77.5025,17.0141],[77.4795,16.996],[77.4694,16.9192],[77.454,16.9139],[77.4571,16.8302],[77.4765,16.7884],[77.4395,16.7891],[77.4261,16.7229],[77.474,16.7166],[77.4698,16.687],[77.4189,16.6686],[77.4343,16.6414],[77.4761,16.6501],[77.4536,16.6167],[77.4674,16.5988],[77.4238,16.5689],[77.3929,16.57],[77.419,16.5489],[77.4191,16.5224],[77.3778,16.5137],[77.369,16.4887],[77.2987,16.4962],[77.294,16.4767],[77.2358,16.4727],[77.2882,16.4087],[77.3491,16.3838],[77.4209,16.3662],[77.4897,16.385],[77.5727,16.3409],[77.5939,16.3439],[77.5978,16.2931],[77.5632,16.3016],[77.5369,16.2668],[77.5048,16.2758],[77.4901,16.2552],[77.4923,16.2293],[77.5157,16.2278],[77.5011,16.2217],[77.4862,16.163],[77.4898,16.1196],[77.5133,16.108],[77.4937,16.0863],[77.5069,16.0796],[77.4943,16.0375],[77.5141,16.0081],[77.5134,15.9268],[77.4296,15.9491],[77.3801,15.9398],[77.2489,15.9646],[77.1853,15.9567],[77.0846,15.9186],[77.0326,15.8569],[77.0252,15.8375],[77.0655,15.8273],[77.0491,15.7303],[77.0797,15.7275],[77.0787,15.6951],[77.1289,15.6659],[77.1214,15.6311],[77.0832,15.6591],[77.0304,15.6345],[77.03,15.5026],[76.9745,15.5105],[76.974,15.4982],[77.0335,15.4329],[77.0292,15.4044],[77.0472,15.39],[77.0418,15.3619],[77.0637,15.328],[77.1131,15.3337],[77.1184,15.2949],[77.1516,15.2924],[77.1471,15.2729],[77.1669,15.2686],[77.1251,15.2269],[77.1477,15.2239],[77.1691,15.1713],[77.1354,15.1497],[77.1573,15.1405],[77.1563,15.1229],[77.1301,15.1008],[77.1129,15.0341],[77.0847,15.0307],[77.0825,15.0061],[77.0441,15.0098],[77.0496,15.0331],[77.0041,15.0338],[76.9852,15.0152],[76.9184,15.0355],[76.8772,15.0302],[76.8659,15.0597],[76.836,15.0792],[76.8002,15.0958],[76.7767,15.0784],[76.7901,15.0207],[76.7606,14.9899],[76.7665,14.9756],[76.8285,14.9565],[76.8675,14.9698],[76.8696,14.9377],[76.8638,14.8956],[76.8455,14.8893],[76.854,14.8094],[76.8374,14.8106],[76.8367,14.7908],[76.7827,14.7859],[76.8029,14.7419],[76.7753,14.681],[76.7651,14.6023],[76.7818,14.5965],[76.8063,14.5311],[76.8556,14.5096],[76.868,14.474],[76.9007,14.4892],[76.9748,14.4849],[76.9598,14.4502],[76.9448,14.4509],[76.9427,14.3994],[76.9159,14.4206],[76.8848,14.3957],[76.8846,14.3475],[76.9567,14.2943],[76.9249,14.2738],[76.9401,14.2446],[77.0525,14.2455],[77.0812,14.2142],[77.1078,14.2199],[77.1156,14.2925],[77.1357,14.3365],[77.1579,14.342],[77.2382,14.3174],[77.2866,14.3401],[77.2835,14.2827],[77.3638,14.2758],[77.3595,14.234],[77.392,14.1989],[77.4194,14.2116],[77.4088,14.2599],[77.3874,14.2709],[77.3771,14.3048],[77.3928,14.3358],[77.4462,14.3175],[77.4503,14.2807],[77.4818,14.2916],[77.5039,14.2637],[77.4928,14.231],[77.5171,14.1844],[77.5035,14.1571],[77.3937,14.1742],[77.3789,14.1358],[77.3514,14.13],[77.3475,14.1036],[77.3906,14.1266],[77.4009,14.1187],[77.3605,14.0626],[77.3405,14.0602],[77.3323,14.0307],[77.3902,14.0167],[77.3816,13.9762],[77.4258,13.9861],[77.4379,13.9755],[77.4354,13.9475],[77.4121,13.9456],[77.435,13.915],[77.4,13.8883],[77.3979,13.9062],[77.3576,13.9034],[77.3478,13.916],[77.3713,13.9528],[77.3495,13.9581],[77.3611,13.9908],[77.3362,13.9954],[77.3222,14.03],[77.275,14.0113],[77.2704,14.0345],[77.2454,14.0119],[77.1492,14.0012],[77.1274,14.047],[77.0789,14.0426],[77.0277,14.0617],[77.0298,14.0882],[77.0147,14.1],[77.0233,14.1767],[76.9606,14.1818],[76.9476,14.1982],[76.9422,14.1733],[76.8945,14.1678],[76.8859,14.1382],[76.925,14.1371],[76.9776,14.0713],[76.9717,14.058],[76.9324,14.0539],[76.9311,14.0302],[77.0003,13.9894],[76.9938,13.9626],[77.0417,13.9334],[77.0473,13.9066],[77.0231,13.9022],[77.014,13.8602],[76.978,13.8269],[76.9985,13.7456],[77.0165,13.7385],[77.0245,13.7792],[77.0434,13.7778],[77.0647,13.7438],[77.0856,13.7424],[77.0904,13.7671],[77.1731,13.762],[77.1785,13.7827],[77.1575,13.806],[77.1687,13.8296],[77.1282,13.8565],[77.1686,13.8645],[77.1619,13.9066],[77.1847,13.9252],[77.1814,13.8698],[77.2004,13.863],[77.2131,13.8862],[77.2199,13.8677],[77.2356,13.9041],[77.2483,13.9012],[77.2567,13.8465],[77.3115,13.8666],[77.3254,13.8332],[77.3624,13.8542],[77.3819,13.8394],[77.4325,13.8432],[77.4226,13.7991],[77.4646,13.8061],[77.4553,13.6823],[77.4919,13.6898],[77.485,13.7148],[77.5142,13.7132],[77.5247,13.6912],[77.5366,13.7306],[77.5266,13.7536],[77.5474,13.7529],[77.5606,13.7224],[77.6,13.7508],[77.6277,13.7346],[77.6422,13.7468],[77.6188,13.755],[77.6211,13.7684],[77.6801,13.7868],[77.6717,13.7605],[77.7033,13.7698],[77.7172,13.7413],[77.7193,13.8003],[77.7815,13.8183],[77.7823,13.8441],[77.8371,13.8697],[77.8135,13.9146],[77.8266,13.9447],[77.8957,13.941],[77.8958,13.9204],[77.9268,13.9053],[77.9674,13.9602],[77.9826,13.9577],[77.9846,13.8974],[77.9491,13.8864],[77.953,13.8274],[77.9761,13.8295],[78.0005,13.8729],[78.0462,13.8621],[78.0489,13.8961],[78.079,13.8812],[78.0819,13.8612],[78.1148,13.8629],[78.1236,13.8454],[78.1138,13.8075],[78.1264,13.7864],[78.0915,13.7423],[78.1206,13.7159],[78.1132,13.6927],[78.0691,13.6978],[78.0871,13.6431],[78.1676,13.6558],[78.1682,13.6329],[78.2042,13.6284],[78.193,13.5648],[78.2363,13.5986],[78.2586,13.583],[78.402,13.588],[78.3753,13.509],[78.3817,13.397],[78.3658,13.3587],[78.4084,13.3457],[78.3783,13.3372],[78.4011,13.3155],[78.4279,13.3313],[78.4442,13.3081],[78.4834,13.3212],[78.4793,13.3013],[78.5322,13.2669],[78.5695,13.3092],[78.5874,13.2806],[78.5664,13.2209],[78.5795,13.2156],[78.5498,13.1897],[78.5673,13.1933],[78.5798,13.1674],[78.5501,13.1642],[78.5446,13.142],[78.517,13.1316],[78.5385,13.1057],[78.5095,13.0915],[78.5143,13.0619],[78.4622,13.0432],[78.4675,12.975],[78.4353,12.981],[78.438,12.964],[78.4112,12.9453],[78.4188,12.9217],[78.438,12.929],[78.4667,12.9054],[78.4648,12.8668],[78.4456,12.9118],[78.3887,12.9069],[78.3559,12.9407],[78.3397,12.9032],[78.3235,12.9018],[78.3203,12.8873],[78.3371,12.8824],[78.3136,12.8765],[78.3124,12.8585],[78.2522,12.8606],[78.231,12.7607],[78.1342,12.782],[78.0533,12.8539],[78.0239,12.8565],[78.029,12.8452],[78.0039,12.8256],[78.0098,12.8058],[77.9885,12.8082],[77.9523,12.8571],[77.94,12.8531],[77.9407,12.8233],[77.9206,12.8282],[77.9418,12.8716],[77.9277,12.8749],[77.9293,12.8909],[77.8903,12.8697],[77.836,12.8703],[77.7925,12.8427],[77.8099,12.8315],[77.8076,12.7953],[77.7788,12.768],[77.7927,12.7479],[77.7624,12.7353],[77.7745,12.7242],[77.7639,12.6996],[77.7352,12.694],[77.7399,12.673],[77.7116,12.6831],[77.7042,12.6614],[77.6787,12.6604],[77.6764,12.6795],[77.6599,12.6838],[77.5989,12.6672],[77.6062,12.6289],[77.591,12.6152],[77.5803,12.5516],[77.5872,12.5148],[77.6163,12.5092],[77.5837,12.4788],[77.6074,12.4751],[77.6261,12.4963],[77.6346,12.4876],[77.6168,12.3682],[77.5513,12.2912],[77.4791,12.2713],[77.4719,12.2084],[77.5187,12.1945],[77.6108,12.2061],[77.7333,12.1781],[77.7764,12.1123],[77.7089,12.036],[77.6757,11.952],[77.538,11.9324],[77.4948,11.9438],[77.4862,11.8874],[77.4616,11.9],[77.4666,11.8471],[77.4272,11.7609],[77.3945,11.7876],[77.3648,11.7904],[77.3351,11.7712],[77.2939,11.809],[77.2499,11.813],[77.2386,11.7947],[77.1107,11.7735],[77.1177,11.7211],[77.0802,11.736],[77.0564,11.7698],[77.0669,11.788],[77.0351,11.7698],[77.0299,11.8047],[76.983,11.8118],[76.9699,11.7769],[76.9539,11.7921],[76.908,11.7952],[76.9004,11.7839],[76.8883,11.7336],[76.8337,11.649],[76.8581,11.614],[76.8536,11.597],[76.7569,11.6184],[76.614,11.6076],[76.56,11.6225],[76.5505,11.6742],[76.5117,11.705],[76.4579,11.6644],[76.4172,11.6717],[76.4034,11.7081],[76.4274,11.726],[76.4142,11.7588],[76.3397,11.739],[76.2802,11.8116],[76.2237,11.8082],[76.2075,11.8615],[76.1904,11.8712],[76.1199,11.8505],[76.1123,11.9787],[76.0032,11.9314],[75.8589,11.9594],[75.8011,12.037],[75.8026,12.0786],[75.7535,12.0841],[75.7147,12.0704],[75.7033,12.1082],[75.662,12.0992],[75.6361,12.1492],[75.5926,12.1478],[75.5326,12.2014],[75.5397,12.2168],[75.4794,12.2954],[75.4139,12.2907],[75.4322,12.309],[75.4104,12.3472],[75.4219,12.3727],[75.3726,12.4003],[75.3656,12.4567],[75.4133,12.4586],[75.425,12.4695],[75.4174,12.4984],[75.3822,12.502],[75.3608,12.465],[75.3366,12.4641],[75.333,12.4983],[75.315,12.4971],[75.3041,12.5233],[75.274,12.5356],[75.2729,12.569],[75.2905,12.5826],[75.3154,12.5725],[75.327,12.5924],[75.2763,12.6185],[75.2375,12.5698],[75.2203,12.5691],[75.2011,12.5877],[75.2017,12.63],[75.1607,12.6221],[75.1385,12.6434],[75.162,12.672],[75.152,12.6832],[75.1115,12.6818],[75.086,12.704],[75.0852,12.6748],[75.0466,12.6676],[75.0525,12.7201],[75.001,12.7164],[75.0134,12.728],[74.9833,12.7372],[75.0094,12.7675],[75.0032,12.7917],[74.9329,12.7805],[74.8823,12.754],[74.8642,12.7614],[74.8244,12.8491],[74.7164,13.3126],[74.6936,13.3437],[74.6954,13.4552],[74.6685,13.6402],[74.6456,13.682],[74.6099,13.8656],[74.5692,13.9468],[74.514,13.9869],[74.4689,14.1887],[74.4417,14.2246],[74.3977,14.4079],[74.3547,14.5222],[74.3102,14.5214],[74.3147,14.5457],[74.2704,14.627],[74.2864,14.6342],[74.2628,14.7198],[74.2342,14.7484],[74.2038,14.7364],[74.204,14.7193],[74.0928,14.804],[74.1243,14.805],[74.1251,14.8379],[74.0858,14.9009],[74.1242,14.9253],[74.1621,14.9121],[74.1636,14.9585],[74.2015,14.9257],[74.2367,14.9668],[74.2526,14.9591],[74.2643,14.9785],[74.2536,14.9981],[74.2965,15.0412],[74.2726,15.0975],[74.2851,15.149],[74.317,15.1863],[74.3016,15.2243],[74.2511,15.2589],[74.2763,15.2835],[74.3364,15.2949],[74.317,15.3291],[74.3232,15.3677],[74.2759,15.3916],[74.2755,15.4492],[74.2509,15.4916],[74.2827,15.5314],[74.2632,15.5639],[74.2452,15.5666],[74.2643,15.6155],[74.2442,15.6261],[74.2504,15.6573],[74.2238,15.669],[74.2051,15.651],[74.181,15.6821],[74.1644,15.6535],[74.1355,15.6484],[74.0881,15.6723],[74.1258,15.681],[74.1222,15.7207],[74.1616,15.7513],[74.2014,15.7586],[74.221,15.786],[74.2335,15.787],[74.2265,15.7626],[74.2403,15.7433],[74.2683,15.7547],[74.2873,15.742],[74.3231,15.7727],[74.3585,15.775],[74.372,15.7982],[74.3608,15.8177],[74.3831,15.8491],[74.3382,15.8549],[74.3633,15.8749],[74.3647,15.8939],[74.3686,15.8944],[74.3881,15.8543],[74.4062,15.8554],[74.3869,15.905],[74.4308,15.9566],[74.4632,16.0392],[74.4297,16.0592],[74.3734,16.0364],[74.3773,16.0551],[74.3613,16.0538],[74.3722,16.0782],[74.4276,16.112],[74.4816,16.0889],[74.4912,16.1043],[74.4798,16.1471],[74.508,16.2023],[74.4805,16.2501],[74.4686,16.2402],[74.4176,16.258],[74.4105,16.2831],[74.3732,16.2616],[74.3548,16.2926],[74.343,16.2907],[74.3505,16.2754],[74.3249,16.2718],[74.3208,16.2845],[74.3425,16.298],[74.3166,16.3266],[74.327,16.3425],[74.3172,16.381],[74.3359,16.3937],[74.3534,16.3664],[74.3637,16.4051],[74.3351,16.4014],[74.3326,16.4548],[74.2893,16.463],[74.2909,16.5049],[74.2608,16.4801],[74.2474,16.4969],[74.278,16.5045],[74.2702,16.5475],[74.2831,16.5246],[74.3017,16.529],[74.3061,16.5037],[74.3157,16.5545],[74.3562,16.5597],[74.3579,16.5383],[74.3798,16.5286],[74.3966,16.5833],[74.4667,16.6068],[74.4548,16.6473],[74.4687,16.6638],[74.489,16.6301],[74.5445,16.6355],[74.5435,16.5953],[74.5669,16.5854],[74.5548,16.5645],[74.5685,16.5539],[74.6286,16.5777],[74.64,16.6105],[74.687,16.6068],[74.6535,16.6389],[74.6896,16.677],[74.691,16.7155],[74.7321,16.7183],[74.772,16.7507],[74.8498,16.7728],[74.9201,16.7725],[74.9015,16.8626],[74.9604,16.8809],[74.9636,16.9097],[74.9218,16.9299],[74.9317,16.9448],[74.9645,16.9268],[74.9644,16.9476],[74.9929,16.9521],[75.0266,16.9441],[75.0252,16.928],[75.0893,16.9516],[75.0963,16.9137],[75.1174,16.9134],[75.1365,16.8745],[75.189,16.8753],[75.1818,16.8434],[75.2142,16.8417],[75.2377,16.8679],[75.2647,16.8628],[75.282,16.8803],[75.2801,16.9565],[75.3501,16.9578],[75.3921,16.9801],[75.4279,16.9665],[75.4656,16.9884],[75.4891,16.9444],[75.5293,16.9694],[75.5677,16.9657],[75.5731,17.0096],[75.6069,17.0046],[75.6079,16.971],[75.6339,16.9703],[75.6448,16.9541],[75.6703,16.9621],[75.6697,17.0382],[75.641,17.0376],[75.6767,17.0654],[75.6723,17.116],[75.6503,17.1157],[75.6254,17.174],[75.6619,17.2146],[75.6577,17.2632],[75.6037,17.3055],[75.61,17.345],[75.5808,17.3512],[75.5742,17.3833],[75.6135,17.3919],[75.6066,17.4204],[75.633,17.4772],[75.6759,17.4559],[75.6907,17.4095],[75.7336,17.4201],[75.7929,17.3697],[75.8137,17.3728],[75.8214,17.4212],[75.8511,17.4105],[75.8609,17.3856],[75.8842,17.418],[75.8906,17.3565],[75.9308,17.3226],[76.0143,17.3535],[76.0605,17.3553],[76.0791,17.3316],[76.119,17.3705],[76.1626,17.3452],[76.1763,17.3008],[76.1703,17.3526],[76.2421,17.3788],[76.2507,17.3604],[76.272,17.3606],[76.2764,17.3346],[76.3177,17.3324],[76.3143,17.3484],[76.3453,17.3544],[76.354,17.3143],[76.3832,17.3145],[76.4122,17.3511],[76.4091,17.3714],[76.3634,17.3777],[76.3715,17.4364],[76.3333,17.4339],[76.3307,17.4702],[76.3755,17.4902],[76.3458,17.4925],[76.3466,17.5126],[76.3672,17.5195],[76.3627,17.5374],[76.3407,17.5425],[76.3313,17.5974],[76.4197,17.6037],[76.4292,17.645],[76.4897,17.6605],[76.4872,17.7148],[76.5239,17.7152],[76.5233,17.7598],[76.5727,17.7605],[76.5703,17.7054],[76.5822,17.7053],[76.6153,17.7704],[76.6642,17.6876],[76.6908,17.681],[76.6996,17.7272],[76.7283,17.7376],[76.7141,17.7809],[76.762,17.787],[76.7904,17.8263],[76.7676,17.852],[76.7385,17.8567],[76.74,17.8997],[76.7682,17.9012],[76.775,17.8777],[76.8067,17.8706],[76.8102,17.887],[76.839,17.8991],[76.8843,17.8943],[76.9013,17.9172],[76.9191,17.9162],[76.9056,18.0097],[76.9143,18.0354],[76.9523,18.0402],[76.9452,18.0832],[76.9663,18.0982],[76.9205,18.1182],[76.9519,18.1881],[76.9906,18.19],[77.0011,18.1609],[77.0233,18.1585],[77.0332,18.182],[77.064,18.1507],[77.1115,18.1558],[77.0976,18.1967],[77.1515,18.217],[77.1748,18.2849],[77.213,18.2803],[77.1987,18.3155],[77.2191,18.3257],[77.2259,18.3652],[77.2464,18.3708],[77.2337,18.3882],[77.2418,18.4126],[77.3169,18.4425],[77.3199,18.458]]],[[[77.2722,18.473],[77.2995,18.4649],[77.2675,18.4546],[77.2722,18.473]]]]}},{"type":"Feature","properties":{"name":"Andhra Pradesh","country":"India"},"geometry":{"type":"Polygon","coordinates":[[[84.6778,19.1665],[84.712,19.1583],[84.7028,19.1179],[84.7615,19.0791],[84.6845,18.9675],[84.5871,18.8674],[84.5515,18.7905],[84.4697,18.7144],[84.4399,18.6595],[84.3667,18.5909],[84.3546,18.5548],[84.1507,18.3773],[84.1269,18.3439],[84.1269,18.3134],[83.8604,18.1743],[83.8099,18.156],[83.795,18.1684],[83.8053,18.154],[83.6048,18.0373],[83.5694,18.0118],[83.5318,17.9511],[83.4587,17.9011],[83.4071,17.841],[83.4109,17.8094],[83.3546,17.756],[83.3464,17.7261],[83.2969,17.6933],[83.2949,17.6745],[83.2165,17.5955],[83.0325,17.5144],[82.9748,17.4661],[82.7264,17.3549],[82.5619,17.2616],[82.3193,17.0578],[82.2883,17.016],[82.2649,16.9389],[82.2706,16.9414],[82.2735,16.9476],[82.2768,16.9506],[82.2779,16.9507],[82.2711,16.9413],[82.2467,16.9178],[82.243,16.9178],[82.2414,16.908],[82.2483,16.8765],[82.2598,16.8845],[82.3142,16.8459],[82.3616,16.8544],[82.3577,16.95],[82.3263,16.9883],[82.3556,16.9678],[82.3664,16.9114],[82.3653,16.876],[82.3418,16.7284],[82.3333,16.7167],[82.3449,16.7046],[82.3277,16.6849],[82.354,16.7056],[82.3464,16.7156],[82.3653,16.7067],[82.3173,16.6623],[82.3291,16.6145],[82.3189,16.5768],[82.3128,16.668],[82.3121,16.6271],[82.3075,16.6399],[82.2843,16.626],[82.2988,16.5864],[82.2631,16.563],[82.2972,16.5676],[82.281,16.5586],[82.2906,16.5552],[82.2996,16.5582],[82.2992,16.5722],[82.3009,16.5624],[82.3107,16.5677],[82.3134,16.5648],[82.3137,16.5587],[82.2349,16.546],[81.9577,16.3924],[81.8782,16.3826],[81.7208,16.3069],[81.6906,16.3275],[81.4872,16.3551],[81.3938,16.3425],[81.3054,16.3035],[81.2462,16.2589],[81.2138,16.2072],[81.1914,16.1028],[81.1455,16.0129],[81.148,15.9737],[81.0048,15.8378],[81.0206,15.793],[81.0113,15.8015],[81.0145,15.7713],[80.9985,15.7697],[81.0085,15.7529],[80.9372,15.7144],[80.8215,15.7093],[80.8096,15.7219],[80.8092,15.735],[80.7981,15.7424],[80.7884,15.7572],[80.7877,15.7643],[80.7905,15.7699],[80.7996,15.7768],[80.7912,15.7536],[80.8102,15.7353],[80.8114,15.7271],[80.8167,15.717],[80.8223,15.7104],[80.8175,15.7494],[80.7796,15.8353],[80.8006,15.8059],[80.8156,15.8107],[80.807,15.8404],[80.7739,15.8663],[80.6806,15.8854],[80.5365,15.8523],[80.4286,15.8047],[80.3456,15.7512],[80.2842,15.6878],[80.2372,15.6007],[80.2333,15.6041],[80.2267,15.604],[80.2206,15.6009],[80.2347,15.5991],[80.2241,15.595],[80.2224,15.5827],[80.2255,15.5931],[80.2351,15.5906],[80.2248,15.5335],[80.1942,15.505],[80.2105,15.4935],[80.2053,15.4746],[80.1214,15.3671],[80.0847,15.2833],[80.089,15.2119],[80.047,15.0802],[80.0977,14.7795],[80.1421,14.7035],[80.1712,14.6117],[80.1955,14.5858],[80.1716,14.3733],[80.1301,14.2312],[80.1264,14.1643],[80.1498,14.0318],[80.2531,13.7859],[80.2336,13.6584],[80.2685,13.5645],[80.2418,13.4706],[80.2146,13.4903],[80.1451,13.4914],[80.1392,13.5043],[80.0782,13.4888],[80.0813,13.5498],[80.0569,13.5366],[79.9986,13.5427],[80.0005,13.5257],[80.0484,13.5123],[80.0466,13.4937],[80.0159,13.498],[80.0075,13.4786],[79.9724,13.4691],[79.9733,13.4297],[79.9346,13.4165],[79.9628,13.3914],[79.9331,13.3519],[79.916,13.3599],[79.8628,13.3169],[79.809,13.3172],[79.7917,13.2935],[79.7603,13.3182],[79.7567,13.2953],[79.7307,13.2829],[79.7947,13.2421],[79.7945,13.2263],[79.755,13.2065],[79.7373,13.2365],[79.7164,13.2164],[79.7022,13.2241],[79.7091,13.251],[79.6843,13.2444],[79.6783,13.2617],[79.6954,13.2691],[79.6826,13.2958],[79.6654,13.2787],[79.6425,13.2901],[79.6314,13.2697],[79.5961,13.2849],[79.5793,13.2578],[79.5346,13.2754],[79.5373,13.3386],[79.4974,13.332],[79.4997,13.3478],[79.4563,13.3386],[79.4354,13.3517],[79.3819,13.3075],[79.42,13.2895],[79.4454,13.3013],[79.4337,13.275],[79.4084,13.2653],[79.4185,13.243],[79.4377,13.2429],[79.4309,13.2298],[79.4532,13.2384],[79.4384,13.1882],[79.374,13.1893],[79.3877,13.1775],[79.3695,13.1729],[79.38,13.1629],[79.3561,13.1646],[79.3605,13.1235],[79.3454,13.1214],[79.3413,13.1368],[79.3072,13.1055],[79.2943,13.1096],[79.3125,13.1261],[79.284,13.1228],[79.2803,13.1529],[79.2575,13.1607],[79.2453,13.1383],[79.2349,13.1708],[79.21,13.1485],[79.2329,13.1394],[79.2344,13.1052],[79.1807,13.0842],[79.1921,13.0674],[79.1783,13.0592],[79.1921,13.0561],[79.1804,13.0488],[79.193,13.0467],[79.1631,13.0203],[79.1145,13.0393],[79.0809,13.0257],[79.0634,13.0531],[78.995,13.0866],[78.9239,13.0808],[78.9037,13.0477],[78.9289,13.0458],[78.9403,13.0366],[78.9371,13.0304],[78.8916,13.0331],[78.8912,13.0972],[78.842,13.0786],[78.8131,13.0891],[78.7943,13.0666],[78.7518,13.0549],[78.7145,13.0687],[78.7053,13.0152],[78.6562,13.0312],[78.6555,13.0152],[78.6209,12.9912],[78.657,12.9321],[78.6335,12.9313],[78.5925,12.7827],[78.5556,12.7558],[78.5559,12.7002],[78.5361,12.6905],[78.5296,12.71],[78.5443,12.7109],[78.4932,12.7471],[78.5197,12.7124],[78.5032,12.7164],[78.4998,12.6761],[78.4679,12.6759],[78.465,12.624],[78.4271,12.6352],[78.3794,12.625],[78.3012,12.6659],[78.2722,12.7047],[78.2445,12.7063],[78.2377,12.6858],[78.1993,12.6954],[78.241,12.7299],[78.231,12.7607],[78.2522,12.8606],[78.3124,12.8585],[78.3136,12.8765],[78.3371,12.8824],[78.3203,12.8873],[78.3235,12.9018],[78.3441,12.9085],[78.3541,12.9397],[78.3887,12.9069],[78.4456,12.9118],[78.4648,12.8668],[78.4667,12.9054],[78.438,12.929],[78.4188,12.9217],[78.4112,12.9453],[78.438,12.964],[78.4353,12.981],[78.4675,12.975],[78.4622,13.0432],[78.5143,13.0619],[78.5095,13.0915],[78.5385,13.1057],[78.517,13.1316],[78.5446,13.142],[78.5501,13.1642],[78.5798,13.1674],[78.5761,13.1867],[78.5501,13.2002],[78.5787,13.213],[78.5664,13.2209],[78.5874,13.2806],[78.5655,13.312],[78.5616,13.2885],[78.5393,13.2879],[78.5322,13.2669],[78.4793,13.3013],[78.4834,13.3212],[78.4442,13.3081],[78.4404,13.3284],[78.4011,13.3155],[78.3771,13.332],[78.4087,13.3429],[78.3651,13.3618],[78.3817,13.397],[78.3753,13.509],[78.402,13.588],[78.2586,13.583],[78.2363,13.5986],[78.193,13.5648],[78.2042,13.6284],[78.1682,13.6329],[78.1676,13.6558],[78.0871,13.6431],[78.0897,13.6591],[78.0657,13.6761],[78.0691,13.6978],[78.1132,13.6927],[78.1205,13.7151],[78.0915,13.7423],[78.1266,13.7871],[78.1148,13.8629],[78.0819,13.8612],[78.079,13.8812],[78.0489,13.8961],[78.0462,13.8621],[78.0005,13.8729],[77.9761,13.8295],[77.953,13.8274],[77.9491,13.8864],[77.9846,13.8974],[77.9875,13.9555],[77.9674,13.9602],[77.9268,13.9053],[77.8958,13.9204],[77.8957,13.941],[77.8266,13.9447],[77.8135,13.9146],[77.8371,13.8697],[77.7823,13.8441],[77.7815,13.8183],[77.7193,13.8003],[77.7172,13.7413],[77.7033,13.7698],[77.6717,13.7605],[77.6801,13.7868],[77.6515,13.7841],[77.6177,13.7627],[77.6419,13.7478],[77.6306,13.7359],[77.6,13.7508],[77.5609,13.7223],[77.5474,13.7529],[77.5256,13.7533],[77.5366,13.7306],[77.5283,13.693],[77.5124,13.6972],[77.5142,13.7132],[77.485,13.7148],[77.4919,13.6898],[77.4553,13.6823],[77.4646,13.8061],[77.4226,13.7991],[77.4325,13.8432],[77.3819,13.8394],[77.3624,13.8542],[77.3254,13.8332],[77.3115,13.8666],[77.2567,13.8465],[77.2483,13.9012],[77.2356,13.9041],[77.2199,13.8677],[77.2131,13.8862],[77.2004,13.863],[77.1814,13.8698],[77.1847,13.9252],[77.1619,13.9066],[77.1686,13.8645],[77.1282,13.8565],[77.1687,13.8296],[77.1575,13.806],[77.1785,13.7827],[77.1731,13.762],[77.0904,13.7671],[77.0856,13.7424],[77.0647,13.7438],[77.0434,13.7778],[77.0245,13.7792],[77.0165,13.7385],[76.9969,13.7477],[76.978,13.8269],[77.014,13.8602],[77.0231,13.9022],[77.0473,13.9066],[77.0417,13.9334],[76.9938,13.9626],[77.0003,13.9894],[76.9311,14.0302],[76.9324,14.0539],[76.9717,14.058],[76.9776,14.0713],[76.925,14.1371],[76.8859,14.1382],[76.8945,14.1678],[76.9422,14.1733],[76.9476,14.1982],[76.9606,14.1818],[77.0233,14.1767],[77.0147,14.1],[77.0298,14.0882],[77.0277,14.0617],[77.0789,14.0426],[77.1274,14.047],[77.1492,14.0012],[77.2454,14.0119],[77.2704,14.0345],[77.275,14.0113],[77.3222,14.03],[77.3362,13.9954],[77.3611,13.9908],[77.3495,13.9581],[77.3713,13.9528],[77.3478,13.916],[77.3576,13.9034],[77.3979,13.9062],[77.3987,13.8881],[77.435,13.915],[77.4121,13.9456],[77.4354,13.9475],[77.4379,13.9755],[77.4258,13.9861],[77.3816,13.9762],[77.3902,14.0167],[77.3323,14.0307],[77.3405,14.0602],[77.3605,14.0626],[77.4009,14.1187],[77.3906,14.1266],[77.3475,14.1036],[77.3517,14.1311],[77.3789,14.1358],[77.3937,14.1742],[77.5035,14.1571],[77.517,14.1828],[77.4928,14.231],[77.4983,14.2788],[77.4789,14.2922],[77.4503,14.2807],[77.4462,14.3175],[77.4313,14.313],[77.4064,14.3377],[77.377,14.3076],[77.4177,14.2258],[77.4183,14.2091],[77.3926,14.1988],[77.3595,14.234],[77.3638,14.2758],[77.2835,14.2827],[77.2866,14.3401],[77.2382,14.3174],[77.1389,14.34],[77.1102,14.2683],[77.1167,14.2264],[77.1008,14.2171],[77.0812,14.2142],[77.0525,14.2455],[76.9401,14.2446],[76.9249,14.2738],[76.9567,14.2943],[76.8846,14.3475],[76.8848,14.3957],[76.9159,14.4206],[76.9427,14.3994],[76.9448,14.4509],[76.9598,14.4502],[76.9748,14.4849],[76.9007,14.4892],[76.868,14.474],[76.8556,14.5096],[76.8063,14.5311],[76.7818,14.5965],[76.7651,14.6023],[76.7753,14.681],[76.8029,14.7419],[76.7827,14.7859],[76.8367,14.7908],[76.8374,14.8106],[76.854,14.8094],[76.8455,14.8893],[76.8638,14.8956],[76.8696,14.9377],[76.8675,14.9698],[76.8285,14.9565],[76.7665,14.9756],[76.7606,14.9899],[76.7901,15.0207],[76.7767,15.0784],[76.8002,15.0958],[76.836,15.0792],[76.8659,15.0597],[76.8772,15.0302],[76.9184,15.0355],[76.9852,15.0152],[77.0041,15.0338],[77.0496,15.0331],[77.0441,15.0098],[77.0825,15.0061],[77.0847,15.0307],[77.1129,15.0341],[77.1301,15.1008],[77.1563,15.1229],[77.1573,15.1405],[77.1354,15.1497],[77.1691,15.1713],[77.1477,15.2239],[77.1251,15.2269],[77.1669,15.2686],[77.1471,15.2729],[77.1516,15.2924],[77.1184,15.2949],[77.1131,15.3337],[77.0637,15.328],[77.0418,15.3619],[77.0472,15.39],[77.0292,15.4044],[77.0335,15.4329],[76.9738,15.4995],[76.9745,15.5105],[77.03,15.5026],[77.0304,15.6345],[77.0832,15.6591],[77.1214,15.6311],[77.1289,15.6659],[77.0787,15.6951],[77.0797,15.7275],[77.0459,15.7404],[77.0672,15.7877],[77.0652,15.8282],[77.0252,15.8375],[77.0748,15.912],[77.1551,15.95],[77.2489,15.9646],[77.3795,15.9398],[77.4296,15.9491],[77.6114,15.9179],[77.6592,15.8855],[77.7241,15.8958],[77.8035,15.8741],[77.8585,15.8837],[77.888,15.9061],[78.0089,15.8618],[78.0319,15.9073],[78.0836,15.8409],[78.134,15.8363],[78.1355,15.8547],[78.1753,15.8581],[78.1844,15.9098],[78.2516,15.9352],[78.2609,16.0258],[78.3123,16.0115],[78.3266,16.0367],[78.4079,16.0748],[78.5518,16.0428],[78.6272,16.0876],[78.6812,16.0348],[78.7355,16.0082],[78.7831,16.0203],[78.8378,16.0719],[78.8338,16.1445],[78.8721,16.144],[78.8956,16.0856],[78.922,16.1043],[78.9054,16.1836],[78.9857,16.2107],[79.0095,16.2402],[79.1016,16.2228],[79.1197,16.2319],[79.1569,16.2093],[79.2165,16.2274],[79.2343,16.3338],[79.2102,16.3582],[79.2116,16.4474],[79.2334,16.4592],[79.2148,16.4879],[79.2568,16.5658],[79.4186,16.5802],[79.4472,16.6197],[79.5421,16.6322],[79.5989,16.6732],[79.6331,16.6604],[79.6815,16.6944],[79.7229,16.6903],[79.774,16.7308],[79.8173,16.6919],[79.8511,16.7058],[79.8775,16.6973],[79.9101,16.6339],[79.9631,16.6435],[79.9974,16.7021],[80.055,16.7446],[80.0706,16.8017],[80.0468,16.8533],[79.9988,16.8652],[80.0174,16.915],[80.0404,16.9181],[80.0554,16.9714],[80.0916,16.9684],[80.0952,16.9907],[80.1402,16.9906],[80.1873,17.02],[80.1965,17.044],[80.2114,17.0103],[80.2936,16.9963],[80.3165,16.9484],[80.3217,16.8796],[80.3741,16.8524],[80.3804,16.8174],[80.4078,16.8482],[80.3784,16.852],[80.384,16.8653],[80.4642,16.82],[80.4645,16.7954],[80.5702,16.768],[80.613,16.7935],[80.5628,16.8328],[80.5683,16.8694],[80.5959,16.8846],[80.5871,16.9042],[80.6019,16.9186],[80.5347,16.9614],[80.5261,16.9479],[80.4992,16.9563],[80.4934,16.9274],[80.4497,16.9548],[80.3634,16.9761],[80.407,17.0158],[80.3857,17.0679],[80.409,17.0915],[80.4386,17.0376],[80.4649,17.03],[80.4714,17.0504],[80.5054,17.0685],[80.5141,17.1221],[80.5632,17.1331],[80.58,17.1531],[80.6706,17.1012],[80.6538,17.0686],[80.7389,17.0796],[80.8453,17.04],[80.8769,17.071],[80.8677,17.1231],[80.8795,17.1608],[80.924,17.1578],[80.9189,17.2197],[81.0313,17.1903],[81.0546,17.2249],[81.0796,17.2153],[81.174,17.2303],[81.1904,17.3248],[81.274,17.3172],[81.3226,17.3745],[81.3124,17.4087],[81.2053,17.4496],[81.1933,17.4356],[81.1723,17.449],[81.1755,17.4636],[81.1483,17.4637],[81.1596,17.4843],[81.1421,17.4886],[81.1273,17.5264],[81.0976,17.5043],[81.0148,17.5221],[80.9693,17.5984],[80.9841,17.6262],[81.007,17.6217],[81.0053,17.6488],[80.9381,17.6326],[80.8801,17.648],[80.8947,17.7029],[80.8855,17.7357],[80.9279,17.7618],[80.9734,17.7801],[80.9913,17.7499],[81.0582,17.7331],[81.1043,17.772],[81.0856,17.798],[81.094,17.8093],[81.1661,17.8576],[81.2663,17.8095],[81.3541,17.8123],[81.3919,17.7942],[81.3966,17.8202],[81.4156,17.8134],[81.4739,17.838],[81.49,17.8127],[81.5743,17.8372],[81.6165,17.8221],[81.6697,17.8866],[81.6985,17.9014],[81.7092,17.872],[81.7258,17.879],[81.7901,17.9208],[81.8099,17.951],[81.963,17.9993],[82.0093,18.0301],[82.0074,18.0563],[82.0323,18.0693],[82.0616,18.0555],[82.0766,18.0752],[82.1335,18.0599],[82.1372,18.0439],[82.1688,18.052],[82.1878,18.0147],[82.2656,17.9986],[82.2726,18.0572],[82.302,18.0692],[82.2987,18.0553],[82.3198,18.0448],[82.3223,18.0599],[82.3439,18.058],[82.3388,18.1469],[82.3632,18.1348],[82.3723,18.1482],[82.3155,18.184],[82.3108,18.2041],[82.3371,18.2243],[82.3244,18.2312],[82.3447,18.2805],[82.3765,18.2807],[82.3923,18.2979],[82.389,18.3285],[82.3559,18.3159],[82.3382,18.3267],[82.3855,18.3675],[82.3642,18.4215],[82.4828,18.5487],[82.5043,18.5139],[82.5322,18.511],[82.5342,18.4777],[82.5194,18.4656],[82.5396,18.4436],[82.5424,18.4576],[82.5614,18.4485],[82.5355,18.4062],[82.5948,18.3892],[82.6212,18.3597],[82.602,18.3523],[82.6089,18.3271],[82.5813,18.3152],[82.5987,18.3042],[82.5878,18.2761],[82.6377,18.2367],[82.6525,18.25],[82.6426,18.302],[82.6668,18.298],[82.7741,18.3403],[82.7995,18.4067],[82.7822,18.4308],[82.8031,18.4492],[82.8524,18.4192],[82.895,18.4241],[82.8942,18.3816],[82.9397,18.3608],[82.9705,18.36],[83.0219,18.3917],[83.0545,18.38],[83.0771,18.4034],[83.0574,18.4194],[83.0673,18.4301],[83.0425,18.4242],[83.0209,18.4562],[83.095,18.5466],[83.0454,18.5442],[83.03,18.5733],[83.0528,18.6007],[83.0238,18.5896],[83.0005,18.608],[83.0131,18.6461],[83.058,18.6653],[83.0728,18.7055],[83.139,18.7854],[83.2065,18.7514],[83.2125,18.7305],[83.2246,18.7751],[83.2714,18.7646],[83.2843,18.7979],[83.3306,18.8063],[83.3682,18.8441],[83.3783,18.8307],[83.4059,18.8425],[83.4148,18.875],[83.3819,18.8918],[83.3906,18.9096],[83.3598,18.9147],[83.3525,18.9435],[83.3701,18.9417],[83.3706,18.926],[83.3874,18.933],[83.3547,18.9673],[83.3484,18.9263],[83.3265,18.932],[83.339,18.9528],[83.3106,18.9987],[83.3388,18.997],[83.3429,19.0181],[83.3675,19.0165],[83.3726,19.0023],[83.4005,19.0094],[83.4618,18.9548],[83.4678,18.9911],[83.45,19.0095],[83.4797,19.0085],[83.4833,19.0335],[83.4623,19.0638],[83.4784,19.0793],[83.468,19.0931],[83.4834,19.0923],[83.5006,19.0606],[83.5117,19.0703],[83.5193,19.0391],[83.4965,19.0355],[83.5009,19.0207],[83.5367,19.0095],[83.5576,19.0562],[83.549,19.0805],[83.5602,19.0871],[83.5634,19.0579],[83.5845,19.0576],[83.5856,19.0866],[83.6106,19.0961],[83.5991,19.1302],[83.626,19.1627],[83.7001,19.0255],[83.73,19.022],[83.7095,19.0026],[83.733,18.9877],[83.7539,18.9251],[83.7879,18.9159],[83.7449,18.988],[83.7947,19.018],[83.8266,18.9163],[83.8458,18.9136],[83.846,18.8691],[83.8932,18.8145],[83.9158,18.828],[83.9502,18.8052],[84.0385,18.8164],[84.0895,18.7568],[84.1381,18.7615],[84.1635,18.7893],[84.1899,18.7777],[84.1953,18.7917],[84.2367,18.7986],[84.261,18.7832],[84.2887,18.8047],[84.3213,18.7865],[84.3445,18.8018],[84.3311,18.8178],[84.3638,18.8371],[84.3331,18.8605],[84.3305,18.8832],[84.3742,18.8614],[84.3842,18.8741],[84.3726,18.8781],[84.3603,18.8946],[84.3921,18.8763],[84.3975,18.8903],[84.3851,18.8959],[84.3789,18.9042],[84.418,18.8972],[84.4186,18.9173],[84.438,18.9205],[84.4242,18.9473],[84.4311,18.9692],[84.4524,18.976],[84.4322,18.9951],[84.4211,19.022],[84.4789,18.9885],[84.4944,19.029],[84.5729,19.0737],[84.5817,19.0301],[84.6009,19.0248],[84.6184,19.0659],[84.6611,19.063],[84.6709,19.0763],[84.6587,19.0943],[84.6255,19.0849],[84.5955,19.1324],[84.6673,19.1299],[84.6778,19.1665]],[[84.3532,18.7898],[84.3501,18.7876],[84.3517,18.7858],[84.3532,18.7898]],[[84.3396,18.7894],[84.3293,18.7872],[84.3394,18.7787],[84.3396,18.7894]],[[82.2255,16.7637],[82.1869,16.7283],[82.2613,16.7019],[82.293,16.7097],[82.3106,16.735],[82.3015,16.7552],[82.2715,16.7315],[82.2282,16.7304],[82.2255,16.7637]],[[79.8457,13.3276],[79.8437,13.3216],[79.85,13.3237],[79.8457,13.3276]]]}},{"type":"Feature","properties":{"name":"Telangana","country":"India"},"geometry":{"type":"Polygon","coordinates":[[[78.3357,19.8836],[78.3807,19.8804],[78.4003,19.834],[78.4317,19.8149],[78.4725,19.8173],[78.4902,19.7927],[78.515,19.8189],[78.552,19.8241],[78.6926,19.791],[78.7192,19.7666],[78.7401,19.7831],[78.7824,19.7784],[78.8022,19.7565],[78.841,19.7619],[78.8599,19.6895],[78.8519,19.6584],[78.8867,19.6551],[78.9035,19.67],[78.9556,19.6558],[78.9556,19.6002],[78.9728,19.5824],[78.9404,19.5519],[78.9813,19.5608],[78.998,19.5401],[79.046,19.5483],[79.098,19.532],[79.1903,19.459],[79.2236,19.4691],[79.2039,19.4941],[79.24,19.5352],[79.2531,19.5933],[79.2436,19.6167],[79.3068,19.5966],[79.3139,19.5664],[79.3657,19.5763],[79.4714,19.5002],[79.5186,19.5202],[79.5186,19.5431],[79.5399,19.5547],[79.5529,19.5242],[79.5962,19.5073],[79.6279,19.5732],[79.709,19.5845],[79.7534,19.6075],[79.8148,19.5754],[79.8646,19.5105],[79.9149,19.4958],[79.9464,19.4678],[79.9797,19.3894],[79.9591,19.3359],[79.9659,19.303],[79.9247,19.2273],[79.9457,19.1689],[79.8584,19.1024],[79.8711,19.041],[79.9279,19.0493],[79.9403,19.0326],[79.9616,18.8666],[79.9158,18.8299],[79.921,18.8102],[79.9642,18.7738],[80.0185,18.7704],[80.0528,18.7251],[80.1181,18.6805],[80.1577,18.701],[80.1966,18.6808],[80.2128,18.7057],[80.2799,18.7207],[80.3481,18.5941],[80.3752,18.6107],[80.3885,18.5967],[80.4561,18.6294],[80.5147,18.6193],[80.5345,18.5884],[80.6376,18.5225],[80.6553,18.4759],[80.7053,18.4399],[80.699,18.4214],[80.7349,18.4128],[80.7197,18.3908],[80.7487,18.3089],[80.7943,18.2546],[80.7372,18.2221],[80.7369,18.1772],[80.7991,18.1682],[80.8241,18.191],[80.8236,18.2361],[80.8367,18.2389],[80.8659,18.2301],[80.8726,18.2106],[80.8529,18.202],[80.8667,18.1369],[80.9142,18.1412],[80.979,18.1754],[80.9493,18.0829],[80.9983,17.9168],[81.0082,17.7994],[81.0466,17.7823],[81.0856,17.798],[81.1043,17.772],[81.0582,17.7331],[80.9913,17.7499],[80.9734,17.7801],[80.9279,17.7618],[80.8855,17.7357],[80.8947,17.7029],[80.8781,17.6507],[80.9381,17.6326],[81.0053,17.6488],[81.007,17.6217],[80.9841,17.6262],[80.9693,17.5984],[81.0148,17.5221],[81.0976,17.5043],[81.1273,17.5264],[81.1421,17.4886],[81.1596,17.4843],[81.1483,17.4637],[81.1755,17.4636],[81.1723,17.449],[81.1933,17.4356],[81.2053,17.4496],[81.3124,17.4087],[81.3226,17.3745],[81.274,17.3172],[81.1904,17.3248],[81.174,17.2303],[81.0796,17.2153],[81.0546,17.2249],[81.0313,17.1903],[80.9189,17.2197],[80.924,17.1578],[80.8795,17.1608],[80.8677,17.1231],[80.8769,17.071],[80.8453,17.04],[80.7389,17.0796],[80.6538,17.0686],[80.6706,17.1012],[80.58,17.1531],[80.5632,17.1331],[80.5141,17.1221],[80.5054,17.0685],[80.4714,17.0504],[80.4649,17.03],[80.4386,17.0376],[80.409,17.0915],[80.3857,17.0679],[80.407,17.0158],[80.3634,16.9761],[80.4497,16.9548],[80.4934,16.9274],[80.4992,16.9563],[80.5261,16.9479],[80.5347,16.9614],[80.6019,16.9186],[80.5871,16.9042],[80.5959,16.8846],[80.5683,16.8694],[80.5628,16.8328],[80.613,16.7935],[80.5702,16.768],[80.4645,16.7954],[80.4642,16.82],[80.384,16.8653],[80.3784,16.852],[80.4078,16.8482],[80.3804,16.8174],[80.3741,16.8524],[80.3217,16.8796],[80.3165,16.9484],[80.2936,16.9963],[80.2114,17.0103],[80.1965,17.044],[80.1873,17.02],[80.1402,16.9906],[80.0952,16.9907],[80.0916,16.9684],[80.0554,16.9714],[80.0404,16.9181],[80.0174,16.915],[79.9988,16.8652],[80.0468,16.8533],[80.0706,16.8017],[80.055,16.7446],[79.9974,16.7021],[79.9498,16.6359],[79.9101,16.6339],[79.8775,16.6973],[79.8511,16.7058],[79.8173,16.6919],[79.774,16.7308],[79.7229,16.6903],[79.6815,16.6944],[79.6331,16.6604],[79.5989,16.6732],[79.5421,16.6322],[79.4472,16.6197],[79.4186,16.5802],[79.2568,16.5658],[79.2148,16.4879],[79.2334,16.4592],[79.2116,16.4474],[79.2102,16.3582],[79.2343,16.3338],[79.2165,16.2274],[79.1569,16.2093],[79.1197,16.2319],[79.1016,16.2228],[79.0095,16.2402],[78.9857,16.2107],[78.9054,16.1836],[78.922,16.1043],[78.8956,16.0856],[78.8721,16.144],[78.8338,16.1445],[78.8403,16.0781],[78.7855,16.0211],[78.7355,16.0082],[78.6812,16.0348],[78.6272,16.0876],[78.5518,16.0428],[78.4079,16.0748],[78.3266,16.0367],[78.3123,16.0115],[78.2609,16.0258],[78.2516,15.9352],[78.1844,15.9098],[78.1753,15.8581],[78.1355,15.8547],[78.134,15.8363],[78.0836,15.8409],[78.0319,15.9073],[78.0089,15.8618],[77.888,15.9061],[77.8585,15.8837],[77.8054,15.8743],[77.7241,15.8958],[77.6592,15.8855],[77.6114,15.9179],[77.5134,15.9268],[77.5141,16.0081],[77.4944,16.0365],[77.5069,16.079],[77.4938,16.0872],[77.5133,16.108],[77.4898,16.1196],[77.4862,16.163],[77.5011,16.2217],[77.5157,16.2268],[77.4923,16.2293],[77.4901,16.2552],[77.5048,16.2758],[77.5369,16.2668],[77.5632,16.3016],[77.5977,16.2928],[77.5948,16.3432],[77.5727,16.3409],[77.4897,16.385],[77.4209,16.3662],[77.3491,16.3838],[77.2882,16.4087],[77.2358,16.4727],[77.294,16.4767],[77.2987,16.4962],[77.369,16.4887],[77.3778,16.5137],[77.4191,16.5224],[77.419,16.5489],[77.3929,16.57],[77.4238,16.5689],[77.4674,16.5988],[77.4536,16.6167],[77.4761,16.6501],[77.4343,16.6414],[77.4189,16.6686],[77.4698,16.687],[77.474,16.7166],[77.4385,16.7117],[77.4261,16.7229],[77.4395,16.7891],[77.4765,16.7884],[77.4571,16.8302],[77.454,16.9139],[77.4694,16.9192],[77.4795,16.996],[77.5025,17.0141],[77.4636,17.11],[77.4067,17.1245],[77.3637,17.1588],[77.3723,17.1956],[77.3939,17.1944],[77.4037,17.2099],[77.3802,17.2225],[77.4204,17.2376],[77.4585,17.279],[77.4379,17.2919],[77.456,17.3314],[77.4536,17.374],[77.4791,17.3707],[77.4838,17.355],[77.5298,17.3707],[77.5378,17.4061],[77.5142,17.4142],[77.513,17.4309],[77.5373,17.4437],[77.5759,17.4307],[77.5762,17.4562],[77.6143,17.4459],[77.6152,17.4729],[77.6448,17.4776],[77.6569,17.5065],[77.6574,17.4809],[77.6884,17.4752],[77.6924,17.4969],[77.662,17.5228],[77.5969,17.5343],[77.5938,17.5645],[77.5506,17.5517],[77.5284,17.5754],[77.5069,17.5423],[77.4941,17.5684],[77.4431,17.584],[77.4524,17.6947],[77.546,17.7268],[77.5685,17.7489],[77.5691,17.7665],[77.5066,17.786],[77.5282,17.8279],[77.554,17.8201],[77.5764,17.8754],[77.5991,17.8731],[77.5861,17.9078],[77.619,17.9041],[77.6245,17.9596],[77.633,17.9674],[77.6495,17.95],[77.6559,17.9688],[77.6489,17.9989],[77.6278,17.9968],[77.6059,18.0202],[77.5886,18.0122],[77.5476,18.0561],[77.5988,18.0933],[77.5968,18.1559],[77.5635,18.1961],[77.5853,18.2198],[77.5718,18.244],[77.6054,18.2813],[77.5514,18.2919],[77.5705,18.3181],[77.5227,18.3454],[77.5568,18.4171],[77.5275,18.4421],[77.5853,18.4468],[77.5486,18.4686],[77.5729,18.4698],[77.5764,18.4868],[77.6031,18.4768],[77.6047,18.4964],[77.5859,18.504],[77.5964,18.5489],[77.6479,18.5549],[77.6559,18.5309],[77.7385,18.5568],[77.7503,18.5892],[77.73,18.6669],[77.7535,18.701],[77.7682,18.7059],[77.7873,18.6826],[77.84,18.8048],[77.9483,18.8291],[77.9489,18.8433],[77.9032,18.8666],[77.8854,18.9042],[77.8433,18.9087],[77.8587,18.9487],[77.8162,18.9473],[77.8208,18.9789],[77.7715,18.9792],[77.7618,19.033],[77.7648,19.0627],[77.8003,19.0511],[77.8099,19.1047],[77.8504,19.0886],[77.8341,19.1343],[77.8605,19.1804],[77.8477,19.1896],[77.8714,19.2543],[77.9075,19.268],[77.8656,19.2838],[77.8635,19.3042],[77.9451,19.3425],[78.0425,19.2706],[78.0416,19.2434],[78.0557,19.2371],[78.0791,19.2548],[78.0891,19.2394],[78.117,19.2486],[78.1445,19.2294],[78.1753,19.2376],[78.1937,19.3149],[78.1721,19.3493],[78.1877,19.3946],[78.1762,19.4123],[78.1951,19.4068],[78.2704,19.4562],[78.3043,19.4561],[78.2932,19.5422],[78.2743,19.554],[78.3037,19.5693],[78.3056,19.6071],[78.2905,19.646],[78.2626,19.6651],[78.2762,19.6924],[78.3118,19.6911],[78.3431,19.7132],[78.3589,19.8029],[78.334,19.8146],[78.3364,19.8379],[78.2853,19.8566],[78.307,19.9143],[78.3306,19.9147],[78.3357,19.8836]]]}},{"type":"Feature","properties":{"name":"Chhattisgarh","country":"India"},"geometry":{"type":"Polygon","coordinates":[[[83.3215,24.106],[83.4322,24.086],[83.4529,24.042],[83.5159,24.027],[83.5153,23.9807],[83.5474,23.9375],[83.5534,23.8981],[83.5858,23.8864],[83.5712,23.8621],[83.6595,23.8493],[83.6645,23.8277],[83.7053,23.8208],[83.7461,23.7195],[83.7229,23.6859],[83.7611,23.6515],[83.7519,23.6387],[83.7725,23.6109],[83.8072,23.5875],[83.9377,23.569],[83.9319,23.6204],[84.0166,23.6344],[84.0077,23.6223],[84.0301,23.6],[84.0281,23.5456],[84.0146,23.5035],[83.9739,23.4599],[83.9858,23.4258],[83.967,23.3876],[84.0048,23.354],[84.0239,23.3765],[84.0508,23.3748],[84.0748,23.3331],[84.0537,23.2473],[84.0632,23.2056],[84.0324,23.1605],[84.0375,23.1399],[84.0664,23.1107],[84.0932,23.1128],[84.1335,23.0831],[84.1255,23.0365],[84.1492,22.9657],[84.1755,22.976],[84.1858,23.0271],[84.2192,22.9791],[84.253,22.9729],[84.277,22.9934],[84.2811,22.9637],[84.3281,22.9819],[84.3753,22.9769],[84.3956,22.9287],[84.3752,22.9045],[84.3805,22.8767],[84.3242,22.8509],[84.3151,22.8007],[84.2874,22.764],[84.2596,22.767],[84.2313,22.74],[84.2382,22.6915],[84.2241,22.6699],[84.1525,22.6368],[84.084,22.6381],[84.0541,22.5981],[84.0095,22.573],[84.0123,22.5275],[83.9747,22.5119],[84.0472,22.4692],[84.0472,22.4382],[84.0103,22.3716],[83.9233,22.3584],[83.8903,22.3365],[83.8643,22.3433],[83.7578,22.2403],[83.6915,22.2441],[83.6273,22.2038],[83.5618,22.0989],[83.6064,22.0666],[83.5867,22.0487],[83.5478,22.0592],[83.5367,22.0435],[83.5562,22.0078],[83.539,21.966],[83.5617,21.948],[83.5567,21.9353],[83.6059,21.9141],[83.5742,21.8751],[83.5909,21.8511],[83.5769,21.8313],[83.5319,21.831],[83.541,21.7993],[83.4929,21.8184],[83.4694,21.7876],[83.4893,21.7454],[83.4593,21.6985],[83.4316,21.6999],[83.4188,21.6806],[83.4896,21.6315],[83.4561,21.61],[83.4426,21.6554],[83.3827,21.6201],[83.365,21.5761],[83.3732,21.5582],[83.3379,21.5021],[83.3544,21.4481],[83.3989,21.4053],[83.4069,21.3516],[83.3789,21.3446],[83.2841,21.3803],[83.2687,21.3786],[83.2573,21.3205],[83.2786,21.2893],[83.2709,21.2726],[83.2506,21.2824],[83.223,21.2658],[83.1925,21.1395],[83.1669,21.1388],[83.1315,21.1058],[83.078,21.112],[83.016,21.1463],[82.9903,21.1399],[83.0038,21.1669],[82.9806,21.17],[82.9881,21.1828],[82.9656,21.1753],[82.9649,21.1933],[82.9438,21.1779],[82.9477,21.1618],[82.9021,21.167],[82.8822,21.1484],[82.8509,21.1686],[82.7937,21.1425],[82.7559,21.1664],[82.6406,21.1549],[82.6499,21.1065],[82.612,21.0747],[82.6288,21.038],[82.5591,20.9479],[82.4887,20.9094],[82.4867,20.8616],[82.4645,20.829],[82.42,20.8316],[82.4053,20.8702],[82.3646,20.8707],[82.3512,20.8897],[82.3417,20.7678],[82.3765,20.6324],[82.3322,20.5619],[82.3576,20.5293],[82.3897,20.5176],[82.3961,20.4596],[82.4176,20.4817],[82.4379,20.4344],[82.4004,20.3416],[82.4378,20.2944],[82.4123,20.267],[82.4206,20.2049],[82.3858,20.1464],[82.3983,20.0582],[82.5091,20.0182],[82.5501,20.0178],[82.5957,19.9916],[82.6415,20.0067],[82.7154,19.9959],[82.7074,19.902],[82.7198,19.8568],[82.7039,19.832],[82.6522,19.8322],[82.6271,19.7937],[82.5918,19.7759],[82.5758,19.8334],[82.5971,19.8727],[82.5314,19.8782],[82.4973,19.9041],[82.446,19.9102],[82.3949,19.888],[82.344,19.8351],[82.3031,19.8894],[82.2692,19.9753],[82.2371,20.0033],[82.1843,19.9842],[82.1712,20.0055],[82.1268,20.0148],[82.0705,20.0569],[82.0326,20.0157],[82.0177,20.049],[81.9953,20.0536],[81.9464,20.1051],[81.8953,20.0482],[81.876,20.0521],[81.8453,19.9595],[81.8532,19.9185],[81.9681,19.8599],[81.9859,19.8011],[82.0655,19.7907],[82.0448,19.7089],[82.059,19.6282],[82.0399,19.5976],[82.0506,19.5487],[82.0291,19.5077],[82.1003,19.5166],[82.1028,19.4661],[82.1261,19.4291],[82.1894,19.4275],[82.1788,19.3791],[82.1477,19.3718],[82.1488,19.353],[82.1941,19.3259],[82.1584,19.2652],[82.1617,19.2022],[82.1861,19.1663],[82.1702,19.1612],[82.1809,19.1508],[82.1661,19.1327],[82.1736,19.1184],[82.1825,19.1317],[82.2058,19.1241],[82.2049,19.0971],[82.2184,19.0973],[82.2023,19.0666],[82.2328,19.0179],[82.2461,18.9191],[82.1761,18.9027],[82.1604,18.8789],[82.1654,18.7986],[82.1335,18.7804],[82.1334,18.7654],[82.0916,18.7657],[82.085,18.7186],[82.0309,18.7238],[81.971,18.6986],[81.9489,18.6437],[81.8938,18.6575],[81.8946,18.6295],[81.9636,18.5904],[81.9506,18.57],[81.9107,18.5706],[81.909,18.5381],[81.8682,18.5249],[81.8562,18.4914],[81.7689,18.4171],[81.7501,18.3528],[81.6591,18.3466],[81.6497,18.3369],[81.6622,18.3212],[81.5976,18.3089],[81.5252,18.2577],[81.507,18.1862],[81.5258,18.1534],[81.5129,18.0987],[81.4804,18.0507],[81.483,17.9768],[81.4491,17.9319],[81.4446,17.8858],[81.3993,17.8919],[81.3926,17.7942],[81.3541,17.8123],[81.2663,17.8095],[81.1661,17.8576],[81.0733,17.7865],[81.019,17.7908],[80.9965,17.8491],[80.9799,18.002],[80.9493,18.0829],[80.979,18.1754],[80.9142,18.1412],[80.8667,18.1369],[80.8529,18.202],[80.8726,18.2106],[80.8659,18.2301],[80.8367,18.2389],[80.8236,18.2361],[80.8241,18.191],[80.7991,18.1682],[80.745,18.1703],[80.7372,18.2221],[80.7942,18.2596],[80.7487,18.3089],[80.7197,18.3908],[80.7349,18.4128],[80.699,18.4214],[80.7053,18.4399],[80.6553,18.4759],[80.6376,18.5225],[80.5345,18.5884],[80.5147,18.6193],[80.4561,18.6294],[80.3885,18.5967],[80.3752,18.6107],[80.3463,18.5953],[80.3007,18.6921],[80.2444,18.7579],[80.3527,18.819],[80.335,18.8689],[80.2709,18.9385],[80.273,18.9914],[80.3031,19.0222],[80.2973,19.049],[80.3297,19.0701],[80.3331,19.1455],[80.3938,19.1878],[80.3936,19.245],[80.446,19.2642],[80.4825,19.3381],[80.5203,19.3478],[80.5731,19.4025],[80.6125,19.3095],[80.6799,19.3303],[80.6897,19.287],[80.7557,19.2893],[80.8529,19.3639],[80.8173,19.3839],[80.7958,19.4323],[80.8736,19.445],[80.8977,19.4804],[80.895,19.5196],[80.8562,19.523],[80.8356,19.5664],[80.7751,19.5625],[80.7694,19.5867],[80.7408,19.6062],[80.6653,19.6119],[80.6722,19.7007],[80.5526,19.7656],[80.5463,19.8183],[80.4806,19.8275],[80.4689,19.8104],[80.485,19.8025],[80.489,19.7704],[80.4643,19.7958],[80.4017,19.7962],[80.4016,19.817],[80.4407,19.8103],[80.5058,19.8706],[80.4914,19.902],[80.4139,19.9075],[80.4113,19.9385],[80.4522,19.9576],[80.4887,19.9306],[80.5299,19.9395],[80.5496,19.986],[80.5568,20.0719],[80.544,20.0956],[80.5521,20.118],[80.5056,20.1444],[80.4601,20.1509],[80.4334,20.1353],[80.4018,20.1472],[80.3885,20.1652],[80.4221,20.2068],[80.3953,20.245],[80.4791,20.2783],[80.5188,20.2662],[80.5496,20.309],[80.6264,20.3326],[80.5915,20.3931],[80.6136,20.435],[80.6022,20.45],[80.6266,20.5638],[80.6173,20.5858],[80.6319,20.5984],[80.5808,20.6084],[80.5209,20.5805],[80.5044,20.5834],[80.4941,20.6125],[80.4957,20.6368],[80.5179,20.6551],[80.5877,20.6847],[80.5517,20.764],[80.5618,20.8244],[80.5461,20.935],[80.4637,20.9292],[80.4438,20.994],[80.4243,21.0085],[80.4526,21.0388],[80.4391,21.0966],[80.4582,21.1139],[80.4448,21.1211],[80.4641,21.1746],[80.6138,21.2266],[80.6796,21.2988],[80.66,21.3341],[80.7378,21.4731],[80.7276,21.4962],[80.7408,21.5392],[80.72,21.555],[80.7289,21.5726],[80.7154,21.585],[80.7309,21.6173],[80.7144,21.6615],[80.7341,21.6945],[80.7261,21.7137],[80.756,21.7621],[80.7854,21.7403],[80.8197,21.748],[80.8533,21.8726],[80.8321,21.8904],[80.8477,21.9325],[80.8255,21.9584],[80.8527,21.9573],[80.9079,22.1096],[80.9476,22.1183],[80.9717,22.083],[80.9694,22.058],[80.9944,22.0492],[81.0062,22.0632],[81.0113,22.0956],[80.9783,22.12],[81.0219,22.1327],[81.0167,22.1855],[81.0316,22.1997],[81.0195,22.2212],[81.0501,22.2446],[81.0795,22.2394],[81.1187,22.2913],[81.1212,22.3426],[81.1037,22.3834],[81.1112,22.4376],[81.1551,22.4549],[81.1727,22.4879],[81.1977,22.4896],[81.1995,22.463],[81.2322,22.4522],[81.2813,22.503],[81.3137,22.4829],[81.3265,22.5261],[81.3821,22.5098],[81.3901,22.4523],[81.4067,22.441],[81.4287,22.4569],[81.4278,22.4798],[81.4474,22.4659],[81.4589,22.4693],[81.4466,22.4698],[81.4426,22.4944],[81.4847,22.4878],[81.5222,22.539],[81.57,22.5323],[81.5695,22.5507],[81.6219,22.538],[81.629,22.5634],[81.6599,22.5695],[81.6473,22.6133],[81.6833,22.6469],[81.7131,22.6481],[81.7395,22.6751],[81.7526,22.6445],[81.7724,22.6682],[81.7536,22.7285],[81.7944,22.7665],[81.7613,22.8303],[81.7757,22.8744],[81.8616,22.8893],[81.8661,22.9158],[81.8782,22.9098],[81.9463,22.9568],[81.9505,22.9829],[81.9215,23.0408],[81.9423,23.079],[82.0342,23.08],[82.0722,23.1183],[82.1222,23.1038],[82.1614,23.1431],[82.1609,23.1621],[82.1444,23.1656],[82.1453,23.2267],[82.1934,23.278],[82.194,23.3238],[82.1457,23.3612],[82.1171,23.3555],[82.1034,23.3982],[82.0641,23.3929],[82.056,23.3768],[82.0219,23.3873],[82.0255,23.4249],[81.9853,23.4145],[81.9804,23.447],[81.955,23.468],[81.9579,23.5007],[81.9233,23.5327],[81.8364,23.5109],[81.8207,23.5152],[81.8091,23.5493],[81.7583,23.5499],[81.7466,23.5698],[81.6996,23.522],[81.6589,23.529],[81.6582,23.5049],[81.6373,23.4904],[81.6123,23.5102],[81.6103,23.5551],[81.584,23.5536],[81.5767,23.5853],[81.612,23.5953],[81.6146,23.6629],[81.6552,23.6631],[81.6555,23.682],[81.6841,23.6909],[81.6959,23.7213],[81.6818,23.7533],[81.6447,23.7701],[81.6514,23.7991],[81.6358,23.8345],[81.6132,23.8345],[81.6032,23.8537],[81.6222,23.8702],[81.6042,23.8818],[81.609,23.9032],[81.6686,23.925],[81.6904,23.8848],[81.7073,23.8824],[81.7075,23.8611],[81.732,23.8567],[81.7255,23.8398],[81.7911,23.8093],[81.8882,23.8355],[81.9289,23.8707],[81.9578,23.8523],[82.0088,23.8611],[82.0442,23.8416],[82.0384,23.8268],[82.0536,23.8184],[82.1715,23.8182],[82.2112,23.8516],[82.2063,23.8274],[82.2318,23.8053],[82.2606,23.8212],[82.3347,23.8025],[82.4693,23.8111],[82.4931,23.7872],[82.5245,23.7837],[82.5515,23.7906],[82.5331,23.8221],[82.5886,23.8214],[82.6605,23.8551],[82.6684,23.8718],[82.6511,23.8895],[82.6616,23.9076],[82.7035,23.9245],[82.7524,23.9198],[82.801,23.961],[82.837,23.9568],[82.9479,23.8714],[83.0819,23.8705],[83.1415,23.8849],[83.1595,23.9074],[83.2079,23.9214],[83.2236,23.9866],[83.2426,24.0116],[83.2791,24.0183],[83.2821,24.0497],[83.3215,24.106]]]}},{"type":"Feature","properties":{"name":"Maharashtra","country":"India"},"geometry":{"type":"MultiPolygon","coordinates":[[[[73.2855,16.9895],[73.2855,16.9893],[73.2854,16.9894],[73.2855,16.9895]]],[[[73.1198,17.7662],[73.1195,17.7655],[73.1202,17.7666],[73.1198,17.7662]]],[[[73.1013,17.8047],[73.1014,17.8041],[73.1011,17.8046],[73.1013,17.8047]]],[[[74.4437,22.0224],[74.4522,22.0042],[74.4323,21.9994],[74.4394,21.9767],[74.4887,21.9562],[74.5242,21.9106],[74.4982,21.7901],[74.514,21.7657],[74.5056,21.7263],[74.5474,21.7196],[74.5542,21.6814],[74.5799,21.6833],[74.5821,21.665],[74.7829,21.6107],[74.8289,21.6098],[74.8628,21.6345],[74.9017,21.6292],[75.015,21.5697],[75.0533,21.5648],[75.1258,21.4493],[75.2189,21.4083],[75.2953,21.4136],[75.2987,21.3856],[75.3572,21.4009],[75.3824,21.3795],[75.5201,21.387],[75.5437,21.3685],[75.6069,21.3918],[75.623,21.375],[75.6701,21.3746],[75.7285,21.3887],[75.8334,21.3766],[75.89,21.3947],[75.9107,21.3826],[75.9631,21.3897],[76.049,21.3497],[76.0966,21.3718],[76.1297,21.2867],[76.1594,21.256],[76.142,21.2282],[76.1657,21.2216],[76.1764,21.184],[76.1717,21.1666],[76.1293,21.1758],[76.1136,21.1553],[76.1425,21.1352],[76.1379,21.1199],[76.1709,21.1039],[76.1674,21.0795],[76.2604,21.0906],[76.2801,21.0707],[76.3748,21.0726],[76.4132,21.0884],[76.4107,21.1024],[76.4556,21.1081],[76.4934,21.1939],[76.5303,21.1819],[76.5673,21.1994],[76.6235,21.185],[76.6418,21.2371],[76.6616,21.2407],[76.6629,21.276],[76.6217,21.3323],[76.7395,21.4106],[76.7444,21.4399],[76.784,21.4624],[76.7956,21.4896],[76.7634,21.5208],[76.7893,21.5364],[76.7814,21.5647],[76.7953,21.5939],[76.8329,21.589],[76.8545,21.6133],[76.9016,21.5968],[77.0732,21.7195],[77.1651,21.7107],[77.176,21.7258],[77.2104,21.6896],[77.2269,21.7168],[77.2872,21.7219],[77.2899,21.7603],[77.4042,21.7524],[77.4791,21.77],[77.4795,21.7541],[77.5421,21.7061],[77.5755,21.6206],[77.5771,21.5552],[77.5953,21.5594],[77.6115,21.5388],[77.5752,21.5265],[77.4549,21.5538],[77.4256,21.5377],[77.4223,21.5175],[77.4422,21.4699],[77.4736,21.4544],[77.4881,21.3744],[77.5145,21.3759],[77.5317,21.4191],[77.5615,21.3965],[77.5635,21.3693],[77.5871,21.3628],[77.6078,21.3649],[77.605,21.3907],[77.6531,21.3915],[77.6699,21.3689],[77.692,21.3976],[77.71,21.3574],[77.7371,21.3622],[77.75,21.3828],[77.7968,21.389],[77.8021,21.4095],[77.8833,21.376],[77.9412,21.3858],[78.1762,21.4998],[78.1819,21.5573],[78.2739,21.5693],[78.2665,21.5917],[78.303,21.5837],[78.3069,21.5696],[78.3427,21.5891],[78.3631,21.5752],[78.3816,21.592],[78.3726,21.6134],[78.3869,21.6148],[78.4272,21.5992],[78.4242,21.5444],[78.4497,21.4955],[78.5116,21.5287],[78.5701,21.5143],[78.5853,21.4867],[78.6889,21.482],[78.7285,21.4623],[78.7508,21.493],[78.7762,21.4653],[78.8003,21.4902],[78.8908,21.4853],[78.8993,21.5005],[78.9367,21.4858],[78.9444,21.5159],[78.9068,21.5533],[78.9319,21.5618],[78.9138,21.571],[78.9144,21.589],[78.9755,21.6176],[78.998,21.6186],[79.0124,21.5994],[79.094,21.5981],[79.1072,21.605],[79.1005,21.6176],[79.1433,21.637],[79.1483,21.6612],[79.224,21.6488],[79.2312,21.7223],[79.3524,21.6781],[79.3925,21.6741],[79.4222,21.6918],[79.4962,21.6742],[79.5172,21.6257],[79.5037,21.6146],[79.512,21.584],[79.5425,21.5682],[79.5406,21.5427],[79.6521,21.556],[79.6609,21.5769],[79.7376,21.6039],[79.7921,21.5866],[79.8312,21.5469],[79.8912,21.5182],[79.9185,21.5245],[79.9359,21.5562],[79.9715,21.5577],[79.9968,21.5336],[80.0329,21.5562],[80.0667,21.5542],[80.1197,21.6099],[80.1546,21.6065],[80.1928,21.6355],[80.2534,21.6248],[80.3772,21.5222],[80.4222,21.4405],[80.396,21.4081],[80.4122,21.3767],[80.4486,21.3721],[80.4576,21.4027],[80.5276,21.3949],[80.5992,21.3271],[80.6624,21.3346],[80.6816,21.3136],[80.6138,21.2266],[80.4643,21.175],[80.4448,21.1211],[80.4582,21.1139],[80.4391,21.0966],[80.4526,21.0388],[80.4242,21.0089],[80.4438,20.994],[80.4636,20.9292],[80.5461,20.9348],[80.5618,20.8244],[80.5517,20.764],[80.5877,20.6847],[80.4985,20.6394],[80.4967,20.6024],[80.5215,20.5804],[80.5808,20.6084],[80.6319,20.5984],[80.6173,20.5858],[80.6266,20.5638],[80.6022,20.45],[80.6136,20.435],[80.5915,20.3931],[80.6264,20.3326],[80.5496,20.309],[80.5188,20.2662],[80.4791,20.2783],[80.3953,20.245],[80.4221,20.2068],[80.3885,20.1652],[80.4018,20.1472],[80.4334,20.1353],[80.4601,20.1509],[80.5056,20.1444],[80.5521,20.118],[80.544,20.0956],[80.5568,20.0719],[80.5496,19.986],[80.5299,19.9395],[80.4887,19.9306],[80.4522,19.9576],[80.4113,19.9385],[80.4139,19.9075],[80.4914,19.902],[80.5058,19.8706],[80.4407,19.8103],[80.4016,19.817],[80.4017,19.7962],[80.4643,19.7958],[80.489,19.7704],[80.485,19.8025],[80.4689,19.8104],[80.4806,19.8275],[80.5462,19.8183],[80.5526,19.7656],[80.6722,19.7007],[80.6653,19.6119],[80.7194,19.6154],[80.7684,19.5879],[80.7751,19.5625],[80.8348,19.5667],[80.8562,19.523],[80.895,19.5196],[80.8949,19.4696],[80.8754,19.446],[80.7958,19.4323],[80.8173,19.3839],[80.8529,19.3639],[80.7591,19.291],[80.7108,19.2818],[80.6897,19.287],[80.6799,19.3303],[80.6125,19.3095],[80.5759,19.4024],[80.5203,19.3478],[80.4842,19.3397],[80.4484,19.2666],[80.389,19.238],[80.3938,19.1878],[80.3331,19.1455],[80.3297,19.0701],[80.2973,19.049],[80.3031,19.0222],[80.2734,18.9932],[80.2703,18.9399],[80.3493,18.8478],[80.3514,18.8163],[80.2999,18.7944],[80.2759,18.7661],[80.2477,18.7642],[80.2724,18.7235],[80.2522,18.7068],[80.2128,18.7057],[80.1966,18.6808],[80.1577,18.701],[80.1181,18.6805],[80.0528,18.7251],[80.0185,18.7704],[79.9642,18.7738],[79.914,18.8238],[79.9616,18.8666],[79.9404,19.032],[79.9289,19.0492],[79.8711,19.041],[79.8584,19.1024],[79.9457,19.1689],[79.9247,19.2273],[79.9659,19.303],[79.9591,19.3359],[79.9796,19.3903],[79.9448,19.4698],[79.8646,19.5105],[79.8145,19.5757],[79.7431,19.6086],[79.709,19.5845],[79.6279,19.5732],[79.5962,19.5073],[79.5529,19.5242],[79.5399,19.5547],[79.5186,19.5431],[79.5186,19.5202],[79.4714,19.5002],[79.3657,19.5763],[79.3139,19.5664],[79.3068,19.5966],[79.2436,19.6167],[79.2531,19.5933],[79.24,19.5352],[79.2039,19.4941],[79.2236,19.4691],[79.1903,19.459],[79.098,19.532],[79.046,19.5483],[78.998,19.5401],[78.9813,19.5608],[78.9404,19.5519],[78.9728,19.5824],[78.9556,19.6002],[78.9556,19.6558],[78.9035,19.67],[78.8867,19.6551],[78.8519,19.6584],[78.8599,19.6895],[78.841,19.7619],[78.8022,19.7565],[78.7824,19.7784],[78.7401,19.7831],[78.7192,19.7666],[78.6926,19.791],[78.552,19.8241],[78.515,19.8189],[78.4902,19.7927],[78.4725,19.8173],[78.423,19.8176],[78.3865,19.8454],[78.3807,19.8804],[78.3321,19.8849],[78.3318,19.9134],[78.307,19.9143],[78.2861,19.8479],[78.3364,19.8379],[78.334,19.8146],[78.3574,19.8054],[78.3647,19.7812],[78.3431,19.7132],[78.3118,19.6911],[78.2762,19.6924],[78.2626,19.6651],[78.2905,19.646],[78.3056,19.6071],[78.3037,19.5693],[78.2743,19.554],[78.2932,19.5422],[78.3043,19.4561],[78.2704,19.4562],[78.1951,19.4068],[78.1762,19.4123],[78.1877,19.3946],[78.1721,19.3493],[78.1937,19.3149],[78.1753,19.2376],[78.1445,19.2294],[78.117,19.2486],[78.0891,19.2394],[78.0791,19.2548],[78.0557,19.2371],[78.0416,19.2434],[78.0425,19.2706],[77.9451,19.3425],[77.8635,19.3042],[77.8656,19.2838],[77.9075,19.268],[77.8714,19.2543],[77.8477,19.1896],[77.8605,19.1804],[77.8341,19.1343],[77.8504,19.0886],[77.8099,19.1047],[77.8003,19.0511],[77.7648,19.0627],[77.762,19.0319],[77.7715,18.9792],[77.8208,18.9789],[77.8162,18.9473],[77.8587,18.9487],[77.8433,18.9087],[77.8854,18.9042],[77.9032,18.8666],[77.9301,18.8587],[77.9485,18.8298],[77.84,18.8048],[77.7873,18.6826],[77.7682,18.7059],[77.7535,18.701],[77.73,18.6669],[77.7503,18.5892],[77.7385,18.5568],[77.6559,18.5309],[77.6479,18.5549],[77.5964,18.5489],[77.5859,18.504],[77.6047,18.4964],[77.6031,18.4768],[77.5764,18.4868],[77.5729,18.4698],[77.5486,18.4686],[77.5853,18.4468],[77.5275,18.4421],[77.5568,18.4171],[77.5223,18.3465],[77.5714,18.3088],[77.5513,18.2917],[77.5125,18.3096],[77.5116,18.282],[77.465,18.2625],[77.4476,18.27],[77.4377,18.3103],[77.3658,18.3071],[77.3567,18.3202],[77.4001,18.3474],[77.3949,18.3685],[77.4141,18.3931],[77.3728,18.4013],[77.3656,18.4516],[77.3452,18.4336],[77.3199,18.458],[77.3169,18.4425],[77.2418,18.4126],[77.2337,18.3882],[77.2464,18.3708],[77.2259,18.3652],[77.2191,18.3257],[77.1987,18.3155],[77.213,18.2803],[77.1748,18.2849],[77.1515,18.217],[77.0976,18.1967],[77.1115,18.1558],[77.064,18.1507],[77.0332,18.182],[77.0233,18.1585],[77.0011,18.1609],[76.9906,18.19],[76.9519,18.1881],[76.9205,18.1182],[76.9663,18.0982],[76.9452,18.0832],[76.9523,18.0402],[76.9143,18.0354],[76.9056,18.0097],[76.9191,17.9162],[76.9013,17.9172],[76.8843,17.8943],[76.839,17.8991],[76.8102,17.887],[76.8067,17.8706],[76.775,17.8777],[76.7682,17.9012],[76.74,17.8997],[76.7385,17.8567],[76.7676,17.852],[76.7904,17.8263],[76.762,17.787],[76.7141,17.7809],[76.7283,17.7376],[76.6996,17.7272],[76.6908,17.681],[76.6642,17.6876],[76.6153,17.7704],[76.5822,17.7053],[76.5703,17.7054],[76.5727,17.7605],[76.5233,17.7598],[76.5239,17.7152],[76.4872,17.7148],[76.4897,17.6605],[76.4292,17.645],[76.4197,17.6037],[76.3313,17.5974],[76.3407,17.5425],[76.3627,17.5374],[76.3672,17.5195],[76.3466,17.5126],[76.3458,17.4925],[76.3755,17.4902],[76.3307,17.4702],[76.3333,17.4339],[76.3715,17.4364],[76.3634,17.3777],[76.4091,17.3714],[76.4122,17.3511],[76.3832,17.3145],[76.354,17.3143],[76.3453,17.3544],[76.3143,17.3484],[76.3177,17.3324],[76.2764,17.3346],[76.272,17.3606],[76.2507,17.3604],[76.2421,17.3788],[76.1703,17.3526],[76.1763,17.3008],[76.1626,17.3452],[76.119,17.3705],[76.0791,17.3316],[76.0605,17.3553],[76.0143,17.3535],[75.9308,17.3226],[75.8906,17.3565],[75.8842,17.418],[75.8609,17.3856],[75.8511,17.4105],[75.8214,17.4212],[75.8137,17.3728],[75.7929,17.3697],[75.7336,17.4201],[75.6907,17.4095],[75.6759,17.4559],[75.633,17.4772],[75.6066,17.4204],[75.6135,17.3919],[75.5742,17.3833],[75.5808,17.3512],[75.61,17.345],[75.6037,17.3055],[75.6577,17.2632],[75.6619,17.2146],[75.6254,17.174],[75.6503,17.1157],[75.6723,17.116],[75.6767,17.0654],[75.641,17.0376],[75.6697,17.0382],[75.6703,16.9621],[75.6448,16.9541],[75.6339,16.9703],[75.6079,16.971],[75.6069,17.0046],[75.5731,17.0096],[75.5677,16.9657],[75.5293,16.9694],[75.4891,16.9444],[75.4656,16.9884],[75.4279,16.9665],[75.3921,16.9801],[75.3501,16.9578],[75.2801,16.9565],[75.282,16.8803],[75.2647,16.8628],[75.2377,16.8679],[75.2142,16.8417],[75.1818,16.8434],[75.189,16.8753],[75.1365,16.8745],[75.1174,16.9134],[75.0963,16.9137],[75.0893,16.9516],[75.0252,16.928],[75.0266,16.9441],[74.9929,16.9521],[74.9644,16.9476],[74.9645,16.9268],[74.9317,16.9448],[74.9218,16.9299],[74.9636,16.9097],[74.9604,16.8809],[74.9015,16.8626],[74.9201,16.7725],[74.8498,16.7728],[74.772,16.7507],[74.7321,16.7183],[74.691,16.7155],[74.6896,16.677],[74.6535,16.6389],[74.687,16.6068],[74.64,16.6105],[74.6286,16.5777],[74.5685,16.5539],[74.5548,16.5645],[74.5669,16.5854],[74.5435,16.5953],[74.5445,16.6355],[74.489,16.6301],[74.4687,16.6638],[74.4548,16.6473],[74.4667,16.6068],[74.3966,16.5833],[74.3798,16.5286],[74.3579,16.5383],[74.3562,16.5597],[74.3157,16.5545],[74.3061,16.5037],[74.3014,16.5293],[74.2644,16.5404],[74.2782,16.5049],[74.2474,16.4969],[74.2608,16.4801],[74.2909,16.5049],[74.2893,16.463],[74.3326,16.4548],[74.3351,16.4014],[74.3637,16.4051],[74.3534,16.3664],[74.3359,16.3937],[74.3172,16.381],[74.327,16.3425],[74.3166,16.3266],[74.3425,16.298],[74.3208,16.2845],[74.3249,16.2718],[74.3505,16.2754],[74.3456,16.2938],[74.3732,16.2616],[74.4144,16.2827],[74.4176,16.258],[74.4686,16.2402],[74.4805,16.2501],[74.508,16.2023],[74.4798,16.1471],[74.4843,16.0915],[74.4276,16.112],[74.3722,16.0782],[74.3613,16.0538],[74.3773,16.0551],[74.3734,16.0364],[74.4297,16.0592],[74.4632,16.0392],[74.4308,15.9566],[74.3869,15.905],[74.4062,15.8554],[74.3881,15.8543],[74.3686,15.8944],[74.3382,15.8549],[74.3831,15.8491],[74.3608,15.8177],[74.372,15.7982],[74.3585,15.775],[74.3231,15.7727],[74.2873,15.742],[74.2683,15.7547],[74.2423,15.7432],[74.2276,15.7566],[74.2335,15.787],[74.209,15.7813],[74.2014,15.7586],[74.1616,15.7513],[74.1222,15.7207],[74.1258,15.681],[74.0881,15.6725],[74.1139,15.6461],[74.0312,15.6226],[74.0208,15.6061],[73.9679,15.6306],[73.9638,15.6923],[73.9437,15.6969],[73.9523,15.7144],[73.9387,15.743],[73.8757,15.7513],[73.8634,15.7988],[73.821,15.7399],[73.785,15.7261],[73.7428,15.7366],[73.677,15.7259],[73.6499,15.7449],[73.6642,15.7533],[73.6563,15.7958],[73.5887,15.908],[73.5101,15.9405],[73.4844,16.0337],[73.4565,16.0529],[73.4649,16.0869],[73.4396,16.1913],[73.3867,16.3584],[73.3689,16.3629],[73.3587,16.4417],[73.3169,16.5142],[73.3109,16.5414],[73.3453,16.5726],[73.3174,16.6017],[73.3552,16.6189],[73.3305,16.6199],[73.3407,16.6336],[73.323,16.6386],[73.3297,16.6874],[73.3054,16.7303],[73.3044,16.7659],[73.3191,16.7953],[73.2891,16.8443],[73.2874,16.8809],[73.3025,16.8918],[73.2786,16.893],[73.2997,16.9819],[73.2793,16.9934],[73.2712,16.9851],[73.2841,17.0111],[73.2554,17.0277],[73.2582,17.0488],[73.279,17.0377],[73.2891,17.0744],[73.2534,17.1884],[73.2316,17.1991],[73.2465,17.2041],[73.2447,17.2222],[73.1906,17.2993],[73.2227,17.3063],[73.2292,17.2825],[73.2588,17.286],[73.2356,17.2881],[73.2388,17.317],[73.2189,17.3286],[73.2199,17.3331],[73.2293,17.334],[73.2294,17.3351],[73.2078,17.3841],[73.1833,17.3841],[73.1677,17.4031],[73.1983,17.4396],[73.1845,17.4431],[73.1924,17.4681],[73.1739,17.5169],[73.1372,17.5556],[73.1527,17.5987],[73.1143,17.6857],[73.1352,17.7086],[73.1254,17.7527],[73.1193,17.7597],[73.1212,17.7667],[73.1031,17.803],[73.094,17.8117],[73.0894,17.8123],[73.0749,17.8824],[73.0308,17.9429],[73.0403,17.9784],[73.0051,18.0197],[73.0213,18.0275],[72.9904,18.0558],[72.9968,18.0842],[72.971,18.1329],[72.9887,18.1579],[72.9809,18.1963],[72.9564,18.2196],[72.9318,18.2204],[72.938,18.2837],[72.973,18.2662],[72.9865,18.2823],[72.9539,18.335],[72.913,18.3616],[72.9259,18.3834],[72.907,18.403],[72.8937,18.4718],[72.9111,18.5026],[72.9053,18.5386],[72.9212,18.5506],[72.8781,18.6308],[72.8612,18.6297],[72.8511,18.6988],[72.8692,18.8108],[72.9145,18.8003],[72.9452,18.8264],[72.9571,18.7992],[72.9959,18.773],[72.9783,18.8076],[72.9993,18.8092],[72.9751,18.8395],[72.9954,18.8715],[72.961,18.841],[72.9183,18.8554],[72.9041,18.9044],[72.9371,18.9093],[72.9408,18.9445],[72.9592,18.9572],[72.9471,18.9869],[72.8853,18.9815],[72.8782,19.0219],[72.8543,18.9972],[72.8434,18.9303],[72.812,18.8951],[72.8036,18.8988],[72.8256,18.9194],[72.8236,18.9412],[72.8122,18.9553],[72.7933,18.9394],[72.7925,18.9499],[72.8175,19.0256],[72.8326,19.0237],[72.8386,19.0465],[72.817,19.0415],[72.8332,19.0848],[72.8116,19.1452],[72.7861,19.1335],[72.7955,19.1947],[72.7814,19.1954],[72.7787,19.2789],[72.7869,19.3077],[72.83,19.3346],[72.8002,19.3238],[72.7444,19.3788],[72.7599,19.3927],[72.7495,19.4893],[72.7197,19.5008],[72.7111,19.5408],[72.7089,19.5988],[72.7253,19.6096],[72.6991,19.6615],[72.7081,19.7038],[72.6971,19.7192],[72.6755,19.7157],[72.6828,19.7935],[72.6713,19.8136],[72.6677,19.8013],[72.654,19.8109],[72.642,19.844],[72.6481,19.8701],[72.6803,19.8649],[72.6788,19.9207],[72.6642,19.9335],[72.722,19.9706],[72.7079,20.07],[72.7463,20.1159],[72.7377,20.1343],[72.7941,20.1233],[72.7886,20.1493],[72.8245,20.142],[72.816,20.1844],[72.837,20.1885],[72.839,20.2091],[72.8612,20.2076],[72.8587,20.2247],[72.962,20.21],[72.9619,20.1835],[72.9769,20.1787],[72.9636,20.126],[72.9774,20.1128],[72.9975,20.1426],[73.0109,20.1346],[73.0007,20.1123],[73.0402,20.0664],[73.0506,20.0637],[73.0637,20.0996],[73.1023,20.0912],[73.112,20.0712],[73.1364,20.0864],[73.1782,20.047],[73.1909,20.0496],[73.1885,20.0781],[73.2097,20.0853],[73.2179,20.1366],[73.227,20.123],[73.2534,20.1257],[73.2792,20.1501],[73.2831,20.1981],[73.298,20.2086],[73.3438,20.1994],[73.3565,20.213],[73.3648,20.1956],[73.3825,20.2117],[73.3887,20.1928],[73.4165,20.1983],[73.4185,20.3305],[73.406,20.3847],[73.3842,20.372],[73.3798,20.3935],[73.4196,20.4131],[73.4699,20.5203],[73.4936,20.5381],[73.4753,20.5433],[73.4732,20.5846],[73.4296,20.5952],[73.4211,20.6259],[73.3926,20.6451],[73.4443,20.6811],[73.4492,20.7172],[73.4746,20.7204],[73.4892,20.6557],[73.5205,20.6788],[73.5508,20.6486],[73.5995,20.6369],[73.6527,20.5649],[73.6954,20.5784],[73.7446,20.5649],[73.7754,20.6002],[73.8384,20.6205],[73.8391,20.6588],[73.8123,20.6922],[73.8552,20.6923],[73.8744,20.7295],[73.9173,20.7248],[73.9427,20.7421],[73.9322,20.7614],[73.9403,20.8395],[73.9237,20.8514],[73.9175,20.9078],[73.8882,20.9336],[73.908,20.9601],[73.9013,20.9823],[73.869,20.9853],[73.8001,21.0388],[73.8077,21.0849],[73.7803,21.0645],[73.7299,21.0824],[73.7438,21.1152],[73.7297,21.0999],[73.7031,21.1186],[73.6889,21.1008],[73.6185,21.1185],[73.6176,21.1427],[73.5785,21.1505],[73.5774,21.1708],[73.6065,21.1788],[73.6078,21.159],[73.6346,21.1409],[73.6682,21.1546],[73.719,21.1398],[73.7332,21.1424],[73.7401,21.1711],[73.7723,21.1646],[73.7847,21.184],[73.8158,21.174],[73.8229,21.2709],[73.8796,21.266],[73.9422,21.2993],[73.9389,21.405],[73.9595,21.3954],[74.0026,21.4214],[74.0446,21.4192],[74.0629,21.4745],[74.1006,21.4478],[74.1252,21.4667],[74.1978,21.4587],[74.2142,21.4817],[74.2536,21.4677],[74.3208,21.4985],[74.3312,21.5524],[74.3032,21.5522],[74.2955,21.5691],[74.2633,21.5399],[74.2362,21.5397],[74.229,21.5545],[74.1958,21.5321],[74.1759,21.569],[74.137,21.5469],[74.0058,21.5528],[73.9974,21.539],[73.9742,21.5433],[73.9823,21.5226],[73.9551,21.5408],[73.9518,21.5127],[73.9042,21.5245],[73.8536,21.4975],[73.8141,21.6011],[73.7805,21.6286],[73.888,21.6532],[73.8918,21.6921],[73.8249,21.7596],[73.8382,21.7887],[73.8274,21.8099],[73.796,21.8247],[73.8194,21.8414],[73.8716,21.8415],[74.1282,21.9498],[74.1574,21.9508],[74.1931,21.926],[74.2812,21.9331],[74.3009,21.9671],[74.3507,21.9781],[74.3883,22.0208],[74.4437,22.0224]],[[77.275,18.4777],[77.2675,18.4546],[77.2995,18.4649],[77.2963,18.4771],[77.275,18.4777]],[[74.2833,15.8305],[74.2617,15.8296],[74.2665,15.7978],[74.3094,15.7912],[74.2833,15.8305]]]]}},{"type":"Feature","properties":{"name":"Dadra,Nagar Haveli,Daman & Diu","country":"India"},"geometry":{"type":"MultiPolygon","coordinates":[[[[71.1464,20.7713],[71.1497,20.7619],[71.148,20.7583],[71.1464,20.7713]]],[[[71.1553,20.7611],[71.1499,20.7594],[71.1513,20.7639],[71.1553,20.7611]]],[[[70.9277,20.7369],[70.9813,20.7227],[70.9995,20.7422],[71.0074,20.7375],[70.977,20.7028],[70.8709,20.7076],[70.8805,20.7301],[70.9277,20.7369]]],[[[72.8463,20.478],[72.8865,20.4623],[72.8953,20.4443],[72.8748,20.4456],[72.8573,20.4189],[72.904,20.415],[72.8828,20.3978],[72.8962,20.3791],[72.8046,20.3723],[72.8463,20.478]]],[[[73.097,20.3599],[73.1113,20.3378],[73.1028,20.3018],[73.1508,20.3183],[73.1663,20.2879],[73.1458,20.2886],[73.0977,20.2293],[73.0636,20.2278],[73.0488,20.2009],[73.0602,20.1619],[73.0736,20.1556],[73.0793,20.1732],[73.1157,20.1522],[73.1419,20.1774],[73.1375,20.2076],[73.2177,20.1859],[73.1854,20.1558],[73.187,20.1294],[73.2139,20.119],[73.2095,20.085],[73.1885,20.0781],[73.1909,20.0496],[73.1364,20.0864],[73.112,20.0712],[73.1023,20.0912],[73.0637,20.0996],[73.0506,20.0637],[73.0402,20.0664],[73.0007,20.1123],[73.0132,20.1296],[72.9992,20.1426],[72.9918,20.1177],[72.9706,20.1156],[72.966,20.2249],[72.9117,20.2712],[72.9357,20.2946],[72.9712,20.2691],[72.9812,20.2893],[73.01,20.2912],[73.0062,20.3128],[73.0343,20.2916],[73.0417,20.326],[73.0772,20.3235],[73.097,20.3599]],[[72.9821,20.2139],[73.0011,20.2144],[73.0083,20.229],[72.9792,20.234],[72.9821,20.2139]]],[[[72.9707,20.3325],[72.9826,20.3204],[72.9708,20.2969],[72.9528,20.314],[72.9707,20.3325]]]]}},{"type":"Feature","properties":{"name":"Goa","country":"India"},"geometry":{"type":"MultiPolygon","coordinates":[[[[74.0856,14.8984],[74.0851,14.8996],[74.0865,14.8996],[74.0856,14.8984]]],[[[73.6787,15.729],[73.696,15.7218],[73.677,15.7259],[73.6787,15.729]]],[[[73.8557,15.801],[73.8757,15.7513],[73.9387,15.743],[73.9523,15.7144],[73.9437,15.6969],[73.9638,15.6923],[73.9618,15.6417],[73.9934,15.6106],[74.0208,15.6061],[74.0312,15.6226],[74.1176,15.6521],[74.1644,15.6535],[74.181,15.6821],[74.2051,15.651],[74.2238,15.669],[74.252,15.6543],[74.2442,15.6261],[74.2643,15.6155],[74.2452,15.5666],[74.2632,15.5639],[74.2827,15.5314],[74.2509,15.4916],[74.2755,15.4492],[74.2759,15.3916],[74.3232,15.3677],[74.317,15.3291],[74.3364,15.2949],[74.2763,15.2835],[74.2511,15.2589],[74.3016,15.2243],[74.317,15.1863],[74.2851,15.149],[74.2726,15.0975],[74.2965,15.0412],[74.2536,14.9981],[74.2643,14.9785],[74.2526,14.9591],[74.2367,14.9668],[74.2015,14.9257],[74.1636,14.9585],[74.1621,14.9121],[74.1242,14.9253],[74.0854,14.9003],[74.0445,14.9161],[74.041,14.9954],[74.021,15.0172],[73.9895,15.0189],[73.988,15.0551],[73.975,15.0489],[73.955,15.0719],[73.9128,15.0837],[73.9277,15.0953],[73.9185,15.1062],[73.9411,15.1169],[73.9368,15.1322],[73.9565,15.1355],[73.8842,15.3533],[73.8713,15.3692],[73.8427,15.3584],[73.8092,15.3754],[73.7834,15.4089],[73.7897,15.4638],[73.7656,15.4955],[73.7322,15.589],[73.7321,15.6069],[73.7447,15.6057],[73.7228,15.6267],[73.6895,15.7191],[73.7263,15.717],[73.7428,15.7366],[73.785,15.7261],[73.8266,15.7434],[73.8557,15.801]]]]}},{"type":"Feature","properties":{"name":"Gujarat","country":"India"},"geometry":{"type":"MultiPolygon","coordinates":[[[[73.0013,20.2152],[72.9759,20.2183],[72.9792,20.234],[73.0055,20.232],[73.0013,20.2152]]],[[[71.2571,20.8133],[71.2542,20.8124],[71.2546,20.814],[71.2571,20.8133]]],[[[71.2632,20.8163],[71.2608,20.816],[71.2628,20.8169],[71.2632,20.8163]]],[[[71.2689,20.82],[71.271,20.8204],[71.2709,20.8194],[71.2689,20.82]]],[[[71.3049,20.8325],[71.3031,20.831],[71.3025,20.8311],[71.3049,20.8325]]],[[[71.3091,20.8329],[71.308,20.8323],[71.3076,20.8323],[71.3091,20.8329]]],[[[71.304,20.8344],[71.3032,20.8337],[71.3028,20.8339],[71.304,20.8344]]],[[[71.4562,20.8785],[71.4591,20.8778],[71.4561,20.8773],[71.4562,20.8785]]],[[[71.5359,20.9029],[71.5347,20.9029],[71.5361,20.9032],[71.5359,20.9029]]],[[[71.5472,20.9132],[71.5459,20.9118],[71.5458,20.9125],[71.5472,20.9132]]],[[[71.507,20.9029],[71.5216,20.9051],[71.5324,20.9029],[71.507,20.9029]]],[[[71.5213,20.9131],[71.5202,20.9133],[71.5213,20.9135],[71.5213,20.9131]]],[[[71.5457,20.9139],[71.5448,20.9136],[71.5454,20.9143],[71.5457,20.9139]]],[[[72.3612,21.5957],[72.3544,21.5936],[72.3503,21.6084],[72.3612,21.5957]]],[[[72.7694,21.6571],[72.8159,21.6528],[72.8256,21.6344],[72.7939,21.6089],[72.6951,21.5885],[72.6422,21.5322],[72.5752,21.5323],[72.5802,21.5857],[72.6005,21.5779],[72.5988,21.5487],[72.6174,21.547],[72.607,21.5876],[72.6266,21.6288],[72.7694,21.6571]]],[[[69.3351,22.3866],[69.3327,22.3728],[69.3234,22.3813],[69.3351,22.3866]]],[[[69.6289,22.4589],[69.6568,22.4269],[69.6365,22.4057],[69.5903,22.4307],[69.6289,22.4589]]],[[[69.1425,22.4764],[69.1447,22.4504],[69.1154,22.4668],[69.1083,22.437],[69.0844,22.4222],[69.094,22.4609],[69.1425,22.4764]]],[[[70.0459,22.5521],[70.0594,22.5374],[70.0461,22.5236],[70.0349,22.5356],[70.0459,22.5521]]],[[[70.2576,23.1738],[70.2566,23.1706],[70.2565,23.1738],[70.2576,23.1738]]],[[[70.2496,23.177],[70.256,23.1754],[70.2526,23.1709],[70.2496,23.177]]],[[[68.5292,23.6886],[68.5298,23.6757],[68.5386,23.6856],[68.5474,23.675],[68.5287,23.674],[68.522,23.6535],[68.5292,23.6886]]],[[[71.9938,24.6951],[72.0852,24.7064],[72.0898,24.6587],[72.1246,24.6386],[72.1503,24.6437],[72.1648,24.6213],[72.1966,24.6147],[72.2304,24.6406],[72.305,24.6175],[72.3473,24.6285],[72.3356,24.5986],[72.2763,24.6075],[72.2464,24.5856],[72.2954,24.5466],[72.329,24.5524],[72.3309,24.5693],[72.3537,24.5638],[72.3886,24.5077],[72.4411,24.5153],[72.4302,24.4802],[72.4572,24.4148],[72.5004,24.4171],[72.4932,24.4591],[72.5382,24.5197],[72.5759,24.4789],[72.6834,24.4639],[72.6891,24.4117],[72.7309,24.3643],[72.8498,24.372],[72.9115,24.3373],[72.9751,24.3688],[72.9493,24.3982],[72.9812,24.4344],[72.968,24.4509],[72.9933,24.4797],[73.0352,24.4638],[73.0899,24.4964],[73.1028,24.433],[73.0765,24.3966],[73.1526,24.3538],[73.1992,24.3765],[73.2193,24.3639],[73.1986,24.3319],[73.1763,24.3379],[73.1692,24.3003],[73.1354,24.3084],[73.0674,24.1947],[73.1252,24.1249],[73.2132,24.078],[73.1931,24.041],[73.2428,24.0023],[73.3174,24.0532],[73.327,24.1092],[73.362,24.1047],[73.3609,24.0813],[73.4043,24.0413],[73.3979,23.9895],[73.415,23.9858],[73.4208,23.9308],[73.3875,23.9159],[73.3611,23.8727],[73.3679,23.8142],[73.3518,23.7914],[73.3708,23.7653],[73.4002,23.7851],[73.418,23.7768],[73.4735,23.7052],[73.5074,23.703],[73.4966,23.6492],[73.5088,23.6444],[73.4938,23.6323],[73.5231,23.6069],[73.5727,23.6538],[73.6155,23.6521],[73.6557,23.6213],[73.6331,23.5287],[73.6564,23.5075],[73.6272,23.4486],[73.6475,23.4365],[73.6974,23.4567],[73.7208,23.4101],[73.7557,23.4543],[73.7863,23.4302],[73.8287,23.4477],[73.8919,23.3341],[73.9357,23.3397],[73.938,23.3679],[73.9575,23.3795],[73.9755,23.3715],[73.9814,23.3381],[74.0287,23.3317],[74.0331,23.306],[74.0449,23.3088],[74.0382,23.2934],[74.1006,23.2938],[74.1326,23.2662],[74.1215,23.1762],[74.1789,23.1473],[74.2012,23.1893],[74.2408,23.1847],[74.2871,23.1171],[74.2789,23.0922],[74.3113,23.0742],[74.3219,23.0412],[74.3464,23.0253],[74.3655,22.9759],[74.3395,22.9529],[74.3934,22.8966],[74.4468,22.9211],[74.4764,22.8548],[74.4648,22.8164],[74.4338,22.8079],[74.3791,22.6344],[74.2636,22.644],[74.21,22.5643],[74.1833,22.5665],[74.1895,22.5536],[74.1507,22.5213],[74.0746,22.5514],[74.0379,22.5345],[74.0334,22.4899],[74.0544,22.5096],[74.0825,22.5068],[74.0753,22.4643],[74.1042,22.4645],[74.0997,22.438],[74.1191,22.4188],[74.1492,22.4557],[74.1604,22.4312],[74.1841,22.4415],[74.1907,22.4758],[74.2016,22.4345],[74.2528,22.4329],[74.2912,22.394],[74.2567,22.3997],[74.2433,22.3761],[74.2237,22.3799],[74.2239,22.3564],[74.204,22.3667],[74.1903,22.3203],[74.1279,22.3327],[74.1051,22.3718],[74.0648,22.3546],[74.0716,22.336],[74.0524,22.2941],[74.0872,22.2428],[74.0722,22.2192],[74.1223,22.2124],[74.1214,22.1674],[74.1339,22.1605],[74.1245,22.0979],[74.1526,22.106],[74.1787,22.0855],[74.1314,22.0478],[74.1401,22.0403],[74.0921,22.0148],[74.0979,21.9987],[74.1506,21.9866],[74.1465,21.9467],[74.0479,21.925],[73.921,21.861],[73.796,21.8247],[73.8274,21.8099],[73.8382,21.7887],[73.8249,21.7596],[73.8918,21.6921],[73.888,21.6532],[73.7805,21.6286],[73.8141,21.6011],[73.8536,21.4975],[73.9042,21.5245],[73.9518,21.5127],[73.9551,21.5408],[73.9823,21.5226],[73.9742,21.5433],[73.9974,21.539],[74.0058,21.5528],[74.137,21.5469],[74.1667,21.569],[74.1958,21.5321],[74.229,21.5545],[74.2362,21.5397],[74.2632,21.5398],[74.2767,21.5623],[74.3025,21.5664],[74.3032,21.5522],[74.3312,21.5524],[74.3208,21.4985],[74.2536,21.4677],[74.2142,21.4817],[74.1978,21.4587],[74.1252,21.4667],[74.1006,21.4478],[74.0629,21.4745],[74.0446,21.4192],[74.0026,21.4214],[73.9595,21.3954],[73.9389,21.405],[73.9422,21.2993],[73.8796,21.266],[73.8229,21.2709],[73.8158,21.174],[73.7847,21.184],[73.7723,21.1646],[73.7401,21.1711],[73.7332,21.1424],[73.719,21.1398],[73.6682,21.1546],[73.6346,21.1409],[73.6078,21.159],[73.6065,21.1788],[73.5774,21.1708],[73.5785,21.1505],[73.6176,21.1427],[73.6185,21.1185],[73.6889,21.1008],[73.7031,21.1186],[73.7297,21.0999],[73.7438,21.1152],[73.7299,21.0824],[73.7803,21.0645],[73.8077,21.0849],[73.8001,21.0388],[73.869,20.9853],[73.9013,20.9823],[73.908,20.9601],[73.8882,20.9336],[73.9175,20.9078],[73.9237,20.8514],[73.9403,20.8395],[73.9322,20.7614],[73.9427,20.7421],[73.9173,20.7248],[73.8744,20.7295],[73.8552,20.6923],[73.8123,20.6922],[73.8391,20.6588],[73.8384,20.6205],[73.7754,20.6002],[73.7446,20.5649],[73.6954,20.5784],[73.6527,20.5649],[73.5995,20.6369],[73.5508,20.6486],[73.5205,20.6788],[73.4892,20.6557],[73.4746,20.7204],[73.4492,20.7172],[73.4443,20.6811],[73.3926,20.6451],[73.4211,20.6259],[73.4296,20.5952],[73.4732,20.5846],[73.4753,20.5433],[73.4936,20.5381],[73.4699,20.5203],[73.4196,20.4131],[73.3798,20.3935],[73.3827,20.3731],[73.4045,20.3861],[73.4127,20.3609],[73.4277,20.2801],[73.4122,20.2655],[73.4212,20.2066],[73.3893,20.1926],[73.3825,20.2117],[73.3648,20.1956],[73.3565,20.213],[73.3438,20.1994],[73.2991,20.2092],[73.2831,20.1981],[73.2792,20.1501],[73.2493,20.1223],[73.225,20.1238],[73.2257,20.1401],[73.2106,20.1205],[73.1878,20.1286],[73.1897,20.1643],[73.2177,20.1859],[73.1779,20.1926],[73.1683,20.2082],[73.133,20.2058],[73.1419,20.1774],[73.1151,20.1519],[73.0793,20.1732],[73.0736,20.1556],[73.0602,20.1619],[73.0488,20.2009],[73.0636,20.2278],[73.0977,20.2293],[73.1458,20.2886],[73.1663,20.2879],[73.1508,20.3183],[73.1028,20.3018],[73.1113,20.3378],[73.0958,20.3613],[73.0772,20.3235],[73.0417,20.326],[73.0343,20.2916],[73.0062,20.3128],[73.01,20.2912],[72.9812,20.2893],[72.9712,20.2691],[72.9379,20.2944],[72.9124,20.2754],[72.9306,20.2444],[72.9649,20.2267],[72.9625,20.2097],[72.8587,20.2247],[72.8612,20.2076],[72.839,20.2091],[72.837,20.1885],[72.816,20.1844],[72.8245,20.142],[72.7886,20.1493],[72.7941,20.1233],[72.74,20.1348],[72.7424,20.2412],[72.7788,20.335],[72.8359,20.3733],[72.8966,20.3799],[72.8828,20.3978],[72.904,20.415],[72.8572,20.4198],[72.8748,20.4456],[72.8953,20.4443],[72.8865,20.4623],[72.8581,20.4656],[72.8859,20.4977],[72.8979,20.5866],[72.8529,20.7568],[72.8202,20.7938],[72.8392,20.8052],[72.7802,20.9212],[72.82,20.9275],[72.8204,20.9523],[72.7546,20.9387],[72.7222,21.0377],[72.7262,21.061],[72.7489,21.0572],[72.7412,21.0745],[72.7099,21.0798],[72.7025,21.0962],[72.6848,21.083],[72.6698,21.115],[72.6415,21.0852],[72.6199,21.1007],[72.6381,21.2111],[72.6574,21.2247],[72.6223,21.2426],[72.6003,21.2899],[72.6012,21.3886],[72.6793,21.44],[72.6873,21.4524],[72.6131,21.4001],[72.5796,21.4139],[72.6558,21.4692],[72.7028,21.5257],[72.75,21.5275],[72.7702,21.5625],[72.7601,21.5603],[72.7545,21.5663],[72.8022,21.5872],[72.8301,21.6284],[72.8285,21.6509],[72.8679,21.6422],[72.8772,21.6726],[72.963,21.674],[72.8619,21.6876],[72.8013,21.6577],[72.7381,21.691],[72.7129,21.6796],[72.6081,21.6881],[72.5436,21.6605],[72.5325,21.7181],[72.6072,21.7531],[72.61,21.7902],[72.593,21.8049],[72.6204,21.8299],[72.6103,21.8397],[72.6234,21.8838],[72.6482,21.8973],[72.6913,21.8826],[72.6919,21.9419],[72.7194,21.9392],[72.7483,21.9675],[72.7252,21.9965],[72.7078,21.9534],[72.64,21.9568],[72.5454,21.911],[72.528,21.937],[72.5479,21.9644],[72.5305,21.9551],[72.5259,21.9599],[72.5398,21.9618],[72.5281,21.9823],[72.5485,21.9911],[72.5432,22.1263],[72.581,22.1992],[72.65,22.2155],[72.6595,22.1994],[72.7827,22.1576],[72.7828,22.1929],[72.8538,22.2389],[72.8492,22.2749],[72.699,22.1999],[72.6242,22.2339],[72.5437,22.2231],[72.3,22.0334],[72.2689,21.9706],[72.2117,21.9621],[72.2042,21.8911],[72.2425,21.8298],[72.2355,21.812],[72.2028,21.8191],[72.2828,21.697],[72.3061,21.626],[72.27,21.5726],[72.2354,21.456],[72.1078,21.3025],[72.0827,21.2451],[72.1121,21.1986],[72.0178,21.1539],[72.0102,21.1347],[71.9966,21.1419],[71.9739,21.1222],[71.8983,21.1099],[71.879,21.0888],[71.8131,21.0675],[71.7976,21.0552],[71.8059,21.0381],[71.7167,21.0208],[71.6819,20.9965],[71.6471,20.9942],[71.6368,20.9807],[71.6477,20.9747],[71.6171,20.967],[71.6075,20.978],[71.6124,20.9674],[71.5656,20.949],[71.5167,20.9481],[71.5067,20.9188],[71.44,20.8695],[71.3799,20.8743],[71.3841,20.8568],[71.3217,20.8466],[71.21,20.8011],[71.1464,20.7713],[71.1458,20.7578],[71.0861,20.7553],[71.0718,20.7346],[70.9995,20.7422],[70.981,20.7227],[70.9195,20.7431],[70.8781,20.7285],[70.873,20.7045],[70.8222,20.6916],[70.4377,20.8529],[70.1814,21.0361],[70.0508,21.154],[69.616,21.6246],[69.5651,21.6525],[69.2164,21.9578],[68.9812,22.2123],[68.9738,22.2365],[68.9582,22.2381],[68.9358,22.3118],[68.9771,22.4036],[68.9818,22.4016],[68.9964,22.4016],[69.0,22.4041],[68.9806,22.4023],[68.9845,22.4134],[69.0681,22.4814],[69.0836,22.4746],[69.0497,22.4378],[69.0395,22.4457],[69.0355,22.3903],[69.0818,22.3882],[69.1105,22.4099],[69.128,22.3951],[69.1212,22.3756],[69.1758,22.423],[69.1948,22.4217],[69.1877,22.4025],[69.2009,22.4014],[69.1679,22.3733],[69.1809,22.3707],[69.1634,22.3486],[69.1539,22.2487],[69.1338,22.2226],[69.1364,22.1955],[69.1482,22.195],[69.1785,22.2128],[69.1792,22.2281],[69.1903,22.2436],[69.2128,22.2103],[69.2376,22.2227],[69.2336,22.2499],[69.2528,22.2664],[69.2795,22.2699],[69.2805,22.2677],[69.2799,22.2665],[69.2804,22.2647],[69.2798,22.263],[69.2796,22.2608],[69.28,22.2594],[69.2817,22.2578],[69.2826,22.2557],[69.2838,22.2546],[69.2928,22.2868],[69.3361,22.3051],[69.3327,22.3278],[69.4232,22.316],[69.4829,22.3339],[69.4995,22.3663],[69.5404,22.3772],[69.5613,22.3558],[69.5796,22.3674],[69.5977,22.3462],[69.6174,22.3454],[69.6211,22.3718],[69.6554,22.3596],[69.6609,22.3962],[69.7022,22.3987],[69.6958,22.4516],[69.7307,22.4846],[69.7437,22.4589],[69.7328,22.4428],[69.746,22.428],[69.7591,22.4433],[69.7897,22.4138],[69.7976,22.4046],[69.7912,22.3836],[69.7919,22.3802],[69.7965,22.3777],[69.8328,22.4471],[69.871,22.423],[69.8878,22.4546],[69.9374,22.4633],[69.9398,22.4828],[69.9793,22.4682],[69.9877,22.5105],[70.0103,22.4999],[70.0731,22.5178],[70.0912,22.5082],[70.0858,22.4941],[70.1163,22.501],[70.1181,22.487],[70.1202,22.4864],[70.1241,22.5126],[70.1847,22.5222],[70.1792,22.5675],[70.2635,22.6535],[70.2787,22.7253],[70.4133,22.8184],[70.4623,22.8313],[70.4911,22.8899],[70.5351,22.9121],[70.5397,22.9255],[70.4803,22.9371],[70.4327,22.9671],[70.4792,22.9749],[70.5417,22.9596],[70.5617,23.029],[70.6022,23.0343],[70.5971,23.0609],[70.6293,23.0625],[70.6937,23.1201],[70.7654,23.1454],[70.7684,23.1672],[70.7918,23.1651],[70.7872,23.1507],[70.8161,23.1646],[70.8153,23.1369],[70.8345,23.1284],[70.8286,23.0799],[70.8358,23.1119],[70.8582,23.1297],[70.8276,23.1574],[70.8466,23.1524],[70.8486,23.1693],[70.9016,23.1708],[70.9592,23.1948],[70.9189,23.1984],[70.8906,23.1827],[70.8629,23.1924],[70.8733,23.204],[70.8602,23.2085],[70.8931,23.2247],[70.8331,23.2499],[70.8122,23.2301],[70.7677,23.2461],[70.7239,23.2177],[70.7263,23.2056],[70.6508,23.2239],[70.649,23.192],[70.579,23.1777],[70.5012,23.1781],[70.428,23.2175],[70.4363,23.2334],[70.4248,23.2373],[70.3664,23.2199],[70.3019,23.2237],[70.2676,23.1785],[70.2497,23.1779],[70.2088,23.1604],[70.2073,23.1256],[70.1493,23.037],[70.1886,23.0728],[70.2108,23.0746],[70.2264,22.9518],[70.1644,22.9383],[70.1211,22.9626],[70.1581,23.0323],[70.1482,23.0348],[70.1181,22.9913],[70.0365,22.9527],[70.0168,22.9202],[69.9622,22.8936],[69.927,22.896],[69.8987,22.8713],[69.8007,22.8511],[69.7132,22.806],[69.6513,22.7958],[69.6459,22.81],[69.6059,22.803],[69.5756,22.8177],[69.4773,22.7955],[69.4573,22.8143],[69.4168,22.8109],[69.47,22.7764],[69.4947,22.7799],[69.4718,22.7737],[69.3812,22.8188],[69.1958,22.838],[69.1942,22.8519],[69.1312,22.8723],[68.813,23.0579],[68.8703,23.0272],[68.8367,23.0464],[68.8418,23.0586],[68.8212,23.0572],[68.8152,23.077],[68.8118,23.0588],[68.7586,23.0803],[68.7499,23.088],[68.7636,23.0876],[68.7651,23.079],[68.77,23.0773],[68.7785,23.0776],[68.7815,23.0833],[68.7723,23.0783],[68.7601,23.0998],[68.7836,23.12],[68.7544,23.123],[68.7459,23.11],[68.7122,23.1514],[68.6828,23.1527],[68.6826,23.1758],[68.6596,23.1977],[68.6737,23.2019],[68.6692,23.2182],[68.621,23.2057],[68.6535,23.2311],[68.702,23.2401],[68.7147,23.2641],[68.7245,23.2551],[68.7242,23.2668],[68.7055,23.2707],[68.7119,23.2867],[68.6993,23.2842],[68.7135,23.318],[68.6814,23.3118],[68.685,23.3289],[68.6605,23.3475],[68.6523,23.3031],[68.64,23.3232],[68.6526,23.3356],[68.636,23.3389],[68.6204,23.374],[68.5435,23.4202],[68.5306,23.4452],[68.5463,23.4651],[68.5288,23.4499],[68.4836,23.5487],[68.4929,23.6058],[68.5157,23.6214],[68.5106,23.6395],[68.529,23.6358],[68.5334,23.6492],[68.5207,23.6496],[68.5429,23.6532],[68.568,23.6849],[68.5483,23.6918],[68.5572,23.7166],[68.5733,23.7214],[68.5872,23.7026],[68.5968,23.7241],[68.6128,23.718],[68.6322,23.7278],[68.6157,23.7259],[68.6185,23.738],[68.6488,23.7389],[68.6353,23.761],[68.6518,23.7944],[68.6815,23.795],[68.7112,23.8302],[68.6927,23.8444],[68.5808,23.821],[68.527,23.7458],[68.421,23.7332],[68.3889,23.5956],[68.2781,23.5597],[68.184,23.587],[68.2077,23.5862],[68.1777,23.6192],[68.1863,23.6453],[68.2085,23.6507],[68.1826,23.655],[68.2067,23.6689],[68.1817,23.7216],[68.2026,23.7667],[68.1995,23.8471],[68.2087,23.8755],[68.2522,23.8969],[68.2757,23.9288],[68.3287,23.9223],[68.339,23.967],[68.3689,23.9848],[68.3897,23.9666],[68.753,23.9713],[68.7647,24.2958],[68.8082,24.3136],[68.8307,24.3119],[68.8648,24.2128],[68.8803,24.2166],[68.9068,24.2798],[68.9453,24.3025],[68.9847,24.2276],[69.0053,24.2231],[69.0948,24.2745],[69.1938,24.2361],[69.3127,24.2816],[69.494,24.2678],[69.5944,24.2924],[69.7312,24.1711],[70.0251,24.1713],[70.0668,24.1992],[70.1099,24.295],[70.3256,24.3519],[70.3685,24.3508],[70.5731,24.4224],[70.6025,24.4081],[70.562,24.3545],[70.5845,24.2904],[70.5712,24.2517],[70.6669,24.2196],[70.8055,24.2209],[70.9073,24.2588],[70.8745,24.2945],[70.9477,24.3481],[70.9865,24.3647],[71.0421,24.3513],[71.0819,24.3929],[71.1218,24.4057],[71.1255,24.4201],[71.1031,24.4357],[70.9986,24.4444],[71.0052,24.523],[70.9874,24.5434],[70.9988,24.6218],[71.0965,24.6887],[71.2878,24.6162],[71.3482,24.6609],[71.3586,24.6308],[71.3778,24.626],[71.4792,24.6796],[71.6076,24.6766],[71.6554,24.6392],[71.7915,24.6773],[71.8104,24.6561],[71.8059,24.6268],[71.8522,24.6094],[71.8718,24.6818],[71.9186,24.6721],[71.9154,24.6495],[71.9399,24.6338],[71.9882,24.6575],[71.9938,24.6951]],[[74.1752,22.4181],[74.1574,22.4116],[74.1792,22.388],[74.1752,22.4181]],[[72.9685,20.3325],[72.9528,20.314],[72.9708,20.2969],[72.9826,20.3204],[72.9685,20.3325]]]]}},{"type":"Feature","properties":{"name":"Rajasthan","country":"India"},"geometry":{"type":"MultiPolygon","coordinates":[[[[75.2169,24.8889],[75.2216,24.8738],[75.2507,24.8805],[75.2226,24.8441],[75.2007,24.8678],[75.2169,24.8889]]],[[[76.5724,25.4383],[76.5985,25.3923],[76.6228,25.3768],[76.6398,25.3835],[76.6695,25.3491],[76.7003,25.3516],[76.7776,25.3156],[76.8573,25.3328],[76.9015,25.3236],[76.9294,25.3032],[76.9233,25.2855],[76.9431,25.2821],[76.9737,25.3004],[77.0317,25.2944],[77.0459,25.3214],[77.0701,25.3185],[77.0837,25.3366],[77.2094,25.3063],[77.2055,25.3265],[77.2234,25.3188],[77.2339,25.3338],[77.2339,25.3787],[77.2899,25.4217],[77.3155,25.4315],[77.3609,25.419],[77.3706,25.4057],[77.3507,25.3725],[77.3667,25.3603],[77.3421,25.3218],[77.3688,25.3284],[77.3816,25.3032],[77.3557,25.2626],[77.4117,25.224],[77.4266,25.1881],[77.4001,25.1839],[77.393,25.1592],[77.3906,25.1234],[77.4066,25.1117],[77.3944,25.1199],[77.3573,25.0935],[77.3108,25.0798],[77.27,25.1161],[77.1744,25.1118],[77.1671,25.0846],[77.1477,25.0951],[77.1226,25.0667],[77.0848,25.0542],[76.9991,25.0748],[76.9682,25.0511],[76.8762,25.0414],[76.8757,25.0072],[76.8568,25.0025],[76.8627,24.9598],[76.8905,24.9197],[76.9204,24.9168],[76.9131,24.8878],[76.9486,24.8691],[76.8979,24.8382],[76.8251,24.8355],[76.8004,24.824],[76.802,24.8101],[76.8475,24.7693],[76.8561,24.7425],[76.8895,24.7473],[76.9075,24.7316],[76.954,24.7604],[77.0017,24.716],[77.0317,24.7113],[77.065,24.6438],[77.0713,24.5728],[77.0547,24.5263],[77.0369,24.5279],[77.029,24.4961],[76.9776,24.4614],[76.9184,24.4807],[76.9179,24.5435],[76.9019,24.5459],[76.8843,24.5215],[76.8619,24.5493],[76.8164,24.5336],[76.8531,24.4659],[76.8374,24.4097],[76.8514,24.3705],[76.8319,24.358],[76.8411,24.3224],[76.8626,24.2733],[76.9474,24.2013],[76.9358,24.1837],[76.9163,24.1879],[76.9006,24.1274],[76.8546,24.1358],[76.8013,24.1167],[76.7579,24.1683],[76.6983,24.1685],[76.6759,24.1908],[76.7027,24.2432],[76.6928,24.2865],[76.6651,24.2619],[76.6176,24.2588],[76.6112,24.2387],[76.5835,24.2429],[76.5952,24.2233],[76.5643,24.1909],[76.5777,24.1792],[76.5274,24.1567],[76.5045,24.2031],[76.4705,24.2262],[76.4523,24.2094],[76.4162,24.2206],[76.4117,24.2005],[76.3572,24.2397],[76.3229,24.2455],[76.2874,24.2299],[76.2823,24.2073],[76.2126,24.2099],[76.1946,24.2732],[76.2047,24.3009],[76.1855,24.3293],[76.1625,24.2847],[76.1367,24.2708],[76.1484,24.232],[76.1174,24.194],[76.1268,24.0887],[76.0368,24.0629],[75.997,24.0177],[75.9635,24.0187],[75.9849,23.974],[75.9814,23.929],[75.9375,23.8967],[75.8871,23.8791],[75.853,23.8875],[75.7938,23.867],[75.7812,23.8487],[75.7645,23.8517],[75.7527,23.8873],[75.7061,23.8991],[75.7016,23.8728],[75.7364,23.8562],[75.719,23.8407],[75.7216,23.8118],[75.6901,23.8132],[75.7018,23.7864],[75.6867,23.7559],[75.6545,23.7984],[75.5834,23.7948],[75.589,23.8098],[75.5593,23.8182],[75.5793,23.8351],[75.5632,23.8576],[75.4621,23.9148],[75.4747,23.9828],[75.5211,24.025],[75.5955,23.99],[75.6743,24.0177],[75.7017,23.9666],[75.7175,23.9669],[75.7411,23.9769],[75.7423,23.9927],[75.7653,23.9927],[75.7817,24.0425],[75.8367,24.0571],[75.8357,24.0921],[75.7929,24.0918],[75.751,24.1433],[75.7774,24.21],[75.8302,24.2338],[75.814,24.2452],[75.8107,24.2961],[75.7665,24.298],[75.7398,24.3321],[75.7278,24.3905],[75.7553,24.4065],[75.7476,24.4242],[75.7894,24.4715],[75.8135,24.462],[75.8099,24.434],[75.8388,24.4142],[75.9091,24.455],[75.9116,24.4919],[75.8879,24.5081],[75.9206,24.5217],[75.9037,24.5489],[75.9144,24.5722],[75.8784,24.5834],[75.8712,24.6067],[75.8492,24.6109],[75.8355,24.5949],[75.8248,24.6135],[75.8488,24.6474],[75.8478,24.663],[75.8249,24.6675],[75.8336,24.7318],[75.8022,24.7565],[75.7568,24.7616],[75.6834,24.7251],[75.646,24.6849],[75.6108,24.6804],[75.583,24.7133],[75.5334,24.712],[75.4565,24.6805],[75.2649,24.7175],[75.2284,24.7176],[75.2194,24.7026],[75.1844,24.7486],[75.2152,24.8021],[75.2523,24.8131],[75.2241,24.8439],[75.2729,24.8428],[75.3116,24.8012],[75.4258,24.8691],[75.4161,24.8861],[75.3736,24.8677],[75.3266,24.8749],[75.3081,24.856],[75.2634,24.8749],[75.2673,24.8994],[75.2941,24.9075],[75.2671,24.9471],[75.2739,24.964],[75.3049,24.9287],[75.3127,24.8851],[75.3184,24.8942],[75.3369,24.9548],[75.3118,24.9954],[75.3504,25.0175],[75.3322,25.0415],[75.2251,25.0341],[75.1671,25.0484],[75.1514,25.0262],[75.1686,25.0059],[75.1136,24.9668],[75.1169,24.8783],[75.0765,24.8807],[75.033,24.8444],[74.9587,24.8582],[74.9526,24.8807],[74.9239,24.8783],[74.9029,24.9295],[74.8807,24.9374],[74.8695,24.925],[74.859,24.9622],[74.8426,24.9688],[74.8253,24.9001],[74.8588,24.8385],[74.8615,24.8041],[74.8387,24.798],[74.8494,24.7761],[74.8604,24.7985],[74.9145,24.7692],[75.0015,24.7745],[75.016,24.7321],[74.9924,24.7317],[75.0017,24.6865],[74.9602,24.6778],[74.9623,24.6564],[74.9431,24.6378],[74.8891,24.6338],[74.7998,24.7791],[74.804,24.734],[74.7796,24.7325],[74.7876,24.7042],[74.7719,24.6615],[74.8146,24.6658],[74.8141,24.6502],[74.7794,24.6154],[74.7864,24.5859],[74.7435,24.5715],[74.7555,24.5349],[74.7087,24.4865],[74.7771,24.4605],[74.8153,24.4685],[74.8138,24.4367],[74.8539,24.4445],[74.8551,24.4241],[74.7812,24.3383],[74.7813,24.2892],[74.7471,24.2535],[74.7748,24.2387],[74.8676,24.2431],[74.8971,24.2273],[74.9103,24.2101],[74.8798,24.1736],[74.9035,24.1093],[74.9393,24.0539],[74.9823,24.0254],[74.9591,23.9722],[74.9165,23.9317],[74.9026,23.873],[74.9138,23.8417],[74.9037,23.7943],[74.9243,23.7966],[74.9404,23.7647],[74.9245,23.7564],[74.9364,23.7296],[74.9202,23.7192],[74.9216,23.6947],[74.8995,23.6822],[74.9365,23.6288],[74.9029,23.6251],[74.8468,23.5519],[74.8033,23.5331],[74.7941,23.5509],[74.7737,23.5444],[74.7615,23.5211],[74.7353,23.5206],[74.7292,23.4966],[74.7035,23.505],[74.6519,23.4623],[74.6039,23.4573],[74.5991,23.4287],[74.5724,23.4207],[74.5689,23.3763],[74.5398,23.3619],[74.5353,23.3308],[74.514,23.328],[74.5467,23.2771],[74.5744,23.2952],[74.6386,23.2554],[74.7,23.2684],[74.7151,23.2367],[74.6921,23.2192],[74.7475,23.2267],[74.7421,23.2089],[74.7151,23.1907],[74.6715,23.2],[74.6066,23.1426],[74.5394,23.1293],[74.5455,23.1098],[74.5059,23.0851],[74.4638,23.0818],[74.4274,23.1067],[74.3862,23.1115],[74.3189,23.0587],[74.2789,23.0922],[74.2871,23.1171],[74.2408,23.1847],[74.2012,23.1893],[74.1789,23.1473],[74.1215,23.1762],[74.1326,23.2662],[74.0859,23.298],[74.0382,23.2934],[74.0449,23.3088],[74.0331,23.306],[74.0287,23.3317],[73.9814,23.3381],[73.9742,23.3727],[73.938,23.3679],[73.9337,23.3386],[73.8919,23.3341],[73.8287,23.4477],[73.7863,23.4302],[73.7557,23.4543],[73.7208,23.4101],[73.6974,23.4567],[73.6475,23.4365],[73.6272,23.4486],[73.6564,23.5075],[73.6331,23.5287],[73.6557,23.6213],[73.6155,23.6521],[73.5727,23.6538],[73.5231,23.6069],[73.4938,23.6323],[73.5088,23.6444],[73.4966,23.6492],[73.5074,23.703],[73.4735,23.7052],[73.418,23.7768],[73.4002,23.7851],[73.3708,23.7653],[73.3518,23.7914],[73.3679,23.8142],[73.3611,23.8727],[73.3875,23.9159],[73.4208,23.9308],[73.415,23.9858],[73.3979,23.9895],[73.4043,24.0413],[73.3609,24.0813],[73.362,24.1047],[73.327,24.1092],[73.3174,24.0532],[73.2428,24.0023],[73.1931,24.041],[73.2132,24.078],[73.1252,24.1249],[73.0674,24.1947],[73.1354,24.3084],[73.1692,24.3003],[73.1763,24.3379],[73.1986,24.3319],[73.2193,24.3639],[73.1992,24.3765],[73.1526,24.3538],[73.0765,24.3966],[73.1028,24.433],[73.0879,24.4977],[73.0352,24.4638],[72.991,24.4776],[72.968,24.4509],[72.9812,24.4344],[72.9493,24.3982],[72.9751,24.3688],[72.9107,24.3372],[72.8498,24.372],[72.7309,24.3643],[72.6891,24.4117],[72.6834,24.4639],[72.5759,24.4789],[72.5382,24.5197],[72.4932,24.4591],[72.5004,24.4171],[72.4572,24.4148],[72.4302,24.4802],[72.4411,24.5153],[72.3886,24.5077],[72.3537,24.5638],[72.3309,24.5693],[72.329,24.5524],[72.2954,24.5466],[72.2464,24.5856],[72.2763,24.6075],[72.3356,24.5986],[72.3473,24.6285],[72.305,24.6175],[72.2304,24.6406],[72.1966,24.6147],[72.1648,24.6213],[72.1503,24.6437],[72.1246,24.6386],[72.0898,24.6587],[72.0852,24.7064],[72.0613,24.7121],[71.9938,24.6951],[71.9882,24.6575],[71.9399,24.6338],[71.9154,24.6495],[71.9186,24.6721],[71.8718,24.6818],[71.8522,24.6094],[71.8059,24.6268],[71.8104,24.6561],[71.7915,24.6773],[71.6554,24.6392],[71.6076,24.6766],[71.4792,24.6796],[71.3778,24.626],[71.3586,24.6308],[71.3482,24.6609],[71.2878,24.6162],[71.0962,24.6887],[71.0653,24.7175],[71.0265,24.8088],[70.9376,24.9386],[70.8887,25.1482],[70.7516,25.2778],[70.7368,25.3326],[70.6648,25.3969],[70.6784,25.5247],[70.6671,25.5313],[70.6739,25.6758],[70.6601,25.7022],[70.6089,25.715],[70.5302,25.6835],[70.387,25.6738],[70.2687,25.7136],[70.2472,25.7616],[70.1745,25.8284],[70.0998,25.9383],[70.0834,26.0833],[70.1412,26.1558],[70.175,26.2515],[70.1635,26.2949],[70.1854,26.3743],[70.1742,26.5514],[70.1172,26.5869],[70.0562,26.6006],[69.8869,26.5789],[69.8231,26.589],[69.7197,26.6547],[69.5103,26.7435],[69.4844,26.8048],[69.5133,27.01],[69.5868,27.1833],[69.8625,27.4018],[69.9339,27.4978],[70.0259,27.5629],[70.1324,27.806],[70.227,27.9014],[70.2962,27.936],[70.3722,28.0118],[70.5058,28.037],[70.5895,28.0104],[70.6774,27.9218],[70.6844,27.8282],[70.7398,27.7419],[70.7593,27.7213],[70.8718,27.7056],[70.9632,27.7294],[71.2055,27.8354],[71.3831,27.8726],[71.6664,27.8778],[71.8983,27.9612],[71.9274,28.1217],[72.0043,28.2187],[72.1322,28.3131],[72.2061,28.3943],[72.2992,28.6698],[72.3907,28.7704],[72.7331,28.9481],[72.9458,29.0279],[73.0044,29.153],[73.0844,29.2363],[73.2821,29.572],[73.3969,29.946],[73.597,30.019],[73.8066,30.068],[73.9726,30.1981],[73.9756,30.121],[73.9041,30.0501],[73.8865,30.0124],[73.8951,29.9741],[74.5272,29.9429],[74.5098,29.9084],[74.5438,29.9017],[74.5611,29.8698],[74.5442,29.8444],[74.4835,29.8136],[74.4736,29.7672],[74.4779,29.7468],[74.5067,29.7423],[74.5781,29.748],[74.5875,29.7669],[74.6159,29.7523],[74.575,29.5643],[74.6219,29.5222],[74.5847,29.4585],[74.5438,29.468],[74.5347,29.4477],[74.5366,29.4245],[74.5664,29.4205],[74.6029,29.3649],[74.5993,29.3275],[74.6545,29.3329],[74.6582,29.372],[74.7622,29.3544],[74.8506,29.4036],[74.9383,29.362],[74.9609,29.3203],[74.9484,29.3015],[74.9612,29.2806],[74.9992,29.2703],[75.05,29.2861],[75.0758,29.2297],[75.1196,29.2229],[75.1244,29.2399],[75.1628,29.244],[75.188,29.2682],[75.2101,29.2346],[75.2384,29.2302],[75.2447,29.25],[75.2838,29.2498],[75.2874,29.2733],[75.322,29.2895],[75.3406,29.2811],[75.3281,29.2353],[75.3498,29.2238],[75.378,29.2568],[75.4107,29.2555],[75.3968,29.2175],[75.4144,29.1843],[75.4068,29.1697],[75.3813,29.169],[75.3715,29.1381],[75.4022,29.1279],[75.3913,29.0627],[75.4418,29.0575],[75.4457,29.0083],[75.522,29.0037],[75.5274,28.971],[75.5116,28.9421],[75.4734,28.9234],[75.4966,28.8962],[75.4985,28.849],[75.5202,28.834],[75.5033,28.7825],[75.5361,28.7452],[75.5412,28.6605],[75.5615,28.6132],[75.6217,28.6021],[75.6335,28.5444],[75.6658,28.536],[75.702,28.4918],[75.7395,28.4848],[75.7357,28.4688],[75.7883,28.4535],[75.7667,28.4142],[75.7768,28.4004],[75.8187,28.4099],[75.9182,28.372],[75.9578,28.3138],[75.9725,28.3186],[75.9864,28.293],[76.0263,28.275],[76.0163,28.2368],[76.0559,28.22],[76.0473,28.1981],[76.0719,28.1943],[76.0955,28.1509],[76.0747,28.1371],[76.0707,28.1651],[76.0318,28.1679],[76.0049,28.1494],[75.9997,28.1235],[75.9456,28.1072],[75.9386,28.0879],[75.9834,28.0814],[75.9844,28.0471],[76.0232,28.0859],[76.0408,28.074],[76.0254,28.0542],[76.0083,28.0584],[76.0164,28.0305],[75.9946,28.0385],[75.9727,28.0236],[75.9955,28.0069],[75.9899,27.9947],[75.9667,28.0],[75.9658,27.9836],[75.9999,27.9776],[75.9727,27.9327],[75.9517,27.9477],[75.9324,27.9301],[75.9383,27.9141],[75.9875,27.9042],[75.9714,27.852],[76.0481,27.835],[76.0857,27.8447],[76.0889,27.8605],[76.1233,27.851],[76.1323,27.8245],[76.175,27.7981],[76.1996,27.8216],[76.2173,27.8168],[76.2252,27.8333],[76.1938,27.8595],[76.2015,27.8925],[76.1682,27.9034],[76.1866,27.9655],[76.1579,27.9893],[76.1769,28.0215],[76.2148,28.0266],[76.1804,28.0545],[76.238,28.0497],[76.261,28.0675],[76.2936,28.0492],[76.299,28.0227],[76.319,28.0155],[76.3424,28.0306],[76.3557,28.0707],[76.3014,28.0979],[76.3366,28.1026],[76.3599,28.1249],[76.2976,28.1491],[76.3046,28.1593],[76.2807,28.1655],[76.2923,28.1792],[76.3453,28.1694],[76.3566,28.1437],[76.3817,28.1332],[76.4757,28.1486],[76.472,28.1351],[76.5027,28.1187],[76.499,28.1002],[76.4637,28.1092],[76.4478,28.089],[76.5012,28.0597],[76.4625,28.0591],[76.4547,28.0423],[76.5438,28.0342],[76.536,27.9795],[76.5481,27.9638],[76.5899,27.9979],[76.6682,28.0138],[76.6544,28.0347],[76.6572,28.0892],[76.6874,28.0877],[76.7158,28.1277],[76.7433,28.1212],[76.7624,28.1426],[76.7948,28.1484],[76.8084,28.2109],[76.8749,28.2178],[76.871,28.2066],[76.9068,28.2003],[76.8916,28.1903],[76.9065,28.1719],[76.9705,28.1384],[76.931,27.9939],[76.9315,27.9223],[76.9516,27.918],[76.9506,27.8956],[76.9377,27.8962],[76.9423,27.8426],[76.9356,27.8289],[76.9136,27.8317],[76.919,27.8041],[76.8927,27.7335],[76.9247,27.6999],[76.8899,27.7007],[76.9108,27.6547],[76.9334,27.656],[76.9438,27.6737],[76.9794,27.6536],[77.0001,27.737],[77.0365,27.7486],[77.0596,27.7265],[77.0857,27.7381],[77.0764,27.7663],[77.0266,27.7792],[77.0448,27.821],[77.1085,27.7855],[77.1229,27.7926],[77.1352,27.7751],[77.1586,27.7873],[77.1595,27.8163],[77.1894,27.809],[77.1691,27.7909],[77.177,27.7855],[77.1986,27.7988],[77.2021,27.8238],[77.2367,27.7845],[77.2688,27.8149],[77.3029,27.7941],[77.3195,27.7367],[77.3039,27.7108],[77.3412,27.7034],[77.3526,27.6512],[77.3171,27.6068],[77.3582,27.589],[77.3378,27.5714],[77.3402,27.5265],[77.3874,27.5129],[77.4015,27.4765],[77.4378,27.4563],[77.4211,27.422],[77.44,27.3903],[77.5072,27.3771],[77.5788,27.3227],[77.6227,27.3362],[77.6219,27.313],[77.5987,27.2972],[77.6168,27.2864],[77.6165,27.2578],[77.6528,27.2348],[77.6467,27.2102],[77.6811,27.1944],[77.6584,27.1701],[77.62,27.1736],[77.5978,27.118],[77.5177,27.1025],[77.5054,27.0923],[77.5264,27.0846],[77.5193,27.0666],[77.5717,27.0719],[77.5632,27.0294],[77.5792,27.0382],[77.63,27.0102],[77.6422,27.0257],[77.6656,27.0173],[77.6798,27.0471],[77.7119,26.9971],[77.7301,26.9939],[77.7377,27.0298],[77.7595,27.018],[77.7435,26.9832],[77.6762,26.9732],[77.6722,26.96],[77.6609,26.9712],[77.5832,26.9242],[77.4903,26.9005],[77.4273,26.8641],[77.4297,26.8471],[77.3979,26.8304],[77.4291,26.8016],[77.4327,26.7678],[77.4669,26.7737],[77.4546,26.7419],[77.5026,26.7687],[77.4875,26.7882],[77.5012,26.8445],[77.5206,26.8414],[77.5258,26.8189],[77.6084,26.8391],[77.6103,26.8286],[77.6867,26.8752],[77.7226,26.8743],[77.7249,26.9104],[77.7599,26.9325],[77.8502,26.9128],[77.8965,26.884],[77.9089,26.8906],[77.9064,26.9178],[77.9484,26.8936],[78.0146,26.9029],[78.0355,26.8708],[78.0265,26.8495],[78.056,26.8684],[78.0488,26.9101],[78.1112,26.8959],[78.1018,26.9178],[78.1218,26.9226],[78.1118,26.9398],[78.1245,26.9493],[78.2101,26.9312],[78.2242,26.9465],[78.2386,26.9266],[78.2541,26.9355],[78.2716,26.9212],[78.2326,26.8743],[78.2086,26.8689],[78.197,26.8822],[78.2223,26.8313],[78.1687,26.8204],[78.184,26.7838],[78.106,26.7889],[78.1035,26.7633],[78.1235,26.7469],[78.0959,26.7278],[78.0927,26.6763],[78.0004,26.6949],[77.9532,26.6589],[77.9011,26.6574],[77.8943,26.6147],[77.8273,26.596],[77.8239,26.5506],[77.7459,26.5388],[77.727,26.5023],[77.6737,26.5028],[77.5384,26.4113],[77.4373,26.4033],[77.4433,26.3611],[77.3745,26.3657],[77.3421,26.3518],[77.2698,26.2668],[77.2039,26.2299],[77.1347,26.2329],[77.0968,26.1832],[77.0316,26.1726],[76.9976,26.1291],[76.8998,26.0925],[76.8848,26.048],[76.8068,25.9898],[76.791,25.9427],[76.7475,25.9393],[76.7527,25.9173],[76.7117,25.9006],[76.643,25.9085],[76.6232,25.8706],[76.5821,25.8704],[76.5208,25.7931],[76.5238,25.7298],[76.5014,25.73],[76.472,25.7039],[76.5038,25.6732],[76.5164,25.5272],[76.5724,25.4383]],[[76.5723,25.4383],[76.5723,25.4383],[76.5724,25.4383],[76.5723,25.4383]],[[76.4229,28.1143],[76.441,28.1199],[76.4293,28.1385],[76.4229,28.1143]]]]}},{"type":"Feature","properties":{"name":"Jammu & Kashmir","country":"India"},"geometry":{"type":"Polygon","coordinates":[[[74.5389,35.0686],[74.5307,35.0462],[74.5851,35.0181],[74.5705,34.9756],[74.577,34.9139],[74.6042,34.9248],[74.6625,34.9068],[74.6842,34.8788],[74.7115,34.8809],[74.7502,34.845],[74.7985,34.8521],[74.8722,34.8302],[74.9186,34.7851],[75.0163,34.8483],[75.064,34.8471],[75.0641,34.9052],[75.0716,34.9192],[75.1013,34.9191],[75.142,34.875],[75.1442,34.8503],[75.2232,34.8175],[75.2563,34.7739],[75.2583,34.6976],[75.2321,34.6908],[75.206,34.6438],[75.2415,34.6378],[75.2534,34.6041],[75.3442,34.563],[75.3656,34.5381],[75.3429,34.4894],[75.3532,34.4688],[75.3275,34.4398],[75.3723,34.4126],[75.367,34.391],[75.3857,34.3661],[75.376,34.342],[75.4035,34.2847],[75.4749,34.2776],[75.4954,34.2324],[75.5799,34.214],[75.5934,34.1977],[75.6481,34.212],[75.6853,34.1996],[75.6679,34.1443],[75.7188,34.1033],[75.7425,34.0733],[75.737,34.0589],[75.7685,34.0549],[75.8183,34.0075],[75.8431,34.0048],[75.8196,33.9722],[75.8382,33.955],[75.8932,33.9691],[75.9665,33.9545],[75.9782,33.9722],[76.0244,33.9821],[76.0495,33.9339],[76.0332,33.9196],[76.123,33.889],[76.16,33.8369],[76.1614,33.8019],[76.1847,33.8002],[76.2126,33.7612],[76.2652,33.7469],[76.2662,33.6795],[76.2847,33.6618],[76.2294,33.6298],[76.2403,33.6048],[76.2054,33.5692],[76.225,33.5476],[76.3098,33.5715],[76.3065,33.6096],[76.3587,33.6037],[76.3807,33.577],[76.3799,33.5529],[76.4152,33.5391],[76.4488,33.5637],[76.4592,33.5339],[76.5021,33.516],[76.5496,33.4641],[76.5695,33.4662],[76.5818,33.4258],[76.629,33.4349],[76.6593,33.3567],[76.696,33.328],[76.7177,33.329],[76.7371,33.2611],[76.7794,33.2381],[76.7468,33.1784],[76.6444,33.1619],[76.6126,33.1734],[76.5959,33.2059],[76.5616,33.2095],[76.4806,33.1789],[76.4039,33.1858],[76.2859,33.1024],[76.2904,33.0598],[76.2729,33.0371],[76.2428,33.0208],[76.1072,33.0061],[76.083,32.9552],[75.9501,32.8728],[75.9189,32.9058],[75.8371,32.9278],[75.7963,32.8843],[75.8791,32.8112],[75.8858,32.7822],[75.9217,32.7472],[75.8858,32.6522],[75.9332,32.6471],[75.9307,32.6314],[75.8789,32.587],[75.8735,32.55],[75.8335,32.5035],[75.7293,32.4527],[75.7438,32.4316],[75.7277,32.4317],[75.7228,32.4056],[75.5953,32.377],[75.5503,32.3488],[75.5322,32.2778],[75.5039,32.2913],[75.5115,32.3086],[75.4819,32.3203],[75.4891,32.3456],[75.4307,32.3151],[75.3493,32.3453],[75.3278,32.3261],[75.3227,32.3435],[75.2883,32.3545],[75.2897,32.3698],[75.2581,32.3714],[75.2559,32.3893],[75.194,32.4005],[75.1898,32.4258],[75.1314,32.4089],[75.1067,32.4741],[75.0855,32.4688],[75.028,32.4971],[75.0193,32.4662],[74.9527,32.4475],[74.9379,32.4713],[74.8793,32.4767],[74.8773,32.493],[74.8188,32.4979],[74.7948,32.4764],[74.6879,32.4869],[74.6906,32.533],[74.6629,32.5445],[74.6738,32.568],[74.6525,32.563],[74.6588,32.5968],[74.639,32.6146],[74.6953,32.6613],[74.6535,32.6967],[74.7048,32.8419],[74.6405,32.8189],[74.6346,32.8066],[74.6584,32.7877],[74.6323,32.7764],[74.6343,32.7495],[74.6192,32.7607],[74.5768,32.7479],[74.5629,32.7601],[74.5116,32.7455],[74.5116,32.7645],[74.4861,32.7644],[74.4594,32.7877],[74.4153,32.7846],[74.391,32.7632],[74.355,32.767],[74.3145,32.7968],[74.3034,32.8298],[74.2196,32.8488],[74.2113,32.8734],[74.1788,32.8895],[74.069,32.9096],[74.0582,32.9345],[73.9997,32.9354],[74.0062,32.9549],[73.9724,32.9672],[73.9646,32.9871],[73.8257,33.004],[73.826,32.9772],[73.7904,32.9668],[73.7945,33.0036],[73.7491,33.0336],[73.7428,33.0662],[73.633,33.0918],[73.6312,33.1395],[73.6487,33.1375],[73.6645,33.1613],[73.668,33.2019],[73.6476,33.2228],[73.6335,33.2076],[73.6376,33.2304],[73.6065,33.2737],[73.6142,33.2929],[73.5893,33.3235],[73.598,33.3375],[73.5784,33.3286],[73.5705,33.343],[73.5838,33.3557],[73.5652,33.3663],[73.6032,33.4191],[73.5867,33.4228],[73.5961,33.439],[73.6319,33.4476],[73.6021,33.4967],[73.6187,33.4954],[73.6114,33.5131],[73.6418,33.5285],[73.6244,33.5409],[73.6287,33.5711],[73.605,33.5887],[73.6119,33.6038],[73.5672,33.6177],[73.5777,33.6381],[73.5675,33.6685],[73.6031,33.7151],[73.5946,33.7512],[73.5599,33.7813],[73.5928,33.8938],[73.5476,33.9369],[73.5165,33.9988],[73.4909,34.1397],[73.4985,34.2112],[73.4728,34.2523],[73.4808,34.2894],[73.4567,34.2765],[73.4299,34.3463],[73.4079,34.3503],[73.3961,34.3716],[73.4277,34.426],[73.4219,34.4661],[73.4483,34.5671],[73.5322,34.571],[73.5561,34.5898],[73.6111,34.5848],[73.6503,34.562],[73.6538,34.6005],[73.695,34.6501],[73.6591,34.6731],[73.7299,34.7722],[73.7723,34.7961],[73.8218,34.7921],[73.8377,34.8132],[73.9194,34.8116],[73.9305,34.8324],[73.961,34.8386],[73.9674,34.8638],[74.0299,34.8763],[74.0372,34.9192],[74.0712,34.9355],[74.0593,34.9927],[74.1097,35.0161],[74.0667,35.0463],[74.1014,35.0991],[74.2151,35.0937],[74.2652,35.0409],[74.3052,35.0676],[74.382,35.0678],[74.4387,35.1301],[74.4994,35.1156],[74.5389,35.0686]]]}},{"type":"Feature","properties":{"name":"Punjab","country":"India"},"geometry":{"type":"Polygon","coordinates":[[[75.8322,32.5107],[75.9028,32.4523],[75.938,32.3975],[75.8736,32.3957],[75.8438,32.3553],[75.8112,32.3485],[75.8148,32.3302],[75.7723,32.2894],[75.6185,32.2376],[75.6373,32.2227],[75.6238,32.19],[75.6619,32.1929],[75.6727,32.1592],[75.6002,32.0924],[75.5948,32.0695],[75.6629,32.0757],[75.7239,32.0326],[75.7508,32.0377],[75.7997,31.9938],[75.9104,31.9501],[75.9865,31.8179],[75.9367,31.8154],[76.0179,31.6331],[76.0559,31.6055],[76.1683,31.4104],[76.1469,31.359],[76.1788,31.3405],[76.1798,31.3065],[76.2693,31.3119],[76.2756,31.3004],[76.3224,31.3216],[76.3077,31.3424],[76.3535,31.3479],[76.3311,31.4016],[76.3673,31.4044],[76.3748,31.4382],[76.4321,31.3272],[76.4635,31.302],[76.44,31.2787],[76.4791,31.3087],[76.4976,31.2699],[76.5274,31.2772],[76.5238,31.2581],[76.5393,31.261],[76.5429,31.2824],[76.5492,31.2528],[76.5881,31.2737],[76.6119,31.2491],[76.5926,31.2113],[76.6417,31.223],[76.6454,31.2091],[76.5968,31.178],[76.6123,31.148],[76.602,31.1235],[76.6386,31.108],[76.611,31.0458],[76.629,31.0236],[76.625,30.9986],[76.7371,30.9496],[76.814,30.843],[76.8467,30.8339],[76.857,30.7947],[76.8375,30.7541],[76.8156,30.7527],[76.8135,30.7802],[76.7835,30.7706],[76.7715,30.7952],[76.7108,30.761],[76.7052,30.7429],[76.7311,30.7236],[76.7393,30.6929],[76.7769,30.6703],[76.8075,30.667],[76.8274,30.6821],[76.8499,30.6568],[76.8764,30.6805],[76.8712,30.6421],[76.926,30.6101],[76.9097,30.5919],[76.9162,30.5537],[76.8865,30.5498],[76.932,30.5222],[76.9312,30.5004],[76.899,30.4888],[76.9138,30.4677],[76.8976,30.4371],[76.9123,30.4429],[76.9127,30.4009],[76.9337,30.4012],[76.9387,30.3861],[76.8983,30.3588],[76.8834,30.4086],[76.8561,30.4176],[76.8468,30.4381],[76.8216,30.4127],[76.787,30.4162],[76.7735,30.4434],[76.741,30.4262],[76.7132,30.3907],[76.7312,30.3797],[76.7199,30.3633],[76.7454,30.3678],[76.7461,30.3495],[76.6886,30.3273],[76.6808,30.3031],[76.6352,30.2891],[76.6234,30.2646],[76.5567,30.2624],[76.5457,30.2255],[76.5963,30.2552],[76.6275,30.2272],[76.6155,30.2117],[76.6543,30.2035],[76.6571,30.1871],[76.6354,30.17],[76.6456,30.1881],[76.6142,30.2044],[76.6073,30.1918],[76.6437,30.1502],[76.5438,30.0743],[76.5083,30.0704],[76.4989,30.0941],[76.4625,30.101],[76.46,30.1294],[76.4286,30.1505],[76.4406,30.1658],[76.4227,30.1922],[76.3872,30.1706],[76.4101,30.145],[76.3911,30.1348],[76.4001,30.1167],[76.3622,30.1201],[76.3505,30.1468],[76.3335,30.1382],[76.3602,30.1202],[76.3218,30.0951],[76.2077,30.157],[76.2243,30.1271],[76.2024,30.136],[76.1964,30.1235],[76.2653,30.0988],[76.214,30.0317],[76.232,30.0152],[76.2024,29.9893],[76.2102,29.9396],[76.1838,29.9483],[76.172,29.9263],[76.1878,29.9206],[76.1935,29.8856],[76.2468,29.876],[76.2438,29.8524],[76.2206,29.8378],[76.1978,29.8448],[76.1737,29.8179],[76.1455,29.8191],[76.124,29.7909],[76.0981,29.8106],[76.0438,29.7427],[76.0261,29.7562],[75.9844,29.7271],[75.9387,29.7307],[75.9063,29.7533],[75.8703,29.7493],[75.8378,29.813],[75.8057,29.8047],[75.7788,29.8223],[75.7562,29.805],[75.7207,29.8135],[75.7064,29.7532],[75.6772,29.7766],[75.6425,29.7751],[75.6275,29.7484],[75.58,29.7391],[75.5621,29.7702],[75.523,29.7584],[75.5186,29.7758],[75.4595,29.8075],[75.454,29.782],[75.4063,29.7612],[75.3921,29.7132],[75.3457,29.696],[75.3602,29.6626],[75.3338,29.6735],[75.3166,29.6306],[75.2957,29.625],[75.2897,29.6078],[75.3199,29.5874],[75.3095,29.5608],[75.2354,29.5421],[75.2217,29.5803],[75.2354,29.6031],[75.1831,29.6284],[75.1876,29.6518],[75.1676,29.6702],[75.2068,29.6875],[75.2006,29.7265],[75.2103,29.7388],[75.2264,29.7289],[75.2416,29.7546],[75.2263,29.7891],[75.2085,29.7927],[75.2107,29.8324],[75.1915,29.8412],[75.1641,29.8241],[75.1669,29.7852],[75.1551,29.7768],[75.1351,29.8073],[75.1008,29.8068],[75.1189,29.8319],[75.0898,29.8586],[75.1147,29.8787],[75.0888,29.9172],[75.07,29.877],[75.047,29.8851],[75.0225,29.8663],[74.991,29.8678],[74.9267,29.9505],[74.8972,29.9397],[74.888,29.9667],[74.8554,29.9565],[74.8211,29.971],[74.813,29.9923],[74.731,29.9615],[74.7069,29.977],[74.6418,29.9045],[74.559,29.9273],[74.5316,29.9497],[73.8951,29.9741],[73.8865,30.0124],[73.9041,30.0501],[73.9756,30.121],[73.9598,30.2702],[73.9309,30.3201],[73.8798,30.3597],[73.9738,30.4438],[73.9263,30.4389],[73.9345,30.4903],[73.9641,30.4565],[73.9637,30.4849],[73.982,30.504],[74.02,30.5142],[74.012,30.5336],[74.031,30.5269],[74.0392,30.5426],[74.0573,30.5187],[74.0723,30.5229],[74.0909,30.5494],[74.0734,30.5547],[74.1021,30.5792],[74.096,30.6116],[74.1181,30.6079],[74.1274,30.6348],[74.1478,30.6311],[74.1933,30.6652],[74.2327,30.7246],[74.2865,30.7357],[74.2602,30.7731],[74.302,30.7794],[74.2949,30.7945],[74.3204,30.8466],[74.3821,30.8604],[74.3608,30.8737],[74.3659,30.8929],[74.4227,30.9078],[74.4103,30.9235],[74.4287,30.9312],[74.4139,30.9296],[74.4164,30.9403],[74.5462,30.9924],[74.5425,31.0174],[74.5682,31.0547],[74.5968,31.0377],[74.6712,31.0536],[74.6959,31.0742],[74.689,31.128],[74.659,31.134],[74.6362,31.1183],[74.6309,31.1327],[74.6031,31.1336],[74.6107,31.0993],[74.5713,31.0814],[74.5515,31.0864],[74.5484,31.1219],[74.5104,31.1319],[74.526,31.2118],[74.517,31.2279],[74.5327,31.2497],[74.5206,31.2689],[74.542,31.3038],[74.5263,31.312],[74.5489,31.3348],[74.5517,31.3644],[74.5835,31.379],[74.6025,31.4205],[74.6546,31.426],[74.6386,31.4444],[74.6521,31.4573],[74.6275,31.4769],[74.6365,31.4848],[74.6098,31.4999],[74.5873,31.4963],[74.5752,31.5012],[74.5843,31.5209],[74.6129,31.5273],[74.6156,31.569],[74.5553,31.6078],[74.535,31.6776],[74.4866,31.715],[74.5037,31.7405],[74.5594,31.7579],[74.5579,31.8048],[74.6079,31.8904],[74.6361,31.8842],[74.6667,31.9227],[74.7192,31.9237],[74.7202,31.9414],[74.7566,31.9438],[74.7556,31.9558],[74.8191,31.9587],[74.8289,31.9986],[74.88,32.032],[74.8689,32.0416],[74.8795,32.0538],[74.928,32.0665],[75.0124,32.0357],[75.068,32.0667],[75.0912,32.0718],[75.1049,32.0586],[75.1229,32.0814],[75.1743,32.0675],[75.1985,32.0827],[75.2025,32.1202],[75.2158,32.1211],[75.2237,32.0982],[75.2354,32.1035],[75.2314,32.0916],[75.2613,32.1014],[75.2854,32.1515],[75.3224,32.1795],[75.3164,32.208],[75.3724,32.2261],[75.3819,32.269],[75.3205,32.2974],[75.3412,32.3455],[75.43,32.315],[75.4891,32.3456],[75.4819,32.3203],[75.5115,32.3086],[75.5039,32.2913],[75.5322,32.2778],[75.5393,32.3352],[75.5598,32.357],[75.7228,32.4056],[75.7277,32.4317],[75.7438,32.4316],[75.7298,32.4532],[75.7769,32.4651],[75.8322,32.5107]]]}},{"type":"Feature","properties":{"name":"Chandigarh","country":"India"},"geometry":{"type":"Polygon","coordinates":[[[76.7723,30.7941],[76.7835,30.7706],[76.8186,30.7779],[76.8054,30.765],[76.8358,30.7558],[76.8315,30.7395],[76.8482,30.7303],[76.8319,30.6832],[76.8075,30.667],[76.7393,30.6929],[76.7311,30.7236],[76.7052,30.7429],[76.7108,30.761],[76.7723,30.7941]]]}},{"type":"Feature","properties":{"name":"Himachal Pradesh","country":"India"},"geometry":{"type":"MultiPolygon","coordinates":[[[[76.8026,33.2539],[76.8201,33.2358],[76.8307,33.2492],[76.8446,33.2423],[76.8174,33.1941],[76.818,33.1571],[76.8551,33.1144],[76.8889,33.1172],[76.9287,33.0317],[77.0095,32.9887],[77.0474,32.9986],[77.0865,32.9724],[77.1505,32.9782],[77.1645,32.9365],[77.1557,32.9116],[77.188,32.9287],[77.2029,32.9065],[77.243,32.8922],[77.2543,32.8639],[77.274,32.8739],[77.3009,32.8499],[77.3219,32.8515],[77.339,32.8168],[77.3729,32.8232],[77.3746,32.8549],[77.4045,32.8827],[77.4448,32.8799],[77.4692,32.8587],[77.5015,32.8856],[77.5385,32.8861],[77.6031,32.9429],[77.6741,32.9612],[77.6825,32.9888],[77.741,32.969],[77.8106,32.907],[77.781,32.8658],[77.8692,32.827],[77.8842,32.7875],[77.9257,32.772],[77.9344,32.7259],[77.9186,32.6905],[78.0159,32.6196],[78.047,32.6453],[78.0609,32.6264],[78.0875,32.6247],[78.1105,32.6628],[78.1472,32.654],[78.1424,32.6818],[78.2459,32.6716],[78.2605,32.7029],[78.306,32.7071],[78.3129,32.7398],[78.388,32.7567],[78.4007,32.6942],[78.3814,32.6541],[78.4097,32.6231],[78.3136,32.5659],[78.2847,32.4685],[78.3291,32.4434],[78.3284,32.465],[78.349,32.4643],[78.3651,32.4994],[78.3995,32.5246],[78.4612,32.5038],[78.4655,32.4547],[78.4958,32.422],[78.5335,32.4155],[78.4848,32.3491],[78.4834,32.2814],[78.4608,32.2417],[78.5595,32.2487],[78.588,32.2361],[78.6147,32.2088],[78.6138,32.1754],[78.5962,32.1578],[78.6177,32.1152],[78.6566,32.1115],[78.7189,32.0357],[78.7886,31.9932],[78.7782,31.9352],[78.7501,31.9045],[78.7402,31.8375],[78.7099,31.7866],[78.7412,31.7576],[78.7284,31.7417],[78.754,31.6856],[78.7982,31.6818],[78.807,31.6471],[78.8533,31.6074],[78.736,31.5285],[78.7343,31.485],[78.7666,31.4864],[78.8128,31.4497],[78.8166,31.4193],[78.792,31.3955],[78.8588,31.3664],[78.8546,31.3235],[78.8924,31.2879],[78.926,31.2201],[78.9477,31.2168],[78.9575,31.1866],[78.9859,31.1738],[79.0089,31.1099],[78.8854,31.0987],[78.8312,31.1406],[78.8099,31.1983],[78.7652,31.1858],[78.6719,31.1969],[78.658,31.185],[78.647,31.2147],[78.6093,31.2293],[78.5782,31.2253],[78.5516,31.1999],[78.4838,31.1989],[78.4557,31.241],[78.4343,31.2546],[78.407,31.2422],[78.3962,31.2753],[78.3703,31.2863],[78.3112,31.2831],[78.3063,31.2599],[78.2829,31.2662],[78.247,31.2304],[78.2203,31.2339],[78.2124,31.2196],[78.1602,31.2255],[78.1036,31.1854],[78.0426,31.1785],[78.0303,31.151],[77.9673,31.1734],[77.9013,31.1518],[77.8512,31.0734],[77.8114,31.0591],[77.8298,31.0288],[77.8115,31.0316],[77.8075,31.0162],[77.8318,30.994],[77.8144,30.9618],[77.8376,30.9532],[77.7724,30.9743],[77.749,30.9535],[77.7628,30.9182],[77.8133,30.9219],[77.8057,30.8532],[77.7582,30.8768],[77.744,30.8466],[77.7613,30.8261],[77.7038,30.7652],[77.7051,30.7427],[77.7332,30.7353],[77.7558,30.7069],[77.7474,30.6799],[77.7925,30.6587],[77.7812,30.6467],[77.7963,30.6136],[77.7711,30.6164],[77.7717,30.5969],[77.7461,30.6039],[77.7432,30.5931],[77.774,30.5578],[77.8179,30.561],[77.8268,30.5278],[77.8174,30.5063],[77.6902,30.448],[77.5862,30.4216],[77.5723,30.4105],[77.5802,30.3773],[77.5468,30.396],[77.5198,30.4454],[77.4987,30.4058],[77.4453,30.396],[77.4238,30.4102],[77.4616,30.4346],[77.459,30.4581],[77.4095,30.4098],[77.3986,30.4174],[77.4083,30.4287],[77.3876,30.442],[77.364,30.4344],[77.3536,30.4607],[77.3139,30.4482],[77.2281,30.4854],[77.2135,30.4684],[77.195,30.5226],[77.1454,30.5365],[77.1217,30.5629],[77.1738,30.6006],[77.1612,30.6909],[77.0935,30.7423],[77.0175,30.7434],[77.0186,30.7655],[77.0013,30.7704],[77.0186,30.7803],[77.0125,30.8092],[76.9601,30.8273],[76.9426,30.8174],[76.9512,30.8506],[76.9169,30.9008],[76.8696,30.8731],[76.8231,30.9282],[76.7719,30.9068],[76.7085,30.9703],[76.6739,30.9687],[76.625,30.9986],[76.629,31.0236],[76.611,31.0458],[76.6386,31.108],[76.602,31.1235],[76.6123,31.148],[76.5968,31.178],[76.6454,31.2091],[76.6417,31.223],[76.5926,31.2113],[76.6119,31.2491],[76.5881,31.2737],[76.5492,31.2528],[76.5429,31.2824],[76.5393,31.261],[76.5238,31.2581],[76.5274,31.2772],[76.4976,31.2699],[76.4791,31.3087],[76.44,31.2787],[76.4635,31.302],[76.4321,31.3272],[76.3762,31.4375],[76.3673,31.4044],[76.3311,31.4016],[76.3535,31.3479],[76.3077,31.3424],[76.3224,31.3216],[76.2756,31.3004],[76.2693,31.3119],[76.1798,31.3065],[76.1788,31.3405],[76.1469,31.359],[76.1683,31.4104],[76.0559,31.6055],[76.0179,31.6331],[75.9367,31.8154],[75.9865,31.8179],[75.9104,31.9501],[75.7997,31.9938],[75.7508,32.0377],[75.7239,32.0326],[75.6629,32.0757],[75.5948,32.0695],[75.6002,32.0924],[75.6727,32.1592],[75.6619,32.1929],[75.6238,32.19],[75.6373,32.2227],[75.6185,32.2376],[75.7723,32.2894],[75.8148,32.3302],[75.8112,32.3485],[75.8438,32.3553],[75.8736,32.3957],[75.938,32.3975],[75.9028,32.4523],[75.8303,32.5132],[75.8731,32.5494],[75.8789,32.587],[75.9309,32.6318],[75.9332,32.6471],[75.8858,32.6522],[75.923,32.7437],[75.8858,32.7822],[75.8791,32.8112],[75.7963,32.8843],[75.8452,32.9285],[75.9189,32.9058],[75.9501,32.8728],[76.083,32.9552],[76.1072,33.0061],[76.2428,33.0208],[76.2729,33.0371],[76.2904,33.0598],[76.2859,33.1024],[76.4039,33.1858],[76.4806,33.1789],[76.5616,33.2095],[76.5959,33.2059],[76.6126,33.1734],[76.6394,33.1617],[76.7468,33.1784],[76.7758,33.2205],[76.7717,33.251],[76.8026,33.2539]]],[[[76.9217,30.8831],[76.9242,30.8765],[76.9175,30.8863],[76.9217,30.8831]]]]}},{"type":"Feature","properties":{"name":"Ladakh","country":"India"},"geometry":{"type":"Polygon","coordinates":[[[74.7074,37.0873],[74.7494,37.0194],[74.7691,37.0412],[74.8389,37.0358],[74.8348,37.0053],[74.9156,36.9203],[75.0157,36.9907],[75.1092,36.9619],[75.211,37.05],[75.3413,37.0608],[75.3544,36.9885],[75.4184,36.9724],[75.4069,36.908],[75.4498,36.8889],[75.4633,36.8303],[75.6127,36.7753],[75.7444,36.6077],[75.807,36.5634],[75.8524,36.5583],[75.945,36.5116],[76.0712,36.4842],[76.164,36.4065],[76.2665,36.3588],[76.3539,36.3694],[76.4375,36.3104],[76.4485,36.272],[76.4368,36.2578],[76.481,36.2197],[76.5941,36.1783],[76.6559,36.1922],[76.7111,36.1401],[76.7201,36.0977],[76.7838,36.0719],[76.8137,36.0406],[76.7321,35.9546],[76.783,35.9052],[76.8075,35.8497],[76.8611,35.836],[76.9356,35.789],[77.001,35.7756],[77.1157,35.7981],[77.1522,35.7686],[77.1764,35.7681],[77.1797,35.7302],[77.213,35.7333],[77.2583,35.7043],[77.2874,35.7226],[77.3211,35.701],[77.3355,35.7198],[77.3659,35.7152],[77.4116,35.6563],[77.4379,35.6561],[77.4401,35.6021],[77.4719,35.5843],[77.4652,35.55],[77.4828,35.5296],[77.4305,35.5137],[77.3887,35.5394],[77.332,35.5303],[77.3852,35.4739],[77.4437,35.4595],[77.4961,35.4778],[77.6286,35.465],[77.6531,35.4812],[77.6852,35.4668],[77.7288,35.4773],[77.7359,35.5211],[77.7863,35.488],[77.8292,35.5051],[77.9121,35.4611],[77.9293,35.4903],[77.9853,35.4483],[77.9393,35.5069],[77.9679,35.5718],[77.9578,35.6049],[78.0014,35.5824],[78.0556,35.5818],[78.0844,35.552],[78.1368,35.5366],[78.1649,35.5517],[78.1698,35.625],[78.1974,35.6228],[78.212,35.666],[78.2656,35.6474],[78.2845,35.6645],[78.277,35.7184],[78.4039,35.7358],[78.4427,35.7836],[78.5342,35.7625],[78.6464,35.8211],[78.6733,35.8542],[78.7862,35.8689],[78.8391,35.8561],[78.9251,35.8675],[78.9692,35.8902],[79.0322,35.8477],[79.1647,35.8382],[79.2128,35.8779],[79.2045,35.9277],[79.2309,35.9722],[79.358,35.9917],[79.4104,35.986],[79.4402,35.8941],[79.5362,35.8796],[79.7511,35.7969],[79.899,35.7751],[79.9677,35.8252],[80.0157,35.8262],[80.1289,35.6567],[80.2131,35.6387],[80.3117,35.588],[80.3146,35.5361],[80.3451,35.4612],[80.2985,35.417],[80.2975,35.3529],[80.2427,35.208],[80.185,35.1306],[80.1869,35.008],[80.1272,34.8725],[80.075,34.8054],[80.0653,34.6929],[79.9447,34.6609],[79.8783,34.6749],[79.7766,34.6104],[79.7944,34.5805],[79.7698,34.5378],[79.821,34.5145],[79.8161,34.4831],[79.7914,34.4668],[79.5984,34.4868],[79.5222,34.4636],[79.5316,34.4088],[79.5689,34.4006],[79.5685,34.3202],[79.597,34.278],[79.5921,34.2358],[79.5401,34.1913],[79.5131,34.2009],[79.4937,34.1847],[79.496,34.1244],[79.4211,34.0759],[79.4145,34.0417],[79.4374,34.0126],[79.4155,33.999],[79.3737,34.0268],[79.2829,34.0276],[79.1729,34.0583],[79.148,34.0551],[79.1382,34.0175],[79.1127,34.0089],[79.0011,34.0336],[78.9532,34.0131],[78.9183,33.9639],[79.0132,33.7829],[79.0605,33.7758],[79.0161,33.7023],[79.0463,33.6738],[79.078,33.6861],[79.1002,33.6163],[78.9029,33.622],[78.9145,33.606],[78.9063,33.5737],[78.9438,33.5261],[78.9271,33.4543],[78.9554,33.3816],[78.987,33.3309],[79.1077,33.2891],[79.2237,33.2963],[79.4461,33.2577],[79.443,33.2004],[79.3732,33.1064],[79.3803,33.0277],[79.3249,33.0122],[79.4461,32.9118],[79.5571,32.7677],[79.5881,32.7661],[79.6119,32.735],[79.5672,32.6701],[79.5375,32.6596],[79.4293,32.5235],[79.3845,32.5228],[79.373,32.5605],[79.3053,32.5858],[79.2598,32.5227],[79.1821,32.4738],[79.125,32.465],[79.1352,32.4323],[79.0937,32.3771],[79.0454,32.3874],[79.0035,32.3749],[78.9712,32.3357],[78.8067,32.4442],[78.7592,32.5678],[78.7824,32.5958],[78.7433,32.655],[78.7507,32.6928],[78.7087,32.6561],[78.6484,32.6439],[78.6053,32.5911],[78.5655,32.6148],[78.4513,32.5776],[78.3208,32.444],[78.2847,32.4689],[78.3134,32.5656],[78.4097,32.6231],[78.3814,32.6541],[78.4007,32.6942],[78.388,32.7567],[78.3129,32.7398],[78.306,32.7071],[78.2605,32.7029],[78.2459,32.6716],[78.1424,32.6818],[78.1472,32.654],[78.1105,32.6628],[78.0875,32.6247],[78.0609,32.6264],[78.047,32.6453],[78.0159,32.6196],[77.9186,32.6905],[77.9344,32.7259],[77.9257,32.772],[77.8842,32.7875],[77.8692,32.827],[77.781,32.8658],[77.8106,32.907],[77.741,32.969],[77.6825,32.9888],[77.6741,32.9612],[77.6031,32.9429],[77.5385,32.8861],[77.5015,32.8856],[77.4692,32.8587],[77.4448,32.8799],[77.4045,32.8827],[77.3746,32.8549],[77.3729,32.8232],[77.3386,32.8169],[77.3219,32.8515],[77.3009,32.8499],[77.274,32.8739],[77.2543,32.8639],[77.243,32.8922],[77.2029,32.9065],[77.188,32.9287],[77.1704,32.9107],[77.1557,32.9116],[77.1645,32.9365],[77.1505,32.9782],[77.0865,32.9724],[77.0474,32.9986],[77.0095,32.9887],[76.9287,33.0317],[76.9087,33.0946],[76.8851,33.1214],[76.8551,33.1144],[76.8167,33.1603],[76.8432,33.2467],[76.8201,33.2358],[76.7992,33.2562],[76.7565,33.2485],[76.7371,33.2611],[76.7177,33.329],[76.671,33.3418],[76.629,33.4349],[76.5818,33.4258],[76.5695,33.4662],[76.5496,33.4641],[76.5021,33.516],[76.4592,33.5339],[76.4507,33.5625],[76.4152,33.5391],[76.3799,33.5529],[76.3807,33.577],[76.3587,33.6037],[76.3077,33.6096],[76.3098,33.5715],[76.225,33.5476],[76.2054,33.5692],[76.2403,33.6048],[76.2294,33.6298],[76.2847,33.6618],[76.2662,33.6795],[76.2652,33.7469],[76.2126,33.7612],[76.1847,33.8002],[76.1614,33.8019],[76.16,33.8369],[76.123,33.889],[76.0332,33.9196],[76.0495,33.9339],[76.0244,33.9821],[75.9782,33.9722],[75.9665,33.9545],[75.8932,33.9691],[75.8382,33.955],[75.8196,33.9722],[75.8431,34.0048],[75.8183,34.0075],[75.7685,34.0549],[75.737,34.0589],[75.7425,34.0733],[75.7188,34.1033],[75.6679,34.1443],[75.6853,34.1996],[75.6481,34.212],[75.5934,34.1977],[75.5799,34.214],[75.4954,34.2324],[75.4749,34.2776],[75.4035,34.2847],[75.376,34.342],[75.3857,34.3661],[75.367,34.391],[75.3723,34.4126],[75.3275,34.4398],[75.3532,34.4688],[75.3429,34.4894],[75.3656,34.5381],[75.3442,34.563],[75.2534,34.6041],[75.2415,34.6378],[75.206,34.6438],[75.2321,34.6908],[75.2583,34.6976],[75.2563,34.7739],[75.2232,34.8175],[75.1442,34.8503],[75.142,34.875],[75.1013,34.9191],[75.0716,34.9192],[75.0641,34.9052],[75.064,34.8471],[75.0163,34.8483],[74.9186,34.7851],[74.8722,34.8302],[74.7985,34.8521],[74.7502,34.845],[74.7115,34.8809],[74.6842,34.8788],[74.6625,34.9068],[74.6042,34.9248],[74.577,34.9139],[74.5705,34.9756],[74.5851,35.0181],[74.5307,35.0462],[74.5398,35.075],[74.4994,35.1156],[74.4387,35.1301],[74.382,35.0678],[74.3052,35.0676],[74.2652,35.0409],[74.2151,35.0937],[74.1561,35.0909],[74.1059,35.1257],[74.1123,35.1485],[74.0338,35.1469],[74.0028,35.1836],[73.9568,35.168],[73.9245,35.2039],[73.8612,35.2071],[73.8083,35.2395],[73.7705,35.236],[73.7294,35.2097],[73.708,35.2225],[73.725,35.273],[73.6948,35.3184],[73.6939,35.3594],[73.727,35.419],[73.792,35.4542],[73.7785,35.5229],[73.7296,35.5295],[73.7213,35.5492],[73.6588,35.5476],[73.6284,35.569],[73.5616,35.5464],[73.5279,35.5673],[73.5015,35.5576],[73.4774,35.5719],[73.3981,35.5571],[73.3635,35.5972],[73.2687,35.6244],[73.1329,35.7108],[73.1265,35.7762],[73.1487,35.8312],[73.0839,35.8775],[73.0288,35.8471],[72.9871,35.8598],[72.9184,35.8391],[72.8924,35.8445],[72.8911,35.8737],[72.8393,35.8671],[72.8192,35.8817],[72.7843,35.8415],[72.7614,35.8323],[72.7266,35.8531],[72.6844,35.8225],[72.6281,35.8579],[72.5851,35.8594],[72.5582,35.8977],[72.5185,35.9055],[72.5131,35.9387],[72.5349,35.9506],[72.5387,35.9851],[72.56,35.987],[72.5846,36.0251],[72.5167,36.0673],[72.5276,36.1102],[72.5617,36.1399],[72.5359,36.1733],[72.5473,36.2054],[72.5739,36.2238],[72.5847,36.2569],[72.6117,36.2695],[72.6848,36.2439],[72.6806,36.271],[72.7592,36.2986],[72.8161,36.3564],[72.8537,36.3663],[72.8755,36.3946],[72.8597,36.4356],[72.9081,36.4609],[72.9794,36.4573],[72.9779,36.5115],[73.0519,36.533],[73.0972,36.606],[73.0741,36.6288],[73.0676,36.7006],[73.1164,36.6842],[73.1707,36.724],[73.2014,36.6955],[73.238,36.7115],[73.2941,36.7042],[73.3478,36.7164],[73.3516,36.735],[73.4214,36.743],[73.4976,36.7131],[73.5793,36.7224],[73.5927,36.6928],[73.6831,36.6866],[73.7099,36.7123],[73.7748,36.7021],[73.7956,36.7188],[73.8718,36.7014],[73.8853,36.7299],[73.868,36.7663],[73.837,36.7951],[73.8015,36.7942],[73.7976,36.8182],[73.7588,36.8162],[73.7055,36.8378],[73.7062,36.858],[73.667,36.8809],[73.6711,36.9117],[73.7287,36.898],[73.7513,36.9097],[73.8007,36.8875],[73.8204,36.9031],[73.8593,36.8973],[73.893,36.8755],[73.9149,36.883],[73.9615,36.8393],[74.0465,36.8108],[74.0855,36.8415],[74.1335,36.8479],[74.1558,36.9105],[74.249,36.8936],[74.4264,36.9957],[74.523,36.9951],[74.5403,36.9633],[74.5641,36.9579],[74.5804,37.021],[74.5681,37.0518],[74.6901,37.0881],[74.7074,37.0873]]]}},{"type":"Feature","properties":{"name":"Uttarakhand","country":"India"},"geometry":{"type":"Polygon","coordinates":[[[79.0591,31.4589],[79.1436,31.4255],[79.1922,31.3628],[79.2465,31.33],[79.2392,31.3142],[79.2719,31.2832],[79.2519,31.243],[79.2926,31.2212],[79.3175,31.1367],[79.3988,31.1078],[79.4077,31.077],[79.4246,31.0711],[79.4248,31.0305],[79.519,31.0267],[79.5525,30.9601],[79.6035,30.9327],[79.6636,30.9665],[79.665,30.9829],[79.7171,30.976],[79.753,31.0079],[79.8164,30.9739],[79.8627,30.9754],[79.8903,30.9186],[79.9104,30.9151],[79.9291,30.8824],[79.9622,30.89],[80.042,30.8358],[80.056,30.8415],[80.1109,30.7793],[80.1778,30.8041],[80.2149,30.7491],[80.2397,30.7621],[80.2505,30.7371],[80.2364,30.6904],[80.1997,30.683],[80.1972,30.6621],[80.2212,30.6418],[80.2117,30.6224],[80.2268,30.5789],[80.2578,30.5588],[80.2831,30.5722],[80.3856,30.515],[80.4156,30.5253],[80.5391,30.4492],[80.598,30.4788],[80.752,30.3935],[80.8216,30.3156],[81.0055,30.2631],[81.0332,30.2464],[81.0271,30.2285],[81.0466,30.2109],[80.95,30.1783],[80.9183,30.1898],[80.9197,30.2142],[80.9027,30.2154],[80.8678,30.1739],[80.8748,30.1265],[80.761,30.0495],[80.7446,30.0039],[80.719,30.0006],[80.6745,29.9572],[80.6018,29.9581],[80.5741,29.924],[80.5531,29.8513],[80.5067,29.823],[80.4939,29.7958],[80.435,29.806],[80.4069,29.7947],[80.3974,29.7589],[80.3663,29.749],[80.3842,29.6751],[80.4203,29.6383],[80.4076,29.5954],[80.3785,29.5611],[80.3425,29.5528],[80.3579,29.5328],[80.3497,29.5192],[80.2869,29.477],[80.3018,29.4528],[80.2422,29.4429],[80.2421,29.4115],[80.2757,29.3922],[80.2714,29.3644],[80.3185,29.3035],[80.2906,29.2318],[80.2937,29.1978],[80.2526,29.2214],[80.2406,29.2029],[80.2727,29.1424],[80.233,29.1185],[80.1832,29.1372],[80.1448,29.1022],[80.1264,29.0319],[80.1354,29.0074],[80.1179,28.9815],[80.1005,28.9869],[80.0585,28.9166],[80.0617,28.7832],[80.0301,28.7486],[79.9544,28.7229],[79.9242,28.7731],[79.9398,28.7877],[79.9014,28.782],[79.8731,28.7973],[79.8785,28.8148],[79.9155,28.8043],[79.8882,28.8366],[79.8632,28.8402],[79.8463,28.8232],[79.8493,28.7996],[79.808,28.8009],[79.8372,28.8323],[79.8238,28.839],[79.8368,28.8399],[79.8307,28.8552],[79.8496,28.8593],[79.8293,28.8845],[79.7491,28.8718],[79.7067,28.841],[79.656,28.8698],[79.5844,28.8463],[79.5735,28.8546],[79.5843,28.8792],[79.5564,28.8991],[79.5218,28.8647],[79.4405,28.8617],[79.4249,28.8681],[79.419,28.94],[79.3873,28.9497],[79.3724,28.9875],[79.3647,28.9681],[79.3122,28.977],[79.3073,28.9665],[79.2117,29.0276],[79.1711,29.0119],[79.1624,29.0292],[79.1751,29.0462],[79.1425,29.0669],[79.1535,29.1152],[79.1269,29.1327],[79.1119,29.1279],[79.0358,29.1694],[79.0374,29.1448],[79.0178,29.1538],[79.0169,29.1308],[79.0406,29.1277],[79.0267,29.1124],[79.0082,29.1119],[78.9823,29.143],[78.9564,29.1199],[78.9063,29.125],[78.9188,29.1355],[78.9088,29.1786],[78.8752,29.2052],[78.8745,29.2302],[78.8078,29.2367],[78.765,29.2793],[78.7227,29.2993],[78.7186,29.3066],[78.7345,29.3029],[78.7337,29.3219],[78.7503,29.3174],[78.7666,29.3374],[78.7934,29.3282],[78.7896,29.3153],[78.7959,29.3118],[78.8247,29.3671],[78.8499,29.3448],[78.9423,29.4386],[78.7997,29.4646],[78.6177,29.558],[78.5327,29.6387],[78.5165,29.7194],[78.501,29.7329],[78.3357,29.7966],[78.2598,29.7383],[78.2039,29.7373],[78.196,29.693],[78.1716,29.6916],[78.1305,29.6525],[78.0815,29.6351],[78.0867,29.625],[78.0575,29.6307],[78.0183,29.5982],[78.0216,29.5809],[77.9952,29.5958],[77.9675,29.5801],[77.9333,29.6005],[77.9484,29.6169],[77.9777,29.6134],[77.9838,29.6447],[77.9399,29.6961],[77.953,29.7073],[77.8826,29.7024],[77.83,29.6683],[77.7991,29.6862],[77.8105,29.7024],[77.7697,29.7176],[77.7827,29.7362],[77.7695,29.7453],[77.7743,29.791],[77.7516,29.8107],[77.7419,29.8518],[77.7143,29.8695],[77.7478,29.9112],[77.7305,29.9317],[77.7484,29.9516],[77.7333,29.9559],[77.762,30.0093],[77.782,30.0186],[77.7711,30.048],[77.8012,30.0955],[77.8281,30.0859],[77.8604,30.1132],[77.9189,30.2113],[77.9617,30.2424],[77.8465,30.2716],[77.7218,30.3302],[77.6566,30.4009],[77.576,30.3974],[77.5724,30.4079],[77.815,30.5051],[77.8273,30.5291],[77.8179,30.561],[77.774,30.5578],[77.7432,30.5931],[77.7461,30.6039],[77.7717,30.5969],[77.7711,30.6164],[77.7963,30.6136],[77.7812,30.6467],[77.7925,30.6587],[77.7474,30.6799],[77.7558,30.7069],[77.7024,30.746],[77.7038,30.7652],[77.7613,30.8261],[77.744,30.8466],[77.7582,30.8768],[77.8057,30.8532],[77.8133,30.9219],[77.7628,30.9182],[77.7488,30.9522],[77.771,30.9743],[77.8244,30.9505],[77.8383,30.9542],[77.8144,30.9618],[77.8318,30.994],[77.8075,31.0162],[77.8115,31.0316],[77.8298,31.0288],[77.8114,31.0591],[77.8512,31.0734],[77.9013,31.1518],[77.9673,31.1734],[78.0303,31.151],[78.0426,31.1785],[78.1036,31.1854],[78.1602,31.2255],[78.2124,31.2196],[78.2203,31.2339],[78.247,31.2304],[78.2829,31.2662],[78.3063,31.2599],[78.3112,31.2831],[78.3703,31.2863],[78.3962,31.2753],[78.407,31.2422],[78.4343,31.2546],[78.4557,31.241],[78.4838,31.1989],[78.5516,31.1999],[78.5782,31.2253],[78.6093,31.2293],[78.647,31.2147],[78.658,31.185],[78.6719,31.1969],[78.7652,31.1858],[78.8099,31.1983],[78.8312,31.1406],[78.8854,31.0987],[79.0089,31.1099],[78.9859,31.1738],[78.9575,31.1866],[78.9477,31.2168],[78.926,31.2201],[78.9121,31.2552],[78.9371,31.2606],[78.9476,31.3195],[79.0108,31.3571],[79.0591,31.4589]]]}},{"type":"Feature","properties":{"name":"Uttar Pradesh","country":"India"},"geometry":{"type":"MultiPolygon","coordinates":[[[[79.3651,25.1445],[79.3872,25.0857],[79.4259,25.0586],[79.413,25.0353],[79.395,25.0321],[79.369,25.0543],[79.3561,25.0405],[79.3511,25.0689],[79.3798,25.0648],[79.3797,25.1012],[79.3504,25.1181],[79.3651,25.1445]]],[[[79.3726,25.18],[79.3545,25.1759],[79.3595,25.1886],[79.3726,25.18]]],[[[77.576,30.3974],[77.6566,30.4009],[77.7218,30.3302],[77.8465,30.2716],[77.9617,30.2424],[77.9189,30.2113],[77.8604,30.1132],[77.8281,30.0859],[77.8012,30.0955],[77.7711,30.048],[77.782,30.0186],[77.762,30.0093],[77.7333,29.9559],[77.7484,29.9516],[77.7305,29.9317],[77.7478,29.9112],[77.7143,29.8695],[77.7419,29.8518],[77.7516,29.8107],[77.7743,29.791],[77.7695,29.7453],[77.7827,29.7362],[77.7697,29.7176],[77.8105,29.7024],[77.7991,29.6862],[77.83,29.6683],[77.8826,29.7024],[77.9125,29.6959],[77.9264,29.7142],[77.947,29.7125],[77.9399,29.6961],[77.9838,29.6447],[77.9777,29.6134],[77.9484,29.6169],[77.9333,29.6005],[77.9671,29.5801],[77.9952,29.5958],[78.0216,29.5809],[78.0183,29.5982],[78.0575,29.6307],[78.0867,29.625],[78.0815,29.6351],[78.1305,29.6525],[78.1716,29.6916],[78.196,29.693],[78.2039,29.7373],[78.2598,29.7383],[78.3357,29.7966],[78.501,29.7329],[78.5165,29.7194],[78.5327,29.6387],[78.6177,29.558],[78.7997,29.4646],[78.9423,29.4386],[78.8499,29.3448],[78.8247,29.3671],[78.7959,29.3118],[78.7934,29.3282],[78.7666,29.3374],[78.7503,29.3174],[78.7337,29.3219],[78.7345,29.3029],[78.7186,29.3066],[78.8078,29.2367],[78.8745,29.2302],[78.8752,29.2052],[78.9088,29.1786],[78.9188,29.1355],[78.9063,29.125],[78.9564,29.1199],[78.9823,29.143],[79.0082,29.1119],[79.0267,29.1124],[79.0406,29.1277],[79.0169,29.1308],[79.0178,29.1538],[79.0374,29.1448],[79.0358,29.1694],[79.1119,29.1279],[79.1269,29.1327],[79.1535,29.1152],[79.1425,29.0669],[79.1751,29.0462],[79.1624,29.0292],[79.1711,29.0119],[79.2117,29.0276],[79.3073,28.9665],[79.3122,28.977],[79.3647,28.9681],[79.3724,28.9875],[79.3873,28.9497],[79.419,28.94],[79.4254,28.8667],[79.5218,28.8647],[79.5564,28.8991],[79.5843,28.8792],[79.5735,28.8546],[79.5844,28.8463],[79.656,28.8698],[79.7067,28.841],[79.7491,28.8718],[79.818,28.8878],[79.8496,28.8593],[79.8307,28.8552],[79.8368,28.8399],[79.8238,28.839],[79.8372,28.8323],[79.8088,28.8],[79.8493,28.7996],[79.8463,28.8232],[79.8632,28.8402],[79.8882,28.8366],[79.9155,28.8043],[79.8785,28.8148],[79.8731,28.7973],[79.9014,28.782],[79.9398,28.7877],[79.9242,28.7731],[79.9542,28.7228],[80.0301,28.7486],[80.0617,28.7832],[80.0681,28.8025],[80.0518,28.8204],[80.0654,28.8369],[80.0748,28.8245],[80.1181,28.829],[80.216,28.7556],[80.2566,28.7543],[80.2565,28.7292],[80.3171,28.7001],[80.3257,28.6665],[80.361,28.6353],[80.4519,28.6289],[80.4687,28.5835],[80.5176,28.552],[80.5306,28.5726],[80.5059,28.6708],[80.5395,28.6908],[80.5905,28.68],[80.5894,28.648],[80.6676,28.6422],[80.6775,28.6044],[80.6958,28.6035],[80.6904,28.5876],[80.7145,28.5684],[80.7686,28.5659],[80.7892,28.5245],[80.8659,28.4896],[80.8615,28.5044],[80.8961,28.507],[80.9154,28.4576],[80.9141,28.4684],[80.9305,28.4578],[80.9427,28.4687],[80.932,28.4589],[80.9517,28.4476],[80.9802,28.4552],[80.9646,28.4448],[80.9788,28.4342],[81.0168,28.4513],[81.0126,28.4378],[81.0342,28.4282],[81.0175,28.4155],[81.0338,28.3989],[81.0357,28.4136],[81.0797,28.3851],[81.2106,28.3608],[81.2345,28.3247],[81.2326,28.2891],[81.3209,28.1976],[81.3213,28.1689],[81.302,28.1648],[81.3281,28.1481],[81.318,28.1337],[81.3711,28.1435],[81.3735,28.1773],[81.4467,28.161],[81.4499,28.1409],[81.484,28.1186],[81.4783,28.0827],[81.624,28.0016],[81.6984,27.9882],[81.885,27.857],[81.9258,27.8598],[81.9683,27.9291],[82.07,27.9236],[82.1214,27.8658],[82.2083,27.8436],[82.4487,27.6793],[82.7077,27.7229],[82.7115,27.6653],[82.7366,27.6435],[82.7351,27.6099],[82.7558,27.5878],[82.7355,27.5024],[82.9293,27.5012],[82.9541,27.4677],[83.0341,27.4489],[83.1879,27.4543],[83.2722,27.3833],[83.2724,27.3526],[83.3176,27.3302],[83.3592,27.3433],[83.4093,27.4128],[83.3839,27.4363],[83.4017,27.4575],[83.3882,27.4798],[83.6143,27.4694],[83.8308,27.3698],[83.8639,27.3472],[83.8366,27.3222],[83.8593,27.3081],[83.9255,27.3214],[83.9341,27.2997],[83.9051,27.2576],[83.9702,27.224],[83.9942,27.1752],[83.9591,27.1369],[83.9465,27.0908],[84.0303,27.0976],[84.0001,27.0686],[84.0495,27.0433],[84.0373,27.0091],[84.0567,26.9897],[84.0458,26.9822],[84.0548,26.9601],[84.0321,26.9412],[84.06,26.9202],[84.0603,26.8881],[84.0981,26.8759],[84.1104,26.8986],[84.1464,26.8854],[84.1406,26.8527],[84.1661,26.8338],[84.2195,26.8716],[84.2541,26.8566],[84.26,26.805],[84.2326,26.7537],[84.2407,26.7387],[84.2554,26.7266],[84.3059,26.7495],[84.3301,26.6841],[84.4104,26.6702],[84.4197,26.6268],[84.3073,26.6163],[84.2813,26.5996],[84.1603,26.6245],[84.1587,26.6362],[84.0865,26.6391],[84.0891,26.603],[84.0481,26.5364],[84.0083,26.5219],[83.9761,26.5335],[83.9708,26.5075],[83.9404,26.5252],[83.9081,26.5191],[83.908,26.4471],[83.9913,26.4324],[84.0168,26.4476],[84.0339,26.4117],[84.0792,26.3825],[84.1767,26.3707],[84.186,26.3129],[84.1662,26.2409],[84.1512,26.2578],[84.1217,26.2589],[84.0864,26.2188],[84.0192,26.2389],[84.0153,26.2233],[84.0384,26.201],[84.0136,26.1943],[84.0094,26.1756],[84.0335,26.1607],[84.0274,26.1424],[84.0501,26.13],[84.0559,26.1002],[84.1038,26.0927],[84.1725,26.0246],[84.17,25.9877],[84.2071,25.9998],[84.2969,25.9452],[84.354,25.9588],[84.4119,25.9308],[84.4276,25.8912],[84.534,25.8764],[84.5432,25.86],[84.5232,25.8603],[84.5305,25.8316],[84.5521,25.8402],[84.6246,25.7922],[84.6235,25.7708],[84.603,25.7619],[84.6347,25.7279],[84.5603,25.7369],[84.5575,25.6797],[84.5352,25.6908],[84.5394,25.7267],[84.5289,25.6825],[84.4993,25.6747],[84.4535,25.7143],[84.4296,25.7116],[84.4277,25.6936],[84.4067,25.6984],[84.4,25.7294],[84.3844,25.7328],[84.3917,25.7452],[84.3363,25.7442],[84.3243,25.671],[84.2876,25.6775],[84.3003,25.6654],[84.2769,25.6604],[84.206,25.6695],[84.1989,25.7021],[84.1546,25.7292],[84.1417,25.7161],[84.1299,25.7178],[84.1399,25.7317],[84.1051,25.7212],[84.0752,25.6953],[84.0813,25.6363],[84.0174,25.6147],[83.9246,25.5543],[83.9021,25.524],[83.8762,25.5181],[83.8567,25.4686],[83.8166,25.4628],[83.8128,25.4482],[83.8464,25.4344],[83.8016,25.4298],[83.8078,25.4091],[83.769,25.3864],[83.7406,25.4106],[83.7101,25.386],[83.7017,25.3962],[83.6821,25.3786],[83.6937,25.3696],[83.6559,25.3684],[83.6488,25.3393],[83.5963,25.3277],[83.5737,25.3061],[83.5721,25.3147],[83.5399,25.3158],[83.5541,25.3085],[83.5055,25.281],[83.4904,25.2895],[83.4679,25.2523],[83.4501,25.261],[83.4362,25.2442],[83.4099,25.2466],[83.402,25.2091],[83.3572,25.1997],[83.3513,25.157],[83.3674,25.1252],[83.3501,25.1133],[83.3434,25.0509],[83.3202,25.0173],[83.3498,25.0092],[83.3431,24.9631],[83.3615,24.9537],[83.3546,24.9055],[83.3695,24.8799],[83.3575,24.8705],[83.3966,24.8323],[83.3931,24.7827],[83.4278,24.7683],[83.4581,24.7313],[83.4893,24.7363],[83.4851,24.7017],[83.5204,24.6775],[83.5005,24.6513],[83.548,24.6229],[83.5235,24.6031],[83.5301,24.5673],[83.4971,24.5391],[83.5033,24.5254],[83.3969,24.4969],[83.3855,24.4513],[83.4049,24.436],[83.4051,24.4048],[83.4344,24.4008],[83.4573,24.3645],[83.3804,24.3138],[83.4091,24.2663],[83.3787,24.2304],[83.383,24.1979],[83.3541,24.1249],[83.2995,24.0789],[83.2791,24.0183],[83.2426,24.0116],[83.2236,23.9866],[83.2079,23.9214],[83.0914,23.8715],[82.9479,23.8714],[82.837,23.9568],[82.8126,23.9599],[82.8042,24.0035],[82.7507,24.012],[82.774,24.0763],[82.7139,24.0762],[82.6652,24.1245],[82.6829,24.1546],[82.7281,24.1351],[82.7444,24.1655],[82.7347,24.2173],[82.7593,24.2371],[82.7736,24.3434],[82.764,24.3763],[82.726,24.3679],[82.7132,24.3802],[82.7392,24.4276],[82.7299,24.4727],[82.7436,24.4953],[82.7206,24.514],[82.731,24.5351],[82.7192,24.5525],[82.7516,24.5499],[82.7555,24.5374],[82.8075,24.549],[82.803,24.5977],[82.7655,24.5958],[82.7795,24.6139],[82.7743,24.6418],[82.7067,24.6363],[82.7009,24.676],[82.6708,24.697],[82.5396,24.6479],[82.523,24.6763],[82.4502,24.6744],[82.453,24.6885],[82.4294,24.7026],[82.4062,24.6811],[82.4161,24.5912],[82.3648,24.5972],[82.3386,24.6204],[82.2968,24.6058],[82.3031,24.6671],[82.2688,24.6834],[82.2609,24.6613],[82.2397,24.6613],[82.2297,24.6818],[82.2501,24.6975],[82.2507,24.7697],[82.2452,24.7444],[82.2265,24.7612],[82.2288,24.7456],[82.2066,24.7472],[82.2213,24.7223],[82.214,24.7344],[82.1775,24.7323],[82.2033,24.7583],[82.1965,24.7781],[82.2094,24.7715],[82.2179,24.7767],[82.2162,24.7941],[82.1843,24.7956],[82.2036,24.8192],[82.1667,24.8009],[82.1789,24.7951],[82.167,24.7854],[82.1386,24.7994],[82.1156,24.7844],[82.0977,24.8161],[82.017,24.8459],[81.9653,24.827],[81.9028,24.8917],[81.9196,24.9281],[81.9073,25.0057],[81.8956,25.0095],[81.8913,24.9889],[81.8348,25.017],[81.7922,25.0044],[81.7315,25.0486],[81.6898,25.0389],[81.6665,25.0751],[81.6114,25.0565],[81.6004,25.0738],[81.6409,25.0985],[81.6241,25.12],[81.6083,25.0961],[81.5981,25.1313],[81.6233,25.141],[81.6262,25.1605],[81.5885,25.1658],[81.5956,25.1818],[81.5786,25.1909],[81.5146,25.1843],[81.5365,25.1605],[81.5272,25.1381],[81.4995,25.1487],[81.4964,25.129],[81.4801,25.1325],[81.4903,25.1094],[81.5181,25.1007],[81.4911,25.0723],[81.4073,25.1049],[81.4477,25.1072],[81.4385,25.1303],[81.3999,25.1192],[81.3345,25.1693],[81.3196,25.1568],[81.331,25.1147],[81.3215,25.1128],[81.3134,25.1637],[81.2775,25.166],[81.2521,25.1021],[81.2667,25.0844],[81.2638,25.0528],[81.2089,24.9926],[81.2195,24.9286],[81.1929,24.9254],[81.2072,24.9304],[81.168,24.9552],[81.1396,24.8875],[81.0963,24.9212],[81.0845,24.9499],[81.0337,24.9526],[81.0256,24.9401],[81.0163,24.9515],[81.0231,24.9276],[80.9739,24.9342],[80.9572,24.9179],[80.946,24.9663],[80.8991,24.9486],[80.9071,24.9351],[80.8917,24.9451],[80.812,24.9225],[80.82,24.9329],[80.7922,24.9649],[80.8517,24.9882],[80.8318,25.0329],[80.878,25.0655],[80.8684,25.1157],[80.9129,25.1591],[80.8847,25.1879],[80.8688,25.1745],[80.8381,25.1803],[80.8486,25.163],[80.8299,25.1002],[80.807,25.1369],[80.7864,25.1294],[80.7788,25.1423],[80.742,25.1236],[80.7302,25.1463],[80.7044,25.1284],[80.7274,25.1186],[80.7255,25.0914],[80.7836,25.0756],[80.7758,25.0548],[80.7207,25.064],[80.6797,25.0485],[80.685,25.0766],[80.6617,25.0676],[80.656,25.0847],[80.6081,25.0984],[80.6382,25.1169],[80.6285,25.1334],[80.6103,25.129],[80.6065,25.1504],[80.5923,25.0902],[80.6131,25.0657],[80.5684,25.0869],[80.5458,25.0644],[80.5216,25.076],[80.5181,25.0947],[80.4827,25.1002],[80.5066,25.084],[80.5006,25.0415],[80.5461,25.0324],[80.5495,25.0025],[80.4993,25.0062],[80.4787,24.974],[80.4561,24.9816],[80.4629,25.0025],[80.437,24.9945],[80.4549,25.0057],[80.4331,25.0237],[80.4541,25.0418],[80.4744,25.0305],[80.5019,25.0372],[80.4751,25.0379],[80.449,25.0787],[80.433,25.0658],[80.4161,25.0732],[80.4087,25.0554],[80.4006,25.0696],[80.388,25.0509],[80.3737,25.0559],[80.3964,25.0119],[80.3873,25.0043],[80.3629,25.0236],[80.331,24.9922],[80.2736,25.026],[80.2904,25.0594],[80.3114,25.0442],[80.3553,25.0556],[80.3484,25.0867],[80.3761,25.1164],[80.3546,25.1384],[80.4317,25.1776],[80.4033,25.244],[80.3836,25.2373],[80.3514,25.2772],[80.3108,25.2864],[80.3154,25.3889],[80.2638,25.424],[80.2534,25.4008],[80.2208,25.3967],[80.2024,25.414],[80.1949,25.3782],[80.169,25.3769],[80.1311,25.3342],[80.0888,25.3559],[80.0727,25.3369],[80.0334,25.342],[80.0222,25.2976],[79.9989,25.286],[80.0051,25.2657],[79.9483,25.2687],[79.9176,25.2268],[79.9075,25.2509],[79.8514,25.2356],[79.8686,25.2165],[79.856,25.1941],[79.8665,25.1501],[79.8815,25.142],[79.8516,25.1285],[79.8615,25.0962],[79.7485,25.1394],[79.6834,25.1352],[79.6732,25.1204],[79.6227,25.1406],[79.6011,25.1275],[79.607,25.1528],[79.5957,25.1434],[79.5694,25.1718],[79.5179,25.127],[79.5249,25.097],[79.4915,25.0797],[79.465,25.088],[79.4772,25.1275],[79.4389,25.1012],[79.4392,25.1278],[79.4213,25.1354],[79.4261,25.1191],[79.4057,25.1064],[79.3839,25.1427],[79.39,25.17],[79.4116,25.1827],[79.4121,25.2003],[79.4404,25.1988],[79.4488,25.2151],[79.4327,25.2206],[79.4625,25.2647],[79.4945,25.2669],[79.4672,25.2833],[79.4375,25.2549],[79.4088,25.2561],[79.4076,25.2739],[79.3686,25.2925],[79.3629,25.2617],[79.3583,25.2842],[79.3361,25.2881],[79.3522,25.3299],[79.2999,25.3376],[79.2705,25.3097],[79.2645,25.2689],[79.2827,25.2622],[79.2938,25.2836],[79.3165,25.256],[79.3509,25.2639],[79.3436,25.2271],[79.3328,25.2283],[79.3519,25.2122],[79.3384,25.198],[79.3285,25.2213],[79.2793,25.2447],[79.2846,25.1912],[79.3085,25.1983],[79.3231,25.1498],[79.3137,25.1362],[79.2782,25.1174],[79.2599,25.1253],[79.2644,25.1523],[79.2446,25.159],[79.2242,25.146],[79.2492,25.1403],[79.2454,25.114],[79.215,25.1114],[79.1922,25.1462],[79.1762,25.1401],[79.186,25.1149],[79.1319,25.109],[79.116,25.1396],[79.1261,25.1612],[79.0906,25.1908],[79.0508,25.134],[79.0308,25.1385],[79.0309,25.1845],[79.0523,25.2074],[79.0486,25.1935],[79.0597,25.1904],[79.0637,25.2218],[79.0218,25.2416],[79.0132,25.274],[78.9944,25.2732],[78.9748,25.2405],[79.0012,25.2337],[79.0059,25.195],[78.9539,25.219],[78.8804,25.1576],[78.871,25.187],[78.8906,25.2144],[78.8695,25.2311],[78.8809,25.254],[78.8998,25.2431],[78.917,25.2736],[78.9451,25.2594],[78.9555,25.2828],[78.9799,25.279],[78.9574,25.3022],[78.9606,25.3451],[78.9279,25.3241],[78.9225,25.3429],[78.9118,25.3326],[78.882,25.3436],[78.8626,25.3145],[78.8799,25.286],[78.8497,25.2288],[78.8095,25.2706],[78.8286,25.3027],[78.7878,25.296],[78.7982,25.3139],[78.8193,25.3069],[78.8426,25.3366],[78.8462,25.327],[78.8457,25.3556],[78.8802,25.3859],[78.9533,25.3999],[78.9383,25.3748],[78.8965,25.374],[78.9387,25.347],[78.9592,25.3715],[78.9893,25.374],[78.9699,25.3901],[78.967,25.4346],[78.9509,25.4405],[78.9382,25.4223],[78.9089,25.4424],[78.9439,25.4829],[78.9199,25.5154],[78.9528,25.5375],[78.9394,25.5572],[78.9234,25.5359],[78.9112,25.5552],[78.8826,25.554],[78.8844,25.5156],[78.835,25.5058],[78.8662,25.4657],[78.8442,25.4278],[78.8207,25.4387],[78.8549,25.4477],[78.8409,25.4615],[78.8206,25.4677],[78.8092,25.4534],[78.8182,25.4717],[78.7916,25.4834],[78.7678,25.4694],[78.7363,25.4938],[78.7318,25.4581],[78.7624,25.4269],[78.803,25.4372],[78.8214,25.4226],[78.7497,25.4111],[78.7481,25.391],[78.768,25.4],[78.7569,25.3854],[78.7737,25.3762],[78.7746,25.3531],[78.7241,25.344],[78.6996,25.3819],[78.6589,25.3853],[78.666,25.4158],[78.6749,25.3996],[78.7114,25.4281],[78.6899,25.4457],[78.6817,25.4332],[78.6598,25.4417],[78.6414,25.4335],[78.6358,25.4007],[78.6097,25.416],[78.5902,25.386],[78.5665,25.3935],[78.5629,25.3773],[78.5888,25.366],[78.5833,25.347],[78.532,25.3566],[78.5531,25.3196],[78.5312,25.3],[78.5089,25.2965],[78.5023,25.3209],[78.4735,25.2861],[78.4538,25.3013],[78.435,25.2842],[78.4509,25.2621],[78.5034,25.2895],[78.5106,25.2768],[78.5309,25.2846],[78.5336,25.2684],[78.5779,25.2548],[78.5555,25.2114],[78.5702,25.2239],[78.6007,25.1554],[78.6024,25.0944],[78.6281,25.0862],[78.6526,25.0506],[78.6317,24.9578],[78.6628,24.9387],[78.6766,24.8986],[78.77,24.859],[78.7898,24.811],[78.7704,24.7884],[78.781,24.7061],[78.7439,24.6541],[78.752,24.6002],[78.7838,24.5886],[78.8832,24.6413],[78.9532,24.5469],[78.9473,24.5024],[78.9714,24.4938],[78.9362,24.4794],[78.9206,24.4997],[78.9146,24.4593],[78.9475,24.4366],[78.9856,24.4417],[78.9936,24.4228],[78.9715,24.3476],[78.9096,24.298],[78.9161,24.2676],[78.8844,24.25],[78.8819,24.217],[78.8267,24.1954],[78.8149,24.2068],[78.8127,24.181],[78.7922,24.1769],[78.7619,24.2595],[78.7504,24.2339],[78.7342,24.2524],[78.7031,24.2269],[78.6686,24.24],[78.66,24.2676],[78.6258,24.2806],[78.6284,24.3039],[78.6036,24.3145],[78.586,24.3537],[78.5299,24.3681],[78.5184,24.3878],[78.5005,24.3891],[78.4743,24.3563],[78.4776,24.3385],[78.4439,24.3193],[78.4136,24.2727],[78.3857,24.2697],[78.348,24.2996],[78.3292,24.3294],[78.3658,24.386],[78.2697,24.4469],[78.275,24.4739],[78.2459,24.4861],[78.246,24.5095],[78.2254,24.5214],[78.2294,24.5375],[78.2645,24.5522],[78.278,24.6148],[78.2627,24.646],[78.2767,24.663],[78.2261,24.7469],[78.2357,24.7717],[78.2167,24.8086],[78.169,24.8626],[78.3339,24.9955],[78.3474,25.0215],[78.3386,25.0866],[78.3835,25.1017],[78.4068,25.1289],[78.4468,25.1218],[78.4274,25.1541],[78.4583,25.1637],[78.3961,25.1872],[78.3914,25.2012],[78.411,25.2127],[78.3598,25.2422],[78.3725,25.2599],[78.3501,25.2773],[78.3546,25.2923],[78.3117,25.3033],[78.3435,25.3286],[78.3008,25.3599],[78.3053,25.3768],[78.3405,25.3995],[78.3545,25.452],[78.3777,25.4368],[78.4165,25.4765],[78.4313,25.4736],[78.4193,25.533],[78.4436,25.5632],[78.4647,25.5455],[78.4933,25.5787],[78.5877,25.5566],[78.6181,25.5837],[78.6308,25.5789],[78.6242,25.5674],[78.6587,25.5599],[78.7173,25.6053],[78.7421,25.597],[78.8118,25.6208],[78.8167,25.6763],[78.7999,25.7051],[78.7633,25.7199],[78.7529,25.75],[78.7829,25.7585],[78.8083,25.801],[78.8286,25.7957],[78.8283,25.8143],[78.8063,25.8131],[78.8184,25.829],[78.8456,25.8216],[78.8578,25.7918],[78.8724,25.8014],[78.8726,25.8351],[78.8514,25.8385],[78.8524,25.8566],[78.8731,25.8751],[78.8874,25.8685],[78.8846,25.9139],[78.939,25.9427],[78.9332,25.9793],[78.9568,25.9965],[78.9483,26.0277],[79.0121,26.0832],[78.9489,26.1287],[78.967,26.1501],[79.0049,26.148],[79.0045,26.169],[78.9831,26.1844],[78.9937,26.1969],[79.0258,26.1918],[79.0258,26.2201],[78.9894,26.235],[79.0194,26.2476],[79.0346,26.2254],[79.0634,26.2259],[79.0697,26.2457],[79.0456,26.2603],[79.077,26.2806],[79.0906,26.27],[79.1019,26.3068],[79.1186,26.3003],[79.1155,26.3205],[79.1388,26.3375],[79.0842,26.3623],[79.0952,26.4126],[79.126,26.4113],[79.1352,26.4401],[79.0526,26.4537],[79.0681,26.4966],[79.0397,26.5151],[79.0283,26.5467],[79.0077,26.5439],[78.9876,26.5863],[79.0171,26.601],[78.9935,26.6419],[79.0038,26.6737],[78.9455,26.6548],[78.9561,26.6917],[78.9126,26.7068],[78.8724,26.6978],[78.819,26.7609],[78.771,26.7591],[78.7536,26.787],[78.7272,26.7765],[78.7229,26.7973],[78.6845,26.7888],[78.6705,26.7624],[78.6284,26.7732],[78.613,26.7524],[78.5769,26.749],[78.5232,26.7803],[78.4617,26.7882],[78.4343,26.8257],[78.399,26.8185],[78.3626,26.8692],[78.2825,26.8544],[78.2725,26.8159],[78.26,26.8142],[78.2196,26.8327],[78.1965,26.8809],[78.2326,26.8743],[78.2707,26.9153],[78.225,26.9463],[78.2101,26.9312],[78.172,26.9482],[78.1191,26.9472],[78.1218,26.9226],[78.1018,26.9178],[78.1112,26.8959],[78.0488,26.9101],[78.056,26.8684],[78.0265,26.8495],[78.0355,26.8708],[78.0146,26.9029],[77.9484,26.8936],[77.9064,26.9178],[77.9089,26.8906],[77.8965,26.884],[77.8502,26.9128],[77.7599,26.9325],[77.7249,26.9104],[77.7226,26.8743],[77.6867,26.8752],[77.6103,26.8286],[77.6084,26.8391],[77.5258,26.8189],[77.5206,26.8414],[77.5012,26.8445],[77.4875,26.7882],[77.5026,26.7687],[77.4604,26.7418],[77.4669,26.7737],[77.4327,26.7678],[77.4291,26.8016],[77.3979,26.8304],[77.4903,26.9005],[77.5832,26.9242],[77.6609,26.9712],[77.6722,26.96],[77.6762,26.9732],[77.7435,26.9832],[77.763,27.0068],[77.7377,27.0298],[77.7301,26.9939],[77.7119,26.9971],[77.6798,27.0471],[77.6656,27.0173],[77.6422,27.0257],[77.63,27.0102],[77.5792,27.0382],[77.5632,27.0294],[77.5717,27.0719],[77.5193,27.0666],[77.5264,27.0846],[77.5054,27.0923],[77.5177,27.1025],[77.5978,27.118],[77.62,27.1736],[77.6584,27.1701],[77.6811,27.1944],[77.6467,27.2102],[77.6528,27.2348],[77.6165,27.2578],[77.6168,27.2864],[77.5987,27.2972],[77.6219,27.313],[77.6227,27.3362],[77.5788,27.3227],[77.5072,27.3771],[77.4395,27.3907],[77.4211,27.422],[77.4378,27.4563],[77.4015,27.4765],[77.3874,27.5129],[77.3402,27.5265],[77.3378,27.5714],[77.3582,27.589],[77.3171,27.6068],[77.3526,27.6512],[77.3412,27.7034],[77.3038,27.7111],[77.3194,27.7335],[77.3104,27.7881],[77.2829,27.7998],[77.2965,27.8252],[77.3312,27.8311],[77.3483,27.8555],[77.4219,27.8544],[77.4093,27.8742],[77.4201,27.8904],[77.4505,27.871],[77.4722,27.8836],[77.4847,27.9349],[77.5366,27.934],[77.5442,27.9622],[77.517,27.9712],[77.5424,27.9891],[77.5128,28.0319],[77.4836,28.0405],[77.5012,28.0585],[77.4743,28.0874],[77.4826,28.1072],[77.4994,28.0946],[77.5124,28.1248],[77.4914,28.1365],[77.5021,28.1612],[77.5496,28.1798],[77.5175,28.1931],[77.5012,28.1817],[77.497,28.2053],[77.5303,28.1986],[77.5213,28.2244],[77.5504,28.2424],[77.4927,28.252],[77.507,28.3055],[77.4712,28.3348],[77.5046,28.37],[77.4735,28.397],[77.4776,28.4191],[77.4355,28.4309],[77.4334,28.4549],[77.3805,28.4703],[77.3717,28.4984],[77.3516,28.5001],[77.3474,28.5205],[77.3,28.5598],[77.2984,28.5802],[77.3423,28.6086],[77.3163,28.6412],[77.3311,28.7131],[77.2915,28.7062],[77.2908,28.7224],[77.2219,28.7774],[77.2341,28.7837],[77.1993,28.7977],[77.2244,28.8253],[77.1887,28.8801],[77.2267,28.8801],[77.2345,28.9108],[77.1964,28.9382],[77.2027,28.9853],[77.1891,29.0277],[77.167,29.0338],[77.1638,29.0794],[77.1341,29.0951],[77.1491,29.1176],[77.1314,29.2175],[77.15,29.2328],[77.139,29.2678],[77.1612,29.3324],[77.1295,29.3426],[77.1233,29.3703],[77.1574,29.3873],[77.1333,29.4008],[77.1484,29.4341],[77.1232,29.4554],[77.1333,29.4831],[77.0964,29.5195],[77.1268,29.5595],[77.0839,29.589],[77.1095,29.5974],[77.1062,29.6323],[77.1315,29.6418],[77.1566,29.6926],[77.1198,29.7601],[77.1794,29.8131],[77.1782,29.8458],[77.202,29.8689],[77.188,29.9114],[77.2175,29.9234],[77.2777,30.0002],[77.2778,30.0418],[77.3343,30.0537],[77.3775,30.09],[77.4239,30.1032],[77.4032,30.1117],[77.4251,30.1315],[77.4298,30.164],[77.4569,30.1623],[77.4754,30.1791],[77.5382,30.278],[77.5863,30.3127],[77.578,30.3308],[77.6046,30.3674],[77.576,30.3974]],[[78.5156,25.1809],[78.4943,25.1526],[78.5296,25.1802],[78.5156,25.1809]]]]}},{"type":"Feature","properties":{"name":"Delhi","country":"India"},"geometry":{"type":"Polygon","coordinates":[[[77.0827,28.8835],[77.1403,28.8621],[77.146,28.8379],[77.1754,28.8583],[77.2142,28.8558],[77.2244,28.8253],[77.219,28.8082],[77.2013,28.8129],[77.2026,28.7925],[77.2341,28.7837],[77.2219,28.7774],[77.2908,28.7224],[77.2915,28.7062],[77.3311,28.7131],[77.3163,28.6412],[77.342,28.6071],[77.3134,28.5966],[77.2971,28.566],[77.3474,28.5184],[77.3141,28.4836],[77.2903,28.4965],[77.2433,28.4788],[77.2329,28.4579],[77.2495,28.4245],[77.2166,28.4097],[77.1745,28.4047],[77.1623,28.4289],[77.1286,28.4409],[77.1108,28.4713],[77.1207,28.4959],[77.0931,28.5141],[77.0589,28.5126],[77.0067,28.5414],[77.0102,28.5143],[76.9781,28.5213],[76.9517,28.5042],[76.9079,28.5138],[76.8854,28.5011],[76.8871,28.5206],[76.8424,28.5563],[76.8395,28.5828],[76.8661,28.588],[76.8878,28.6317],[76.9346,28.6184],[76.943,28.628],[76.925,28.6501],[76.9538,28.6677],[76.9678,28.6996],[76.9482,28.713],[76.9601,28.7327],[76.9445,28.7541],[76.9556,28.7678],[76.9485,28.8155],[76.9948,28.8395],[77.0402,28.8321],[77.0827,28.8835]]]}},{"type":"Feature","properties":{"name":"Haryana","country":"India"},"geometry":{"type":"MultiPolygon","coordinates":[[[[76.8224,30.9285],[76.8696,30.8731],[76.9169,30.9008],[76.9512,30.8506],[76.9426,30.8174],[76.9601,30.8273],[77.0125,30.8092],[77.0186,30.7803],[77.0013,30.7704],[77.0186,30.7655],[77.0175,30.7434],[77.0935,30.7423],[77.1612,30.6909],[77.1738,30.6006],[77.1217,30.5629],[77.1454,30.5365],[77.195,30.5226],[77.2135,30.4684],[77.2281,30.4854],[77.3139,30.4482],[77.3536,30.4607],[77.364,30.4344],[77.3876,30.442],[77.4083,30.4287],[77.3986,30.4174],[77.4095,30.4098],[77.459,30.4581],[77.4616,30.4346],[77.4238,30.4102],[77.4453,30.396],[77.4987,30.4058],[77.5198,30.4454],[77.5468,30.396],[77.6046,30.3674],[77.578,30.3308],[77.5831,30.3076],[77.5382,30.278],[77.4805,30.1842],[77.4257,30.1581],[77.4251,30.1315],[77.4032,30.1117],[77.4239,30.1032],[77.3775,30.09],[77.3343,30.0537],[77.2778,30.0418],[77.2777,30.0002],[77.2175,29.9234],[77.1858,29.9075],[77.202,29.8689],[77.1782,29.8458],[77.1792,29.8127],[77.1198,29.7601],[77.1566,29.6926],[77.1315,29.6418],[77.1062,29.6323],[77.1095,29.5974],[77.084,29.5872],[77.1268,29.5595],[77.0964,29.5195],[77.1333,29.4831],[77.1232,29.4554],[77.1484,29.4341],[77.1333,29.4008],[77.1574,29.3873],[77.1233,29.3703],[77.1295,29.3426],[77.1612,29.3324],[77.139,29.2678],[77.15,29.2328],[77.1314,29.2175],[77.1491,29.1176],[77.134,29.096],[77.1638,29.0794],[77.167,29.0338],[77.1891,29.0277],[77.2027,28.9853],[77.1959,28.9393],[77.2312,28.9205],[77.2281,28.8812],[77.1955,28.8862],[77.1893,28.8679],[77.2099,28.8577],[77.1754,28.8583],[77.1577,28.8367],[77.1424,28.8389],[77.1403,28.8621],[77.1209,28.8583],[77.0827,28.8835],[77.0402,28.8321],[76.9948,28.8395],[76.951,28.8182],[76.9445,28.7541],[76.9601,28.7327],[76.9482,28.713],[76.9678,28.6996],[76.9538,28.6677],[76.925,28.6501],[76.943,28.628],[76.9346,28.6184],[76.8883,28.632],[76.8661,28.588],[76.8389,28.5735],[76.8454,28.5504],[76.8871,28.5206],[76.8854,28.5011],[76.9079,28.5138],[76.9517,28.5042],[76.9781,28.5213],[77.0102,28.5143],[77.0067,28.5414],[77.0589,28.5126],[77.0934,28.5139],[77.1207,28.4959],[77.1108,28.4713],[77.1236,28.4455],[77.1623,28.4289],[77.1745,28.4047],[77.2493,28.4242],[77.2329,28.4579],[77.2433,28.4788],[77.2903,28.4965],[77.3141,28.4836],[77.3451,28.5132],[77.3717,28.4984],[77.3805,28.4703],[77.4081,28.4672],[77.4001,28.4556],[77.4334,28.4549],[77.4355,28.4309],[77.4776,28.4191],[77.4735,28.397],[77.5046,28.37],[77.4712,28.3348],[77.507,28.3055],[77.4927,28.252],[77.5504,28.2424],[77.5213,28.2244],[77.5303,28.1986],[77.497,28.2053],[77.5012,28.1817],[77.5175,28.1931],[77.5496,28.1798],[77.5021,28.1612],[77.4914,28.1365],[77.5124,28.1248],[77.4994,28.0946],[77.4821,28.107],[77.4744,28.0867],[77.5012,28.0585],[77.4836,28.0405],[77.5128,28.0319],[77.5424,27.9891],[77.5187,27.9621],[77.5461,27.9579],[77.5293,27.9253],[77.4922,27.9385],[77.4753,27.9293],[77.4788,27.8944],[77.4609,27.8762],[77.4201,27.8904],[77.4093,27.8742],[77.4219,27.8544],[77.3483,27.8555],[77.3364,27.8342],[77.2965,27.8252],[77.2837,27.801],[77.2688,27.8149],[77.2417,27.7835],[77.2021,27.8238],[77.1986,27.7988],[77.177,27.7855],[77.1894,27.809],[77.1595,27.8163],[77.1586,27.7873],[77.1352,27.7751],[77.1229,27.7926],[77.1085,27.7855],[77.0448,27.821],[77.0266,27.7792],[77.0764,27.7663],[77.0857,27.7381],[77.0596,27.7265],[77.0365,27.7486],[77.0001,27.737],[76.9794,27.6536],[76.9438,27.6737],[76.9115,27.654],[76.9062,27.6863],[76.8893,27.6972],[76.9247,27.6999],[76.8925,27.7323],[76.919,27.8041],[76.9136,27.8317],[76.9356,27.8289],[76.9423,27.8426],[76.9377,27.8962],[76.9506,27.8956],[76.9516,27.918],[76.9315,27.9223],[76.931,27.9939],[76.9705,28.1384],[76.9065,28.1719],[76.8916,28.1903],[76.9068,28.2003],[76.871,28.2066],[76.8681,28.2197],[76.8084,28.2109],[76.7948,28.1484],[76.7624,28.1426],[76.7433,28.1212],[76.7158,28.1277],[76.6874,28.0877],[76.6573,28.0893],[76.6544,28.0347],[76.6682,28.0138],[76.5899,27.9979],[76.5481,27.9638],[76.536,27.9795],[76.5438,28.0342],[76.4547,28.0423],[76.4625,28.0591],[76.5012,28.0597],[76.4478,28.089],[76.4637,28.1092],[76.499,28.1002],[76.5027,28.1187],[76.472,28.1351],[76.4757,28.1486],[76.3817,28.1332],[76.3566,28.1437],[76.3453,28.1694],[76.2923,28.1792],[76.2807,28.1655],[76.3046,28.1593],[76.2976,28.1491],[76.3599,28.1249],[76.3366,28.1026],[76.3014,28.0979],[76.3557,28.0707],[76.3424,28.0306],[76.319,28.0155],[76.299,28.0227],[76.2936,28.0492],[76.261,28.0675],[76.238,28.0497],[76.1804,28.0545],[76.2148,28.0266],[76.1769,28.0215],[76.1579,27.9893],[76.1866,27.9655],[76.1682,27.9034],[76.2015,27.8925],[76.1938,27.8595],[76.2252,27.8333],[76.2173,27.8168],[76.1996,27.8216],[76.175,27.7981],[76.1323,27.8245],[76.1233,27.851],[76.0889,27.8605],[76.0857,27.8447],[76.0481,27.835],[75.9714,27.852],[75.9875,27.9042],[75.9383,27.9141],[75.9324,27.9301],[75.9517,27.9477],[75.9727,27.9327],[75.9999,27.9776],[75.9658,27.9836],[75.9667,28.0],[75.9899,27.9947],[75.9955,28.0069],[75.9727,28.0236],[75.9946,28.0385],[76.0164,28.0305],[76.0083,28.0584],[76.0254,28.0542],[76.0408,28.074],[76.0232,28.0859],[75.9844,28.0471],[75.9834,28.0814],[75.9386,28.0879],[75.9456,28.1072],[75.9997,28.1235],[76.0049,28.1494],[76.0318,28.1679],[76.0707,28.1651],[76.0747,28.1371],[76.0955,28.1509],[76.0719,28.1943],[76.0473,28.1981],[76.0559,28.22],[76.0163,28.2368],[76.0263,28.275],[75.9864,28.293],[75.9725,28.3186],[75.9578,28.3138],[75.9182,28.372],[75.8187,28.4099],[75.7768,28.4004],[75.7667,28.4142],[75.7883,28.4535],[75.7357,28.4688],[75.7395,28.4848],[75.702,28.4918],[75.6658,28.536],[75.6335,28.5444],[75.6217,28.6021],[75.5615,28.6132],[75.5412,28.6605],[75.5361,28.7452],[75.5033,28.7825],[75.5202,28.834],[75.4985,28.849],[75.4966,28.8962],[75.4734,28.9234],[75.5116,28.9421],[75.5274,28.971],[75.522,29.0037],[75.4457,29.0083],[75.4418,29.0575],[75.3913,29.0627],[75.4022,29.1279],[75.3715,29.1381],[75.3813,29.169],[75.4068,29.1697],[75.4144,29.1843],[75.3968,29.2175],[75.4107,29.2555],[75.378,29.2568],[75.3498,29.2238],[75.3281,29.2353],[75.3406,29.2811],[75.322,29.2895],[75.2874,29.2733],[75.2838,29.2498],[75.2447,29.25],[75.2384,29.2302],[75.2101,29.2346],[75.188,29.2682],[75.1628,29.244],[75.1244,29.2399],[75.1196,29.2229],[75.0758,29.2297],[75.05,29.2861],[74.9992,29.2703],[74.9612,29.2806],[74.9484,29.3015],[74.9609,29.3203],[74.9383,29.362],[74.8506,29.4036],[74.7622,29.3544],[74.6582,29.372],[74.6545,29.3329],[74.5993,29.3275],[74.6029,29.3649],[74.5664,29.4205],[74.5366,29.4245],[74.5347,29.4477],[74.5438,29.468],[74.5847,29.4585],[74.6219,29.5222],[74.575,29.5643],[74.6159,29.7523],[74.5875,29.7669],[74.5781,29.748],[74.5031,29.7428],[74.4779,29.7468],[74.4733,29.7701],[74.4846,29.8149],[74.5442,29.8444],[74.5611,29.8698],[74.5438,29.9017],[74.5098,29.9084],[74.5316,29.9497],[74.5973,29.9128],[74.6508,29.9051],[74.6517,29.9266],[74.7069,29.977],[74.731,29.9615],[74.8115,29.9924],[74.8211,29.971],[74.8554,29.9565],[74.888,29.9667],[74.8972,29.9397],[74.9267,29.9505],[74.991,29.8678],[75.0225,29.8663],[75.047,29.8851],[75.07,29.877],[75.0864,29.9165],[75.0988,29.9128],[75.1147,29.8787],[75.0901,29.854],[75.1189,29.8316],[75.1006,29.8071],[75.1351,29.8073],[75.151,29.7755],[75.1668,29.7847],[75.1656,29.826],[75.191,29.8414],[75.2103,29.8329],[75.2085,29.7927],[75.2263,29.7891],[75.2408,29.7486],[75.2264,29.7289],[75.2103,29.7388],[75.2006,29.7265],[75.2068,29.6875],[75.1676,29.6695],[75.1876,29.6518],[75.1831,29.6284],[75.2354,29.6031],[75.2217,29.5803],[75.2354,29.5421],[75.3095,29.5608],[75.3199,29.5874],[75.2897,29.6078],[75.2957,29.625],[75.3166,29.6306],[75.3338,29.6735],[75.3602,29.6626],[75.3457,29.696],[75.3921,29.7132],[75.4063,29.7612],[75.454,29.782],[75.4595,29.8075],[75.5186,29.7758],[75.523,29.7584],[75.5621,29.7702],[75.58,29.7391],[75.6275,29.7484],[75.6425,29.7751],[75.6772,29.7766],[75.7064,29.7532],[75.7207,29.8135],[75.7562,29.805],[75.7788,29.8223],[75.8057,29.8047],[75.8378,29.813],[75.8703,29.7493],[75.9063,29.7533],[75.9387,29.7307],[75.9844,29.7271],[76.0261,29.7562],[76.0438,29.7427],[76.0981,29.8106],[76.124,29.7909],[76.1455,29.8191],[76.1737,29.8179],[76.1978,29.8448],[76.2206,29.8378],[76.2438,29.8524],[76.2468,29.876],[76.1935,29.8856],[76.1878,29.9206],[76.172,29.9263],[76.1838,29.9483],[76.2102,29.9396],[76.2024,29.9893],[76.232,30.0152],[76.214,30.0317],[76.2653,30.0988],[76.1964,30.1235],[76.2024,30.136],[76.2243,30.1271],[76.2077,30.157],[76.3218,30.0951],[76.3602,30.1202],[76.3335,30.1382],[76.3505,30.1468],[76.3622,30.1201],[76.4001,30.1167],[76.3911,30.1348],[76.4101,30.145],[76.3872,30.1706],[76.4227,30.1922],[76.4406,30.1658],[76.4286,30.1505],[76.46,30.1294],[76.4625,30.101],[76.4989,30.0941],[76.5083,30.0704],[76.5438,30.0743],[76.6437,30.1502],[76.6073,30.1918],[76.6142,30.2044],[76.6456,30.1881],[76.6354,30.17],[76.6571,30.1871],[76.6543,30.2035],[76.6155,30.2117],[76.6275,30.2272],[76.5963,30.2552],[76.5608,30.2289],[76.5457,30.2255],[76.5567,30.2624],[76.6234,30.2646],[76.6352,30.2891],[76.6808,30.3031],[76.6886,30.3273],[76.7461,30.3495],[76.7454,30.3678],[76.7199,30.3633],[76.7312,30.3797],[76.7132,30.3907],[76.741,30.4262],[76.7735,30.4434],[76.787,30.4162],[76.8216,30.4127],[76.8468,30.4381],[76.8561,30.4176],[76.8834,30.4086],[76.8983,30.3588],[76.9387,30.3861],[76.9337,30.4012],[76.9127,30.4009],[76.9123,30.4429],[76.8976,30.4371],[76.9138,30.4677],[76.899,30.4888],[76.9312,30.5004],[76.932,30.5222],[76.8865,30.5498],[76.9162,30.5537],[76.9097,30.5919],[76.926,30.6101],[76.8712,30.6421],[76.8764,30.6805],[76.853,30.6572],[76.8315,30.6648],[76.8252,30.6882],[76.8494,30.7183],[76.8315,30.7395],[76.857,30.7947],[76.8467,30.8339],[76.814,30.843],[76.7761,30.906],[76.8224,30.9285]],[[76.922,30.8826],[76.9177,30.8865],[76.9242,30.8765],[76.922,30.8826]]],[[[76.4407,28.1208],[76.4229,28.1143],[76.4289,28.1384],[76.4407,28.1208]]]]}},{"type":"Feature","properties":{"name":"Madhya Pradesh","country":"India"},"geometry":{"type":"MultiPolygon","coordinates":[[[[74.1748,22.4183],[74.1797,22.3968],[74.1789,22.388],[74.1571,22.4123],[74.1748,22.4183]]],[[[76.5675,25.4403],[76.5555,25.4826],[76.5164,25.5272],[76.5042,25.6717],[76.4795,25.6842],[76.4734,25.7099],[76.5238,25.7298],[76.5208,25.7931],[76.5821,25.8704],[76.6232,25.8706],[76.6403,25.9076],[76.7163,25.9012],[76.7566,25.921],[76.7489,25.9405],[76.789,25.9411],[76.8068,25.9898],[76.8848,26.048],[76.9007,26.0932],[76.9976,26.1291],[77.0316,26.1726],[77.0968,26.1832],[77.1347,26.2329],[77.2039,26.2299],[77.2698,26.2668],[77.3425,26.352],[77.3745,26.3657],[77.4447,26.3618],[77.4373,26.4033],[77.5384,26.4113],[77.6737,26.5028],[77.727,26.5023],[77.7459,26.5388],[77.822,26.5496],[77.8357,26.576],[77.8273,26.596],[77.8943,26.6147],[77.9043,26.6591],[77.9532,26.6589],[78.0004,26.6949],[78.0897,26.6745],[78.0959,26.7278],[78.1235,26.7469],[78.1035,26.7633],[78.106,26.7889],[78.184,26.7838],[78.1735,26.8245],[78.2252,26.8306],[78.2691,26.8138],[78.2825,26.8544],[78.3626,26.8692],[78.399,26.8185],[78.4343,26.8257],[78.4617,26.7882],[78.5232,26.7803],[78.5784,26.7488],[78.613,26.7524],[78.6284,26.7732],[78.6705,26.7624],[78.6845,26.7888],[78.7236,26.7971],[78.7272,26.7765],[78.7536,26.787],[78.771,26.7591],[78.819,26.7609],[78.8724,26.6978],[78.9126,26.7068],[78.9561,26.6917],[78.9455,26.6548],[78.9833,26.6769],[79.007,26.6713],[78.9935,26.6419],[79.0171,26.601],[78.9891,26.5956],[78.9898,26.5785],[79.0077,26.5439],[79.0283,26.5467],[79.0397,26.5151],[79.0681,26.4966],[79.0526,26.4537],[79.1352,26.4401],[79.126,26.4113],[79.0952,26.4126],[79.0842,26.3593],[79.1388,26.3375],[79.1155,26.3205],[79.1174,26.2989],[79.1019,26.3068],[79.0906,26.27],[79.077,26.2806],[79.0456,26.2603],[79.0697,26.2457],[79.0634,26.2259],[79.0346,26.2254],[79.0194,26.2476],[78.9894,26.235],[79.0258,26.2201],[79.0258,26.1918],[78.9937,26.1969],[78.9831,26.1844],[79.0045,26.169],[79.0049,26.148],[78.967,26.1501],[78.9489,26.1287],[79.0121,26.0832],[78.9483,26.0277],[78.9568,25.9965],[78.9332,25.9793],[78.939,25.9427],[78.8846,25.9139],[78.8874,25.8685],[78.8731,25.8751],[78.8524,25.8566],[78.8514,25.8385],[78.8726,25.8351],[78.8724,25.8014],[78.8578,25.7918],[78.8456,25.8216],[78.8184,25.829],[78.8063,25.8131],[78.8283,25.8143],[78.8286,25.7957],[78.8083,25.801],[78.7829,25.7585],[78.7529,25.75],[78.7633,25.7199],[78.7999,25.7051],[78.8167,25.6763],[78.8118,25.6208],[78.7421,25.597],[78.7173,25.6053],[78.6587,25.5599],[78.6242,25.5674],[78.6308,25.5789],[78.6181,25.5837],[78.5877,25.5566],[78.4933,25.5787],[78.4647,25.5455],[78.4436,25.5632],[78.4193,25.533],[78.4313,25.4736],[78.4165,25.4765],[78.3777,25.4368],[78.3545,25.452],[78.3405,25.3995],[78.3053,25.3768],[78.3008,25.3599],[78.3435,25.3286],[78.3117,25.3033],[78.3546,25.2923],[78.3501,25.2773],[78.3725,25.2599],[78.3598,25.2422],[78.411,25.2127],[78.3914,25.2012],[78.3961,25.1872],[78.4583,25.1637],[78.4274,25.1541],[78.4468,25.1218],[78.4068,25.1289],[78.3835,25.1017],[78.3386,25.0866],[78.3474,25.0215],[78.3339,24.9955],[78.169,24.8626],[78.2167,24.8086],[78.2357,24.7717],[78.2261,24.7469],[78.2767,24.663],[78.2627,24.646],[78.278,24.6148],[78.2645,24.5522],[78.2294,24.5375],[78.2258,24.5201],[78.246,24.5095],[78.2459,24.4861],[78.275,24.4739],[78.2697,24.4469],[78.3658,24.386],[78.3291,24.3271],[78.3849,24.27],[78.4311,24.284],[78.4936,24.3814],[78.5184,24.3878],[78.5299,24.3681],[78.586,24.3537],[78.6036,24.3145],[78.6284,24.3039],[78.6258,24.2806],[78.66,24.2676],[78.6686,24.24],[78.7031,24.2269],[78.7342,24.2524],[78.7504,24.2339],[78.7619,24.2595],[78.7856,24.184],[78.8055,24.1782],[78.8149,24.2068],[78.8267,24.1954],[78.8819,24.217],[78.8844,24.25],[78.9161,24.2676],[78.9096,24.298],[78.9715,24.3476],[78.9936,24.4228],[78.9856,24.4417],[78.9475,24.4366],[78.9146,24.4593],[78.9206,24.4997],[78.9362,24.4794],[78.9714,24.4938],[78.9473,24.5024],[78.9532,24.5469],[78.8832,24.6413],[78.7838,24.5886],[78.752,24.6002],[78.7439,24.6541],[78.781,24.7061],[78.7704,24.7884],[78.7898,24.811],[78.77,24.859],[78.6766,24.8986],[78.6628,24.9387],[78.6317,24.9578],[78.6526,25.0506],[78.6281,25.0862],[78.6024,25.0944],[78.6007,25.1554],[78.5702,25.2239],[78.5555,25.2114],[78.5779,25.2548],[78.5336,25.2684],[78.5309,25.2846],[78.5106,25.2768],[78.5034,25.2895],[78.4509,25.2621],[78.435,25.2842],[78.4538,25.3013],[78.4735,25.2861],[78.5023,25.3209],[78.5089,25.2965],[78.5312,25.3],[78.5531,25.3196],[78.532,25.3566],[78.5833,25.347],[78.5888,25.366],[78.5629,25.3773],[78.5665,25.3935],[78.5902,25.386],[78.6097,25.416],[78.6358,25.4007],[78.6414,25.4335],[78.6598,25.4417],[78.6817,25.4332],[78.6899,25.4457],[78.7114,25.4281],[78.6749,25.3996],[78.666,25.4158],[78.6589,25.3853],[78.6996,25.3819],[78.7241,25.344],[78.7746,25.3531],[78.7737,25.3762],[78.7569,25.3854],[78.768,25.4],[78.7481,25.391],[78.7497,25.4111],[78.8214,25.4226],[78.803,25.4372],[78.7624,25.4269],[78.7318,25.4581],[78.7363,25.4938],[78.7678,25.4694],[78.7916,25.4834],[78.8182,25.4717],[78.8092,25.4534],[78.8206,25.4677],[78.8409,25.4615],[78.8549,25.4477],[78.8207,25.4387],[78.8442,25.4278],[78.8662,25.4657],[78.835,25.5058],[78.8844,25.5156],[78.8826,25.554],[78.9112,25.5552],[78.9234,25.5359],[78.9394,25.5572],[78.9528,25.5375],[78.9199,25.5154],[78.9439,25.4829],[78.9089,25.4424],[78.9382,25.4223],[78.9509,25.4405],[78.967,25.4346],[78.9699,25.3901],[78.9893,25.374],[78.9592,25.3715],[78.9387,25.347],[78.8965,25.374],[78.9383,25.3748],[78.9533,25.3999],[78.8802,25.3859],[78.8457,25.3556],[78.841,25.345],[78.8499,25.3349],[78.8462,25.327],[78.8426,25.3366],[78.8193,25.3069],[78.7982,25.3139],[78.7878,25.296],[78.8286,25.3027],[78.8095,25.2706],[78.8497,25.2288],[78.8799,25.286],[78.8626,25.3145],[78.882,25.3436],[78.9118,25.3326],[78.9225,25.3429],[78.9279,25.3241],[78.9606,25.3451],[78.9574,25.3022],[78.9799,25.279],[78.9555,25.2828],[78.9451,25.2594],[78.917,25.2736],[78.8998,25.2431],[78.8809,25.254],[78.8695,25.2311],[78.8906,25.2144],[78.871,25.187],[78.8804,25.1576],[78.9539,25.219],[79.0059,25.195],[79.0012,25.2337],[78.9748,25.2405],[78.9944,25.2732],[79.0132,25.274],[79.0218,25.2416],[79.0637,25.2218],[79.0597,25.1904],[79.0523,25.2074],[79.0309,25.1845],[79.0308,25.1385],[79.0508,25.134],[79.0906,25.1908],[79.1261,25.1612],[79.116,25.1396],[79.1319,25.109],[79.186,25.1149],[79.1762,25.1401],[79.1922,25.1462],[79.215,25.1114],[79.2454,25.114],[79.2492,25.1403],[79.2242,25.146],[79.2446,25.159],[79.2644,25.1523],[79.2599,25.1253],[79.2782,25.1174],[79.3137,25.1362],[79.3231,25.1498],[79.3085,25.1983],[79.2846,25.1912],[79.2793,25.2447],[79.3285,25.2213],[79.3384,25.198],[79.3519,25.2122],[79.3328,25.2283],[79.3436,25.2271],[79.3509,25.2639],[79.3165,25.256],[79.2938,25.2836],[79.2827,25.2622],[79.2645,25.2689],[79.2705,25.3097],[79.2999,25.3376],[79.3522,25.3299],[79.3361,25.2881],[79.3583,25.2842],[79.3629,25.2617],[79.3686,25.2925],[79.4076,25.2739],[79.4088,25.2561],[79.4375,25.2549],[79.4672,25.2833],[79.4945,25.2669],[79.4625,25.2647],[79.4327,25.2206],[79.4488,25.2151],[79.4404,25.1988],[79.4121,25.2003],[79.4116,25.1827],[79.39,25.17],[79.3839,25.1427],[79.4057,25.1064],[79.4261,25.1191],[79.4213,25.1354],[79.4392,25.1278],[79.4389,25.1012],[79.4772,25.1275],[79.465,25.088],[79.4915,25.0797],[79.5249,25.097],[79.5179,25.127],[79.5694,25.1718],[79.5957,25.1434],[79.607,25.1528],[79.6011,25.1275],[79.6227,25.1406],[79.6732,25.1204],[79.6834,25.1352],[79.7485,25.1394],[79.8615,25.0962],[79.8516,25.1285],[79.8815,25.142],[79.8665,25.1501],[79.856,25.1941],[79.8686,25.2165],[79.8514,25.2356],[79.9075,25.2509],[79.9176,25.2268],[79.9483,25.2687],[80.0051,25.2657],[79.9989,25.286],[80.0222,25.2976],[80.0334,25.342],[80.0727,25.3369],[80.0888,25.3559],[80.1311,25.3342],[80.169,25.3769],[80.1949,25.3782],[80.2024,25.414],[80.2208,25.3967],[80.2534,25.4008],[80.2638,25.424],[80.3154,25.3889],[80.3108,25.2864],[80.3514,25.2772],[80.3836,25.2373],[80.4033,25.244],[80.4317,25.1776],[80.3546,25.1384],[80.3761,25.1164],[80.3484,25.0867],[80.3553,25.0556],[80.3114,25.0442],[80.2904,25.0594],[80.2736,25.026],[80.331,24.9922],[80.3629,25.0236],[80.3873,25.0043],[80.3964,25.0119],[80.3737,25.0559],[80.388,25.0509],[80.4006,25.0696],[80.4087,25.0554],[80.4161,25.0732],[80.433,25.0658],[80.449,25.0787],[80.4751,25.0379],[80.5019,25.0372],[80.4744,25.0305],[80.4541,25.0418],[80.4331,25.0237],[80.4549,25.0057],[80.4368,25.0015],[80.437,24.9945],[80.4629,25.0025],[80.4561,24.9816],[80.4787,24.974],[80.4993,25.0062],[80.5495,25.0025],[80.5461,25.0324],[80.5006,25.0415],[80.5066,25.084],[80.4808,25.0929],[80.4827,25.1002],[80.5181,25.0947],[80.5216,25.076],[80.5458,25.0644],[80.5684,25.0869],[80.6131,25.0657],[80.5923,25.0902],[80.6065,25.1504],[80.6103,25.129],[80.6285,25.1334],[80.6382,25.1169],[80.6081,25.0984],[80.656,25.0847],[80.6617,25.0676],[80.685,25.0766],[80.6797,25.0485],[80.7207,25.064],[80.7758,25.0548],[80.7836,25.0756],[80.7255,25.0914],[80.7274,25.1186],[80.7044,25.1284],[80.7302,25.1463],[80.742,25.1236],[80.7788,25.1423],[80.7864,25.1294],[80.807,25.1369],[80.8299,25.1002],[80.8486,25.163],[80.8381,25.1803],[80.8688,25.1745],[80.8847,25.1879],[80.9129,25.1591],[80.8684,25.1157],[80.878,25.0655],[80.8318,25.0329],[80.8517,24.9882],[80.7922,24.9649],[80.82,24.9329],[80.812,24.9225],[80.8917,24.9451],[80.9071,24.9351],[80.8991,24.9486],[80.946,24.9663],[80.9572,24.9179],[80.9739,24.9342],[81.0231,24.9276],[81.0163,24.9515],[81.0256,24.9401],[81.0337,24.9526],[81.0845,24.9499],[81.0963,24.9212],[81.1396,24.8875],[81.168,24.9552],[81.2072,24.9304],[81.1929,24.9254],[81.2195,24.9286],[81.2089,24.9926],[81.2638,25.0528],[81.2667,25.0844],[81.2521,25.1021],[81.2775,25.166],[81.3134,25.1637],[81.3215,25.1128],[81.3196,25.1568],[81.3345,25.1693],[81.3999,25.1192],[81.4385,25.1303],[81.4477,25.1072],[81.4137,25.1079],[81.4073,25.1049],[81.4911,25.0723],[81.5181,25.1007],[81.4903,25.1094],[81.4801,25.1325],[81.4964,25.129],[81.4995,25.1487],[81.5272,25.1381],[81.5365,25.1605],[81.5146,25.1843],[81.5786,25.1909],[81.5956,25.1818],[81.5885,25.1658],[81.6262,25.1605],[81.6233,25.141],[81.5981,25.1313],[81.6083,25.0961],[81.6241,25.12],[81.6409,25.0985],[81.6004,25.0738],[81.6114,25.0565],[81.6665,25.0751],[81.6898,25.0389],[81.7315,25.0486],[81.7922,25.0044],[81.8348,25.017],[81.8913,24.9889],[81.8956,25.0095],[81.9073,25.0057],[81.9196,24.9281],[81.9028,24.8917],[81.9653,24.827],[82.017,24.8459],[82.0977,24.8161],[82.1156,24.7844],[82.1386,24.7994],[82.167,24.7854],[82.1789,24.7951],[82.1697,24.798],[82.1667,24.8009],[82.1782,24.8109],[82.2036,24.8192],[82.1843,24.7956],[82.2162,24.7941],[82.2179,24.7767],[82.1965,24.7781],[82.2033,24.7583],[82.1775,24.7323],[82.214,24.7344],[82.2213,24.7223],[82.2066,24.7472],[82.2288,24.7456],[82.2265,24.7612],[82.2452,24.7444],[82.2461,24.7697],[82.2507,24.7697],[82.2501,24.6975],[82.2297,24.6818],[82.2397,24.6613],[82.2609,24.6613],[82.2688,24.6834],[82.3031,24.6671],[82.2968,24.6058],[82.3386,24.6204],[82.3648,24.5972],[82.4161,24.5912],[82.4062,24.6811],[82.4294,24.7026],[82.453,24.6885],[82.4502,24.6744],[82.523,24.6763],[82.5396,24.6479],[82.6708,24.697],[82.7009,24.676],[82.7067,24.6363],[82.7743,24.6418],[82.7795,24.6139],[82.7655,24.5958],[82.803,24.5977],[82.8075,24.549],[82.7555,24.5374],[82.7516,24.5499],[82.7192,24.5525],[82.731,24.5351],[82.7206,24.514],[82.7436,24.4953],[82.7299,24.4727],[82.7392,24.4276],[82.7132,24.3802],[82.726,24.3679],[82.764,24.3763],[82.7736,24.3434],[82.7593,24.2371],[82.7347,24.2173],[82.7444,24.1655],[82.7281,24.1351],[82.6829,24.1546],[82.6643,24.1286],[82.7139,24.0762],[82.774,24.0763],[82.7507,24.012],[82.8042,24.0035],[82.8126,23.9599],[82.7545,23.9342],[82.7524,23.9198],[82.7035,23.9245],[82.6616,23.9076],[82.6511,23.8895],[82.6684,23.8718],[82.6605,23.8551],[82.5886,23.8214],[82.5331,23.8221],[82.5515,23.7906],[82.5234,23.7837],[82.4931,23.7872],[82.4693,23.8111],[82.3347,23.8025],[82.2606,23.8212],[82.2318,23.8053],[82.2063,23.8274],[82.2112,23.8516],[82.1715,23.8182],[82.0536,23.8184],[82.0384,23.8268],[82.0442,23.8416],[82.0088,23.8611],[81.9578,23.8523],[81.9289,23.8707],[81.8882,23.8355],[81.7911,23.8093],[81.7255,23.8398],[81.732,23.8567],[81.7075,23.8611],[81.7073,23.8824],[81.6904,23.8848],[81.6686,23.925],[81.609,23.9032],[81.6042,23.8818],[81.6222,23.8702],[81.6032,23.8537],[81.6132,23.8345],[81.6358,23.8345],[81.6514,23.7991],[81.6447,23.7701],[81.6818,23.7533],[81.6959,23.7213],[81.6841,23.6909],[81.6555,23.682],[81.6552,23.6631],[81.6146,23.6629],[81.612,23.5953],[81.5767,23.5853],[81.584,23.5536],[81.6103,23.5551],[81.6123,23.5102],[81.6373,23.4904],[81.6582,23.5049],[81.6589,23.529],[81.6996,23.522],[81.7466,23.5698],[81.7583,23.5499],[81.8091,23.5493],[81.8207,23.5152],[81.8364,23.5109],[81.9233,23.5327],[81.9579,23.5007],[81.955,23.468],[81.9804,23.447],[81.9853,23.4145],[82.0255,23.4249],[82.0219,23.3873],[82.056,23.3768],[82.0641,23.3929],[82.1034,23.3982],[82.1171,23.3555],[82.1457,23.3612],[82.194,23.3238],[82.1934,23.278],[82.1453,23.2267],[82.1444,23.1656],[82.1609,23.1621],[82.1614,23.1431],[82.1222,23.1038],[82.0722,23.1183],[82.0342,23.08],[81.9423,23.079],[81.9215,23.0408],[81.9505,22.9829],[81.9463,22.9568],[81.8782,22.9098],[81.8661,22.9158],[81.8616,22.8893],[81.7757,22.8744],[81.7613,22.8303],[81.7944,22.7665],[81.7536,22.7285],[81.7724,22.6682],[81.7526,22.6445],[81.7395,22.6751],[81.7131,22.6481],[81.6833,22.6469],[81.6473,22.6133],[81.6599,22.5695],[81.629,22.5634],[81.6219,22.538],[81.5695,22.5507],[81.57,22.5323],[81.5222,22.539],[81.4847,22.4878],[81.4426,22.4944],[81.4466,22.4698],[81.4589,22.4693],[81.4474,22.4659],[81.4278,22.4798],[81.4287,22.4569],[81.4067,22.441],[81.3901,22.4523],[81.3821,22.5098],[81.3265,22.5261],[81.3137,22.4829],[81.2813,22.503],[81.2322,22.4522],[81.1995,22.463],[81.1977,22.4896],[81.1727,22.4879],[81.1551,22.4549],[81.1112,22.4376],[81.1037,22.3834],[81.1212,22.3426],[81.1187,22.2913],[81.0795,22.2394],[81.0501,22.2446],[81.0195,22.2212],[81.0316,22.1997],[81.0167,22.1855],[81.0219,22.1327],[80.9783,22.12],[81.0113,22.0956],[81.0053,22.0615],[80.9944,22.0492],[80.97,22.0574],[80.957,22.1104],[80.922,22.12],[80.8827,22.059],[80.8527,21.9573],[80.8255,21.9584],[80.8477,21.9325],[80.8321,21.908],[80.8533,21.8728],[80.8402,21.8021],[80.8197,21.748],[80.7854,21.7403],[80.756,21.7621],[80.7261,21.7137],[80.7341,21.6945],[80.7144,21.6615],[80.7309,21.6173],[80.7154,21.585],[80.7289,21.5726],[80.72,21.555],[80.7408,21.5392],[80.7276,21.4962],[80.7374,21.4713],[80.7057,21.4309],[80.6778,21.3488],[80.6529,21.3275],[80.5992,21.3271],[80.5276,21.3949],[80.4576,21.4027],[80.4486,21.3721],[80.4122,21.3767],[80.396,21.4081],[80.4222,21.4405],[80.3772,21.5222],[80.2534,21.6248],[80.1928,21.6355],[80.1546,21.6065],[80.1197,21.6099],[80.0667,21.5542],[80.0329,21.5562],[79.9968,21.5336],[79.9715,21.5577],[79.9359,21.5562],[79.9185,21.5245],[79.8912,21.5182],[79.8312,21.5469],[79.7921,21.5866],[79.7376,21.6039],[79.6609,21.5769],[79.6521,21.556],[79.5406,21.5427],[79.5425,21.5682],[79.512,21.584],[79.5037,21.6146],[79.5172,21.6257],[79.4962,21.6742],[79.4222,21.6918],[79.3925,21.6741],[79.3524,21.6781],[79.2312,21.7223],[79.224,21.6488],[79.1483,21.6612],[79.1433,21.637],[79.1005,21.6176],[79.1072,21.605],[79.094,21.5981],[79.0124,21.5994],[78.998,21.6186],[78.9755,21.6176],[78.9144,21.589],[78.9138,21.571],[78.9319,21.5618],[78.9068,21.5533],[78.9444,21.5159],[78.9367,21.4858],[78.8993,21.5005],[78.8908,21.4853],[78.8003,21.4902],[78.7762,21.4653],[78.7508,21.493],[78.7285,21.4623],[78.6889,21.482],[78.5853,21.4867],[78.5701,21.5143],[78.5116,21.5287],[78.4497,21.4955],[78.4242,21.5444],[78.4272,21.5992],[78.3874,21.6148],[78.3726,21.6134],[78.3816,21.592],[78.3631,21.5752],[78.3427,21.5891],[78.3069,21.5696],[78.303,21.5837],[78.2665,21.5917],[78.2739,21.5693],[78.1819,21.5573],[78.1762,21.4998],[77.9412,21.3858],[77.8833,21.376],[77.8021,21.4095],[77.7968,21.389],[77.75,21.3828],[77.7371,21.3622],[77.71,21.3574],[77.692,21.3976],[77.6699,21.3689],[77.6531,21.3915],[77.605,21.3907],[77.6078,21.3649],[77.5871,21.3628],[77.5635,21.3693],[77.5615,21.3965],[77.5317,21.4191],[77.5145,21.3759],[77.4881,21.3744],[77.4736,21.4544],[77.4422,21.4699],[77.4256,21.5377],[77.4549,21.5538],[77.5752,21.5265],[77.6115,21.5388],[77.5953,21.5594],[77.5771,21.5552],[77.5755,21.6206],[77.5432,21.7043],[77.4795,21.7541],[77.4791,21.77],[77.4042,21.7524],[77.2899,21.7603],[77.2872,21.7219],[77.2269,21.7168],[77.2104,21.6896],[77.176,21.7258],[77.1651,21.7107],[77.0732,21.7195],[76.9016,21.5968],[76.8545,21.6133],[76.8329,21.589],[76.7953,21.5939],[76.7814,21.5647],[76.7893,21.5364],[76.7634,21.5208],[76.7956,21.4896],[76.784,21.4624],[76.7444,21.4399],[76.7395,21.4106],[76.6217,21.3323],[76.6629,21.276],[76.6616,21.2407],[76.6418,21.2371],[76.6235,21.185],[76.5673,21.1994],[76.5303,21.1819],[76.4932,21.1939],[76.4561,21.1084],[76.4107,21.1024],[76.4132,21.0884],[76.3748,21.0726],[76.2801,21.0707],[76.2604,21.0906],[76.1674,21.0795],[76.1709,21.1039],[76.1379,21.1199],[76.1425,21.1352],[76.1114,21.1611],[76.1293,21.1758],[76.1717,21.1666],[76.1764,21.184],[76.1657,21.2216],[76.142,21.2282],[76.1594,21.256],[76.1297,21.2867],[76.0966,21.3718],[76.0486,21.3497],[75.9631,21.3897],[75.9107,21.3826],[75.8856,21.3947],[75.8334,21.3766],[75.7285,21.3887],[75.6701,21.3746],[75.623,21.375],[75.6069,21.3918],[75.5437,21.3685],[75.5201,21.387],[75.3824,21.3795],[75.3572,21.4009],[75.2987,21.3856],[75.2953,21.4136],[75.2158,21.4093],[75.1072,21.4627],[75.0533,21.5648],[75.015,21.5697],[74.9017,21.6292],[74.8628,21.6345],[74.8289,21.6098],[74.7829,21.6107],[74.5542,21.6814],[74.5474,21.7196],[74.5056,21.7263],[74.514,21.7657],[74.4982,21.7901],[74.5241,21.9112],[74.4887,21.9562],[74.4394,21.9767],[74.4323,21.9994],[74.4522,22.0047],[74.4316,22.0303],[74.3871,22.02],[74.3484,21.977],[74.3076,21.9718],[74.2812,21.9331],[74.1931,21.926],[74.1442,21.9531],[74.1506,21.9866],[74.0979,21.9987],[74.0921,22.0148],[74.1401,22.0403],[74.1314,22.0478],[74.1787,22.0855],[74.1526,22.106],[74.1245,22.0979],[74.1339,22.1605],[74.1214,22.1674],[74.1223,22.2124],[74.0722,22.2192],[74.0872,22.2428],[74.0524,22.2941],[74.0716,22.336],[74.0648,22.3546],[74.1051,22.3718],[74.1279,22.3327],[74.1903,22.3203],[74.204,22.3667],[74.2239,22.3564],[74.2237,22.3799],[74.2433,22.3761],[74.2567,22.3997],[74.2912,22.394],[74.2528,22.4329],[74.2016,22.4345],[74.1907,22.4758],[74.1841,22.4415],[74.1604,22.4312],[74.1492,22.4557],[74.1191,22.4188],[74.0997,22.438],[74.1042,22.4645],[74.0753,22.4643],[74.0825,22.5068],[74.053,22.5089],[74.0408,22.4867],[74.0294,22.508],[74.0568,22.5501],[74.1511,22.5214],[74.1895,22.5536],[74.1833,22.5665],[74.21,22.5643],[74.2636,22.644],[74.3791,22.6344],[74.4338,22.8079],[74.4648,22.8164],[74.4764,22.8548],[74.4468,22.9211],[74.3934,22.8966],[74.3395,22.9529],[74.3653,22.977],[74.3189,23.0587],[74.3862,23.1115],[74.4274,23.1067],[74.4638,23.0818],[74.5059,23.0851],[74.5455,23.1098],[74.5394,23.1293],[74.6066,23.1426],[74.6715,23.2],[74.7151,23.1907],[74.7421,23.2089],[74.7475,23.2267],[74.6921,23.2192],[74.7151,23.2367],[74.7,23.2684],[74.6386,23.2554],[74.5744,23.2952],[74.5467,23.2771],[74.514,23.328],[74.5353,23.3308],[74.5398,23.3619],[74.5689,23.3763],[74.5724,23.4207],[74.5991,23.4287],[74.6039,23.4573],[74.6519,23.4623],[74.7035,23.505],[74.7292,23.4966],[74.7353,23.5206],[74.7615,23.5211],[74.7737,23.5444],[74.7941,23.5509],[74.8033,23.5331],[74.8468,23.5519],[74.9029,23.6251],[74.9365,23.6288],[74.8995,23.6822],[74.9216,23.6947],[74.9202,23.7192],[74.9364,23.7296],[74.9245,23.7564],[74.9404,23.7647],[74.9243,23.7966],[74.9037,23.7943],[74.9138,23.8417],[74.9026,23.873],[74.9165,23.9317],[74.9591,23.9722],[74.9823,24.0254],[74.9393,24.0539],[74.9035,24.1093],[74.8798,24.1736],[74.9103,24.2101],[74.8971,24.2273],[74.8676,24.2431],[74.7748,24.2387],[74.7471,24.2535],[74.7813,24.2892],[74.7812,24.3383],[74.8551,24.4241],[74.8539,24.4445],[74.8138,24.4367],[74.8153,24.4685],[74.7771,24.4605],[74.7087,24.4865],[74.7555,24.5349],[74.7435,24.5715],[74.7864,24.5859],[74.7794,24.6154],[74.8141,24.6502],[74.8146,24.6658],[74.7719,24.6615],[74.7876,24.7042],[74.7796,24.7325],[74.804,24.734],[74.7998,24.7791],[74.8891,24.6338],[74.9431,24.6378],[74.9623,24.6564],[74.9602,24.6778],[75.0017,24.6865],[74.9924,24.7317],[75.016,24.7321],[75.0015,24.7745],[74.9145,24.7692],[74.8604,24.7985],[74.8494,24.7761],[74.8387,24.798],[74.8615,24.8041],[74.8588,24.8385],[74.8253,24.9001],[74.8426,24.9688],[74.859,24.9622],[74.8695,24.925],[74.8807,24.9374],[74.9029,24.9295],[74.9239,24.8783],[74.9526,24.8807],[74.9587,24.8582],[75.033,24.8444],[75.0765,24.8807],[75.1169,24.8783],[75.1136,24.9668],[75.1686,25.0059],[75.1514,25.0262],[75.1671,25.0484],[75.2251,25.0341],[75.3322,25.0415],[75.3504,25.0175],[75.3118,24.9954],[75.3369,24.9548],[75.3184,24.8942],[75.3143,24.886],[75.3127,24.8851],[75.3049,24.9287],[75.2739,24.964],[75.2671,24.9471],[75.2941,24.9075],[75.2673,24.8994],[75.2634,24.8749],[75.3081,24.856],[75.3266,24.8749],[75.3736,24.8677],[75.4161,24.8861],[75.4258,24.8691],[75.3116,24.8012],[75.2729,24.8428],[75.2241,24.8439],[75.2523,24.8131],[75.2152,24.8021],[75.1844,24.7486],[75.2194,24.7026],[75.2284,24.7176],[75.2649,24.7175],[75.4565,24.6805],[75.5334,24.712],[75.583,24.7133],[75.6108,24.6804],[75.646,24.6849],[75.6834,24.7251],[75.7568,24.7616],[75.8022,24.7565],[75.8336,24.7318],[75.8249,24.6675],[75.8478,24.663],[75.8488,24.6474],[75.8248,24.6135],[75.8355,24.5949],[75.8492,24.6109],[75.8712,24.6067],[75.8784,24.5834],[75.9144,24.5722],[75.9037,24.5489],[75.9206,24.5217],[75.8879,24.5081],[75.9116,24.4919],[75.9091,24.455],[75.8388,24.4142],[75.8099,24.434],[75.8135,24.462],[75.7894,24.4715],[75.7476,24.4242],[75.7553,24.4065],[75.7278,24.3905],[75.7398,24.3321],[75.7665,24.298],[75.8107,24.2961],[75.814,24.2452],[75.8302,24.2338],[75.7774,24.21],[75.751,24.1433],[75.7929,24.0918],[75.8357,24.0921],[75.8367,24.0571],[75.7817,24.0425],[75.7653,23.9927],[75.7423,23.9927],[75.7411,23.9769],[75.7175,23.9669],[75.7017,23.9666],[75.6743,24.0177],[75.5955,23.99],[75.5211,24.025],[75.4747,23.9828],[75.4621,23.9148],[75.5632,23.8576],[75.5793,23.8351],[75.5593,23.8182],[75.589,23.8098],[75.5834,23.7948],[75.6545,23.7984],[75.6867,23.7559],[75.7018,23.7864],[75.6901,23.8132],[75.7216,23.8118],[75.719,23.8407],[75.7364,23.8562],[75.7016,23.8728],[75.7061,23.8991],[75.7527,23.8873],[75.7645,23.8517],[75.7812,23.8487],[75.7938,23.867],[75.853,23.8875],[75.8871,23.8791],[75.9375,23.8967],[75.9814,23.929],[75.9849,23.974],[75.9635,24.0187],[75.997,24.0177],[76.0368,24.0629],[76.1268,24.0887],[76.1174,24.194],[76.1484,24.232],[76.1367,24.2708],[76.1625,24.2847],[76.1855,24.3293],[76.2047,24.3009],[76.1946,24.2732],[76.2126,24.2099],[76.2823,24.2073],[76.2874,24.2299],[76.3229,24.2455],[76.3572,24.2397],[76.4117,24.2005],[76.4162,24.2206],[76.4523,24.2094],[76.4705,24.2262],[76.5045,24.2031],[76.5274,24.1567],[76.5777,24.1792],[76.5643,24.1909],[76.5952,24.2233],[76.5835,24.2429],[76.6112,24.2387],[76.6176,24.2588],[76.6651,24.2619],[76.6928,24.2865],[76.7027,24.2432],[76.6759,24.1908],[76.6983,24.1685],[76.7579,24.1683],[76.8013,24.1167],[76.8546,24.1358],[76.9013,24.1282],[76.9163,24.1879],[76.9358,24.1837],[76.9474,24.2013],[76.8626,24.2733],[76.8411,24.3224],[76.8319,24.358],[76.8514,24.3705],[76.8374,24.4097],[76.8531,24.4659],[76.8164,24.5336],[76.8619,24.5493],[76.8843,24.5215],[76.9019,24.5459],[76.9179,24.5435],[76.9184,24.4807],[76.9776,24.4614],[77.029,24.4961],[77.0369,24.5279],[77.0547,24.5263],[77.0713,24.5728],[77.065,24.6438],[77.0317,24.7113],[77.0017,24.716],[76.954,24.7604],[76.9075,24.7316],[76.8895,24.7473],[76.8561,24.7425],[76.8475,24.7693],[76.802,24.8101],[76.8004,24.824],[76.8251,24.8355],[76.8979,24.8382],[76.9486,24.8691],[76.9131,24.8878],[76.9204,24.9168],[76.8905,24.9197],[76.8627,24.9598],[76.8568,25.0025],[76.8757,25.0072],[76.8762,25.0414],[76.9682,25.0511],[76.9991,25.0748],[77.0848,25.0542],[77.1226,25.0667],[77.1477,25.0951],[77.1671,25.0846],[77.1744,25.1118],[77.27,25.1161],[77.3108,25.0798],[77.3944,25.1199],[77.4066,25.1117],[77.3906,25.1234],[77.393,25.1592],[77.4001,25.1839],[77.4266,25.1881],[77.4117,25.224],[77.3557,25.2625],[77.3542,25.2736],[77.374,25.2745],[77.3779,25.3157],[77.3676,25.3286],[77.3421,25.3218],[77.3667,25.3603],[77.3505,25.3841],[77.371,25.4085],[77.3155,25.4315],[77.2938,25.4243],[77.2339,25.3787],[77.2339,25.3338],[77.2234,25.3188],[77.2055,25.3265],[77.2094,25.3063],[77.0837,25.3366],[77.0701,25.3185],[77.0459,25.3214],[77.0317,25.2944],[76.9737,25.3004],[76.9431,25.2821],[76.9233,25.2855],[76.9294,25.3032],[76.9015,25.3236],[76.8573,25.3328],[76.7776,25.3156],[76.7003,25.3516],[76.6695,25.3491],[76.6398,25.3835],[76.6228,25.3768],[76.5985,25.3923],[76.588,25.4311],[76.5824,25.4369],[76.5736,25.4379],[76.5724,25.4383],[76.5724,25.4383],[76.5712,25.4388],[76.5675,25.4403]],[[75.2312,24.8474],[75.2507,24.8805],[75.2216,24.8738],[75.2085,24.8943],[75.2007,24.8678],[75.2312,24.8474]],[[79.4003,25.0344],[79.4259,25.0586],[79.3872,25.0857],[79.3809,25.1224],[79.3638,25.1256],[79.3742,25.1426],[79.3603,25.1443],[79.3506,25.117],[79.3797,25.1012],[79.3798,25.0648],[79.3511,25.0689],[79.3561,25.0405],[79.369,25.0543],[79.4003,25.0344]],[[79.3654,25.1711],[79.3595,25.1886],[79.3545,25.1759],[79.3654,25.1711]]],[[[78.4966,25.1537],[78.5084,25.1779],[78.5296,25.1802],[78.4966,25.1537]]],[[[76.5723,25.4383],[76.5724,25.4383],[76.5723,25.4383],[76.5723,25.4383]]]]}},{"type":"Feature","properties":{"name":"Jharkhand","country":"India"},"geometry":{"type":"Polygon","coordinates":[[[87.5839,25.3492],[87.612,25.3127],[87.692,25.3115],[87.7112,25.2577],[87.7866,25.2474],[87.7744,25.1214],[87.8058,25.0727],[87.8573,25.0546],[87.8994,25.0068],[87.9405,24.9909],[87.9628,24.9371],[87.9529,24.9078],[87.8913,24.856],[87.9003,24.8241],[87.8691,24.8246],[87.8816,24.8054],[87.8692,24.775],[87.8374,24.7658],[87.8362,24.7902],[87.8164,24.7597],[87.9084,24.7216],[87.8877,24.68],[87.9166,24.6658],[87.9141,24.6377],[87.8879,24.6303],[87.9058,24.6293],[87.906,24.615],[87.8758,24.6152],[87.9108,24.6104],[87.9133,24.5935],[87.8919,24.5842],[87.8893,24.5651],[87.8494,24.5538],[87.8122,24.5786],[87.7712,24.583],[87.8086,24.5467],[87.7941,24.5011],[87.8013,24.4937],[87.8093,24.5145],[87.8117,24.4908],[87.8282,24.4986],[87.8107,24.4764],[87.8238,24.4585],[87.8031,24.454],[87.7888,24.4165],[87.8113,24.4178],[87.794,24.3993],[87.8011,24.3822],[87.7644,24.3393],[87.7616,24.3085],[87.7293,24.2884],[87.7137,24.2944],[87.7059,24.2614],[87.6592,24.2361],[87.6388,24.2544],[87.6344,24.2417],[87.6466,24.2315],[87.6386,24.214],[87.6986,24.1878],[87.6944,24.1502],[87.5761,24.1613],[87.6102,24.1325],[87.5766,24.1123],[87.5802,24.0864],[87.5599,24.082],[87.4976,24.119],[87.4898,24.0901],[87.5107,24.0822],[87.4906,24.0706],[87.512,24.0358],[87.4761,24.0123],[87.4383,24.0136],[87.4604,23.9838],[87.3604,24.0131],[87.3282,23.9987],[87.3192,24.0085],[87.3371,24.0343],[87.2875,24.0289],[87.2454,24.0451],[87.2329,24.0237],[87.2505,23.997],[87.2642,24.0006],[87.2615,23.9676],[87.2932,23.9586],[87.2835,23.9209],[87.295,23.9023],[87.2691,23.8746],[87.2583,23.9063],[87.2451,23.9082],[87.2549,23.847],[87.2387,23.8264],[87.2165,23.8317],[87.2337,23.8571],[87.1886,23.8432],[87.1958,23.8574],[87.1331,23.8702],[87.13,23.8539],[87.167,23.8245],[87.1505,23.7976],[87.1218,23.7967],[86.9732,23.8688],[86.9452,23.8469],[86.9156,23.8824],[86.8802,23.8623],[86.8903,23.8205],[86.8742,23.8473],[86.8265,23.8139],[86.8048,23.8368],[86.8034,23.8013],[86.8284,23.7602],[86.799,23.689],[86.7473,23.6788],[86.7149,23.6989],[86.5976,23.6738],[86.5354,23.6312],[86.4618,23.6303],[86.4471,23.5981],[86.3882,23.5739],[86.3651,23.5327],[86.3752,23.5103],[86.3624,23.4842],[86.3795,23.4736],[86.3641,23.4717],[86.3515,23.4421],[86.3058,23.4348],[86.3106,23.4114],[86.2641,23.4308],[86.2474,23.4111],[86.2299,23.4308],[86.2456,23.4593],[86.2326,23.4622],[86.2284,23.4429],[86.1783,23.4698],[86.1488,23.4653],[86.1583,23.56],[86.0809,23.5657],[86.0522,23.5862],[86.0163,23.5473],[86.0538,23.4871],[85.9532,23.4709],[85.8872,23.4843],[85.8625,23.4615],[85.8639,23.4314],[85.8826,23.4306],[85.9025,23.3971],[85.8708,23.3888],[85.8831,23.3508],[85.8197,23.2681],[85.8386,23.2468],[85.8366,23.2205],[85.8638,23.2224],[85.8825,23.1987],[85.8945,23.1551],[85.9576,23.161],[86.0445,23.1442],[86.0513,23.1055],[86.1463,23.075],[86.142,23.0542],[86.1864,23.005],[86.2485,22.9949],[86.3037,23.016],[86.3395,22.9898],[86.3728,22.9982],[86.3985,22.9799],[86.4193,23.0003],[86.5011,22.9936],[86.5212,22.9707],[86.5456,22.9903],[86.526,22.9476],[86.5026,22.9519],[86.4891,22.9372],[86.4763,22.9512],[86.4353,22.9252],[86.4671,22.8999],[86.4508,22.8615],[86.435,22.8605],[86.4388,22.831],[86.4176,22.7837],[86.4602,22.7619],[86.5113,22.705],[86.5442,22.7216],[86.636,22.665],[86.6341,22.6104],[86.6595,22.575],[86.7669,22.575],[86.7691,22.5546],[86.7893,22.549],[86.8016,22.4888],[86.7912,22.4774],[86.7499,22.4829],[86.751,22.4567],[86.7645,22.4273],[86.8464,22.3991],[86.8316,22.3288],[86.8878,22.2975],[86.8863,22.2572],[86.824,22.2668],[86.8183,22.2537],[86.8136,22.2674],[86.804,22.2436],[86.7923,22.2663],[86.7949,22.2432],[86.812,22.2412],[86.8024,22.2175],[86.7791,22.2169],[86.7949,22.2278],[86.7777,22.2366],[86.7764,22.2179],[86.7498,22.2117],[86.6843,22.2224],[86.6696,22.2425],[86.6548,22.2359],[86.6444,22.2685],[86.5931,22.2786],[86.5823,22.3016],[86.5328,22.301],[86.4969,22.3472],[86.4448,22.3287],[86.4372,22.3042],[86.3581,22.3492],[86.2813,22.4487],[86.1166,22.487],[86.0454,22.5675],[86.024,22.5446],[86.0265,22.524],[85.9734,22.5059],[85.9571,22.4648],[85.9846,22.4354],[86.015,22.4287],[86.0272,22.3862],[85.9981,22.3418],[86.0267,22.3349],[86.0137,22.3131],[86.0472,22.309],[86.0143,22.2973],[85.9739,22.2471],[86.0314,22.1909],[85.9968,22.1324],[86.0074,22.1171],[85.9436,22.0204],[85.9162,22.0088],[85.9082,21.9707],[85.8958,21.9844],[85.8244,21.9754],[85.763,21.9961],[85.7934,22.0818],[85.8359,22.0802],[85.8074,22.1161],[85.7494,22.0736],[85.6849,22.0542],[85.6516,22.0954],[85.5972,22.0791],[85.543,22.0905],[85.3979,22.1632],[85.3661,22.1589],[85.3639,22.1235],[85.3096,22.1179],[85.2363,22.0098],[85.1806,22.0732],[85.1676,22.0695],[85.1739,22.0514],[85.1548,22.0788],[85.1201,22.0702],[85.0949,22.1084],[85.0403,22.1159],[84.9846,22.0866],[85.0268,22.1225],[85.0291,22.1635],[85.0527,22.1825],[85.0782,22.2574],[85.0706,22.2737],[85.116,22.2941],[85.1181,22.3176],[85.0907,22.3186],[85.0957,22.3447],[85.0767,22.3562],[85.0879,22.3885],[85.0606,22.4471],[85.0771,22.4638],[85.0673,22.4842],[84.9594,22.4431],[84.9567,22.4582],[84.9102,22.4233],[84.8856,22.4211],[84.8824,22.4485],[84.8386,22.4309],[84.8125,22.4529],[84.7593,22.4475],[84.7497,22.419],[84.6681,22.4181],[84.6286,22.4346],[84.5362,22.4274],[84.4824,22.4133],[84.4846,22.3888],[84.435,22.3742],[84.4281,22.3533],[84.2953,22.341],[84.2515,22.3781],[84.199,22.3758],[84.1561,22.4077],[84.1409,22.4256],[84.1407,22.4739],[84.0092,22.5256],[84.0095,22.573],[84.0541,22.5981],[84.084,22.6381],[84.1525,22.6368],[84.2332,22.6792],[84.2313,22.74],[84.2596,22.767],[84.2894,22.7661],[84.3336,22.8606],[84.3726,22.8653],[84.3937,22.9425],[84.3729,22.9784],[84.3281,22.9819],[84.2842,22.9634],[84.2778,22.9934],[84.253,22.9729],[84.2187,22.9793],[84.1858,23.0271],[84.1755,22.976],[84.1492,22.9657],[84.1255,23.0365],[84.1335,23.0831],[84.0932,23.1128],[84.0664,23.1107],[84.0375,23.1399],[84.0324,23.1605],[84.0632,23.2056],[84.0537,23.2473],[84.0748,23.3331],[84.0508,23.3748],[84.0239,23.3765],[84.0048,23.354],[83.967,23.3876],[83.9858,23.4258],[83.9739,23.4599],[84.0146,23.5035],[84.0281,23.5456],[84.0301,23.6],[84.0077,23.6223],[84.0166,23.6344],[83.9319,23.6204],[83.9377,23.569],[83.8072,23.5875],[83.7753,23.609],[83.7519,23.6387],[83.7611,23.6515],[83.7229,23.6859],[83.7461,23.7195],[83.7053,23.8208],[83.6645,23.8277],[83.6595,23.8493],[83.5712,23.8621],[83.5858,23.8864],[83.5534,23.8981],[83.5474,23.9375],[83.5153,23.9807],[83.5157,24.0272],[83.4529,24.042],[83.4322,24.086],[83.3294,24.1013],[83.3541,24.1249],[83.383,24.1979],[83.3787,24.2304],[83.4091,24.2663],[83.4072,24.2888],[83.38,24.3131],[83.4573,24.3645],[83.4344,24.4008],[83.4051,24.4048],[83.4049,24.436],[83.3866,24.4482],[83.4015,24.5034],[83.5046,24.5256],[83.7206,24.5035],[83.8002,24.5295],[83.8731,24.5318],[83.9361,24.5491],[84.0078,24.6429],[84.052,24.6099],[84.051,24.5866],[84.0932,24.5336],[84.0856,24.5052],[84.1108,24.4767],[84.1405,24.5005],[84.1443,24.5383],[84.1635,24.5334],[84.1525,24.5152],[84.1697,24.5033],[84.1849,24.5196],[84.1732,24.5447],[84.1872,24.5529],[84.2151,24.5327],[84.2364,24.5493],[84.2568,24.5269],[84.2799,24.5479],[84.2705,24.56],[84.2968,24.5606],[84.3275,24.4924],[84.2961,24.4735],[84.2974,24.4494],[84.3356,24.4315],[84.3205,24.4211],[84.3345,24.4206],[84.3416,24.3935],[84.3882,24.3893],[84.4066,24.3749],[84.4004,24.3646],[84.4311,24.3565],[84.4244,24.3298],[84.4596,24.3371],[84.4845,24.3127],[84.5053,24.3313],[84.4844,24.302],[84.4959,24.2861],[84.5314,24.3382],[84.5278,24.3757],[84.5724,24.3826],[84.5682,24.4094],[84.6651,24.3909],[84.6853,24.4551],[84.7861,24.5038],[84.8019,24.5307],[84.8389,24.5126],[84.8401,24.4522],[84.854,24.4667],[84.8873,24.4633],[84.8823,24.4248],[84.9038,24.3722],[84.9749,24.3747],[85.0312,24.4146],[85.0611,24.4059],[85.081,24.433],[85.0732,24.3782],[85.089,24.3725],[85.1739,24.4206],[85.1608,24.4603],[85.226,24.4634],[85.2491,24.4907],[85.2824,24.4918],[85.2881,24.5233],[85.3919,24.5303],[85.3972,24.5449],[85.3708,24.5553],[85.3844,24.5555],[85.4346,24.5285],[85.4917,24.5481],[85.524,24.5213],[85.5408,24.5305],[85.5407,24.5627],[85.5718,24.5618],[85.566,24.5873],[85.5808,24.6007],[85.6147,24.5807],[85.6674,24.5789],[85.6762,24.6166],[85.6492,24.6848],[85.682,24.6919],[85.7083,24.7259],[85.7074,24.7798],[85.7367,24.8211],[85.7783,24.7966],[85.8672,24.8042],[85.9444,24.7336],[86.0551,24.7797],[86.0371,24.7411],[86.0907,24.746],[86.1284,24.6986],[86.1155,24.6437],[86.1253,24.6115],[86.1805,24.5837],[86.2145,24.5949],[86.2143,24.6138],[86.2592,24.5787],[86.3232,24.5868],[86.3008,24.5601],[86.309,24.5098],[86.276,24.4658],[86.3174,24.4415],[86.3499,24.4474],[86.4121,24.381],[86.4449,24.3678],[86.4719,24.3933],[86.4665,24.4239],[86.4913,24.4281],[86.4867,24.4641],[86.5096,24.5222],[86.5294,24.5403],[86.5523,24.536],[86.6033,24.6084],[86.6702,24.5649],[86.7347,24.5795],[86.754,24.6213],[86.789,24.6187],[86.8112,24.5983],[86.8031,24.5703],[86.8426,24.5742],[86.8568,24.5549],[86.8805,24.5722],[86.9146,24.5422],[86.9073,24.5882],[86.9449,24.6358],[86.9376,24.6502],[86.9582,24.6476],[86.9528,24.6315],[86.9776,24.6396],[86.9961,24.6201],[87.0213,24.6295],[87.023,24.6157],[87.0506,24.6088],[87.0541,24.6693],[87.0803,24.7262],[87.0696,24.7456],[87.0957,24.8027],[87.0743,24.8199],[87.1061,24.8551],[87.1426,24.8606],[87.1555,24.885],[87.1423,24.9144],[87.1493,25.0249],[87.2143,25.0912],[87.2374,25.0858],[87.2503,25.1057],[87.2954,25.0885],[87.3273,25.2236],[87.3715,25.2062],[87.401,25.2269],[87.4778,25.1943],[87.4764,25.2378],[87.5005,25.2598],[87.4936,25.3075],[87.5418,25.2807],[87.5517,25.3325],[87.5839,25.3492]]]}},{"type":"Feature","properties":{"name":"West Bengal","country":"India"},"geometry":{"type":"MultiPolygon","coordinates":[[[[88.01,21.5582],[88.0186,21.5517],[88.0137,21.5468],[88.01,21.5582]]],[[[88.9481,21.5985],[88.9447,21.5993],[88.9466,21.6007],[88.9481,21.5985]]],[[[88.498,21.601],[88.5478,21.5376],[88.5345,21.5272],[88.4848,21.5522],[88.498,21.601]]],[[[89.1364,21.6011],[89.1465,21.6005],[89.1511,21.6],[89.1422,21.5925],[89.1355,21.5956],[89.1364,21.6011]]],[[[88.167,21.6029],[88.1861,21.5819],[88.1993,21.5421],[88.1757,21.5499],[88.1639,21.5861],[88.167,21.6029]]],[[[88.834,21.608],[88.8919,21.5812],[88.906,21.5476],[88.8814,21.5342],[88.8319,21.551],[88.834,21.608]]],[[[88.6424,21.6792],[88.6316,21.6494],[88.6309,21.6733],[88.6424,21.6792]]],[[[88.0459,21.6974],[88.0444,21.6988],[88.0454,21.6994],[88.0459,21.6974]]],[[[88.0502,21.7003],[88.0513,21.6962],[88.0494,21.6945],[88.0502,21.7003]]],[[[88.3094,21.7049],[88.3514,21.6773],[88.3443,21.6276],[88.3178,21.6052],[88.3064,21.6149],[88.3094,21.7049]]],[[[88.0447,21.7023],[88.0424,21.7028],[88.0428,21.709],[88.0447,21.7023]]],[[[88.0562,21.7101],[88.053,21.7086],[88.0557,21.7114],[88.0562,21.7101]]],[[[88.7498,21.6496],[88.769,21.656],[88.8,21.5912],[88.742,21.5622],[88.7086,21.5847],[88.7188,21.6347],[88.6844,21.6843],[88.6925,21.7202],[88.7018,21.6879],[88.7498,21.6496]]],[[[88.2067,21.7092],[88.1936,21.6842],[88.2275,21.6501],[88.2086,21.6079],[88.1829,21.6771],[88.2022,21.7061],[88.1808,21.689],[88.2035,21.7258],[88.2067,21.7092]]],[[[88.4016,21.7373],[88.4281,21.7025],[88.4133,21.6929],[88.4111,21.6558],[88.4319,21.6204],[88.3969,21.5899],[88.3809,21.6629],[88.4042,21.7166],[88.3688,21.727],[88.3891,21.7358],[88.3958,21.7546],[88.4016,21.7373]]],[[[88.3859,21.7639],[88.3859,21.7405],[88.3633,21.7259],[88.3945,21.7132],[88.3573,21.6865],[88.3384,21.7116],[88.3485,21.7225],[88.3437,21.7548],[88.3859,21.7639]]],[[[88.6189,21.7392],[88.579,21.7271],[88.5846,21.7484],[88.5693,21.7701],[88.5839,21.7762],[88.5873,21.7533],[88.6189,21.7392]]],[[[88.2891,21.7788],[88.305,21.7325],[88.2919,21.7121],[88.2798,21.7349],[88.2891,21.7788]]],[[[88.1926,21.7797],[88.1975,21.7648],[88.1926,21.7582],[88.1926,21.7797]]],[[[88.6084,21.7846],[88.6297,21.7515],[88.6276,21.7293],[88.6109,21.7048],[88.5971,21.7157],[88.6217,21.74],[88.5874,21.7572],[88.5904,21.7808],[88.6084,21.7846]]],[[[88.1857,21.7902],[88.1763,21.7926],[88.1791,21.7993],[88.1857,21.7902]]],[[[88.4222,21.8106],[88.43,21.7993],[88.4556,21.7891],[88.4714,21.7925],[88.4528,21.7184],[88.4715,21.6739],[88.4502,21.6118],[88.434,21.6037],[88.4411,21.6228],[88.4191,21.6829],[88.4325,21.7044],[88.3834,21.7777],[88.4222,21.8106]]],[[[88.591,21.6583],[88.6087,21.6199],[88.5967,21.6126],[88.5262,21.6629],[88.5063,21.7584],[88.5423,21.8114],[88.5733,21.7885],[88.5601,21.7679],[88.5736,21.7227],[88.6086,21.6815],[88.591,21.6583]]],[[[88.4825,21.835],[88.4999,21.8113],[88.4639,21.8002],[88.4519,21.8136],[88.4825,21.835]]],[[[88.2018,21.8179],[88.2011,21.8272],[88.2023,21.8227],[88.2018,21.8179]]],[[[88.1907,21.8306],[88.1781,21.8447],[88.1664,21.8697],[88.1947,21.8404],[88.1907,21.8306]]],[[[88.1359,21.8753],[88.171,21.8093],[88.1713,21.7401],[88.1532,21.682],[88.1342,21.6785],[88.1451,21.639],[88.1187,21.6254],[88.061,21.6378],[88.0414,21.6495],[88.0414,21.6756],[88.051,21.6876],[88.0569,21.7097],[88.0552,21.7209],[88.0765,21.7518],[88.0768,21.7774],[88.1259,21.8682],[88.1359,21.8753]]],[[[88.1741,21.8677],[88.1692,21.8688],[88.1653,21.8792],[88.1741,21.8677]]],[[[88.5708,21.8795],[88.574,21.8561],[88.5567,21.8277],[88.56,21.8515],[88.5541,21.8757],[88.5708,21.8795]]],[[[88.5414,21.9022],[88.5762,21.8831],[88.553,21.8767],[88.552,21.8166],[88.5309,21.8477],[88.5433,21.8546],[88.5505,21.8794],[88.5488,21.892],[88.5414,21.9022]]],[[[88.6366,21.9218],[88.6701,21.9124],[88.6446,21.7879],[88.592,21.7976],[88.5768,21.8179],[88.5848,21.845],[88.6366,21.9218]]],[[[88.1246,21.9306],[88.145,21.9173],[88.13,21.8991],[88.1154,21.9192],[88.1246,21.9306]]],[[[88.9248,21.9226],[89.0313,21.864],[89.0124,21.7942],[89.0195,21.7662],[89.0936,21.6637],[89.0942,21.6413],[89.0681,21.6174],[89.0292,21.6351],[89.0265,21.6582],[89.02,21.6404],[89.0365,21.6183],[89.0238,21.6029],[88.9542,21.6272],[88.9387,21.6461],[88.9513,21.6939],[88.9213,21.7215],[88.9317,21.7444],[88.9208,21.7624],[88.9147,21.7162],[88.9401,21.689],[88.923,21.6323],[88.8841,21.6612],[88.8696,21.7042],[88.8772,21.7666],[88.8351,21.7828],[88.8532,21.8889],[88.819,21.9293],[88.8493,21.9127],[88.9248,21.9226]]],[[[88.5444,21.9709],[88.61,21.9247],[88.5836,21.8916],[88.5668,21.9124],[88.5501,21.9224],[88.5508,21.9359],[88.5427,21.9603],[88.5444,21.9709]]],[[[88.6032,21.9912],[88.5986,21.9676],[88.615,21.9375],[88.6104,21.9293],[88.5765,21.9606],[88.5781,21.9821],[88.6032,21.9912]]],[[[88.9876,21.9715],[89.0098,21.9803],[88.9886,21.951],[89.017,21.9264],[89.0123,21.903],[88.9288,21.9451],[88.9436,22.0009],[88.9876,21.9715]]],[[[89.8,26.3506],[89.8174,26.3209],[89.7897,26.3418],[89.8,26.3506]]],[[[88.0344,27.221],[88.0792,27.2011],[88.0888,27.1433],[88.1389,27.1139],[88.1946,27.1348],[88.23,27.119],[88.3023,27.1293],[88.3215,27.1047],[88.4329,27.0793],[88.5324,27.1501],[88.5208,27.1729],[88.543,27.1832],[88.5929,27.1912],[88.6603,27.1606],[88.6915,27.1784],[88.729,27.1363],[88.802,27.1395],[88.8425,27.1112],[88.8677,27.1124],[88.8812,27.062],[88.8771,26.9444],[88.9217,26.9939],[88.9525,26.9684],[88.9439,26.9341],[88.9803,26.9172],[89.0215,26.9406],[89.0509,26.916],[89.0489,26.8991],[89.0957,26.8917],[89.1007,26.8425],[89.1344,26.8078],[89.2624,26.8138],[89.3185,26.8513],[89.379,26.8622],[89.3897,26.842],[89.4395,26.8403],[89.4695,26.8027],[89.5602,26.8129],[89.5659,26.7994],[89.6506,26.7763],[89.6435,26.7485],[89.6174,26.7293],[89.624,26.7185],[89.6579,26.7187],[89.6718,26.7398],[89.7241,26.7223],[89.7528,26.7353],[89.7714,26.701],[89.8633,26.7008],[89.8769,26.6485],[89.8583,26.6234],[89.8784,26.6155],[89.8826,26.5834],[89.8645,26.5732],[89.8561,26.5184],[89.872,26.4514],[89.8492,26.4228],[89.8575,26.412],[89.8353,26.412],[89.83,26.397],[89.8499,26.4036],[89.8589,26.384],[89.832,26.3839],[89.8228,26.3516],[89.8135,26.3707],[89.7832,26.3514],[89.7811,26.3279],[89.7512,26.321],[89.7581,26.2878],[89.7198,26.3073],[89.7385,26.2699],[89.722,26.2575],[89.7059,26.2704],[89.7026,26.2579],[89.7322,26.2378],[89.7004,26.2184],[89.7332,26.212],[89.7116,26.203],[89.7131,26.1877],[89.6986,26.1912],[89.7092,26.1728],[89.7256,26.178],[89.7366,26.1728],[89.7014,26.1518],[89.6813,26.1636],[89.7021,26.174],[89.6732,26.203],[89.6772,26.2097],[89.6857,26.207],[89.6915,26.2117],[89.6794,26.2148],[89.6861,26.2307],[89.662,26.2192],[89.6344,26.2294],[89.65,26.1902],[89.6302,26.1958],[89.6278,26.1843],[89.6587,26.1762],[89.6464,26.1644],[89.6075,26.1791],[89.6198,26.1678],[89.5914,26.1576],[89.5966,26.135],[89.6042,26.1175],[89.6253,26.1286],[89.6304,26.1183],[89.5939,26.1022],[89.6086,26.0884],[89.63,26.107],[89.6499,26.0625],[89.6205,26.0533],[89.6054,26.0638],[89.6128,26.0526],[89.5787,26.0263],[89.5852,25.9759],[89.5689,25.9678],[89.566,25.9803],[89.556,25.9652],[89.5382,25.9734],[89.5409,26.0059],[89.4804,25.9961],[89.4287,26.0123],[89.4328,26.0375],[89.4238,26.0469],[89.3909,26.0229],[89.3928,26.0072],[89.3491,26.0104],[89.3004,26.0504],[89.2758,26.0491],[89.2809,26.0656],[89.2544,26.0641],[89.2668,26.0926],[89.2516,26.0914],[89.2294,26.1239],[89.1554,26.1386],[89.1573,26.1632],[89.1346,26.1812],[89.1492,26.2089],[89.1409,26.2358],[89.1001,26.2795],[89.1047,26.3158],[89.122,26.2872],[89.1363,26.3201],[89.0835,26.3224],[89.1013,26.3365],[89.0983,26.3589],[89.0797,26.3628],[89.0963,26.3912],[89.0336,26.3954],[89.0055,26.4216],[88.9942,26.4128],[88.9651,26.4578],[88.9462,26.4479],[88.9448,26.4256],[88.9262,26.4321],[88.9266,26.4068],[88.9048,26.4085],[88.9182,26.4003],[88.911,26.3681],[88.9468,26.3557],[88.9533,26.366],[88.9569,26.33],[88.9614,26.3523],[88.9871,26.3484],[88.9849,26.3339],[89.001,26.3297],[88.9827,26.3094],[88.9957,26.2902],[89.0069,26.3044],[89.018,26.2897],[89.0212,26.3091],[89.0197,26.2898],[89.0399,26.2765],[89.0459,26.2954],[89.0595,26.2933],[89.0507,26.2417],[88.9573,26.2403],[88.9263,26.2838],[88.8983,26.2886],[88.8614,26.2727],[88.8779,26.2334],[88.8417,26.2307],[88.8129,26.256],[88.8191,26.2945],[88.7936,26.31],[88.6662,26.2627],[88.6751,26.3201],[88.7465,26.3224],[88.7339,26.3287],[88.7453,26.3479],[88.7028,26.3344],[88.681,26.3794],[88.7023,26.3884],[88.6238,26.435],[88.6229,26.4711],[88.5948,26.4706],[88.593,26.4498],[88.5595,26.4575],[88.5568,26.4848],[88.5265,26.4814],[88.5214,26.5105],[88.4899,26.5106],[88.485,26.5407],[88.436,26.545],[88.4096,26.6347],[88.387,26.612],[88.3984,26.6035],[88.376,26.5947],[88.3319,26.4818],[88.3548,26.447],[88.3712,26.4882],[88.4049,26.4858],[88.4198,26.4657],[88.4852,26.4603],[88.5232,26.3605],[88.4824,26.3497],[88.4577,26.3767],[88.4355,26.3358],[88.4041,26.3294],[88.4149,26.3148],[88.3847,26.3133],[88.3497,26.2822],[88.3505,26.2204],[88.2693,26.1865],[88.2418,26.1891],[88.1773,26.1481],[88.1584,26.0798],[88.1833,26.0729],[88.1695,26.0452],[88.1832,26.0268],[88.1398,26.013],[88.1152,25.9628],[88.1224,25.9484],[88.0863,25.9175],[88.103,25.8892],[88.0942,25.8734],[88.1139,25.8545],[88.1012,25.8431],[88.1145,25.7979],[88.1437,25.7937],[88.1515,25.7756],[88.1838,25.8017],[88.2095,25.7868],[88.2363,25.8094],[88.2696,25.8082],[88.2666,25.7826],[88.3208,25.7378],[88.3743,25.7171],[88.3716,25.6969],[88.4052,25.6842],[88.402,25.6725],[88.4536,25.665],[88.4447,25.5965],[88.4999,25.5839],[88.4935,25.5589],[88.5235,25.5352],[88.5331,25.5421],[88.54,25.5083],[88.5524,25.5208],[88.5955,25.506],[88.6091,25.5163],[88.6225,25.497],[88.6484,25.4964],[88.6471,25.4778],[88.6995,25.4712],[88.7075,25.4999],[88.7421,25.505],[88.7448,25.4879],[88.7688,25.4985],[88.7588,25.5253],[88.8105,25.5231],[88.8123,25.4913],[88.8297,25.4903],[88.8393,25.4583],[88.83,25.4169],[88.8123,25.4105],[88.8409,25.3976],[88.8402,25.3638],[88.8838,25.3263],[88.9062,25.3377],[88.9295,25.3041],[89.0094,25.299],[89.0076,25.2636],[88.9868,25.2745],[88.9549,25.2533],[88.9618,25.2091],[88.9364,25.2105],[88.9488,25.1766],[88.9326,25.1809],[88.9231,25.1649],[88.911,25.1803],[88.8755,25.1793],[88.875,25.1962],[88.8644,25.19],[88.8438,25.2138],[88.8059,25.1705],[88.7694,25.1898],[88.7491,25.1769],[88.7116,25.2075],[88.6129,25.2041],[88.5656,25.1751],[88.5576,25.1926],[88.534,25.1875],[88.5378,25.1978],[88.4986,25.2103],[88.4437,25.1973],[88.4614,25.1494],[88.4415,25.1275],[88.4529,25.0793],[88.4356,25.0503],[88.4527,25.0369],[88.4365,25.0065],[88.4256,25.0164],[88.4121,24.9988],[88.4174,24.9748],[88.3952,24.9691],[88.3988,24.9453],[88.364,24.9533],[88.3404,24.9401],[88.3243,24.9167],[88.347,24.8924],[88.3306,24.8701],[88.3211,24.8835],[88.3019,24.8719],[88.2761,24.8978],[88.2583,24.8776],[88.2605,24.9193],[88.2261,24.9597],[88.138,24.9362],[88.175,24.8602],[88.1319,24.836],[88.1359,24.8051],[88.1235,24.8231],[88.1111,24.8129],[88.1061,24.7796],[88.0683,24.7692],[88.0628,24.7216],[88.0088,24.6678],[88.1408,24.5112],[88.1984,24.4625],[88.2719,24.4406],[88.334,24.3814],[88.4464,24.3786],[88.5271,24.3444],[88.5551,24.2933],[88.5677,24.3267],[88.6285,24.3051],[88.6966,24.3154],[88.7354,24.2765],[88.7314,24.1734],[88.7465,24.1471],[88.6932,24.1112],[88.7416,24.0571],[88.7248,24.0416],[88.7575,24.0321],[88.729,23.9961],[88.7602,24.0061],[88.7689,23.9822],[88.7382,23.983],[88.7334,23.911],[88.7064,23.9158],[88.7043,23.8992],[88.6643,23.8824],[88.6676,23.8694],[88.6264,23.8649],[88.6164,23.8765],[88.608,23.8623],[88.5756,23.8616],[88.6021,23.8172],[88.5851,23.8136],[88.5962,23.8049],[88.5781,23.7866],[88.556,23.7842],[88.5808,23.7605],[88.5645,23.7113],[88.5738,23.6669],[88.5582,23.6492],[88.5622,23.6372],[88.5938,23.6408],[88.5803,23.6029],[88.6455,23.6093],[88.6543,23.5562],[88.6958,23.5173],[88.7243,23.5125],[88.7414,23.4797],[88.7609,23.4784],[88.7607,23.4899],[88.7749,23.4799],[88.7683,23.4901],[88.786,23.5072],[88.8008,23.4971],[88.7873,23.4691],[88.7949,23.4431],[88.7643,23.4482],[88.7493,23.4006],[88.7654,23.3679],[88.732,23.352],[88.7453,23.3078],[88.7304,23.3196],[88.7246,23.2983],[88.7112,23.3127],[88.6964,23.3023],[88.7244,23.2716],[88.7189,23.2548],[88.7695,23.2448],[88.7898,23.2183],[88.8114,23.2215],[88.8115,23.2561],[88.8238,23.2334],[88.9069,23.236],[88.9146,23.2135],[88.9423,23.2062],[88.9787,23.2145],[88.9759,23.2244],[88.9957,23.2147],[88.9797,23.2126],[88.9804,23.1825],[88.9623,23.1931],[88.9391,23.1768],[88.9179,23.1291],[88.8684,23.1011],[88.861,23.0773],[88.8841,23.0404],[88.8798,23.0063],[88.8451,23.0099],[88.871,22.9786],[88.857,22.9689],[88.8594,22.9432],[88.8943,22.952],[88.8869,22.9332],[88.9081,22.9198],[88.8957,22.9131],[88.9094,22.8799],[88.9454,22.8807],[88.9685,22.845],[88.9579,22.7959],[88.9381,22.793],[88.911,22.7578],[88.9279,22.7184],[88.9624,22.695],[88.9271,22.6496],[88.9349,22.6212],[88.9601,22.6166],[88.9389,22.5922],[88.9407,22.5613],[88.9619,22.5487],[88.9961,22.469],[89.0001,22.4298],[88.9719,22.4099],[88.9943,22.3887],[88.9845,22.3267],[89.0243,22.2984],[88.9951,22.2863],[89.0205,22.2685],[89.0139,22.254],[89.0342,22.2583],[89.0389,22.2307],[89.0716,22.1969],[89.0711,22.1473],[89.0987,22.1519],[89.0379,22.0942],[89.0769,22.0084],[89.068,21.9316],[89.0283,21.9287],[88.9974,21.9502],[89.0141,21.9767],[89.0118,21.9843],[89.0012,21.9864],[89.0272,21.9975],[89.0304,22.001],[89.0137,21.9965],[89.0003,21.9877],[88.9883,21.9744],[88.9536,22.0122],[88.9357,22.0118],[88.9178,21.9809],[88.9151,22.0085],[88.9025,22.0039],[88.9044,21.9279],[88.8582,21.9204],[88.8161,21.9418],[88.7999,21.9268],[88.8398,21.8864],[88.8201,21.8378],[88.8308,21.8081],[88.8215,21.7814],[88.8647,21.7614],[88.8412,21.7169],[88.8615,21.6409],[88.8456,21.6191],[88.8045,21.6372],[88.8224,21.667],[88.8146,21.7107],[88.7627,21.702],[88.7938,21.737],[88.7905,21.75],[88.7899,21.7379],[88.7559,21.7353],[88.7672,21.7633],[88.7501,21.7705],[88.7657,21.7864],[88.7811,21.8252],[88.7455,21.7732],[88.7598,21.7618],[88.7524,21.7333],[88.7776,21.7213],[88.7565,21.703],[88.7687,21.6937],[88.8099,21.7045],[88.8079,21.6627],[88.7448,21.6608],[88.7114,21.6896],[88.6938,21.7453],[88.7113,21.787],[88.696,21.8426],[88.7255,21.9795],[88.7515,22.0062],[88.7102,21.996],[88.6896,21.9716],[88.6956,21.9513],[88.6786,21.9431],[88.6307,21.9544],[88.6385,22.0041],[88.6235,22.0115],[88.595,21.9887],[88.5812,22.0],[88.5712,22.0004],[88.5841,21.9897],[88.5741,21.9779],[88.5739,21.9611],[88.554,21.9764],[88.5349,21.9687],[88.5488,21.9203],[88.5687,21.9041],[88.541,21.9074],[88.5388,21.8632],[88.5297,21.8725],[88.5186,21.8756],[88.5367,21.8562],[88.4496,21.9057],[88.4388,21.906],[88.4311,21.9012],[88.4212,21.9041],[88.418,21.9026],[88.4343,21.899],[88.4507,21.9049],[88.483,21.872],[88.4879,21.8404],[88.4475,21.8132],[88.4599,21.7921],[88.4174,21.8132],[88.3794,21.7876],[88.3746,21.7681],[88.3428,21.7613],[88.3443,21.721],[88.3273,21.7265],[88.3208,21.7087],[88.3061,21.7177],[88.3095,21.7339],[88.3,21.7814],[88.283,21.7895],[88.2615,21.7322],[88.3012,21.6824],[88.2844,21.6007],[88.3103,21.5816],[88.2765,21.5567],[88.2484,21.5617],[88.2363,21.605],[88.2185,21.6159],[88.2371,21.6438],[88.2298,21.6732],[88.1998,21.6827],[88.2204,21.7019],[88.2153,21.778],[88.1998,21.836],[88.1634,21.8837],[88.1711,21.9286],[88.1498,21.9569],[88.1981,22.0079],[88.2232,22.0707],[88.2104,22.1489],[88.188,22.188],[88.0728,22.2095],[88.0877,22.2424],[88.0846,22.2563],[88.0606,22.2058],[87.9865,22.2383],[87.9559,22.2697],[87.9476,22.2548],[88.0067,22.2026],[88.0348,22.2089],[88.0737,22.1871],[88.1367,22.1842],[88.1901,22.1163],[88.1834,22.0945],[88.0863,22.0234],[88.0556,22.0201],[87.9681,21.8548],[87.8833,21.7933],[87.8051,21.7034],[87.747,21.6998],[87.7331,21.6755],[87.674,21.6525],[87.6448,21.6497],[87.6439,21.6631],[87.632,21.6478],[87.4848,21.6113],[87.486,21.6322],[87.4604,21.6514],[87.4692,21.7325],[87.4448,21.734],[87.4456,21.7682],[87.3851,21.7768],[87.3697,21.7654],[87.3555,21.7922],[87.3386,21.7848],[87.297,21.8116],[87.2768,21.8055],[87.2344,21.9006],[87.2498,21.935],[87.2318,21.957],[87.1704,21.9799],[87.1614,21.9349],[87.0971,21.9139],[87.0979,21.8669],[87.0353,21.8694],[86.9997,21.9132],[87.0304,21.9853],[87.0267,22.0371],[86.958,22.0886],[86.8337,22.0987],[86.8246,22.1189],[86.8064,22.1197],[86.7938,22.1575],[86.7197,22.1473],[86.725,22.218],[86.7764,22.2179],[86.7777,22.2366],[86.7949,22.2278],[86.7791,22.2169],[86.8024,22.2175],[86.812,22.2412],[86.7949,22.2432],[86.7923,22.2663],[86.804,22.2436],[86.8136,22.2674],[86.8183,22.2537],[86.824,22.2668],[86.8863,22.2572],[86.8878,22.2975],[86.8321,22.3272],[86.8464,22.3991],[86.7619,22.4317],[86.7499,22.4829],[86.7926,22.4778],[86.8024,22.503],[86.7669,22.575],[86.6595,22.575],[86.6341,22.6104],[86.636,22.665],[86.5442,22.7216],[86.5113,22.705],[86.4602,22.7619],[86.4176,22.7837],[86.4388,22.831],[86.435,22.8605],[86.4508,22.8615],[86.4671,22.8999],[86.4353,22.9252],[86.4763,22.9512],[86.4891,22.9372],[86.5026,22.9519],[86.526,22.9476],[86.5456,22.9903],[86.5212,22.9707],[86.5011,22.9936],[86.4193,23.0003],[86.3985,22.9799],[86.3728,22.9982],[86.3395,22.9898],[86.3037,23.016],[86.2485,22.9949],[86.185,23.0054],[86.142,23.0542],[86.1463,23.075],[86.0513,23.1055],[86.0445,23.1442],[85.9576,23.161],[85.8945,23.1551],[85.8825,23.1987],[85.8638,23.2224],[85.8366,23.2205],[85.8386,23.2468],[85.8197,23.2681],[85.8831,23.3508],[85.8708,23.3888],[85.9025,23.3971],[85.8826,23.4306],[85.8639,23.4314],[85.87,23.4749],[86.0538,23.4871],[86.0163,23.5473],[86.0421,23.5869],[86.0774,23.5792],[86.0809,23.5657],[86.1583,23.56],[86.1488,23.4653],[86.1783,23.4698],[86.2284,23.4429],[86.2326,23.4622],[86.2456,23.4593],[86.2299,23.4308],[86.2474,23.4111],[86.2641,23.4308],[86.3106,23.4114],[86.3058,23.4348],[86.3515,23.4421],[86.3641,23.4717],[86.3795,23.4736],[86.3624,23.4842],[86.3752,23.5103],[86.3651,23.5327],[86.3882,23.5739],[86.4471,23.5981],[86.4618,23.6303],[86.5354,23.6312],[86.5976,23.6738],[86.7149,23.6989],[86.7473,23.6788],[86.799,23.689],[86.8284,23.7602],[86.8034,23.8013],[86.8048,23.8368],[86.8265,23.8139],[86.8742,23.8473],[86.8903,23.8205],[86.8802,23.8623],[86.9156,23.8824],[86.9452,23.8469],[86.9732,23.8688],[87.1218,23.7967],[87.1505,23.7976],[87.167,23.8245],[87.13,23.8539],[87.1331,23.8702],[87.1958,23.8574],[87.1886,23.8432],[87.2337,23.8571],[87.2165,23.8317],[87.2387,23.8264],[87.2549,23.847],[87.2451,23.9082],[87.2691,23.8746],[87.295,23.9023],[87.2835,23.9209],[87.2932,23.9586],[87.2615,23.9676],[87.2642,24.0006],[87.2505,23.997],[87.2329,24.0237],[87.2454,24.0451],[87.2875,24.0289],[87.3371,24.0343],[87.3192,24.0085],[87.3282,23.9987],[87.3604,24.0131],[87.4604,23.9838],[87.4383,24.0136],[87.4761,24.0123],[87.512,24.0358],[87.4906,24.0706],[87.5107,24.0822],[87.4898,24.0901],[87.4976,24.119],[87.5599,24.082],[87.5802,24.0864],[87.5766,24.1123],[87.6102,24.1325],[87.5761,24.1613],[87.6944,24.1502],[87.6986,24.1878],[87.6386,24.214],[87.6466,24.2315],[87.6344,24.2417],[87.6388,24.2544],[87.6592,24.2361],[87.7059,24.2614],[87.7137,24.2944],[87.7293,24.2884],[87.7616,24.3085],[87.7644,24.3393],[87.8011,24.3822],[87.794,24.3993],[87.8113,24.4178],[87.7888,24.4165],[87.8031,24.454],[87.8238,24.4585],[87.8107,24.4764],[87.8282,24.4986],[87.8117,24.4908],[87.8093,24.5145],[87.8013,24.4937],[87.7941,24.5011],[87.8086,24.5467],[87.7712,24.583],[87.8122,24.5786],[87.8494,24.5538],[87.8893,24.5651],[87.8919,24.5842],[87.9133,24.5935],[87.9108,24.6104],[87.8758,24.6152],[87.906,24.615],[87.9058,24.6293],[87.8879,24.6303],[87.9141,24.6377],[87.9166,24.6658],[87.8877,24.68],[87.9084,24.7216],[87.8164,24.7597],[87.8362,24.7902],[87.8374,24.7658],[87.8692,24.775],[87.8816,24.8054],[87.8691,24.8246],[87.9003,24.8241],[87.8913,24.856],[87.9529,24.9078],[87.9628,24.9345],[87.9405,24.9909],[87.8994,25.0068],[87.8573,25.0546],[87.8058,25.0727],[87.7744,25.1214],[87.7866,25.2474],[87.7131,25.258],[87.7672,25.261],[87.8273,25.2353],[87.8553,25.2553],[87.8554,25.2969],[87.796,25.3262],[87.7923,25.3735],[87.7697,25.379],[87.7643,25.4131],[87.7752,25.4089],[87.7873,25.4504],[87.8227,25.4371],[87.8393,25.4678],[87.8693,25.469],[87.8844,25.5206],[87.9028,25.5053],[87.917,25.533],[87.9633,25.5395],[87.9938,25.5224],[87.9958,25.4995],[88.0135,25.5112],[88.0303,25.4915],[88.0713,25.4843],[88.0765,25.5081],[88.0373,25.5383],[88.0258,25.5589],[88.0385,25.5694],[88.0203,25.5911],[88.0553,25.6378],[88.0368,25.6416],[88.0482,25.6462],[88.0481,25.6979],[88.0206,25.6959],[87.9989,25.7219],[87.9657,25.7256],[87.938,25.7739],[87.9042,25.7711],[87.8995,25.8075],[87.9159,25.8164],[87.888,25.8307],[87.9147,25.8539],[87.8298,25.8706],[87.8074,25.9299],[87.8196,25.9339],[87.8331,25.9279],[87.8384,25.9315],[87.8559,26.036],[87.928,26.0831],[87.9455,26.0608],[87.9529,26.0765],[87.9856,26.0777],[87.9636,26.0946],[87.9868,26.1014],[87.9693,26.1176],[87.9814,26.1261],[87.9749,26.1434],[87.9921,26.151],[87.9999,26.1384],[88.0372,26.1787],[88.0718,26.1742],[88.1144,26.2237],[88.1398,26.2272],[88.1444,26.2522],[88.2106,26.2778],[88.2473,26.3281],[88.2747,26.3286],[88.2938,26.3517],[88.2763,26.3794],[88.2322,26.3796],[88.2279,26.3927],[88.2696,26.4204],[88.2098,26.4692],[88.2244,26.4819],[88.2107,26.4731],[88.1799,26.4876],[88.2297,26.535],[88.2255,26.5567],[88.211,26.5609],[88.2116,26.5399],[88.1794,26.5483],[88.1328,26.5164],[88.1035,26.5385],[88.1126,26.5718],[88.1304,26.5738],[88.1421,26.6258],[88.1603,26.6364],[88.1879,26.7718],[88.1678,26.8375],[88.174,26.8653],[88.1364,26.8985],[88.1447,26.9225],[88.1201,26.9507],[88.1344,26.9862],[88.0921,27.0047],[88.0775,27.0354],[88.0378,27.0363],[88.0209,27.0878],[87.9909,27.1057],[88.0191,27.1714],[88.0143,27.2129],[88.0344,27.221]]]]}},{"type":"Feature","properties":{"name":"Sikkim","country":"India"},"geometry":{"type":"Polygon","coordinates":[[[88.61,28.1287],[88.6721,28.0723],[88.7563,28.076],[88.8363,28.0148],[88.8369,27.9288],[88.8604,27.9272],[88.8826,27.8908],[88.8827,27.8343],[88.8558,27.8151],[88.8651,27.7422],[88.838,27.7063],[88.8484,27.668],[88.8153,27.6461],[88.7913,27.5751],[88.7637,27.5651],[88.7928,27.5289],[88.7825,27.4497],[88.7963,27.4473],[88.8233,27.3906],[88.861,27.3865],[88.884,27.3425],[88.9192,27.328],[88.9077,27.277],[88.8031,27.2478],[88.7868,27.182],[88.7646,27.177],[88.7386,27.1354],[88.6881,27.1793],[88.6603,27.1606],[88.5929,27.1912],[88.543,27.1832],[88.5208,27.1729],[88.5324,27.1501],[88.4329,27.0793],[88.3215,27.1047],[88.3023,27.1293],[88.23,27.119],[88.1946,27.1348],[88.1518,27.1096],[88.0967,27.1328],[88.0792,27.2011],[88.0431,27.2195],[88.0123,27.2159],[88.032,27.2864],[88.0668,27.3359],[88.0416,27.3729],[88.0511,27.4132],[88.0751,27.4332],[88.0441,27.4958],[88.0817,27.584],[88.1447,27.6654],[88.1562,27.7361],[88.1783,27.7466],[88.1972,27.7912],[88.1736,27.8206],[88.2019,27.8425],[88.135,27.8816],[88.1196,27.916],[88.1379,27.9372],[88.1294,27.9494],[88.1452,27.9641],[88.2064,27.9417],[88.208,27.9617],[88.2372,27.9708],[88.2511,27.9424],[88.3523,27.9899],[88.3991,27.978],[88.4306,28.0081],[88.4678,28.0171],[88.4956,28.0539],[88.5235,28.035],[88.5508,28.0376],[88.5525,28.0814],[88.6193,28.0981],[88.61,28.1287]]]}},{"type":"Feature","properties":{"name":"Bihar","country":"India"},"geometry":{"type":"Polygon","coordinates":[[[84.1093,27.5208],[84.1514,27.5167],[84.1491,27.4859],[84.2054,27.4704],[84.2089,27.4426],[84.2543,27.454],[84.2924,27.3848],[84.6219,27.3369],[84.6911,27.2148],[84.6745,27.0959],[84.6462,27.0756],[84.6434,27.0461],[84.7567,27.0028],[84.7734,27.0177],[84.7936,26.9958],[84.8254,27.0209],[84.8916,26.9697],[84.9626,26.9605],[84.9785,26.9401],[84.9681,26.9161],[85.0612,26.8866],[85.0309,26.8744],[85.024,26.8544],[85.1908,26.8698],[85.1767,26.8096],[85.211,26.7584],[85.3345,26.7417],[85.4077,26.7913],[85.4546,26.7818],[85.566,26.8411],[85.5756,26.861],[85.5857,26.8474],[85.6346,26.8722],[85.6424,26.8533],[85.7211,26.8204],[85.7345,26.7959],[85.7233,26.6998],[85.7342,26.6508],[85.8018,26.6243],[85.8177,26.6028],[85.8513,26.6087],[85.8492,26.569],[85.9291,26.6168],[85.9482,26.614],[85.9601,26.651],[86.0276,26.6668],[86.1388,26.6288],[86.1363,26.6063],[86.1922,26.6148],[86.1963,26.5939],[86.2177,26.5885],[86.2527,26.6171],[86.3329,26.6191],[86.4986,26.5421],[86.5415,26.5387],[86.5703,26.4965],[86.6932,26.4512],[86.7314,26.4226],[86.7665,26.4594],[86.8338,26.4391],[86.8942,26.4619],[86.8931,26.4878],[86.93,26.4897],[86.9322,26.517],[87.0154,26.532],[87.0447,26.5872],[87.0718,26.5858],[87.092,26.4501],[87.1626,26.4039],[87.2611,26.4093],[87.266,26.3739],[87.3125,26.3716],[87.3411,26.3475],[87.3584,26.3611],[87.3689,26.4079],[87.4638,26.4395],[87.5477,26.4184],[87.6104,26.3808],[87.6519,26.3934],[87.6502,26.406],[87.6781,26.4158],[87.6776,26.4355],[87.7339,26.4076],[87.7648,26.4099],[87.7895,26.4694],[87.8488,26.4365],[87.8883,26.4868],[87.9098,26.4576],[87.8987,26.4487],[87.9251,26.4448],[87.9269,26.4178],[87.9919,26.3926],[87.9963,26.3656],[88.0305,26.3649],[88.0348,26.3913],[88.096,26.44],[88.0921,26.4633],[88.107,26.4757],[88.0902,26.5073],[88.0981,26.5379],[88.1328,26.5164],[88.1794,26.5483],[88.2116,26.5399],[88.211,26.5609],[88.2255,26.5567],[88.2297,26.535],[88.1799,26.4876],[88.2107,26.4731],[88.2244,26.4819],[88.2098,26.4692],[88.2696,26.4204],[88.2279,26.3927],[88.2322,26.3796],[88.2763,26.3794],[88.2935,26.3508],[88.2789,26.3494],[88.2747,26.3286],[88.2473,26.3281],[88.2106,26.2778],[88.1444,26.2522],[88.1398,26.2272],[88.1144,26.2237],[88.0718,26.1742],[88.0372,26.1787],[87.9999,26.1384],[87.9921,26.151],[87.9749,26.1434],[87.9814,26.1261],[87.9693,26.1176],[87.9868,26.1014],[87.9636,26.0946],[87.9856,26.0777],[87.9529,26.0765],[87.9455,26.0608],[87.928,26.0831],[87.8559,26.036],[87.8384,25.9315],[87.8074,25.9299],[87.8298,25.8706],[87.9147,25.8539],[87.888,25.8307],[87.9159,25.8164],[87.8995,25.8075],[87.9042,25.7711],[87.938,25.7739],[87.9657,25.7256],[87.9989,25.7219],[88.0206,25.6959],[88.0487,25.6971],[88.0482,25.6462],[88.0368,25.6416],[88.0553,25.6378],[88.0203,25.5911],[88.0385,25.5694],[88.0258,25.5589],[88.0373,25.5383],[88.0765,25.5081],[88.0734,25.4843],[88.0303,25.4915],[88.0135,25.5112],[87.9958,25.4995],[87.9938,25.5224],[87.9633,25.5395],[87.9277,25.5372],[87.9028,25.5053],[87.8844,25.5206],[87.8693,25.469],[87.8393,25.4678],[87.8248,25.4379],[87.7873,25.4504],[87.7752,25.4089],[87.7645,25.4138],[87.7659,25.3853],[87.7923,25.3735],[87.796,25.3262],[87.8614,25.2814],[87.8553,25.2553],[87.8273,25.2353],[87.7672,25.261],[87.7113,25.2576],[87.692,25.3115],[87.612,25.3127],[87.5841,25.3314],[87.5839,25.3492],[87.5517,25.3325],[87.5427,25.2809],[87.4937,25.3075],[87.4861,25.2973],[87.5005,25.2598],[87.4764,25.2378],[87.4778,25.1943],[87.401,25.2269],[87.3715,25.2062],[87.3273,25.2236],[87.2954,25.0885],[87.2503,25.1057],[87.2374,25.0858],[87.2143,25.0912],[87.1462,25.02],[87.1424,24.9137],[87.1555,24.885],[87.1426,24.8606],[87.1061,24.8551],[87.0743,24.8199],[87.0957,24.8027],[87.0696,24.7456],[87.0803,24.7262],[87.0541,24.6693],[87.0506,24.6088],[87.023,24.6157],[87.0213,24.6295],[86.9961,24.6201],[86.9776,24.6396],[86.9528,24.6315],[86.9582,24.6476],[86.9376,24.6502],[86.9449,24.6358],[86.9073,24.5882],[86.9146,24.5422],[86.8805,24.5722],[86.8568,24.5549],[86.8426,24.5742],[86.8031,24.5703],[86.8112,24.5983],[86.789,24.6187],[86.754,24.6213],[86.7347,24.5795],[86.6702,24.5649],[86.6033,24.6084],[86.5523,24.536],[86.5294,24.5403],[86.5096,24.5222],[86.4867,24.4641],[86.4913,24.4281],[86.4665,24.4239],[86.4719,24.3933],[86.4449,24.3678],[86.4121,24.381],[86.3499,24.4474],[86.3174,24.4415],[86.276,24.4658],[86.309,24.5098],[86.3008,24.5601],[86.3232,24.5868],[86.2592,24.5787],[86.2143,24.6138],[86.2145,24.5949],[86.1805,24.5837],[86.1253,24.6115],[86.1155,24.6437],[86.1284,24.6986],[86.0907,24.746],[86.0371,24.7411],[86.0551,24.7797],[85.9444,24.7336],[85.8672,24.8042],[85.7783,24.7966],[85.7367,24.8211],[85.7074,24.7798],[85.7083,24.7259],[85.682,24.6919],[85.6492,24.6848],[85.6762,24.6166],[85.6674,24.5789],[85.6147,24.5807],[85.5808,24.6007],[85.566,24.5873],[85.5718,24.5618],[85.5407,24.5627],[85.5408,24.5305],[85.524,24.5213],[85.4917,24.5481],[85.4346,24.5285],[85.3844,24.5555],[85.3708,24.5553],[85.3972,24.5449],[85.3919,24.5303],[85.2881,24.5233],[85.2824,24.4918],[85.2491,24.4907],[85.226,24.4634],[85.1608,24.4603],[85.1739,24.4206],[85.089,24.3725],[85.0732,24.3782],[85.081,24.433],[85.0611,24.4059],[85.0312,24.4146],[84.9749,24.3747],[84.9038,24.3722],[84.8823,24.4248],[84.8873,24.4633],[84.854,24.4667],[84.8401,24.4522],[84.8389,24.5126],[84.8019,24.5307],[84.7861,24.5038],[84.6853,24.4551],[84.6651,24.3909],[84.5682,24.4094],[84.5724,24.3826],[84.5278,24.3757],[84.5314,24.3382],[84.4959,24.2861],[84.4844,24.302],[84.5053,24.3313],[84.4845,24.3127],[84.4596,24.3371],[84.4244,24.3298],[84.4311,24.3565],[84.4004,24.3646],[84.4066,24.3749],[84.3882,24.3893],[84.3416,24.3935],[84.3345,24.4206],[84.3205,24.4211],[84.3356,24.4315],[84.2974,24.4494],[84.2961,24.4735],[84.3275,24.4924],[84.2968,24.5606],[84.2705,24.56],[84.2799,24.5479],[84.2568,24.5269],[84.2364,24.5493],[84.2151,24.5327],[84.1872,24.5529],[84.1732,24.5447],[84.1849,24.5196],[84.1697,24.5033],[84.1525,24.5152],[84.1635,24.5334],[84.1443,24.5383],[84.1405,24.5005],[84.1108,24.4767],[84.0856,24.5052],[84.0932,24.5336],[84.051,24.5866],[84.052,24.6099],[84.0078,24.6429],[83.9361,24.5491],[83.8731,24.5318],[83.8002,24.5295],[83.7206,24.5035],[83.5033,24.5254],[83.4971,24.5391],[83.5301,24.5673],[83.5235,24.6031],[83.548,24.6233],[83.5005,24.6513],[83.5204,24.6775],[83.4851,24.7017],[83.4893,24.7363],[83.4581,24.7313],[83.4278,24.7683],[83.3931,24.7827],[83.3966,24.8323],[83.3574,24.8709],[83.3695,24.8799],[83.3546,24.9055],[83.3615,24.9537],[83.3431,24.9631],[83.3498,25.0092],[83.3202,25.0173],[83.3434,25.0509],[83.3501,25.1133],[83.3674,25.1252],[83.3513,25.157],[83.3572,25.1997],[83.402,25.2091],[83.4099,25.2466],[83.4362,25.2442],[83.4501,25.261],[83.4679,25.2523],[83.4904,25.2895],[83.5055,25.281],[83.5541,25.3085],[83.5399,25.3158],[83.5737,25.3061],[83.5963,25.3277],[83.6488,25.3393],[83.6559,25.3684],[83.6937,25.3696],[83.6821,25.3786],[83.7017,25.3962],[83.7101,25.386],[83.7406,25.4106],[83.769,25.3864],[83.8078,25.4091],[83.8016,25.4298],[83.8464,25.4344],[83.8128,25.4482],[83.8166,25.4628],[83.8567,25.4686],[83.8762,25.5181],[83.9021,25.524],[83.9246,25.5543],[84.0174,25.6147],[84.0813,25.6363],[84.0752,25.6953],[84.1051,25.7212],[84.1399,25.7317],[84.1299,25.7178],[84.1417,25.7161],[84.1546,25.7292],[84.1989,25.7021],[84.206,25.6695],[84.2769,25.6604],[84.3003,25.6654],[84.2876,25.6775],[84.3243,25.671],[84.3363,25.7442],[84.3917,25.7452],[84.3844,25.7328],[84.4,25.7294],[84.4067,25.6984],[84.4277,25.6936],[84.4296,25.7116],[84.4535,25.7143],[84.4993,25.6747],[84.5289,25.6825],[84.5394,25.7267],[84.5352,25.6908],[84.5575,25.6797],[84.5603,25.7369],[84.6347,25.7279],[84.603,25.7619],[84.6235,25.7708],[84.6246,25.7922],[84.5521,25.8402],[84.5305,25.8316],[84.5232,25.8603],[84.5432,25.86],[84.534,25.8764],[84.4276,25.8912],[84.4119,25.9308],[84.354,25.9588],[84.2969,25.9452],[84.2071,25.9998],[84.17,25.9877],[84.1725,26.0246],[84.1178,26.08],[84.0887,26.1002],[84.0559,26.1002],[84.0501,26.13],[84.0274,26.1424],[84.0335,26.1607],[84.0094,26.1756],[84.0392,26.2091],[84.0123,26.2324],[84.0864,26.2188],[84.1217,26.2589],[84.1512,26.2578],[84.1662,26.2409],[84.186,26.3129],[84.1764,26.3713],[84.0792,26.3825],[84.0339,26.4117],[84.0168,26.4476],[83.9913,26.4324],[83.9079,26.4473],[83.9081,26.5191],[83.9404,26.5252],[83.9708,26.5075],[83.9761,26.5335],[84.0083,26.5219],[84.0481,26.5364],[84.0891,26.603],[84.0865,26.6391],[84.1587,26.6362],[84.1603,26.6245],[84.2813,26.5996],[84.3073,26.6163],[84.4197,26.6268],[84.4104,26.6702],[84.3301,26.6841],[84.3059,26.7495],[84.2554,26.7266],[84.2407,26.7387],[84.2326,26.7537],[84.26,26.805],[84.2541,26.8566],[84.2195,26.8716],[84.1661,26.8338],[84.1406,26.8527],[84.1464,26.8854],[84.1104,26.8986],[84.0981,26.8759],[84.0603,26.8881],[84.06,26.9202],[84.0321,26.9412],[84.0548,26.9601],[84.0458,26.9822],[84.0567,26.9897],[84.0373,27.0091],[84.0495,27.0433],[84.0001,27.0686],[84.0303,27.0976],[83.9465,27.0908],[83.9591,27.1369],[83.9942,27.1752],[83.9702,27.224],[83.9051,27.2576],[83.9325,27.3114],[83.9166,27.3265],[83.8714,27.3072],[83.8366,27.3222],[83.8623,27.3357],[83.8833,27.3742],[83.8331,27.4251],[83.8473,27.4456],[83.8755,27.4354],[83.9335,27.4505],[84.0269,27.4335],[84.0612,27.4527],[84.1093,27.5208]]]}},{"type":"Feature","properties":{"name":"Nagaland","country":"India"},"geometry":{"type":"Polygon","coordinates":[[[95.206,26.9511],[95.2306,26.9149],[95.2305,26.8852],[95.1811,26.8592],[95.2052,26.845],[95.1956,26.8342],[95.2116,26.7926],[95.2414,26.7815],[95.2125,26.7294],[95.2332,26.6811],[95.2081,26.6478],[95.1489,26.6159],[95.1542,26.5831],[95.1075,26.5415],[95.1145,26.5185],[95.062,26.4502],[95.0845,26.4471],[95.1039,26.4207],[95.0998,26.3937],[95.1321,26.3778],[95.1273,26.254],[95.1146,26.2329],[95.1427,26.2116],[95.122,26.1852],[95.1179,26.1011],[95.1859,26.0731],[95.1261,25.9858],[95.0895,25.9505],[95.0314,25.9311],[95.0118,25.8978],[95.0092,25.8666],[95.05,25.8],[95.049,25.7594],[94.936,25.6676],[94.9151,25.6077],[94.8817,25.591],[94.8985,25.5653],[94.8459,25.5619],[94.808,25.4933],[94.7835,25.4804],[94.7514,25.4939],[94.6649,25.4494],[94.6281,25.4598],[94.5527,25.5071],[94.5511,25.5802],[94.5906,25.6382],[94.5716,25.6391],[94.5911,25.6857],[94.5686,25.6921],[94.5009,25.6115],[94.4696,25.6162],[94.4256,25.5874],[94.4158,25.5373],[94.3091,25.4894],[94.2824,25.5067],[94.2106,25.4954],[94.1865,25.526],[94.1907,25.5476],[94.156,25.5505],[94.1346,25.519],[94.088,25.5282],[94.0819,25.5552],[94.0109,25.5918],[94.0065,25.5669],[93.9614,25.5523],[93.8328,25.5591],[93.816,25.5404],[93.767,25.5364],[93.7621,25.496],[93.8003,25.4951],[93.8052,25.4616],[93.7142,25.3577],[93.689,25.3578],[93.6087,25.2025],[93.5892,25.2002],[93.551,25.247],[93.5015,25.2407],[93.5071,25.2721],[93.4731,25.2756],[93.4485,25.3403],[93.4736,25.3793],[93.4582,25.431],[93.3903,25.4604],[93.3855,25.4904],[93.3267,25.5459],[93.3587,25.5546],[93.4274,25.6325],[93.4609,25.6323],[93.4966,25.6545],[93.5225,25.6976],[93.5412,25.6988],[93.5425,25.7309],[93.5679,25.7584],[93.6174,25.776],[93.6461,25.8224],[93.7143,25.8445],[93.6815,25.9044],[93.7513,25.9328],[93.7654,25.9698],[93.7957,25.9065],[93.7775,25.8498],[93.7955,25.8089],[93.8397,25.8566],[93.8818,25.8433],[93.916,25.8837],[93.9787,25.9167],[93.953,26.003],[93.9874,26.0668],[94.0011,26.1723],[94.032,26.1975],[94.0477,26.2494],[94.0746,26.2644],[94.1051,26.3199],[94.1746,26.3405],[94.1602,26.3543],[94.1776,26.382],[94.1717,26.4298],[94.2563,26.5412],[94.2848,26.5611],[94.2897,26.4797],[94.3166,26.4583],[94.3255,26.4819],[94.3528,26.4901],[94.3478,26.5045],[94.3722,26.506],[94.4009,26.5342],[94.4134,26.5772],[94.4029,26.6106],[94.4655,26.6331],[94.4603,26.6616],[94.4927,26.6659],[94.5393,26.7062],[94.5624,26.7051],[94.5665,26.6836],[94.5773,26.7007],[94.5939,26.6972],[94.5971,26.7346],[94.6096,26.7369],[94.6203,26.7121],[94.6923,26.7319],[94.7402,26.776],[94.7583,26.766],[94.7702,26.789],[94.8027,26.8013],[94.7953,26.8144],[94.8145,26.8195],[94.8175,26.8475],[94.8736,26.9175],[94.9235,26.9464],[94.9309,26.9326],[94.9612,26.9371],[94.9826,26.913],[95.0168,26.9211],[95.1018,26.9618],[95.1925,27.0352],[95.206,26.9511]]]}},{"type":"Feature","properties":{"name":"Arunachal Pradesh","country":"India"},"geometry":{"type":"Polygon","coordinates":[[[96.0673,29.4659],[96.1765,29.3452],[96.1799,29.3075],[96.2355,29.2419],[96.2896,29.2446],[96.3543,29.2921],[96.3808,29.2546],[96.342,29.1784],[96.245,29.1658],[96.2105,29.1481],[96.1736,29.0992],[96.1021,29.079],[96.1409,29.0583],[96.1715,28.9992],[96.1718,28.9698],[96.1423,28.9567],[96.1349,28.9352],[96.1609,28.8978],[96.2202,28.9298],[96.3269,29.028],[96.4231,29.0375],[96.5136,29.074],[96.4647,28.9831],[96.4812,28.9585],[96.5094,28.9664],[96.5261,28.8825],[96.609,28.7798],[96.5793,28.7116],[96.4669,28.6752],[96.4874,28.6389],[96.4745,28.6218],[96.4248,28.5821],[96.402,28.5809],[96.4,28.5593],[96.3448,28.554],[96.3186,28.526],[96.3621,28.4803],[96.2534,28.407],[96.3167,28.3776],[96.3626,28.3864],[96.3955,28.3359],[96.4174,28.3409],[96.4571,28.4138],[96.5054,28.411],[96.5707,28.4523],[96.6411,28.4578],[96.7408,28.4138],[96.7703,28.367],[96.8345,28.3607],[96.8897,28.3785],[96.9258,28.3369],[96.9876,28.3033],[97.0753,28.3496],[97.1057,28.347],[97.1711,28.2857],[97.2953,28.2619],[97.401,28.1923],[97.4012,28.1815],[97.3638,28.1891],[97.3279,28.1502],[97.3472,28.1105],[97.3104,28.0745],[97.3258,28.0527],[97.3809,28.0593],[97.3757,28.0402],[97.4129,28.0148],[97.373,27.968],[97.3736,27.8802],[97.309,27.915],[97.249,27.8993],[97.104,27.7697],[97.0938,27.7401],[97.0362,27.7424],[96.9831,27.6643],[96.9417,27.6607],[96.8967,27.6093],[96.8967,27.5815],[96.9122,27.5805],[96.913,27.5439],[96.9298,27.5242],[96.9032,27.4527],[96.9623,27.4016],[96.9621,27.3731],[96.9981,27.319],[97.0283,27.3079],[97.0885,27.2382],[97.0905,27.2136],[97.1639,27.1422],[97.1385,27.091],[97.1003,27.1084],[97.0634,27.0915],[97.0303,27.1315],[96.9848,27.1543],[96.8744,27.1807],[96.8548,27.2102],[96.8852,27.2265],[96.8847,27.2597],[96.847,27.2711],[96.848,27.2903],[96.7967,27.3456],[96.7049,27.372],[96.6978,27.3577],[96.6053,27.3655],[96.5957,27.3339],[96.5512,27.3185],[96.5239,27.2865],[96.4406,27.3063],[96.3868,27.2846],[96.3073,27.2943],[96.271,27.2715],[96.228,27.2787],[96.023,27.1801],[95.946,27.0516],[95.8701,27.0127],[95.802,27.0145],[95.755,26.9538],[95.7449,26.8963],[95.7241,26.8822],[95.667,26.9029],[95.6323,26.8737],[95.6085,26.8129],[95.5431,26.8354],[95.5074,26.8088],[95.4828,26.7471],[95.4591,26.7439],[95.4314,26.7007],[95.3358,26.6745],[95.304,26.651],[95.2587,26.6558],[95.2125,26.7294],[95.2414,26.7815],[95.2116,26.7926],[95.1956,26.8342],[95.2052,26.845],[95.1811,26.8592],[95.2305,26.8852],[95.2118,26.9648],[95.192,26.9845],[95.1929,27.0358],[95.2107,27.0285],[95.2322,27.0428],[95.2464,27.0238],[95.3548,27.1039],[95.3747,27.0927],[95.4206,27.1258],[95.4533,27.1294],[95.4666,27.1816],[95.4576,27.2088],[95.5092,27.262],[95.5451,27.26],[95.5919,27.223],[95.6815,27.2517],[95.7202,27.2495],[95.8009,27.2843],[95.8052,27.273],[95.8593,27.2872],[95.8564,27.2711],[95.8924,27.2553],[95.8972,27.2822],[95.96,27.311],[95.9892,27.3565],[96.0178,27.3649],[95.9694,27.4279],[95.9547,27.4196],[95.9413,27.4373],[95.908,27.4343],[95.8857,27.3982],[95.8832,27.4353],[95.8601,27.408],[95.8445,27.4216],[95.8869,27.4971],[95.8766,27.5443],[95.8143,27.5742],[95.8158,27.5987],[95.7906,27.5996],[95.7785,27.624],[95.7958,27.6417],[95.7704,27.6577],[95.7905,27.6801],[95.7679,27.687],[95.7523,27.7209],[95.7794,27.7337],[95.776,27.7536],[95.8378,27.8241],[95.8704,27.8327],[95.9251,27.8817],[95.9155,27.8894],[95.9377,27.8982],[95.9713,27.9627],[95.8239,27.9715],[95.6053,27.9546],[95.5201,27.8812],[95.3796,27.8392],[95.3088,27.868],[94.9223,27.7499],[94.8523,27.7276],[94.841,27.7006],[94.7937,27.6952],[94.7543,27.6605],[94.6879,27.6651],[94.6827,27.6459],[94.499,27.5722],[94.4778,27.5761],[94.4617,27.5552],[94.4317,27.6003],[94.364,27.5744],[94.2983,27.6019],[94.2774,27.5894],[94.2543,27.6142],[94.2617,27.6359],[94.2376,27.6327],[94.2095,27.6051],[94.2266,27.5977],[94.225,27.5741],[94.2587,27.5555],[94.2682,27.5208],[94.1567,27.4749],[94.1594,27.4616],[94.0896,27.407],[94.0598,27.3615],[93.9913,27.3283],[93.806,27.1488],[93.7945,27.1345],[93.8251,27.1164],[93.8378,27.0854],[93.8292,27.0668],[93.8034,27.0581],[93.7938,27.0723],[93.8002,27.0579],[93.7838,27.0515],[93.7812,27.0655],[93.7783,27.0489],[93.7709,27.062],[93.7674,27.0394],[93.6651,26.9685],[93.4891,26.9362],[93.3241,26.9601],[93.0219,26.9134],[92.9171,26.9629],[92.9184,26.9823],[92.8866,26.9997],[92.6725,27.0316],[92.6448,26.9867],[92.5833,26.9595],[92.4475,26.9588],[92.3983,26.9247],[92.3632,26.9345],[92.3027,26.9226],[92.303,26.9071],[92.2761,26.902],[92.12,26.889],[92.1181,26.9744],[92.0784,27.0174],[92.0817,27.0408],[92.0441,27.0514],[92.0231,27.1096],[92.0358,27.1349],[92.0267,27.1683],[92.0584,27.1903],[92.0726,27.2331],[92.038,27.2584],[92.0671,27.2772],[92.1035,27.2687],[92.125,27.282],[92.0648,27.3273],[92.0482,27.3631],[92.0585,27.3997],[92.0222,27.448],[92.0194,27.4781],[91.9436,27.4597],[91.8486,27.4865],[91.8253,27.4679],[91.767,27.4648],[91.7146,27.4745],[91.6951,27.5053],[91.6525,27.483],[91.5663,27.5831],[91.5844,27.6082],[91.5641,27.6414],[91.6285,27.6994],[91.6454,27.7634],[91.6146,27.8219],[91.566,27.8186],[91.5536,27.8514],[91.5699,27.848],[91.5755,27.8643],[91.6632,27.853],[91.7098,27.808],[91.7613,27.8],[91.8207,27.816],[91.8622,27.7397],[91.9277,27.7226],[91.9935,27.7712],[92.0514,27.7639],[92.2187,27.8695],[92.2775,27.8691],[92.3128,27.7885],[92.3851,27.8006],[92.3898,27.8214],[92.4163,27.8306],[92.4563,27.8141],[92.5034,27.854],[92.5562,27.8244],[92.6153,27.8945],[92.6577,27.9019],[92.7424,27.9926],[92.7207,28.0305],[92.6665,28.0638],[92.6879,28.1274],[92.8148,28.211],[92.8361,28.1791],[92.8969,28.2052],[92.9228,28.24],[92.9627,28.2586],[92.9973,28.2294],[93.0283,28.2687],[93.0223,28.3104],[93.218,28.3261],[93.2242,28.4055],[93.1805,28.4349],[93.2777,28.5013],[93.3016,28.599],[93.3249,28.6092],[93.3334,28.6391],[93.406,28.6513],[93.446,28.6747],[93.4705,28.6527],[93.4961,28.686],[93.5224,28.6591],[93.6194,28.6534],[93.7399,28.6846],[93.7841,28.6634],[93.8506,28.707],[93.9356,28.6661],[93.9618,28.6936],[93.973,28.7432],[94.0103,28.7728],[93.9867,28.8038],[94.0072,28.8407],[94.1645,28.9575],[94.1861,29.0287],[94.2241,29.0878],[94.2937,29.1454],[94.3625,29.1526],[94.3749,29.185],[94.4381,29.2232],[94.5507,29.2208],[94.631,29.3412],[94.7413,29.2747],[94.793,29.2153],[94.8041,29.1624],[94.8787,29.175],[94.9158,29.1521],[94.9584,29.1564],[95.0224,29.1339],[94.9753,29.1565],[94.9798,29.1733],[94.9928,29.1708],[95.0951,29.1396],[95.1064,29.1189],[95.2417,29.1106],[95.242,29.0636],[95.2601,29.0541],[95.2879,29.0626],[95.4107,29.0305],[95.4403,29.0366],[95.4665,29.0665],[95.481,29.1431],[95.5307,29.1305],[95.5269,29.2157],[95.5722,29.2228],[95.583,29.2606],[95.6193,29.2497],[95.6598,29.2716],[95.7657,29.3564],[95.7769,29.3617],[95.7821,29.3414],[95.831,29.3588],[95.8617,29.3951],[95.9418,29.3877],[96.0673,29.4659]]]}},{"type":"Feature","properties":{"name":"Assam","country":"India"},"geometry":{"type":"Polygon","coordinates":[[[95.6053,27.9546],[95.9718,27.9622],[95.9377,27.8982],[95.9155,27.8894],[95.9251,27.8817],[95.8704,27.8327],[95.8378,27.8241],[95.776,27.7536],[95.7794,27.7337],[95.7523,27.7205],[95.7679,27.687],[95.7905,27.6801],[95.7704,27.6577],[95.7958,27.6417],[95.7785,27.624],[95.7906,27.5996],[95.8158,27.5987],[95.8143,27.5742],[95.8766,27.5443],[95.8869,27.4971],[95.8445,27.4216],[95.8601,27.408],[95.8832,27.4353],[95.8857,27.3982],[95.908,27.4343],[95.9413,27.4373],[95.9547,27.4196],[95.9694,27.4279],[96.0178,27.3649],[95.9892,27.3565],[95.96,27.311],[95.8972,27.2822],[95.8924,27.2553],[95.8564,27.2711],[95.8593,27.2872],[95.8052,27.273],[95.8009,27.2843],[95.7202,27.2495],[95.6815,27.2517],[95.5919,27.223],[95.5451,27.26],[95.5088,27.2619],[95.4576,27.2088],[95.4666,27.1816],[95.4533,27.1294],[95.4206,27.1258],[95.3747,27.0927],[95.3548,27.1039],[95.2464,27.0238],[95.2322,27.0428],[95.2107,27.0285],[95.1931,27.0359],[95.1018,26.9618],[95.0168,26.9211],[94.9826,26.913],[94.9612,26.9371],[94.9309,26.9326],[94.9235,26.9464],[94.8736,26.9175],[94.8175,26.8475],[94.8145,26.8195],[94.7953,26.8144],[94.8027,26.8013],[94.7702,26.789],[94.7583,26.766],[94.7402,26.776],[94.6923,26.7319],[94.6203,26.7121],[94.6096,26.7369],[94.5971,26.7346],[94.5939,26.6972],[94.5773,26.7007],[94.5665,26.6836],[94.5624,26.7051],[94.5393,26.7062],[94.4927,26.6659],[94.4603,26.6616],[94.4655,26.6331],[94.4029,26.6106],[94.4134,26.5772],[94.4009,26.5342],[94.3722,26.506],[94.3478,26.5045],[94.3528,26.4901],[94.3255,26.4819],[94.3166,26.4583],[94.2897,26.4797],[94.2848,26.5611],[94.2563,26.5412],[94.1717,26.4298],[94.1776,26.382],[94.1602,26.3543],[94.1746,26.3405],[94.1051,26.3199],[94.0746,26.2644],[94.0477,26.2494],[94.032,26.1975],[94.0011,26.1723],[93.9874,26.0668],[93.953,26.003],[93.9787,25.9167],[93.916,25.8837],[93.8818,25.8433],[93.8397,25.8566],[93.7955,25.8089],[93.7775,25.8498],[93.7957,25.9065],[93.7772,25.9682],[93.7654,25.9698],[93.7513,25.9328],[93.6815,25.9044],[93.7143,25.8445],[93.6461,25.8224],[93.6174,25.776],[93.5679,25.7584],[93.5425,25.7309],[93.5412,25.6988],[93.5225,25.6976],[93.4966,25.6545],[93.4609,25.6323],[93.4274,25.6325],[93.3587,25.5546],[93.3267,25.5459],[93.3855,25.4904],[93.3903,25.4604],[93.4582,25.431],[93.4736,25.3793],[93.4484,25.3406],[93.4705,25.3051],[93.3815,25.24],[93.3459,25.1698],[93.3324,25.0935],[93.3,25.046],[93.2642,25.0494],[93.2439,25.0183],[93.263,24.9613],[93.2368,24.9372],[93.2488,24.9148],[93.2352,24.9114],[93.2264,24.8728],[93.1948,24.8538],[93.1968,24.8111],[93.1495,24.7874],[93.1386,24.81],[93.1094,24.8115],[93.1078,24.7414],[93.0735,24.7078],[93.1042,24.6742],[93.0712,24.6006],[93.1044,24.5824],[93.0582,24.5738],[93.0708,24.558],[93.05,24.5442],[93.0326,24.4953],[93.0464,24.4736],[93.0416,24.413],[93.012,24.4167],[92.9943,24.3989],[92.9737,24.4083],[92.9593,24.3919],[92.9093,24.4129],[92.9029,24.3911],[92.8609,24.3985],[92.8296,24.3736],[92.8299,24.4003],[92.7994,24.4191],[92.763,24.5211],[92.6848,24.3465],[92.6614,24.3482],[92.6458,24.3278],[92.6247,24.3336],[92.6123,24.2535],[92.5509,24.2472],[92.5342,24.1801],[92.4839,24.1632],[92.4655,24.1363],[92.4364,24.153],[92.4357,24.1793],[92.4192,24.1919],[92.4225,24.2549],[92.2129,24.2499],[92.2741,24.3883],[92.2594,24.4392],[92.2302,24.4615],[92.2304,24.5017],[92.2129,24.504],[92.2311,24.5312],[92.2548,24.6781],[92.2958,24.7364],[92.2792,24.7453],[92.2889,24.7845],[92.2727,24.8276],[92.2415,24.8425],[92.2481,24.8855],[92.2329,24.9001],[92.2994,24.9157],[92.4001,24.8487],[92.4376,24.8557],[92.4448,24.872],[92.4879,24.8713],[92.4876,24.9468],[92.4493,24.9388],[92.4682,24.963],[92.4203,24.9659],[92.4163,24.9899],[92.4383,25.0439],[92.4643,25.0374],[92.457,25.0541],[92.4806,25.1083],[92.5394,25.0991],[92.5225,25.1392],[92.6214,25.115],[92.6635,25.1767],[92.8029,25.2162],[92.7619,25.2465],[92.7925,25.2826],[92.7869,25.3144],[92.7818,25.3332],[92.7499,25.3441],[92.738,25.3793],[92.7179,25.3726],[92.6735,25.414],[92.6616,25.4064],[92.6536,25.4335],[92.6396,25.4176],[92.6256,25.4349],[92.6276,25.422],[92.6066,25.4132],[92.5986,25.4681],[92.5647,25.4655],[92.5737,25.4905],[92.6428,25.5348],[92.6615,25.5722],[92.653,25.5909],[92.5948,25.5516],[92.5725,25.5574],[92.5567,25.571],[92.5542,25.6148],[92.5056,25.6163],[92.4703,25.6752],[92.4406,25.6916],[92.4443,25.7197],[92.4066,25.7446],[92.3818,25.742],[92.384,25.7545],[92.3335,25.7241],[92.225,25.7161],[92.1702,25.6671],[92.1562,25.6722],[92.1442,25.7168],[92.1627,25.7413],[92.1511,25.8166],[92.1772,25.8727],[92.2256,25.9092],[92.1547,25.911],[92.1524,25.9443],[92.1809,25.985],[92.2635,26.0331],[92.2749,26.0657],[92.1694,26.0776],[92.1326,26.0442],[91.9891,26.0385],[91.919,25.9978],[91.9147,26.0205],[91.8673,26.042],[91.8792,26.098],[91.8254,26.1194],[91.7914,26.0852],[91.7311,26.0589],[91.7201,25.9536],[91.6706,25.9042],[91.6095,25.9374],[91.6407,25.9638],[91.6261,25.9867],[91.6311,26.022],[91.5975,26.0181],[91.5798,26.0332],[91.5512,25.9766],[91.5181,25.9597],[91.5033,25.9137],[91.537,25.9312],[91.4748,25.874],[91.5131,25.8657],[91.5266,25.8911],[91.5304,25.8713],[91.4451,25.8397],[91.4225,25.8545],[91.3354,25.8405],[91.2745,25.7504],[91.2225,25.7226],[91.1783,25.7774],[91.2036,25.8432],[91.1959,25.8612],[91.1802,25.844],[91.1475,25.8505],[91.0621,25.8208],[91.0489,25.8293],[91.0785,25.8527],[91.0482,25.8492],[91.0056,25.8209],[91.0305,25.8858],[90.9689,25.8852],[90.9474,25.9481],[90.9173,25.9444],[90.9168,25.9141],[90.8845,25.9503],[90.8355,25.9366],[90.8362,25.9484],[90.8091,25.9524],[90.7664,25.9076],[90.7605,25.9219],[90.7453,25.9118],[90.739,25.9162],[90.7542,25.9294],[90.7404,25.9394],[90.7481,25.9567],[90.7176,25.9549],[90.6316,25.9198],[90.6219,25.8978],[90.6063,25.9166],[90.6241,25.9392],[90.5879,25.9581],[90.515,25.8961],[90.535,25.9496],[90.4761,26.0096],[90.4252,25.9888],[90.3997,26.0125],[90.3722,26.0113],[90.3248,25.9734],[90.2029,25.9609],[90.1869,25.9441],[90.1511,25.9667],[90.1163,25.9569],[90.0425,25.8877],[90.0194,25.8921],[90.0056,25.8785],[90.0223,25.8601],[90.0036,25.8392],[89.9483,25.8255],[89.9594,25.7799],[89.9376,25.7454],[89.8947,25.745],[89.9505,25.6556],[90.0203,25.6075],[90.003,25.5854],[89.9835,25.5912],[89.9722,25.5735],[89.8784,25.5503],[89.8679,25.5242],[89.8859,25.5079],[89.8522,25.4659],[89.8493,25.4928],[89.8696,25.5109],[89.8513,25.5386],[89.866,25.5462],[89.8818,25.6259],[89.8505,25.713],[89.8284,25.7283],[89.8403,25.7667],[89.8165,25.8143],[89.8353,25.8407],[89.8326,25.8706],[89.8871,25.9452],[89.8254,25.9455],[89.8493,25.9491],[89.8386,25.9679],[89.8668,25.972],[89.871,25.9807],[89.8358,26.0126],[89.8359,25.9824],[89.8203,25.9876],[89.8074,26.044],[89.7977,26.0245],[89.7916,26.0182],[89.788,26.0192],[89.8018,26.0403],[89.7738,26.0379],[89.7988,26.0596],[89.7949,26.0875],[89.7813,26.0834],[89.7832,26.106],[89.7562,26.1094],[89.7666,26.1305],[89.7477,26.1574],[89.7205,26.1563],[89.7329,26.1775],[89.7101,26.1724],[89.6986,26.1912],[89.7131,26.1877],[89.7116,26.203],[89.7332,26.212],[89.7075,26.2123],[89.7004,26.2184],[89.7322,26.2378],[89.7026,26.2579],[89.7059,26.2704],[89.722,26.2575],[89.7385,26.2699],[89.7178,26.2958],[89.7198,26.3073],[89.7581,26.2878],[89.7512,26.321],[89.7811,26.3279],[89.7832,26.3514],[89.8135,26.3707],[89.8228,26.3516],[89.832,26.3839],[89.8589,26.384],[89.8499,26.4036],[89.83,26.397],[89.8353,26.412],[89.8575,26.412],[89.8492,26.4228],[89.8721,26.4521],[89.854,26.4918],[89.8645,26.5732],[89.8826,26.5834],[89.8784,26.6155],[89.8583,26.6234],[89.8769,26.6485],[89.8629,26.7371],[89.9669,26.7235],[90.1399,26.7536],[90.1945,26.7733],[90.1877,26.8068],[90.2305,26.8589],[90.3003,26.8482],[90.3478,26.8753],[90.3566,26.9007],[90.4166,26.9045],[90.5466,26.8166],[90.6344,26.7938],[90.6466,26.7766],[90.676,26.7841],[90.7173,26.7683],[90.9919,26.7906],[91.0541,26.781],[91.0976,26.822],[91.2369,26.812],[91.3372,26.7809],[91.376,26.7952],[91.4076,26.8396],[91.4951,26.7912],[91.6255,26.8209],[91.6898,26.8065],[91.8241,26.864],[91.8591,26.9133],[91.8917,26.9191],[91.9835,26.8582],[92.0567,26.8474],[92.1027,26.8672],[92.1144,26.8936],[92.2761,26.902],[92.303,26.9071],[92.3027,26.9226],[92.3632,26.9345],[92.3983,26.9247],[92.4475,26.9588],[92.5833,26.9595],[92.6448,26.9867],[92.6725,27.0316],[92.8866,26.9997],[92.9184,26.9823],[92.9171,26.9629],[93.0219,26.9134],[93.3227,26.96],[93.4488,26.9508],[93.4706,26.9366],[93.5867,26.9505],[93.6708,26.9715],[93.7234,27.0208],[93.7674,27.0394],[93.7709,27.062],[93.7783,27.0489],[93.7812,27.0655],[93.7838,27.0515],[93.8002,27.0579],[93.793,27.0683],[93.7938,27.0723],[93.8034,27.0581],[93.8292,27.0668],[93.8378,27.0854],[93.8251,27.1164],[93.7945,27.1345],[93.806,27.1488],[93.9913,27.3283],[94.0598,27.3615],[94.0896,27.407],[94.1594,27.4616],[94.1567,27.4749],[94.2682,27.5208],[94.2587,27.5555],[94.225,27.5741],[94.2266,27.5977],[94.2095,27.6051],[94.2376,27.6327],[94.2617,27.6359],[94.2543,27.6142],[94.2774,27.5894],[94.2983,27.6019],[94.364,27.5744],[94.4317,27.6003],[94.4617,27.5552],[94.4778,27.5761],[94.499,27.5722],[94.6827,27.6459],[94.6879,27.6651],[94.7543,27.6605],[94.7937,27.6952],[94.841,27.7006],[94.8523,27.7276],[95.3088,27.868],[95.3796,27.8392],[95.5201,27.8812],[95.6053,27.9546]],[[89.7899,26.3416],[89.8147,26.3216],[89.8231,26.3279],[89.8067,26.3491],[89.7899,26.3416]]]}},{"type":"Feature","properties":{"name":"Meghalaya","country":"India"},"geometry":{"type":"Polygon","coordinates":[[[91.8344,26.1157],[91.8792,26.098],[91.8673,26.042],[91.9147,26.0205],[91.919,25.9978],[91.9891,26.0385],[92.1326,26.0442],[92.1694,26.0776],[92.2749,26.0657],[92.2635,26.0331],[92.1809,25.985],[92.1524,25.9443],[92.1547,25.911],[92.2256,25.9092],[92.1772,25.8727],[92.1511,25.8166],[92.1627,25.7413],[92.1442,25.7168],[92.1562,25.6722],[92.1702,25.6671],[92.225,25.7161],[92.3335,25.7241],[92.384,25.7545],[92.3818,25.742],[92.4066,25.7446],[92.4443,25.7197],[92.4406,25.6916],[92.4703,25.6752],[92.5056,25.6163],[92.5542,25.6148],[92.5567,25.571],[92.5725,25.5574],[92.5948,25.5516],[92.653,25.5909],[92.6615,25.5722],[92.6428,25.5348],[92.5737,25.4905],[92.5647,25.4655],[92.5986,25.4681],[92.6066,25.4132],[92.6276,25.422],[92.6256,25.4349],[92.6396,25.4176],[92.6536,25.4335],[92.6616,25.4064],[92.6735,25.414],[92.7179,25.3726],[92.738,25.3793],[92.7499,25.3441],[92.7818,25.3332],[92.7925,25.2826],[92.7619,25.2465],[92.8021,25.2151],[92.6635,25.1767],[92.6214,25.115],[92.5216,25.139],[92.5394,25.0991],[92.481,25.1086],[92.457,25.0541],[92.4643,25.0374],[92.4425,25.0452],[92.4215,25.0278],[92.3395,25.05],[92.3486,25.0735],[92.3349,25.0784],[92.3104,25.0693],[92.2276,25.0937],[92.1962,25.108],[92.2194,25.117],[92.1893,25.1363],[92.1839,25.1179],[92.1596,25.1266],[92.1657,25.1359],[92.1358,25.1387],[92.1329,25.1601],[92.0739,25.1849],[92.0038,25.1862],[91.9717,25.1676],[91.9146,25.1813],[91.7746,25.1631],[91.756,25.1775],[91.7476,25.1402],[91.7038,25.16],[91.6918,25.1371],[91.6379,25.1225],[91.6215,25.1434],[91.6023,25.1423],[91.6097,25.177],[91.577,25.1717],[91.5572,25.1498],[91.471,25.1336],[91.4686,25.1518],[91.2866,25.1854],[91.268,25.2072],[91.2516,25.1952],[91.0696,25.1984],[90.862,25.1576],[90.8058,25.166],[90.7804,25.1861],[90.7333,25.1549],[90.71,25.1681],[90.6981,25.1568],[90.6757,25.1764],[90.666,25.1658],[90.6634,25.1979],[90.6409,25.1745],[90.5086,25.1754],[90.4411,25.1445],[90.3705,25.1628],[90.3302,25.1938],[90.1181,25.2235],[90.0545,25.2614],[89.9808,25.2809],[89.9667,25.3037],[89.9492,25.2927],[89.907,25.3077],[89.8766,25.2853],[89.8312,25.296],[89.8414,25.3148],[89.8214,25.3555],[89.8255,25.4135],[89.843,25.4564],[89.8717,25.4773],[89.8729,25.5074],[89.8859,25.5079],[89.8679,25.5242],[89.8772,25.549],[89.9722,25.5735],[89.9835,25.5912],[90.003,25.5854],[90.0203,25.6075],[89.9505,25.6556],[89.8947,25.745],[89.9373,25.7451],[89.9594,25.7799],[89.9483,25.8255],[90.0036,25.8392],[90.0238,25.8672],[90.0111,25.8846],[90.0425,25.8877],[90.1168,25.9572],[90.1514,25.9667],[90.1869,25.9441],[90.2029,25.9609],[90.2706,25.9603],[90.3274,25.9744],[90.3527,26.0056],[90.3997,26.0125],[90.4241,25.9889],[90.4761,26.0096],[90.5025,25.9915],[90.535,25.9496],[90.515,25.8961],[90.5879,25.9581],[90.6241,25.9392],[90.6063,25.9166],[90.6219,25.8978],[90.6316,25.9198],[90.7176,25.9549],[90.7481,25.9567],[90.7404,25.9394],[90.7542,25.9294],[90.739,25.9162],[90.7605,25.9219],[90.7664,25.9076],[90.8091,25.9524],[90.8362,25.9484],[90.8355,25.9366],[90.8845,25.9503],[90.9168,25.9141],[90.9173,25.9444],[90.9474,25.9481],[90.9689,25.8852],[91.0305,25.8858],[91.0056,25.8209],[91.0482,25.8492],[91.0785,25.8527],[91.0489,25.8293],[91.0621,25.8208],[91.1475,25.8505],[91.1802,25.844],[91.1959,25.8612],[91.2036,25.8432],[91.1783,25.7774],[91.2225,25.7226],[91.2745,25.7504],[91.3354,25.8405],[91.4225,25.8545],[91.4451,25.8397],[91.5304,25.8713],[91.5266,25.8911],[91.5131,25.8657],[91.4748,25.874],[91.537,25.9312],[91.5033,25.9137],[91.5181,25.9597],[91.5512,25.9766],[91.5798,26.0332],[91.5975,26.0181],[91.6311,26.022],[91.6261,25.9867],[91.6407,25.9638],[91.6095,25.9374],[91.6706,25.9042],[91.7201,25.9536],[91.7311,26.0589],[91.8344,26.1157]]]}},{"type":"Feature","properties":{"name":"Tripura","country":"India"},"geometry":{"type":"Polygon","coordinates":[[[92.1677,24.5308],[92.2304,24.5017],[92.2302,24.4615],[92.2594,24.4392],[92.2741,24.3883],[92.2129,24.2499],[92.2896,24.2524],[92.3321,24.1796],[92.3122,24.0521],[92.3262,23.9978],[92.308,23.9606],[92.3252,23.9141],[92.3167,23.8643],[92.2876,23.8685],[92.2692,23.8469],[92.2825,23.8154],[92.2571,23.8128],[92.2655,23.725],[92.2392,23.7184],[92.2197,23.652],[92.2066,23.661],[92.2071,23.6999],[92.1776,23.7078],[92.1697,23.7397],[92.1447,23.7335],[92.0997,23.6767],[92.083,23.6801],[92.0792,23.6485],[92.0629,23.6452],[92.0004,23.6707],[91.9783,23.7331],[91.9507,23.7262],[91.9579,23.6944],[91.934,23.6846],[91.9703,23.4782],[91.9367,23.4666],[91.9426,23.435],[91.8997,23.4406],[91.845,23.4047],[91.8252,23.3526],[91.7626,23.3028],[91.8101,23.1651],[91.8135,23.0992],[91.8358,23.093],[91.806,23.063],[91.7745,23.0696],[91.7806,23.0291],[91.7685,23.0409],[91.7206,22.9874],[91.6455,22.985],[91.6179,22.9385],[91.6002,22.9547],[91.6138,22.9584],[91.6061,22.9719],[91.5768,22.9652],[91.5425,22.9995],[91.5503,23.0384],[91.5305,23.0383],[91.5298,23.0917],[91.5031,23.1305],[91.5153,23.145],[91.4909,23.1576],[91.4917,23.1776],[91.5075,23.1837],[91.4709,23.1964],[91.4844,23.2092],[91.4506,23.2194],[91.4703,23.2276],[91.4452,23.2471],[91.4542,23.2604],[91.4183,23.2554],[91.4089,23.2852],[91.4113,23.2557],[91.3976,23.2651],[91.4087,23.2476],[91.3926,23.2459],[91.4008,23.2292],[91.3865,23.2276],[91.3799,23.1845],[91.4174,23.0648],[91.3958,23.0561],[91.347,23.1023],[91.3233,23.158],[91.3266,23.2523],[91.3003,23.2922],[91.3132,23.3063],[91.2899,23.3185],[91.3201,23.3601],[91.2911,23.3507],[91.2493,23.4902],[91.2008,23.52],[91.2129,23.5504],[91.1945,23.5472],[91.1771,23.5932],[91.1625,23.595],[91.1563,23.6707],[91.1994,23.6466],[91.2085,23.6864],[91.1542,23.6884],[91.1571,23.742],[91.1966,23.7511],[91.219,23.7364],[91.2266,23.7916],[91.2541,23.8372],[91.2296,23.8806],[91.2462,23.9131],[91.233,23.927],[91.2762,23.9225],[91.2642,23.9442],[91.2847,23.9821],[91.2877,23.968],[91.2998,23.9721],[91.304,23.998],[91.3795,23.9753],[91.3733,24.0026],[91.3966,24.0496],[91.3746,24.1078],[91.4732,24.1018],[91.5861,24.0726],[91.5945,24.0965],[91.638,24.1034],[91.6344,24.1381],[91.66,24.1898],[91.6478,24.2186],[91.6652,24.2335],[91.6883,24.1621],[91.7594,24.1415],[91.745,24.247],[91.8167,24.21],[91.8447,24.2258],[91.846,24.1913],[91.8739,24.174],[91.8846,24.1386],[91.9058,24.1386],[91.9408,24.2681],[91.92,24.3375],[91.9568,24.3566],[91.996,24.3221],[91.9669,24.3798],[91.9858,24.3769],[91.9964,24.3937],[92.044,24.3749],[92.1219,24.3822],[92.137,24.425],[92.1691,24.4278],[92.1505,24.4952],[92.1677,24.5308]]]}},{"type":"Feature","properties":{"name":"Mizoram","country":"India"},"geometry":{"type":"Polygon","coordinates":[[[92.7667,24.513],[92.7994,24.4191],[92.8299,24.4003],[92.8294,24.3737],[92.8609,24.3985],[92.9029,24.3911],[92.9093,24.4129],[92.9337,24.3923],[92.9512,24.403],[92.9602,24.3919],[92.9748,24.4085],[93.0204,24.3879],[93.0175,24.3442],[93.0393,24.3407],[93.0026,24.2514],[93.0225,24.23],[92.9722,24.1123],[93.0494,24.088],[93.0752,24.1003],[93.0979,24.0713],[93.0965,24.0423],[93.1435,24.0852],[93.1654,24.0722],[93.1653,24.0521],[93.2122,24.0471],[93.2193,24.081],[93.2434,24.0823],[93.262,24.0572],[93.2506,24.0207],[93.2835,24.0484],[93.3375,24.0412],[93.3289,23.9848],[93.3508,23.9416],[93.3943,23.9243],[93.385,23.8481],[93.4033,23.807],[93.3916,23.7567],[93.411,23.7294],[93.4073,23.7072],[93.4369,23.687],[93.4165,23.6476],[93.4286,23.5883],[93.4098,23.5636],[93.4185,23.54],[93.3947,23.5038],[93.388,23.4464],[93.4016,23.3837],[93.3876,23.3594],[93.3558,23.3519],[93.3729,23.3294],[93.3626,23.2791],[93.3886,23.2169],[93.3682,23.1441],[93.3856,23.1338],[93.3557,23.1161],[93.3393,23.0738],[93.3521,23.0704],[93.2935,23.0064],[93.2295,23.0116],[93.2099,23.0485],[93.1846,23.0595],[93.1561,23.0432],[93.1363,23.0606],[93.1258,23.0407],[93.1202,23.0024],[93.1406,22.99],[93.138,22.9506],[93.1645,22.9105],[93.1312,22.9061],[93.1105,22.8181],[93.0947,22.8062],[93.1074,22.7526],[93.0955,22.6725],[93.1403,22.5923],[93.1066,22.527],[93.1282,22.5237],[93.1387,22.4545],[93.1853,22.4282],[93.2018,22.2626],[93.1421,22.2455],[93.1615,22.1971],[93.1508,22.1763],[93.1236,22.1735],[93.111,22.204],[93.0382,22.195],[93.0491,22.1689],[93.0372,22.1444],[93.0596,22.1013],[93.0045,22.1036],[92.9948,22.0322],[93.0074,21.9823],[92.9806,21.9801],[92.9522,22.0297],[92.9272,22.0156],[92.9358,22.0057],[92.9039,21.94],[92.8944,22.0037],[92.8651,22.0237],[92.8634,22.0627],[92.8411,22.0594],[92.8099,22.0959],[92.6998,22.1551],[92.6896,22.0719],[92.688,22.1037],[92.6818,22.1035],[92.6797,22.0116],[92.6516,22.0159],[92.6349,21.9832],[92.6032,21.9776],[92.6128,21.9901],[92.5926,22.0374],[92.6027,22.0611],[92.5626,22.128],[92.5791,22.1429],[92.6057,22.1234],[92.6092,22.164],[92.5952,22.1754],[92.5812,22.3218],[92.5521,22.409],[92.5513,22.5133],[92.5217,22.5599],[92.5394,22.5891],[92.5287,22.6652],[92.5132,22.7328],[92.4738,22.7462],[92.4492,22.895],[92.4337,22.8858],[92.4203,22.9183],[92.4011,22.912],[92.3976,22.9297],[92.3718,22.9362],[92.3921,23.0571],[92.358,23.1033],[92.3682,23.1273],[92.3468,23.2357],[92.4042,23.2407],[92.3812,23.2851],[92.3857,23.3062],[92.3644,23.3229],[92.3791,23.3618],[92.3564,23.3723],[92.3574,23.4107],[92.3171,23.4717],[92.3134,23.5564],[92.3018,23.5924],[92.2873,23.596],[92.296,23.6211],[92.273,23.6417],[92.2909,23.6908],[92.2655,23.725],[92.2571,23.8125],[92.2823,23.8146],[92.2687,23.8422],[92.2851,23.8671],[92.315,23.8605],[92.3252,23.9141],[92.308,23.9606],[92.3262,23.9978],[92.3122,24.0521],[92.3321,24.1796],[92.2896,24.2524],[92.4225,24.2549],[92.4189,24.1927],[92.4364,24.153],[92.4787,24.142],[92.4837,24.163],[92.5342,24.1801],[92.5509,24.2472],[92.6123,24.2535],[92.6247,24.3336],[92.6458,24.3278],[92.6614,24.3482],[92.6848,24.3465],[92.7522,24.5062],[92.7667,24.513]]]}},{"type":"Feature","properties":{"name":"Manipur","country":"India"},"geometry":{"type":"Polygon","coordinates":[[[94.5727,25.6427],[94.5906,25.6382],[94.5511,25.5802],[94.5527,25.5071],[94.6281,25.4598],[94.6803,25.454],[94.6671,25.4146],[94.6346,25.395],[94.6346,25.3579],[94.5848,25.2665],[94.5756,25.2141],[94.6058,25.1813],[94.7366,25.1348],[94.7442,25.0373],[94.6966,24.9685],[94.7134,24.9344],[94.688,24.8881],[94.6319,24.8395],[94.6186,24.7798],[94.6294,24.757],[94.6051,24.7123],[94.5851,24.7054],[94.5794,24.7237],[94.5497,24.7128],[94.5501,24.6589],[94.5292,24.618],[94.4615,24.558],[94.4252,24.4861],[94.4031,24.4753],[94.3976,24.4073],[94.3671,24.3946],[94.3801,24.3746],[94.354,24.3345],[94.3272,24.3277],[94.3153,24.2527],[94.2927,24.236],[94.2832,24.1793],[94.2599,24.1623],[94.2515,24.0819],[94.1869,23.9413],[94.1654,23.9296],[94.154,23.8532],[94.1207,23.8328],[94.0843,23.8814],[93.9305,23.9503],[93.8074,23.9271],[93.7542,24.0054],[93.6234,24.0109],[93.5913,23.9606],[93.5598,23.9821],[93.5501,23.9592],[93.5048,23.9422],[93.4635,23.9734],[93.4169,24.0714],[93.3488,24.1047],[93.3538,24.0905],[93.3285,24.0812],[93.3321,24.0531],[93.2835,24.0484],[93.2506,24.0207],[93.262,24.0572],[93.2434,24.0823],[93.2193,24.081],[93.2122,24.0471],[93.1653,24.0521],[93.1654,24.0722],[93.1378,24.084],[93.0965,24.0423],[93.0979,24.0713],[93.0752,24.1003],[93.0494,24.088],[92.9722,24.1123],[93.0013,24.1581],[92.9989,24.195],[93.0181,24.2075],[93.0041,24.2779],[93.0393,24.3407],[93.0175,24.3442],[93.0204,24.3879],[92.9983,24.3998],[93.012,24.4167],[93.0426,24.4149],[93.0329,24.4288],[93.0464,24.4736],[93.0326,24.4953],[93.05,24.5442],[93.0708,24.558],[93.0585,24.5745],[93.1044,24.5824],[93.0712,24.6006],[93.1042,24.6742],[93.0735,24.7078],[93.1078,24.7414],[93.1094,24.8115],[93.1386,24.81],[93.1495,24.7874],[93.197,24.8114],[93.1948,24.8538],[93.2264,24.8728],[93.2352,24.9114],[93.2488,24.9148],[93.2368,24.9372],[93.263,24.9613],[93.2439,25.0183],[93.2642,25.0494],[93.3,25.046],[93.3324,25.0935],[93.3459,25.1698],[93.3937,25.2547],[93.4706,25.3051],[93.4731,25.2756],[93.5071,25.2721],[93.5015,25.2407],[93.551,25.247],[93.6042,25.1984],[93.689,25.3578],[93.7142,25.3577],[93.8052,25.4616],[93.8003,25.4951],[93.7621,25.496],[93.767,25.5364],[93.816,25.5404],[93.8328,25.5591],[93.9614,25.5523],[94.0065,25.5669],[94.0109,25.5918],[94.0819,25.5552],[94.088,25.5282],[94.1346,25.519],[94.156,25.5505],[94.1907,25.5476],[94.1865,25.526],[94.2106,25.4954],[94.2824,25.5067],[94.3046,25.4887],[94.4158,25.5373],[94.4256,25.5874],[94.4696,25.6162],[94.5009,25.6115],[94.5686,25.6921],[94.5925,25.6813],[94.5727,25.6427]]]}},{"type":"Feature","properties":{"name":"Odisha","country":"India"},"geometry":{"type":"MultiPolygon","coordinates":[[[[84.3293,18.7872],[84.3396,18.7894],[84.3394,18.7787],[84.3293,18.7872]]],[[[84.3532,18.7898],[84.3497,18.7887],[84.3497,18.7919],[84.3532,18.7898]]],[[[86.7838,20.3616],[86.7808,20.3615],[86.7845,20.364],[86.7838,20.3616]]],[[[86.7927,20.383],[86.7903,20.3823],[86.791,20.3864],[86.7927,20.383]]],[[[86.7965,20.4001],[86.8075,20.3735],[86.7989,20.3645],[86.7965,20.4001]]],[[[86.7879,20.3835],[86.7902,20.4326],[86.8,20.4431],[86.7932,20.4932],[86.8082,20.4531],[86.7879,20.3835]]],[[[87.0131,20.7172],[87.0086,20.7099],[87.0066,20.7119],[87.0131,20.7172]]],[[[87.0062,20.7151],[87.0024,20.7132],[87.0081,20.7195],[87.0062,20.7151]]],[[[87.0563,20.7329],[87.0542,20.7296],[87.0533,20.7302],[87.0563,20.7329]]],[[[87.0507,20.7379],[87.0525,20.7376],[87.0531,20.7371],[87.0507,20.7379]]],[[[87.0779,20.7439],[87.0735,20.7275],[87.0696,20.7335],[87.0779,20.7439]]],[[[87.0494,20.744],[87.0582,20.7452],[87.0593,20.7445],[87.0596,20.7439],[87.0494,20.744]]],[[[87.0983,20.7481],[87.0971,20.7476],[87.0968,20.7482],[87.0983,20.7481]]],[[[87.0703,20.7384],[87.0688,20.7376],[87.0723,20.749],[87.0703,20.7384]]],[[[87.102,20.7507],[87.0994,20.75],[87.1017,20.7515],[87.102,20.7507]]],[[[87.0824,20.7639],[87.0975,20.7549],[87.0731,20.7535],[87.0824,20.7639]]],[[[86.9836,20.7804],[86.9785,20.7788],[86.9826,20.7848],[86.9836,20.7804]]],[[[87.0748,20.7674],[87.0748,20.789],[87.076,20.772],[87.0748,20.7674]]],[[[86.9878,20.804],[86.9866,20.802],[86.986,20.8026],[86.9878,20.804]]],[[[87.4301,21.5862],[87.4166,21.57],[87.4137,21.5602],[87.419,21.5787],[87.4301,21.5862]]],[[[86.0454,22.5675],[86.1166,22.487],[86.2813,22.4487],[86.3575,22.3498],[86.4303,22.3075],[86.4419,22.3064],[86.4453,22.3289],[86.4968,22.3472],[86.5328,22.301],[86.5823,22.3016],[86.5931,22.2786],[86.6441,22.2687],[86.6543,22.2363],[86.725,22.218],[86.7197,22.1473],[86.7938,22.1575],[86.8064,22.1197],[86.8246,22.1189],[86.8337,22.0987],[86.9647,22.0857],[87.0267,22.0371],[87.0304,21.9853],[86.9997,21.9132],[87.033,21.8704],[87.0979,21.8669],[87.0971,21.9139],[87.1614,21.9349],[87.1704,21.9799],[87.2495,21.936],[87.2343,21.9011],[87.2774,21.805],[87.297,21.8116],[87.3386,21.7848],[87.3555,21.7922],[87.3697,21.7654],[87.3851,21.7768],[87.444,21.7692],[87.4448,21.734],[87.4692,21.7325],[87.4604,21.6514],[87.486,21.6322],[87.4848,21.6125],[87.3619,21.5578],[87.25,21.5568],[87.1185,21.5171],[86.9468,21.3756],[86.8925,21.3184],[86.8315,21.215],[86.8563,21.2056],[86.8415,21.1751],[86.8508,21.0874],[86.9809,20.857],[86.9674,20.7914],[86.9442,20.7665],[86.9925,20.7702],[87.0,20.6978],[87.0582,20.7168],[86.7594,20.5004],[86.7334,20.4616],[86.7244,20.3938],[86.7392,20.4008],[86.7464,20.3786],[86.7766,20.4051],[86.7809,20.3786],[86.7973,20.3758],[86.7889,20.3746],[86.7819,20.3659],[86.7788,20.3566],[86.7981,20.364],[86.7751,20.3313],[86.5238,20.1734],[86.434,20.0521],[86.414,19.9973],[86.378,19.9668],[86.4116,19.9758],[86.3894,19.9553],[86.3096,19.9413],[86.1437,19.8735],[85.7811,19.7806],[85.381,19.6034],[85.1653,19.4616],[85.0794,19.3745],[84.9302,19.2762],[84.8178,19.1656],[84.7663,19.0781],[84.7028,19.1179],[84.71,19.1597],[84.6709,19.166],[84.6673,19.1299],[84.5955,19.1324],[84.6255,19.0849],[84.6587,19.0943],[84.6709,19.0763],[84.6611,19.063],[84.6184,19.0659],[84.5941,19.0223],[84.5729,19.0737],[84.4944,19.029],[84.4789,18.9885],[84.4211,19.022],[84.4524,18.976],[84.4311,18.9692],[84.4242,18.9473],[84.438,18.9205],[84.4186,18.9173],[84.418,18.8972],[84.3789,18.9042],[84.3975,18.8903],[84.3921,18.8763],[84.3603,18.8946],[84.3842,18.8741],[84.3742,18.8614],[84.3305,18.8832],[84.3331,18.8605],[84.3638,18.8371],[84.3311,18.8178],[84.3445,18.8018],[84.3213,18.7865],[84.2887,18.8047],[84.261,18.7832],[84.2263,18.7988],[84.0895,18.7568],[84.0385,18.8164],[83.9502,18.8052],[83.9158,18.828],[83.8932,18.8145],[83.846,18.8691],[83.8458,18.9136],[83.8266,18.9163],[83.7947,19.018],[83.7449,18.988],[83.759,18.9506],[83.7845,18.9336],[83.7782,18.9114],[83.7539,18.9251],[83.733,18.9877],[83.7096,19.0022],[83.73,19.022],[83.7001,19.0255],[83.626,19.1627],[83.5991,19.1302],[83.6106,19.0961],[83.5856,19.0866],[83.5845,19.0576],[83.5634,19.0579],[83.5602,19.0871],[83.549,19.0805],[83.5576,19.0562],[83.5367,19.0095],[83.5009,19.0207],[83.4965,19.0355],[83.5193,19.0391],[83.5117,19.0703],[83.5006,19.0606],[83.4834,19.0923],[83.468,19.0931],[83.4784,19.0793],[83.4623,19.0638],[83.4833,19.0335],[83.4797,19.0085],[83.45,19.0095],[83.4678,18.9911],[83.4618,18.9548],[83.4005,19.0094],[83.3726,19.0023],[83.3675,19.0165],[83.3429,19.0181],[83.3388,18.997],[83.3106,18.9987],[83.339,18.9528],[83.3265,18.932],[83.3484,18.9263],[83.3547,18.9673],[83.3874,18.933],[83.3706,18.926],[83.3701,18.9417],[83.3525,18.9435],[83.3598,18.9147],[83.3906,18.9096],[83.3819,18.8918],[83.4148,18.875],[83.4059,18.8425],[83.3783,18.8307],[83.3682,18.8441],[83.3306,18.8063],[83.2843,18.7979],[83.2714,18.7646],[83.2246,18.7751],[83.2125,18.7305],[83.2065,18.7514],[83.139,18.7854],[83.0728,18.7055],[83.058,18.6653],[83.0131,18.6461],[83.0005,18.608],[83.0238,18.5896],[83.0528,18.6007],[83.03,18.5733],[83.0454,18.5442],[83.095,18.5466],[83.0209,18.4562],[83.0425,18.4242],[83.0673,18.4301],[83.0574,18.4194],[83.0771,18.4034],[83.0545,18.38],[83.0219,18.3917],[82.9705,18.36],[82.9397,18.3608],[82.8942,18.3816],[82.895,18.4241],[82.8524,18.4192],[82.8031,18.4492],[82.7822,18.4308],[82.7995,18.4067],[82.7741,18.3403],[82.6668,18.298],[82.6426,18.302],[82.6525,18.25],[82.6377,18.2367],[82.5878,18.2761],[82.5987,18.3042],[82.5813,18.3152],[82.6089,18.3271],[82.602,18.3523],[82.6212,18.3597],[82.5948,18.3892],[82.5355,18.4062],[82.5614,18.4485],[82.5424,18.4576],[82.5396,18.4436],[82.5194,18.4656],[82.5342,18.4777],[82.5322,18.511],[82.5043,18.5139],[82.4828,18.5487],[82.3642,18.4215],[82.3855,18.3675],[82.3382,18.3267],[82.3559,18.3159],[82.389,18.3285],[82.3923,18.2979],[82.3765,18.2807],[82.3447,18.2805],[82.3244,18.2312],[82.3371,18.2243],[82.3108,18.2041],[82.3155,18.184],[82.3723,18.1482],[82.3632,18.1348],[82.3398,18.1498],[82.3358,18.1059],[82.3518,18.0766],[82.3407,18.0548],[82.3223,18.0599],[82.3082,18.0449],[82.3012,18.0693],[82.2716,18.0561],[82.268,18.0],[82.1878,18.0147],[82.1688,18.052],[82.1372,18.0439],[82.1335,18.0599],[82.0766,18.0752],[82.0616,18.0555],[82.0323,18.0693],[82.0074,18.0563],[82.0093,18.0301],[81.963,17.9993],[81.8099,17.951],[81.7901,17.9208],[81.7258,17.879],[81.7092,17.872],[81.6985,17.9014],[81.6697,17.8866],[81.6172,17.8223],[81.5743,17.8372],[81.49,17.8127],[81.4743,17.838],[81.3918,17.8154],[81.4002,17.8936],[81.4446,17.8858],[81.4491,17.9319],[81.483,17.9768],[81.4804,18.0507],[81.5129,18.0987],[81.5258,18.1534],[81.507,18.1862],[81.5252,18.2577],[81.5976,18.3089],[81.6622,18.3212],[81.6497,18.3369],[81.6591,18.3466],[81.7501,18.3528],[81.7689,18.4171],[81.8562,18.4914],[81.8682,18.5249],[81.909,18.5381],[81.9107,18.5706],[81.9506,18.57],[81.9636,18.5904],[81.8946,18.6295],[81.8938,18.6575],[81.9489,18.6437],[81.971,18.6986],[82.0309,18.7238],[82.085,18.7186],[82.0916,18.7657],[82.1334,18.7654],[82.1335,18.7804],[82.1654,18.7986],[82.1604,18.8789],[82.1761,18.9027],[82.2461,18.9191],[82.2328,19.0179],[82.2023,19.0666],[82.2184,19.0973],[82.2049,19.0971],[82.2058,19.1241],[82.1825,19.1317],[82.1736,19.1184],[82.1661,19.1327],[82.1809,19.1508],[82.1702,19.1612],[82.1861,19.1663],[82.1617,19.2022],[82.1584,19.2652],[82.1941,19.3259],[82.1488,19.353],[82.1477,19.3718],[82.1788,19.3791],[82.1894,19.4275],[82.1261,19.4291],[82.1028,19.4661],[82.1003,19.5166],[82.0291,19.5077],[82.0506,19.5487],[82.0399,19.5976],[82.059,19.6282],[82.0448,19.7089],[82.0655,19.7907],[81.9859,19.8011],[81.9681,19.8599],[81.8532,19.9185],[81.845,19.9578],[81.8694,20.0413],[81.8953,20.0482],[81.9464,20.1051],[81.9953,20.0536],[82.0177,20.049],[82.0326,20.0157],[82.0705,20.0569],[82.1268,20.0148],[82.1712,20.0055],[82.1843,19.9842],[82.2371,20.0033],[82.2692,19.9753],[82.3031,19.8894],[82.3442,19.835],[82.3949,19.888],[82.446,19.9102],[82.6034,19.867],[82.5758,19.8334],[82.5918,19.7759],[82.6271,19.7937],[82.6522,19.8322],[82.7114,19.84],[82.7241,19.8751],[82.7074,19.902],[82.7154,19.9959],[82.6415,20.0067],[82.5957,19.9916],[82.5501,20.0178],[82.5091,20.0182],[82.3983,20.0582],[82.3858,20.1464],[82.4206,20.2049],[82.4123,20.267],[82.4378,20.2944],[82.4004,20.3416],[82.4379,20.4344],[82.4176,20.4817],[82.3961,20.4596],[82.3897,20.5176],[82.3576,20.5293],[82.3322,20.5619],[82.3765,20.6324],[82.3417,20.7678],[82.3512,20.8897],[82.3646,20.8707],[82.4053,20.8702],[82.42,20.8316],[82.4645,20.829],[82.4867,20.8616],[82.4887,20.9094],[82.5591,20.9479],[82.6288,21.038],[82.612,21.0747],[82.6499,21.1065],[82.6406,21.1549],[82.7559,21.1664],[82.7937,21.1425],[82.8509,21.1686],[82.8822,21.1484],[82.9021,21.167],[82.9477,21.1618],[82.9438,21.1779],[82.9649,21.1933],[82.9656,21.1753],[82.9881,21.1828],[82.9806,21.17],[83.0038,21.1669],[82.9904,21.1398],[83.016,21.1463],[83.078,21.112],[83.1315,21.1058],[83.1669,21.1388],[83.1981,21.1454],[83.223,21.2658],[83.2506,21.2824],[83.2713,21.2729],[83.2793,21.295],[83.2573,21.3205],[83.2687,21.3786],[83.3789,21.3446],[83.4067,21.3514],[83.3989,21.4053],[83.3544,21.4481],[83.3379,21.5021],[83.3732,21.5582],[83.365,21.5761],[83.3827,21.6201],[83.4426,21.6554],[83.4561,21.61],[83.4896,21.6315],[83.4188,21.6806],[83.4316,21.6999],[83.4593,21.6985],[83.4893,21.7454],[83.4694,21.7876],[83.4929,21.8184],[83.541,21.7993],[83.5319,21.831],[83.5769,21.8313],[83.5909,21.8511],[83.5742,21.8751],[83.6059,21.9141],[83.5567,21.9353],[83.5617,21.948],[83.539,21.966],[83.5562,22.0078],[83.5367,22.0435],[83.5478,22.0592],[83.5867,22.0487],[83.6064,22.0666],[83.5618,22.0989],[83.6296,22.2067],[83.6915,22.2441],[83.7578,22.2403],[83.8643,22.3433],[83.8903,22.3365],[83.9233,22.3584],[84.0103,22.3716],[84.0472,22.4382],[84.0472,22.4692],[83.9801,22.5024],[83.9976,22.531],[84.1407,22.4739],[84.1409,22.4256],[84.1561,22.4077],[84.199,22.3758],[84.2515,22.3781],[84.2953,22.341],[84.4281,22.3533],[84.435,22.3742],[84.4846,22.3888],[84.4824,22.4133],[84.5362,22.4274],[84.6286,22.4346],[84.6681,22.4181],[84.7497,22.419],[84.7593,22.4475],[84.8125,22.4529],[84.8386,22.4309],[84.8824,22.4485],[84.8856,22.4211],[84.9102,22.4233],[84.9567,22.4582],[84.9594,22.4431],[85.0597,22.4864],[85.078,22.4775],[85.0603,22.4496],[85.0865,22.3994],[85.0767,22.3562],[85.0957,22.3447],[85.0907,22.3186],[85.1181,22.3176],[85.116,22.2941],[85.0706,22.2737],[85.0782,22.2574],[85.0527,22.1825],[85.0291,22.1635],[85.0317,22.1331],[84.9834,22.0955],[84.9869,22.0828],[85.0391,22.1156],[85.0949,22.1084],[85.1201,22.0702],[85.1548,22.0788],[85.1739,22.0514],[85.1676,22.0695],[85.1806,22.0732],[85.2363,22.0098],[85.2813,22.0904],[85.3231,22.1275],[85.3644,22.1237],[85.3711,22.161],[85.4211,22.1588],[85.543,22.0905],[85.5972,22.0791],[85.6516,22.0954],[85.6849,22.0542],[85.7494,22.0736],[85.8074,22.1161],[85.8359,22.0802],[85.7934,22.0818],[85.763,21.9961],[85.8244,21.9754],[85.8958,21.9844],[85.9069,21.9701],[85.9162,22.0088],[85.9436,22.0204],[86.0074,22.1171],[85.9968,22.1324],[86.0314,22.1909],[85.9739,22.2471],[86.0143,22.2973],[86.0472,22.309],[86.0137,22.3131],[86.0267,22.3349],[85.9981,22.3418],[86.0272,22.3862],[86.015,22.4287],[85.9846,22.4354],[85.9571,22.4648],[85.9734,22.5059],[86.0265,22.524],[86.024,22.5446],[86.0454,22.5675]]]]}},{"type":"Feature","properties":{"name":"Andaman & Nicobar","country":"India"},"geometry":{"type":"MultiPolygon","coordinates":[[[[92.5255,10.8961],[92.5295,10.8671],[92.5422,10.8592],[92.5338,10.89],[92.562,10.8636],[92.5674,10.8103],[92.5483,10.8095],[92.5588,10.8092],[92.5605,10.7958],[92.5792,10.7854],[92.5615,10.8028],[92.5708,10.8106],[92.5867,10.7899],[92.5834,10.7442],[92.5994,10.7058],[92.5974,10.6778],[92.5803,10.6808],[92.5824,10.658],[92.5388,10.6175],[92.5423,10.5948],[92.5699,10.5788],[92.5329,10.5185],[92.5133,10.5108],[92.4351,10.5489],[92.3876,10.5315],[92.4191,10.6158],[92.4011,10.6595],[92.3814,10.6703],[92.3731,10.7827],[92.3837,10.7955],[92.395,10.7856],[92.3924,10.7752],[92.3952,10.749],[92.3988,10.7439],[92.396,10.7605],[92.4035,10.7684],[92.4084,10.764],[92.4061,10.7582],[92.4084,10.7553],[92.4193,10.7726],[92.4104,10.7644],[92.4026,10.769],[92.3969,10.7631],[92.3934,10.7752],[92.3939,10.7777],[92.3956,10.7739],[92.4042,10.7754],[92.4106,10.7783],[92.3957,10.7749],[92.3956,10.7863],[92.4169,10.7957],[92.4255,10.8268],[92.4573,10.8417],[92.4545,10.8669],[92.4965,10.8971],[92.511,10.8718],[92.5024,10.8738],[92.4914,10.8715],[92.4901,10.86],[92.4861,10.8622],[92.4768,10.8618],[92.4906,10.8596],[92.4959,10.8707],[92.5003,10.8632],[92.5038,10.8625],[92.5064,10.8637],[92.508,10.8628],[92.498,10.8712],[92.5105,10.8699],[92.5179,10.8774],[92.503,10.8977],[92.5255,10.8961]]],[[[92.6227,10.9258],[92.6223,10.9234],[92.6207,10.9251],[92.6227,10.9258]]],[[[92.6216,10.9277],[92.6115,10.9264],[92.602,10.9363],[92.6085,10.9396],[92.6216,10.9277]]],[[[92.6062,10.9406],[92.6039,10.9403],[92.6011,10.9411],[92.6062,10.9406]]],[[[92.6084,10.9421],[92.6072,10.9422],[92.6084,10.9425],[92.6084,10.9421]]],[[[92.6065,10.9431],[92.6061,10.9423],[92.6059,10.9432],[92.6065,10.9431]]],[[[92.5962,10.945],[92.5993,10.942],[92.599,10.9415],[92.5962,10.945]]],[[[92.6033,10.9455],[92.6056,10.9456],[92.6056,10.9451],[92.6033,10.9455]]],[[[92.6006,10.9509],[92.6002,10.9517],[92.6008,10.9516],[92.6006,10.9509]]],[[[92.2162,10.9856],[92.2166,10.9724],[92.2082,10.9798],[92.2162,10.9856]]],[[[92.5633,11.3947],[92.5515,11.3926],[92.5621,11.3983],[92.5633,11.3947]]],[[[92.5474,11.3907],[92.5411,11.3975],[92.5506,11.3981],[92.5474,11.3907]]],[[[92.6377,11.5107],[92.6743,11.4904],[92.6845,11.4333],[92.661,11.4119],[92.6361,11.4168],[92.6337,11.4037],[92.6748,11.3998],[92.6908,11.3755],[92.6637,11.3528],[92.5977,11.345],[92.5796,11.3674],[92.5859,11.3997],[92.6218,11.4045],[92.6107,11.4723],[92.6377,11.5107]]],[[[92.6151,11.5103],[92.6031,11.5035],[92.615,11.5111],[92.6151,11.5103]]],[[[92.5605,11.5141],[92.5609,11.5144],[92.5608,11.5138],[92.5605,11.5141]]],[[[92.6432,11.5143],[92.6446,11.5142],[92.6432,11.5134],[92.6432,11.5143]]],[[[92.2551,11.5139],[92.2591,11.515],[92.2592,11.5144],[92.2551,11.5139]]],[[[92.2406,11.5153],[92.2398,11.5163],[92.2409,11.5158],[92.2406,11.5153]]],[[[92.24,11.5174],[92.2392,11.5174],[92.2396,11.5178],[92.24,11.5174]]],[[[92.2697,11.5156],[92.2703,11.5201],[92.272,11.518],[92.2697,11.5156]]],[[[92.6163,11.5284],[92.6158,11.5277],[92.6153,11.5285],[92.6163,11.5284]]],[[[92.6052,11.5333],[92.6049,11.5187],[92.5987,11.5378],[92.6052,11.5333]]],[[[92.5522,11.5404],[92.5683,11.5302],[92.5665,11.517],[92.5522,11.5404]]],[[[92.5881,11.5302],[92.5866,11.5308],[92.5882,11.5305],[92.5881,11.5302]]],[[[92.5896,11.5316],[92.5923,11.5301],[92.5895,11.5308],[92.5896,11.5316]]],[[[92.615,11.532],[92.6152,11.5313],[92.6148,11.5318],[92.615,11.532]]],[[[92.2069,11.5333],[92.2071,11.5323],[92.2066,11.5332],[92.2069,11.5333]]],[[[92.6308,11.533],[92.6305,11.5334],[92.6307,11.5336],[92.6308,11.533]]],[[[92.2058,11.5342],[92.2053,11.5339],[92.205,11.5344],[92.2058,11.5342]]],[[[92.2071,11.5359],[92.2068,11.5355],[92.2067,11.5357],[92.2071,11.5359]]],[[[92.5825,11.5407],[92.5846,11.5383],[92.5827,11.5343],[92.5825,11.5407]]],[[[92.5555,11.54],[92.5546,11.5395],[92.5555,11.5404],[92.5555,11.54]]],[[[92.6258,11.5437],[92.6284,11.5442],[92.6272,11.5422],[92.6258,11.5437]]],[[[92.6111,11.5611],[92.6164,11.536],[92.6096,11.5314],[92.6013,11.5542],[92.6084,11.5537],[92.6111,11.5611]]],[[[92.5408,11.5537],[92.5414,11.5554],[92.5437,11.5539],[92.5408,11.5537]]],[[[92.5915,11.578],[92.595,11.5334],[92.5878,11.5326],[92.5915,11.578]]],[[[92.5399,11.5585],[92.5394,11.5543],[92.5384,11.5551],[92.5399,11.5585]]],[[[92.2028,11.5874],[92.2271,11.5884],[92.2689,11.586],[92.2665,11.5707],[92.2671,11.5571],[92.273,11.5368],[92.2687,11.5224],[92.2114,11.5294],[92.2028,11.5874]]],[[[92.6311,11.5576],[92.6317,11.5567],[92.6311,11.5561],[92.6311,11.5576]]],[[[92.5624,11.5576],[92.5621,11.5577],[92.5622,11.5577],[92.5624,11.5576]]],[[[92.6048,11.5606],[92.6076,11.5618],[92.608,11.5558],[92.6048,11.5606]]],[[[92.5671,11.56],[92.5667,11.5592],[92.5667,11.5598],[92.5671,11.56]]],[[[92.57,11.5598],[92.5703,11.5595],[92.5701,11.5595],[92.57,11.5598]]],[[[92.5631,11.5598],[92.5627,11.5598],[92.5633,11.5601],[92.5631,11.5598]]],[[[92.5735,11.5598],[92.5743,11.5602],[92.5735,11.5592],[92.5735,11.5598]]],[[[92.5717,11.5627],[92.5766,11.5709],[92.5736,11.5618],[92.5717,11.5627]]],[[[92.5639,11.5695],[92.5669,11.5701],[92.5649,11.5671],[92.5639,11.5695]]],[[[92.5302,11.57],[92.5289,11.5708],[92.5301,11.571],[92.5302,11.57]]],[[[92.268,11.5717],[92.2691,11.5723],[92.2684,11.5712],[92.268,11.5717]]],[[[92.569,11.5733],[92.5698,11.5726],[92.5688,11.5726],[92.569,11.5733]]],[[[92.6176,11.5782],[92.614,11.5631],[92.6,11.5676],[92.6011,11.5859],[92.6176,11.5782]]],[[[92.1969,11.5782],[92.1966,11.5773],[92.1965,11.5783],[92.1969,11.5782]]],[[[92.57,11.5779],[92.5696,11.5786],[92.5702,11.5784],[92.57,11.5779]]],[[[92.5284,11.5765],[92.5261,11.5801],[92.5298,11.5774],[92.5284,11.5765]]],[[[92.5682,11.5794],[92.569,11.5796],[92.569,11.5794],[92.5682,11.5794]]],[[[92.5432,11.606],[92.5439,11.5914],[92.5716,11.5878],[92.5541,11.558],[92.5401,11.5623],[92.5268,11.5537],[92.5343,11.5663],[92.528,11.5963],[92.5432,11.606]]],[[[92.1962,11.5809],[92.197,11.5819],[92.1967,11.5807],[92.1962,11.5809]]],[[[92.5765,11.5829],[92.5783,11.5863],[92.5777,11.5824],[92.5765,11.5829]]],[[[92.197,11.5841],[92.1974,11.5877],[92.1991,11.5882],[92.197,11.5841]]],[[[92.5997,11.5872],[92.5993,11.5866],[92.5991,11.5876],[92.5997,11.5872]]],[[[92.2643,11.5892],[92.2652,11.5896],[92.2661,11.5888],[92.2643,11.5892]]],[[[92.2017,11.5885],[92.2004,11.5908],[92.2022,11.5898],[92.2017,11.5885]]],[[[92.5927,11.5904],[92.5943,11.5889],[92.5923,11.5897],[92.5927,11.5904]]],[[[92.2218,11.5944],[92.2222,11.5928],[92.2201,11.5936],[92.2218,11.5944]]],[[[92.5517,11.5954],[92.5517,11.5939],[92.5513,11.5953],[92.5517,11.5954]]],[[[92.2295,11.5957],[92.2283,11.5938],[92.228,11.5941],[92.2295,11.5957]]],[[[92.5868,11.7014],[92.5868,11.7001],[92.5858,11.6999],[92.5868,11.7014]]],[[[92.585,11.705],[92.5852,11.704],[92.5849,11.7039],[92.585,11.705]]],[[[92.5826,11.7083],[92.583,11.7079],[92.5829,11.7077],[92.5826,11.7083]]],[[[92.7031,12.2321],[92.7018,12.1646],[92.7122,12.1755],[92.7063,12.1583],[92.7088,12.1483],[92.7194,12.1797],[92.7475,12.1773],[92.7513,12.1803],[92.7566,12.1632],[92.7254,12.0959],[92.7361,12.0788],[92.7324,12.0723],[92.7295,12.0753],[92.7282,12.0754],[92.7241,12.0729],[92.7228,12.0644],[92.7251,12.0734],[92.7329,12.0684],[92.7369,12.0781],[92.7336,12.0653],[92.7378,12.0565],[92.7332,12.0614],[92.7275,12.0595],[92.7253,12.0574],[92.7251,12.0497],[92.7206,12.0525],[92.7181,12.0494],[92.7138,12.0528],[92.7124,12.0515],[92.7134,12.049],[92.711,12.0507],[92.7098,12.0498],[92.7093,12.0464],[92.7071,12.0471],[92.7007,12.0407],[92.6987,12.0425],[92.6973,12.0407],[92.6966,12.0425],[92.6968,12.0402],[92.7007,12.0401],[92.7132,12.0479],[92.715,12.0517],[92.7096,12.0339],[92.7094,12.032],[92.7104,12.031],[92.7161,12.0498],[92.7196,12.0485],[92.7211,12.0516],[92.7254,12.0488],[92.7273,12.0543],[92.7281,12.0355],[92.74,12.0286],[92.7386,12.0243],[92.726,12.0254],[92.7249,12.0246],[92.7251,12.0233],[92.7705,11.9986],[92.7639,11.9866],[92.7596,11.9949],[92.7443,11.9991],[92.7436,11.9943],[92.7412,11.9972],[92.7402,11.9977],[92.7305,11.9997],[92.7219,11.9931],[92.7312,11.9693],[92.7152,11.9671],[92.7105,11.9331],[92.7138,11.9314],[92.711,11.926],[92.7141,11.9219],[92.723,11.9314],[92.7251,11.8973],[92.7182,11.8921],[92.7133,11.8979],[92.7116,11.8982],[92.7099,11.8965],[92.7072,11.9009],[92.7039,11.9008],[92.7137,11.8891],[92.7242,11.8912],[92.7222,11.8789],[92.7098,11.8728],[92.7064,11.8644],[92.7235,11.8766],[92.7137,11.8279],[92.7007,11.8142],[92.692,11.818],[92.697,11.8207],[92.698,11.8225],[92.7009,11.8294],[92.6978,11.83],[92.6916,11.8177],[92.6952,11.8129],[92.6545,11.8333],[92.6919,11.8137],[92.6701,11.7982],[92.6763,11.7791],[92.6975,11.8125],[92.7058,11.7927],[92.6996,11.8096],[92.7122,11.8124],[92.7297,11.8548],[92.7443,11.9321],[92.783,11.9369],[92.79,11.8855],[92.7545,11.7006],[92.7434,11.7115],[92.7447,11.6904],[92.7165,11.7054],[92.7109,11.6932],[92.6965,11.7189],[92.69,11.6977],[92.689,11.7073],[92.6852,11.7092],[92.6853,11.7127],[92.6822,11.7141],[92.6863,11.6922],[92.7057,11.7001],[92.7077,11.6705],[92.6601,11.6522],[92.6737,11.624],[92.6811,11.6381],[92.6841,11.6261],[92.6866,11.6282],[92.6875,11.626],[92.6912,11.6225],[92.6885,11.6242],[92.6872,11.6233],[92.6884,11.6181],[92.6849,11.6202],[92.6834,11.6203],[92.6817,11.6193],[92.672,11.6092],[92.6729,11.6074],[92.6888,11.6174],[92.6922,11.6227],[92.6878,11.6274],[92.6906,11.6274],[92.6949,11.6164],[92.6893,11.6145],[92.6864,11.603],[92.7016,11.6177],[92.6941,11.6529],[92.7101,11.6433],[92.7282,11.6582],[92.7144,11.6784],[92.756,11.665],[92.7377,11.6387],[92.7543,11.6142],[92.7104,11.4777],[92.6969,11.5058],[92.6675,11.5018],[92.6452,11.5225],[92.6463,11.5724],[92.6324,11.5808],[92.6165,11.5634],[92.6188,11.5826],[92.6018,11.6086],[92.627,11.6264],[92.6349,11.6155],[92.6447,11.6353],[92.6304,11.6519],[92.6304,11.6283],[92.6081,11.6324],[92.5977,11.6491],[92.5897,11.7079],[92.6038,11.707],[92.5867,11.7167],[92.5913,11.7383],[92.5581,11.6923],[92.5587,11.7727],[92.5496,11.8022],[92.5407,11.7855],[92.5294,11.795],[92.5428,11.8013],[92.5496,11.8097],[92.5317,11.8059],[92.5467,11.8294],[92.5469,11.8362],[92.545,11.8433],[92.5238,11.8074],[92.5057,11.8245],[92.5201,11.8397],[92.5075,11.8415],[92.514,11.8724],[92.5276,11.8725],[92.5202,11.8986],[92.5385,11.9035],[92.5403,11.931],[92.5641,11.9508],[92.5805,11.9314],[92.5829,11.877],[92.599,11.8996],[92.5991,11.8661],[92.6048,11.8529],[92.6103,11.8473],[92.6003,11.8789],[92.6063,11.9135],[92.6198,11.9218],[92.6204,11.9311],[92.5987,11.9045],[92.5926,11.9185],[92.6076,11.9298],[92.6282,12.043],[92.622,12.1014],[92.6641,12.2218],[92.6548,12.1802],[92.674,12.2178],[92.6751,12.187],[92.6813,12.192],[92.6878,12.2352],[92.7031,12.2321]],[[92.7283,11.6035],[92.7146,11.5829],[92.7296,11.5665],[92.7398,11.5914],[92.7283,11.6035]]],[[[92.6028,11.9339],[92.6048,11.9353],[92.6033,11.929],[92.6028,11.9339]]],[[[92.6017,11.9763],[92.608,11.9409],[92.6015,11.9362],[92.5975,11.925],[92.5863,11.9753],[92.6017,11.9763]]],[[[92.6078,11.9658],[92.6043,11.963],[92.605,11.9667],[92.6078,11.9658]]],[[[92.5841,11.9769],[92.5803,11.9801],[92.5825,11.983],[92.5841,11.9769]]],[[[92.6004,11.9817],[92.5999,11.9823],[92.6001,11.9825],[92.6004,11.9817]]],[[[92.6537,12.7725],[92.6563,12.774],[92.6544,12.7695],[92.6537,12.7725]]],[[[92.6678,10.9847],[92.6582,10.9908],[92.6665,10.9927],[92.6678,10.9847]]],[[[92.7242,11.1483],[92.7304,11.1418],[92.7215,11.1415],[92.7242,11.1483]]],[[[92.6758,11.1836],[92.6742,11.1781],[92.6735,11.19],[92.6758,11.1836]]],[[[92.6726,11.1953],[92.672,11.195],[92.6721,11.1955],[92.6726,11.1953]]],[[[92.7047,11.2902],[92.7039,11.2623],[92.6862,11.2418],[92.7047,11.2902]]],[[[92.721,11.3335],[92.7077,11.2995],[92.696,11.3094],[92.721,11.3335]]],[[[92.6862,11.6309],[92.6872,11.6304],[92.6862,11.6297],[92.6862,11.6309]]],[[[92.7547,11.6364],[92.7548,11.6372],[92.7553,11.6367],[92.7547,11.6364]]],[[[92.6887,11.6352],[92.6857,11.6402],[92.6867,11.6404],[92.6887,11.6352]]],[[[92.7546,11.6376],[92.7531,11.6378],[92.7543,11.6385],[92.7546,11.6376]]],[[[92.6999,11.6592],[92.6922,11.6611],[92.7006,11.663],[92.6999,11.6592]]],[[[92.7236,11.6859],[92.7217,11.6887],[92.725,11.688],[92.7236,11.6859]]],[[[92.7308,11.9447],[92.7257,11.9566],[92.7322,11.9599],[92.7308,11.9447]]],[[[92.7228,11.9545],[92.7245,11.9533],[92.7219,11.9513],[92.7228,11.9545]]],[[[92.7565,11.968],[92.7698,11.9518],[92.7352,11.9514],[92.7382,11.9617],[92.7565,11.968]]],[[[92.7426,11.9677],[92.7422,11.9652],[92.7404,11.9652],[92.7426,11.9677]]],[[[92.7337,11.9772],[92.757,11.9929],[92.7608,11.9832],[92.7337,11.9772]]],[[[92.75,12.0553],[92.7822,12.0485],[92.7777,12.0242],[92.7293,12.0369],[92.7272,12.0586],[92.7369,12.0539],[92.7391,12.0565],[92.7363,12.066],[92.7444,12.0562],[92.7484,12.0544],[92.75,12.0553]]],[[[92.7366,12.0691],[92.7552,12.0668],[92.7538,12.0579],[92.7366,12.0691]]],[[[92.7394,12.1123],[92.7407,12.1115],[92.7388,12.1104],[92.7394,12.1123]]],[[[92.7577,12.1461],[92.7544,12.1475],[92.7567,12.149],[92.7577,12.1461]]],[[[92.7593,12.1697],[92.7594,12.1725],[92.7597,12.1726],[92.7593,12.1697]]],[[[92.7555,12.1809],[92.7616,12.1746],[92.7608,12.1735],[92.7555,12.1809]]],[[[92.7283,12.184],[92.7287,12.1891],[92.7303,12.1886],[92.7283,12.184]]],[[[92.7293,12.2426],[92.7424,12.2048],[92.7389,12.2362],[92.7441,12.2279],[92.7617,12.2298],[92.7633,12.1819],[92.7326,12.1845],[92.7285,12.1977],[92.7225,12.1883],[92.7293,12.2426]]],[[[92.6954,12.2458],[92.6966,12.2502],[92.6983,12.2436],[92.6954,12.2458]]],[[[92.7209,12.2556],[92.724,12.2561],[92.7234,12.254],[92.7209,12.2556]]],[[[92.7171,12.2569],[92.7157,12.2584],[92.7168,12.259],[92.7171,12.2569]]],[[[92.7036,12.2997],[92.7231,12.2909],[92.7188,12.2832],[92.7099,12.2297],[92.6987,12.2747],[92.7036,12.2997]]],[[[92.748,12.2887],[92.7417,12.2555],[92.7346,12.2481],[92.748,12.2887]]],[[[92.764,12.2652],[92.7522,12.2779],[92.7622,12.2941],[92.7673,12.285],[92.764,12.2652]]],[[[92.7346,12.2819],[92.7367,12.2927],[92.7352,12.2813],[92.7346,12.2819]]],[[[92.751,12.2907],[92.7508,12.2914],[92.7513,12.2917],[92.751,12.2907]]],[[[92.7515,12.2926],[92.7523,12.2943],[92.7532,12.2941],[92.7515,12.2926]]],[[[92.6842,12.5544],[92.6842,12.5169],[92.6781,12.5056],[92.6618,12.5329],[92.6842,12.5544]]],[[[92.7023,12.6377],[92.7012,12.637],[92.6992,12.6373],[92.7023,12.6377]]],[[[92.7022,12.6381],[92.7015,12.6412],[92.7028,12.6403],[92.7022,12.6381]]],[[[92.701,12.6415],[92.7005,12.6404],[92.7002,12.6404],[92.701,12.6415]]],[[[92.7028,12.6415],[92.7012,12.6424],[92.7025,12.6437],[92.7028,12.6415]]],[[[92.7269,12.6555],[92.7289,12.6531],[92.7264,12.6555],[92.7269,12.6555]]],[[[92.727,12.6546],[92.7249,12.6527],[92.7254,12.6564],[92.727,12.6546]]],[[[92.7134,12.6898],[92.7147,12.6888],[92.7139,12.6886],[92.7134,12.6898]]],[[[92.7224,12.6927],[92.7225,12.6919],[92.7222,12.6921],[92.7224,12.6927]]],[[[92.7321,12.7034],[92.7294,12.7026],[92.7305,12.7058],[92.7321,12.7034]]],[[[92.722,12.7376],[92.729,12.7299],[92.7271,12.7266],[92.722,12.7376]]],[[[92.7374,12.7331],[92.7385,12.7329],[92.7384,12.7326],[92.7374,12.7331]]],[[[92.7257,12.7519],[92.7259,12.7538],[92.7262,12.7517],[92.7257,12.7519]]],[[[92.7163,12.7748],[92.7167,12.7737],[92.7159,12.774],[92.7163,12.7748]]],[[[92.7109,12.8293],[92.7113,12.7772],[92.7248,12.7483],[92.7173,12.7563],[92.7166,12.7192],[92.6938,12.7974],[92.7109,12.8293]]],[[[92.7166,12.7882],[92.7238,12.762],[92.7186,12.7784],[92.7139,12.7791],[92.7166,12.7829],[92.7166,12.7882]]],[[[92.7171,12.7756],[92.7148,12.777],[92.7169,12.7768],[92.7171,12.7756]]],[[[92.7155,12.7841],[92.7157,12.7831],[92.7149,12.7833],[92.7155,12.7841]]],[[[92.7165,12.7903],[92.7175,12.7902],[92.7173,12.7897],[92.7165,12.7903]]],[[[92.7187,12.7911],[92.7164,12.7951],[92.7166,12.7953],[92.7187,12.7911]]],[[[92.7203,12.7959],[92.7218,12.7956],[92.7203,12.7953],[92.7203,12.7959]]],[[[92.7142,12.7957],[92.7154,12.7965],[92.7144,12.7948],[92.7142,12.7957]]],[[[92.7152,12.7985],[92.7156,12.8011],[92.7163,12.7987],[92.7152,12.7985]]],[[[92.7153,12.8024],[92.7164,12.8046],[92.7162,12.8019],[92.7153,12.8024]]],[[[92.724,12.8353],[92.7267,12.8387],[92.724,12.832],[92.724,12.8353]]],[[[92.7261,12.8658],[92.72,12.8403],[92.7113,12.8321],[92.7135,12.8554],[92.7261,12.8658]]],[[[92.7295,12.8548],[92.7293,12.8568],[92.7313,12.8568],[92.7295,12.8548]]],[[[92.7566,12.8792],[92.7581,12.8763],[92.7559,12.8763],[92.7566,12.8792]]],[[[92.7005,12.9882],[92.7197,12.9783],[92.7098,12.946],[92.7215,12.9446],[92.7207,12.8896],[92.7182,12.8813],[92.7073,12.8839],[92.7059,12.883],[92.7038,12.88],[92.704,12.8772],[92.7031,12.8782],[92.702,12.8779],[92.7016,12.8773],[92.7187,12.8748],[92.6996,12.8402],[92.6711,12.8376],[92.6881,12.8173],[92.6677,12.7826],[92.647,12.8617],[92.679,12.9422],[92.6795,12.9485],[92.6681,12.9572],[92.6697,12.9661],[92.7005,12.9882]]],[[[92.7542,12.9143],[92.7555,12.8926],[92.7527,12.8896],[92.7542,12.9143]]],[[[92.6732,12.9334],[92.6733,12.9329],[92.6729,12.933],[92.6732,12.9334]]],[[[92.6721,12.9335],[92.6725,12.9331],[92.6721,12.9328],[92.6721,12.9335]]],[[[92.6766,12.9472],[92.6776,12.9469],[92.677,12.9465],[92.6766,12.9472]]],[[[92.6697,12.9499],[92.6704,12.9478],[92.6694,12.9487],[92.6697,12.9499]]],[[[92.6749,12.9484],[92.6722,12.9489],[92.6756,12.9494],[92.6749,12.9484]]],[[[92.6684,12.9509],[92.6663,12.9502],[92.6663,12.951],[92.6684,12.9509]]],[[[92.6704,12.9501],[92.6694,12.9519],[92.6708,12.9518],[92.6704,12.9501]]],[[[92.6677,12.9515],[92.6676,12.9522],[92.6682,12.9516],[92.6677,12.9515]]],[[[92.6694,12.9522],[92.6695,12.9532],[92.67,12.9528],[92.6694,12.9522]]],[[[92.6693,12.9535],[92.6667,12.9536],[92.6687,12.956],[92.6693,12.9535]]],[[[92.6945,13.0961],[92.7204,13.097],[92.7006,13.0698],[92.6945,13.0961]]],[[[92.7274,13.0899],[92.7294,13.0957],[92.7316,13.0955],[92.7274,13.0899]]],[[[92.7714,9.2588],[92.8299,9.172],[92.8271,9.1384],[92.7991,9.1206],[92.7273,9.1249],[92.7144,9.1544],[92.7197,9.2185],[92.7632,9.2161],[92.7714,9.2588]]],[[[92.7646,11.6772],[92.7583,11.6779],[92.7649,11.6821],[92.7646,11.6772]]],[[[92.7711,12.019],[92.7744,12.0123],[92.7703,12.0124],[92.7711,12.019]]],[[[92.7864,12.0749],[92.7869,12.0777],[92.7873,12.0778],[92.7864,12.0749]]],[[[92.7987,12.0753],[92.7991,12.0762],[92.7991,12.075],[92.7987,12.0753]]],[[[92.7919,12.0789],[92.792,12.0787],[92.7919,12.0787],[92.7919,12.0789]]],[[[92.7916,12.0791],[92.7918,12.0788],[92.7917,12.0787],[92.7916,12.0791]]],[[[92.7911,12.0792],[92.7911,12.079],[92.7911,12.079],[92.7911,12.0792]]],[[[92.8,12.0897],[92.799,12.0892],[92.7993,12.0902],[92.8,12.0897]]],[[[92.8515,12.1413],[92.8512,12.1415],[92.8515,12.1416],[92.8515,12.1413]]],[[[92.8521,12.1419],[92.8515,12.1418],[92.8519,12.1421],[92.8521,12.1419]]],[[[92.8653,12.182],[92.8653,12.1831],[92.866,12.1822],[92.8653,12.182]]],[[[92.8182,12.3091],[92.8321,12.292],[92.8477,12.3031],[92.8503,12.2833],[92.8539,12.2812],[92.849,12.3021],[92.8722,12.3017],[92.8715,12.2954],[92.869,12.2953],[92.866,12.2932],[92.8634,12.2868],[92.8665,12.2932],[92.8703,12.2947],[92.882,12.2628],[92.8851,12.2705],[92.8913,12.2664],[92.8752,12.2506],[92.8696,12.251],[92.8681,12.2573],[92.8642,12.2583],[92.8657,12.2611],[92.863,12.2636],[92.8619,12.2625],[92.862,12.2636],[92.8579,12.2445],[92.8645,12.2088],[92.8829,12.1977],[92.8746,12.1923],[92.8532,12.2043],[92.8276,12.203],[92.8332,12.2059],[92.8349,12.2115],[92.8332,12.2144],[92.8357,12.2131],[92.8384,12.213],[92.8399,12.2121],[92.8405,12.2123],[92.8406,12.2194],[92.8174,12.233],[92.8108,12.234],[92.807,12.2323],[92.8059,12.2311],[92.8051,12.232],[92.8026,12.2326],[92.8057,12.2308],[92.8167,12.2324],[92.8405,12.2191],[92.8403,12.2124],[92.8335,12.2148],[92.8328,12.2145],[92.8268,12.203],[92.8447,12.2008],[92.84,12.1853],[92.8541,12.191],[92.8548,12.1618],[92.8445,12.1475],[92.8224,12.1781],[92.8208,12.1598],[92.8172,12.1637],[92.8076,12.1601],[92.8068,12.1712],[92.8011,12.1706],[92.8071,12.1599],[92.8268,12.1559],[92.8164,12.1246],[92.8015,12.132],[92.8182,12.1136],[92.7836,12.106],[92.8006,12.0933],[92.7634,12.0632],[92.752,12.0744],[92.7546,12.076],[92.7582,12.0814],[92.7604,12.0891],[92.7593,12.0904],[92.7606,12.091],[92.7616,12.0898],[92.7638,12.0901],[92.7588,12.0916],[92.7607,12.0929],[92.7603,12.0954],[92.7622,12.0952],[92.7638,12.0966],[92.7634,12.0996],[92.7636,12.0968],[92.76,12.0954],[92.7578,12.0909],[92.7578,12.0815],[92.7472,12.0741],[92.7378,12.0975],[92.7582,12.1457],[92.7587,12.1597],[92.7635,12.1652],[92.7708,12.2416],[92.75,12.2324],[92.7411,12.2454],[92.7494,12.2741],[92.7634,12.2631],[92.7877,12.2802],[92.7754,12.3012],[92.7669,12.2972],[92.7709,12.3131],[92.7948,12.3036],[92.8182,12.3091]]],[[[92.8473,12.1961],[92.848,12.1968],[92.848,12.1955],[92.8473,12.1961]]],[[[92.8716,12.2279],[92.8704,12.2283],[92.871,12.2289],[92.8716,12.2279]]],[[[92.8658,12.2362],[92.8636,12.2503],[92.8688,12.2487],[92.8658,12.2362]]],[[[92.8784,12.2485],[92.8809,12.2486],[92.8804,12.2458],[92.8784,12.2485]]],[[[92.7684,12.2886],[92.7689,12.2945],[92.7701,12.295],[92.7684,12.2886]]],[[[92.7644,12.2967],[92.7646,12.2995],[92.765,12.2994],[92.7644,12.2967]]],[[[92.8594,12.3348],[92.8633,12.3306],[92.8996,12.3231],[92.8562,12.3146],[92.8561,12.3179],[92.8588,12.3181],[92.8603,12.3189],[92.8618,12.3211],[92.8584,12.3298],[92.855,12.3321],[92.8564,12.3333],[92.8569,12.3399],[92.8577,12.335],[92.8594,12.3348]]],[[[92.844,12.3951],[92.8943,12.407],[92.8834,12.3743],[92.844,12.3951]]],[[[92.8648,12.4077],[92.8641,12.4085],[92.8652,12.4083],[92.8648,12.4077]]],[[[92.8762,12.4102],[92.8774,12.4088],[92.8738,12.4089],[92.8762,12.4102]]],[[[92.8681,12.414],[92.8585,12.4178],[92.8678,12.4201],[92.8681,12.414]]],[[[92.8286,12.424],[92.842,12.416],[92.8584,12.4133],[92.8383,12.4113],[92.8286,12.424]]],[[[92.8924,12.9157],[92.8974,12.914],[92.9004,12.9115],[92.9223,12.9154],[92.9059,12.887],[92.9246,12.8879],[92.9264,12.8581],[92.9412,12.8553],[92.9403,12.8376],[92.9356,12.8398],[92.9304,12.8384],[92.9274,12.8327],[92.929,12.8316],[92.9267,12.8318],[92.9241,12.83],[92.9226,12.8261],[92.9226,12.822],[92.9254,12.8172],[92.9275,12.8158],[92.9298,12.8165],[92.9262,12.8131],[92.9244,12.8011],[92.9306,12.8163],[92.9243,12.8295],[92.9492,12.8378],[92.9511,12.7952],[92.9264,12.7744],[92.939,12.7679],[92.9498,12.7701],[92.9644,12.7258],[92.98,12.7094],[92.9639,12.7044],[92.9567,12.6242],[92.9455,12.6313],[92.9297,12.6169],[92.9456,12.6299],[92.9588,12.6196],[92.9752,12.5433],[92.9688,12.4967],[92.9601,12.4857],[92.9459,12.4997],[92.9364,12.4814],[92.9326,12.4819],[92.9328,12.4852],[92.931,12.4876],[92.9271,12.4884],[92.9292,12.4892],[92.9285,12.4904],[92.9272,12.4904],[92.9261,12.4767],[92.9343,12.4701],[92.9218,12.4657],[92.9203,12.4729],[92.9162,12.4738],[92.9197,12.4762],[92.9184,12.4782],[92.9209,12.4799],[92.9203,12.4833],[92.9112,12.4893],[92.9132,12.4928],[92.9122,12.4944],[92.914,12.4968],[92.9146,12.5],[92.9143,12.5],[92.9118,12.4944],[92.9129,12.4925],[92.9109,12.4893],[92.9205,12.48],[92.9066,12.4774],[92.9139,12.4758],[92.9057,12.4707],[92.9078,12.4672],[92.9072,12.4692],[92.9118,12.471],[92.9149,12.4777],[92.9155,12.473],[92.9194,12.4728],[92.9216,12.4648],[92.9578,12.4727],[92.9446,12.4513],[92.9124,12.4506],[92.9229,12.4347],[92.911,12.4055],[92.897,12.4385],[92.8845,12.4418],[92.8899,12.4479],[92.8957,12.4479],[92.899,12.4511],[92.8888,12.4638],[92.8963,12.4501],[92.8857,12.4494],[92.8836,12.4425],[92.877,12.4451],[92.8862,12.4565],[92.8838,12.4585],[92.8787,12.4581],[92.8831,12.4665],[92.8789,12.4669],[92.879,12.4675],[92.8813,12.4682],[92.8818,12.4687],[92.8816,12.4698],[92.8804,12.4713],[92.8786,12.4673],[92.8789,12.4666],[92.8805,12.4658],[92.8812,12.4644],[92.878,12.4581],[92.8853,12.456],[92.8688,12.4462],[92.8432,12.4708],[92.8433,12.4803],[92.8355,12.5006],[92.8382,12.4974],[92.8422,12.4971],[92.8511,12.5021],[92.8551,12.5098],[92.8351,12.5014],[92.8376,12.4933],[92.8225,12.5],[92.8369,12.4912],[92.8356,12.4866],[92.8341,12.4888],[92.8329,12.4893],[92.8246,12.4829],[92.8226,12.4853],[92.8158,12.4868],[92.8245,12.4822],[92.834,12.4885],[92.8349,12.4858],[92.8424,12.4793],[92.8405,12.4714],[92.8408,12.4764],[92.8334,12.4815],[92.8318,12.4811],[92.8316,12.4801],[92.8336,12.4754],[92.8295,12.4747],[92.8287,12.4717],[92.8256,12.4733],[92.8252,12.4729],[92.8256,12.472],[92.8291,12.4716],[92.8306,12.4745],[92.8299,12.4721],[92.8303,12.4706],[92.8315,12.4693],[92.8333,12.4695],[92.8348,12.4802],[92.8394,12.4645],[92.8845,12.4361],[92.8993,12.4168],[92.8836,12.4308],[92.874,12.4134],[92.8596,12.4368],[92.8457,12.4235],[92.8371,12.4308],[92.8417,12.4375],[92.836,12.4436],[92.8355,12.4307],[92.8215,12.4341],[92.8201,12.4371],[92.8108,12.4429],[92.8168,12.4447],[92.8121,12.4483],[92.8161,12.4468],[92.8182,12.4491],[92.8182,12.4513],[92.8177,12.452],[92.8171,12.4519],[92.816,12.4507],[92.816,12.4543],[92.8153,12.4547],[92.8115,12.4488],[92.8163,12.4448],[92.8102,12.4427],[92.8195,12.435],[92.8042,12.4411],[92.7958,12.4379],[92.7995,12.4647],[92.7858,12.4747],[92.7895,12.4771],[92.7907,12.4808],[92.7906,12.4827],[92.79,12.4836],[92.7866,12.4839],[92.7854,12.4747],[92.791,12.4691],[92.7719,12.471],[92.7982,12.4641],[92.7872,12.4371],[92.8296,12.4283],[92.815,12.4249],[92.8339,12.4105],[92.8158,12.417],[92.8042,12.4117],[92.8033,12.4046],[92.8013,12.4059],[92.7997,12.4043],[92.7991,12.4008],[92.8036,12.4045],[92.8042,12.4113],[92.8157,12.4164],[92.8384,12.4086],[92.8216,12.4023],[92.8197,12.3891],[92.8324,12.4006],[92.8297,12.392],[92.8392,12.3931],[92.839,12.3889],[92.8414,12.3869],[92.8375,12.3894],[92.8357,12.3868],[92.8353,12.3841],[92.8324,12.3857],[92.8281,12.3814],[92.83,12.3785],[92.8288,12.3789],[92.8276,12.3788],[92.8257,12.3774],[92.8256,12.3768],[92.825,12.3766],[92.8211,12.3801],[92.8231,12.3742],[92.8302,12.3783],[92.83,12.383],[92.8357,12.3838],[92.8376,12.3889],[92.8414,12.3854],[92.8421,12.3869],[92.8401,12.3906],[92.8449,12.3877],[92.8423,12.3918],[92.8611,12.3694],[92.8508,12.3676],[92.8463,12.3655],[92.8467,12.3639],[92.8454,12.3631],[92.8446,12.3637],[92.8458,12.3637],[92.8459,12.3645],[92.8436,12.3649],[92.8446,12.3632],[92.8833,12.357],[92.899,12.3338],[92.8796,12.3444],[92.8714,12.33],[92.8571,12.3452],[92.8479,12.3435],[92.8596,12.3419],[92.8594,12.3353],[92.857,12.3404],[92.8547,12.3323],[92.8557,12.3305],[92.8581,12.3295],[92.8542,12.3268],[92.8455,12.3293],[92.8425,12.3268],[92.8419,12.3279],[92.8429,12.3279],[92.8431,12.33],[92.8419,12.3297],[92.8411,12.3316],[92.8393,12.3313],[92.8394,12.3328],[92.8319,12.3355],[92.8428,12.3265],[92.8455,12.3289],[92.8474,12.3258],[92.8484,12.3281],[92.8514,12.326],[92.8542,12.3266],[92.8568,12.3282],[92.8601,12.3192],[92.8549,12.3195],[92.8475,12.3083],[92.8338,12.3086],[92.8315,12.3027],[92.8098,12.3156],[92.7787,12.3131],[92.7695,12.3207],[92.772,12.3274],[92.7721,12.3327],[92.7704,12.3338],[92.7528,12.2961],[92.7341,12.3024],[92.7436,12.3265],[92.7477,12.345],[92.7475,12.3496],[92.7437,12.3534],[92.7464,12.3524],[92.7499,12.3559],[92.7497,12.3589],[92.7485,12.3602],[92.7429,12.3593],[92.7467,12.3612],[92.7492,12.3656],[92.7426,12.3595],[92.7388,12.315],[92.7195,12.3003],[92.6993,12.3279],[92.6951,12.4004],[92.7074,12.594],[92.6842,12.6087],[92.7026,12.6048],[92.7182,12.6443],[92.7199,12.6184],[92.7224,12.6154],[92.7273,12.6356],[92.7333,12.6241],[92.7349,12.6273],[92.7357,12.6254],[92.74,12.6224],[92.7403,12.6204],[92.7409,12.6197],[92.7427,12.6192],[92.7441,12.6192],[92.7477,12.6205],[92.7285,12.636],[92.7328,12.6571],[92.7731,12.6704],[92.7784,12.6412],[92.7754,12.6378],[92.7751,12.6314],[92.7652,12.6321],[92.7623,12.6278],[92.7619,12.6244],[92.7757,12.6307],[92.7785,12.6379],[92.7788,12.6296],[92.7844,12.624],[92.7765,12.5905],[92.7789,12.58],[92.786,12.6245],[92.7791,12.671],[92.7871,12.7028],[92.781,12.7254],[92.7837,12.7246],[92.787,12.7264],[92.7897,12.7255],[92.7812,12.7404],[92.7616,12.7228],[92.7818,12.7337],[92.7758,12.7184],[92.783,12.6924],[92.7694,12.6731],[92.732,12.6726],[92.7262,12.693],[92.7447,12.6992],[92.7458,12.7228],[92.7404,12.739],[92.7297,12.7439],[92.72,12.7903],[92.7312,12.7975],[92.7321,12.7934],[92.7357,12.7936],[92.7327,12.7893],[92.7356,12.7886],[92.7351,12.7871],[92.7369,12.7842],[92.7357,12.7851],[92.7352,12.785],[92.7351,12.783],[92.7377,12.7792],[92.7387,12.7947],[92.7312,12.8017],[92.7205,12.797],[92.7223,12.8259],[92.7305,12.8362],[92.7353,12.8073],[92.7377,12.8044],[92.7391,12.837],[92.7403,12.8365],[92.7418,12.8219],[92.7426,12.8207],[92.7562,12.8465],[92.7534,12.8189],[92.7655,12.8188],[92.7727,12.8426],[92.7721,12.8317],[92.7793,12.8241],[92.7794,12.7991],[92.7835,12.7885],[92.7866,12.7861],[92.7842,12.7844],[92.783,12.7818],[92.7832,12.7757],[92.7804,12.7763],[92.7838,12.7621],[92.7934,12.7744],[92.7804,12.8051],[92.7898,12.8147],[92.7922,12.8097],[92.7903,12.8075],[92.792,12.7996],[92.7928,12.7991],[92.7943,12.7997],[92.7949,12.7987],[92.7918,12.7973],[92.7924,12.7934],[92.7947,12.7937],[92.8006,12.8128],[92.7892,12.8289],[92.7821,12.8092],[92.7857,12.8329],[92.7818,12.86],[92.793,12.8445],[92.7884,12.8615],[92.8004,12.8485],[92.7928,12.8637],[92.7944,12.8637],[92.7967,12.8648],[92.8002,12.8606],[92.8044,12.8611],[92.7908,12.8899],[92.8088,12.8975],[92.8298,12.8846],[92.8341,12.8857],[92.8407,12.8916],[92.8396,12.8767],[92.8477,12.8761],[92.8444,12.8751],[92.8414,12.868],[92.8399,12.8681],[92.8407,12.8698],[92.8393,12.8723],[92.8389,12.8715],[92.8364,12.8659],[92.8397,12.8614],[92.8445,12.8748],[92.8539,12.8771],[92.8527,12.8735],[92.8497,12.874],[92.8467,12.8693],[92.8481,12.8671],[92.8511,12.8663],[92.8451,12.8622],[92.8496,12.8451],[92.8486,12.845],[92.8488,12.847],[92.8475,12.8477],[92.8455,12.846],[92.8414,12.8464],[92.8382,12.8444],[92.8363,12.8471],[92.826,12.831],[92.8234,12.8231],[92.8289,12.8189],[92.8291,12.8176],[92.827,12.8163],[92.8267,12.814],[92.8276,12.8103],[92.8284,12.8101],[92.827,12.814],[92.8294,12.8172],[92.829,12.8192],[92.8237,12.8232],[92.8262,12.8309],[92.8501,12.845],[92.8519,12.8667],[92.8472,12.8694],[92.8622,12.8783],[92.8612,12.8733],[92.8615,12.8712],[92.864,12.8696],[92.8644,12.8685],[92.8633,12.8695],[92.8617,12.8686],[92.8613,12.8658],[92.8624,12.8636],[92.8646,12.8688],[92.8625,12.8783],[92.8619,12.8784],[92.8605,12.8777],[92.8603,12.8781],[92.8743,12.8823],[92.8713,12.8924],[92.8857,12.8935],[92.8952,12.8982],[92.8962,12.9043],[92.9001,12.9028],[92.8924,12.9157]]],[[[92.7794,12.6486],[92.781,12.6558],[92.7806,12.6461],[92.7794,12.6486]]],[[[92.7729,12.6737],[92.7808,12.6876],[92.782,12.6882],[92.7754,12.6745],[92.7729,12.6737]]],[[[92.7825,12.7187],[92.781,12.7116],[92.777,12.7179],[92.7807,12.7172],[92.7825,12.7187]]],[[[92.782,12.7187],[92.7808,12.7187],[92.7819,12.719],[92.782,12.7187]]],[[[92.768,12.8621],[92.7851,12.8326],[92.784,12.8247],[92.768,12.8621]]],[[[92.7594,12.8596],[92.7658,12.8373],[92.7653,12.8361],[92.7594,12.8596]]],[[[92.765,12.873],[92.7657,12.8614],[92.7653,12.8553],[92.7602,12.8683],[92.765,12.873]]],[[[92.8318,12.8853],[92.8314,12.8857],[92.8322,12.8857],[92.8318,12.8853]]],[[[92.8306,12.8855],[92.831,12.8857],[92.8312,12.8853],[92.8306,12.8855]]],[[[92.8339,12.8869],[92.835,12.887],[92.8337,12.8865],[92.8339,12.8869]]],[[[92.7816,12.8923],[92.7881,12.8831],[92.7817,12.8839],[92.7816,12.8923]]],[[[92.8804,12.9036],[92.8785,12.9024],[92.8794,12.9058],[92.8804,12.9036]]],[[[92.791,12.9173],[92.7918,12.8923],[92.7734,12.9116],[92.791,12.9173]]],[[[92.8795,12.9074],[92.8774,12.9105],[92.8788,12.9129],[92.8795,12.9074]]],[[[92.864,12.9127],[92.8633,12.9149],[92.8645,12.9128],[92.864,12.9127]]],[[[92.7665,12.922],[92.7613,12.9218],[92.7652,12.9261],[92.7665,12.922]]],[[[92.7687,12.9286],[92.775,12.9259],[92.7718,12.9176],[92.7687,12.9286]]],[[[92.8597,12.9336],[92.8855,12.9235],[92.8627,12.918],[92.8597,12.9336]]],[[[92.7591,12.9352],[92.7657,12.9287],[92.7625,12.9255],[92.7591,12.9352]]],[[[92.8781,12.9627],[92.8787,12.9609],[92.8775,12.9625],[92.8781,12.9627]]],[[[92.8311,13.002],[92.8331,13.0021],[92.8311,13.0],[92.8311,13.002]]],[[[92.7845,13.0136],[92.7847,13.0132],[92.7845,13.0131],[92.7845,13.0136]]],[[[92.7857,13.0554],[92.7853,13.0553],[92.7855,13.0557],[92.7857,13.0554]]],[[[92.7879,13.0608],[92.7879,13.0603],[92.7875,13.0605],[92.7879,13.0608]]],[[[92.7945,13.0758],[92.7954,13.0764],[92.7949,13.0752],[92.7945,13.0758]]],[[[92.7927,13.0927],[92.7929,13.0934],[92.7936,13.0927],[92.7927,13.0927]]],[[[92.7931,13.094],[92.7929,13.0936],[92.7928,13.0941],[92.7931,13.094]]],[[[92.84,13.1436],[92.8408,13.1433],[92.8402,13.1429],[92.84,13.1436]]],[[[92.8078,13.1493],[92.8086,13.148],[92.8077,13.1481],[92.8078,13.1493]]],[[[92.8048,13.1529],[92.8034,13.153],[92.8042,13.1537],[92.8048,13.1529]]],[[[92.8098,13.1633],[92.8093,13.1634],[92.8096,13.164],[92.8098,13.1633]]],[[[92.8093,13.167],[92.8102,13.1671],[92.8104,13.1664],[92.8093,13.167]]],[[[92.8104,13.1686],[92.8091,13.169],[92.8106,13.1688],[92.8104,13.1686]]],[[[92.7932,13.1677],[92.7961,13.1707],[92.7964,13.168],[92.7932,13.1677]]],[[[92.7915,13.1713],[92.7926,13.1712],[92.7922,13.1708],[92.7915,13.1713]]],[[[92.8232,13.2068],[92.8236,13.2084],[92.826,13.2087],[92.8232,13.2068]]],[[[92.8255,13.2109],[92.8273,13.2094],[92.8266,13.2089],[92.8255,13.2109]]],[[[92.8287,13.2109],[92.8276,13.2108],[92.8277,13.2116],[92.8287,13.2109]]],[[[92.8392,13.2492],[92.8389,13.2486],[92.8387,13.2489],[92.8392,13.2492]]],[[[92.8171,13.2876],[92.8168,13.2816],[92.8131,13.2873],[92.8171,13.2876]]],[[[92.7998,13.2866],[92.8003,13.2857],[92.8,13.2855],[92.7998,13.2866]]],[[[92.8291,13.3693],[92.8298,13.3685],[92.829,13.3684],[92.8291,13.3693]]],[[[92.8108,13.432],[92.8159,13.4019],[92.8057,13.4018],[92.8108,13.432]]],[[[92.846,13.4197],[92.8472,13.4197],[92.8466,13.4192],[92.846,13.4197]]],[[[92.8622,13.4208],[92.862,13.4226],[92.863,13.4216],[92.8622,13.4208]]],[[[92.8412,13.4505],[92.8374,13.42],[92.8184,13.4264],[92.8412,13.4505]]],[[[92.8696,13.4542],[92.8696,13.4536],[92.8694,13.4536],[92.8696,13.4542]]],[[[92.8643,13.4609],[92.8651,13.4639],[92.8672,13.4642],[92.8643,13.4609]]],[[[92.8688,13.5143],[92.8725,13.5018],[92.8651,13.5031],[92.8688,13.5143]]],[[[92.8777,13.5382],[92.8734,13.5377],[92.8743,13.541],[92.8777,13.5382]]],[[[92.9712,12.0361],[92.9722,12.0361],[92.9713,12.0354],[92.9712,12.0361]]],[[[92.9707,12.0637],[92.9672,12.064],[92.968,12.0659],[92.9707,12.0637]]],[[[92.965,12.0665],[92.9634,12.0648],[92.9615,12.0663],[92.965,12.0665]]],[[[92.9576,12.0916],[92.9558,12.0911],[92.9565,12.0922],[92.9576,12.0916]]],[[[92.9455,12.1197],[92.9572,12.0991],[92.9501,12.0792],[92.9455,12.1197]]],[[[92.9731,12.1153],[92.9721,12.1164],[92.9735,12.1161],[92.9731,12.1153]]],[[[92.9628,12.1168],[92.96,12.1169],[92.9595,12.1193],[92.9628,12.1168]]],[[[92.9601,12.1202],[92.961,12.1198],[92.9609,12.1194],[92.9601,12.1202]]],[[[92.9582,12.1259],[92.9564,12.1234],[92.9564,12.1275],[92.9582,12.1259]]],[[[92.9572,12.1303],[92.9559,12.1313],[92.9575,12.1308],[92.9572,12.1303]]],[[[92.924,12.2164],[92.9405,12.2152],[92.9321,12.1955],[92.924,12.2164]]],[[[92.8974,12.2653],[92.8977,12.2587],[92.8972,12.2562],[92.9052,12.252],[92.9045,12.2476],[92.9137,12.2322],[92.9135,12.2211],[92.891,12.2313],[92.8775,12.2093],[92.8697,12.2448],[92.8773,12.249],[92.8791,12.2383],[92.8845,12.2386],[92.8867,12.2523],[92.8974,12.2653]]],[[[92.8813,12.2415],[92.8818,12.2393],[92.8807,12.2394],[92.8813,12.2415]]],[[[92.9109,12.245],[92.9122,12.2445],[92.9117,12.2435],[92.9109,12.245]]],[[[92.9103,12.2479],[92.9116,12.249],[92.9115,12.2472],[92.9103,12.2479]]],[[[92.9058,12.2493],[92.9079,12.2494],[92.9061,12.2487],[92.9058,12.2493]]],[[[92.9111,12.2512],[92.9115,12.2498],[92.9107,12.25],[92.9111,12.2512]]],[[[92.9083,12.2526],[92.9063,12.2512],[92.9063,12.2528],[92.9083,12.2526]]],[[[92.9074,12.2536],[92.9059,12.2542],[92.9086,12.2553],[92.9074,12.2536]]],[[[92.9052,12.2546],[92.9047,12.2542],[92.9049,12.2548],[92.9052,12.2546]]],[[[92.9175,12.2548],[92.9188,12.2544],[92.9178,12.2538],[92.9175,12.2548]]],[[[92.9192,12.2555],[92.9205,12.2556],[92.9195,12.2544],[92.9192,12.2555]]],[[[92.9178,12.2566],[92.919,12.2563],[92.9178,12.2559],[92.9178,12.2566]]],[[[92.9086,12.2567],[92.9071,12.2577],[92.9079,12.2583],[92.9086,12.2567]]],[[[92.9007,12.2582],[92.9005,12.2576],[92.8998,12.2576],[92.9007,12.2582]]],[[[92.9132,12.2605],[92.9143,12.2617],[92.9143,12.2606],[92.9132,12.2605]]],[[[92.9159,12.2621],[92.9173,12.2614],[92.9157,12.2614],[92.9159,12.2621]]],[[[92.9147,12.264],[92.9152,12.2627],[92.9141,12.2632],[92.9147,12.264]]],[[[92.9357,12.305],[92.943,12.2748],[92.9222,12.2293],[92.9199,12.2691],[92.9,12.2716],[92.9013,12.2907],[92.9134,12.3041],[92.9275,12.2781],[92.9357,12.305]]],[[[92.8881,12.2807],[92.8897,12.2723],[92.8839,12.2745],[92.8881,12.2807]]],[[[92.8806,12.2908],[92.8845,12.2798],[92.8769,12.2849],[92.8806,12.2908]]],[[[92.8909,12.2937],[92.8884,12.2966],[92.8912,12.2982],[92.8909,12.2937]]],[[[92.8804,12.3008],[92.8786,12.2941],[92.876,12.2948],[92.8804,12.3008]]],[[[92.9043,12.3381],[92.906,12.3401],[92.9059,12.3373],[92.9043,12.3381]]],[[[92.9191,12.3512],[92.907,12.3416],[92.9139,12.3564],[92.9191,12.3512]]],[[[92.8968,12.3921],[92.8946,12.3962],[92.8971,12.3968],[92.8968,12.3921]]],[[[92.9567,12.4328],[92.9323,12.3596],[92.9164,12.3629],[92.9311,12.4186],[92.9473,12.4156],[92.9567,12.4328]]],[[[92.8988,12.4084],[92.8965,12.4106],[92.8979,12.4123],[92.8988,12.4084]]],[[[92.9019,12.4119],[92.9016,12.413],[92.9025,12.4132],[92.9019,12.4119]]],[[[92.8887,12.413],[92.8882,12.4128],[92.8884,12.413],[92.8887,12.413]]],[[[92.8885,12.4132],[92.8883,12.4145],[92.8894,12.4141],[92.8885,12.4132]]],[[[92.8882,12.4148],[92.888,12.4144],[92.8879,12.4147],[92.8882,12.4148]]],[[[92.9034,12.4233],[92.8982,12.4218],[92.8993,12.4261],[92.9034,12.4233]]],[[[92.9689,12.7412],[92.9682,12.7407],[92.9684,12.7416],[92.9689,12.7412]]],[[[92.9681,12.7418],[92.9675,12.7433],[92.9683,12.7418],[92.9681,12.7418]]],[[[92.9606,12.7559],[92.9604,12.7553],[92.9603,12.7559],[92.9606,12.7559]]],[[[92.9588,12.7567],[92.9599,12.7568],[92.9599,12.7564],[92.9588,12.7567]]],[[[92.9561,12.7568],[92.9541,12.7574],[92.9541,12.7576],[92.9561,12.7568]]],[[[92.9393,12.7693],[92.9412,12.7695],[92.9393,12.769],[92.9393,12.7693]]],[[[92.9467,12.7705],[92.9446,12.7709],[92.947,12.771],[92.9467,12.7705]]],[[[92.891,12.8979],[92.8926,12.8995],[92.8925,12.8978],[92.891,12.8979]]],[[[92.9346,12.9199],[92.9335,12.9115],[92.9291,12.917],[92.9346,12.9199]]],[[[92.8918,12.9324],[92.8892,12.9318],[92.8891,12.9326],[92.8918,12.9324]]],[[[92.8891,12.9383],[92.8893,12.9334],[92.8874,12.9331],[92.8891,12.9383]]],[[[92.9002,12.9404],[92.9021,12.9406],[92.9028,12.9374],[92.9007,12.9391],[92.9004,12.9396],[92.9004,12.9402],[92.9002,12.9404]]],[[[92.8984,12.9415],[92.8993,12.9405],[92.9004,12.9402],[92.8993,12.9404],[92.8984,12.9415]]],[[[92.9005,12.9423],[92.9019,12.9408],[92.8991,12.9423],[92.9005,12.9423]]],[[[92.8983,12.9418],[92.8989,12.9423],[92.8986,12.9416],[92.8983,12.9418]]],[[[92.882,12.9655],[92.8819,12.9666],[92.8828,12.9657],[92.882,12.9655]]],[[[92.8858,12.9796],[92.887,12.9802],[92.8865,12.9789],[92.8858,12.9796]]],[[[92.8886,12.9807],[92.8883,12.9814],[92.8888,12.9812],[92.8886,12.9807]]],[[[92.8931,12.9841],[92.8934,12.9831],[92.8928,12.9831],[92.8931,12.9841]]],[[[92.9733,12.9941],[92.9733,12.9945],[92.9735,12.9942],[92.9733,12.9941]]],[[[92.9705,12.9993],[92.9702,12.9994],[92.9703,12.9996],[92.9705,12.9993]]],[[[92.9382,13.0262],[92.9462,12.9986],[92.9413,12.9943],[92.9132,13.0118],[92.9207,13.0313],[92.9382,13.0262]]],[[[92.9461,13.0238],[92.9484,13.0247],[92.9493,13.0186],[92.9461,13.0238]]],[[[92.9322,13.0487],[92.9304,13.0533],[92.9314,13.0544],[92.9322,13.0487]]],[[[92.9175,13.0595],[92.912,13.0582],[92.9131,13.0673],[92.9175,13.0595]]],[[[92.9129,13.0684],[92.9145,13.068],[92.914,13.0672],[92.9129,13.0684]]],[[[92.9095,13.0755],[92.911,13.0758],[92.9118,13.0738],[92.9095,13.0755]]],[[[92.8321,13.2145],[92.8255,13.2372],[92.8504,13.2386],[92.8522,13.2219],[92.8552,13.2195],[92.8478,13.2127],[92.8483,13.2081],[92.8499,13.2075],[92.8542,13.2091],[92.8585,13.2061],[92.8612,13.2064],[92.8582,13.2008],[92.8591,13.1994],[92.8629,13.1965],[92.8572,13.1962],[92.8561,13.1952],[92.8554,13.1907],[92.8566,13.1882],[92.8583,13.1877],[92.8604,13.1917],[92.8609,13.1855],[92.8617,13.1843],[92.8631,13.1848],[92.8605,13.192],[92.8557,13.1905],[92.8638,13.1961],[92.8621,13.2066],[92.8546,13.2097],[92.8489,13.2084],[92.856,13.2196],[92.8548,13.234],[92.8515,13.2397],[92.8425,13.2408],[92.839,13.2459],[92.8502,13.2622],[92.8551,13.2506],[92.8547,13.2541],[92.858,13.2523],[92.8594,13.2565],[92.8605,13.2541],[92.862,13.2531],[92.8689,13.2546],[92.87,13.2578],[92.8592,13.2569],[92.8577,13.2526],[92.8506,13.2653],[92.8111,13.2708],[92.8408,13.3012],[92.8207,13.3106],[92.83,13.3691],[92.8494,13.3778],[92.8479,13.3635],[92.85,13.3594],[92.8516,13.3587],[92.8544,13.3592],[92.8507,13.3763],[92.8697,13.3907],[92.8589,13.3839],[92.8634,13.3895],[92.8633,13.3977],[92.8624,13.4013],[92.8582,13.3854],[92.8404,13.3885],[92.8421,13.4096],[92.8705,13.414],[92.873,13.4024],[92.8789,13.3961],[92.8827,13.3951],[92.8826,13.3939],[92.8801,13.393],[92.8792,13.3911],[92.8857,13.3672],[92.8858,13.398],[92.8891,13.3942],[92.8939,13.3948],[92.895,13.3917],[92.8986,13.391],[92.8985,13.3885],[92.9029,13.3899],[92.9023,13.3875],[92.906,13.3824],[92.9154,13.3822],[92.9248,13.3902],[92.9072,13.3827],[92.904,13.3943],[92.8987,13.3891],[92.899,13.3911],[92.8931,13.3959],[92.889,13.3949],[92.8994,13.4028],[92.8968,13.4126],[92.8745,13.4021],[92.8732,13.4364],[92.89,13.4231],[92.8986,13.4262],[92.899,13.4288],[92.8708,13.4451],[92.8689,13.474],[92.8911,13.4785],[92.8879,13.469],[92.8982,13.4651],[92.9019,13.4963],[92.9249,13.4989],[92.9247,13.4808],[92.9318,13.4807],[92.9211,13.4723],[92.9187,13.4679],[92.9208,13.4631],[92.9196,13.4638],[92.9156,13.4635],[92.92,13.463],[92.9185,13.4611],[92.9184,13.4565],[92.9204,13.4552],[92.9322,13.4719],[92.9276,13.4751],[92.9328,13.481],[92.9275,13.4977],[92.9304,13.4952],[92.9348,13.5],[92.9133,13.5124],[92.9272,13.5147],[92.9261,13.5216],[92.9329,13.5203],[92.9361,13.5272],[92.9394,13.5247],[92.9413,13.5258],[92.94,13.5232],[92.9405,13.522],[92.9418,13.5218],[92.9432,13.5232],[92.9439,13.5198],[92.9443,13.5195],[92.9452,13.5201],[92.938,13.5316],[92.9144,13.5204],[92.9136,13.5351],[92.9652,13.55],[92.9796,13.527],[92.987,13.5277],[92.9862,13.523],[92.992,13.522],[92.9906,13.5179],[92.9954,13.5199],[92.9958,13.5244],[93.0,13.5239],[92.9955,13.5248],[92.9947,13.5201],[92.991,13.5232],[92.987,13.5235],[92.991,13.5391],[92.9821,13.5694],[93.004,13.5658],[93.0105,13.5487],[93.0273,13.5794],[93.0432,13.5049],[93.0337,13.4659],[93.0186,13.4663],[93.0161,13.4623],[93.0144,13.4553],[93.0119,13.4536],[93.012,13.4588],[93.0104,13.4598],[93.0081,13.4594],[93.0095,13.4613],[93.0077,13.4624],[93.0061,13.4624],[93.0051,13.4633],[93.0116,13.4533],[93.0299,13.4611],[93.0366,13.4413],[92.9965,13.4411],[92.9891,13.4274],[93.039,13.4279],[93.0463,13.4046],[93.0611,13.4215],[93.0685,13.3966],[93.0511,13.3898],[93.047,13.3746],[93.0419,13.382],[93.0129,13.3773],[93.0036,13.3924],[92.9992,13.3959],[93.0037,13.3916],[92.9964,13.3876],[92.9968,13.3838],[92.9999,13.3822],[92.997,13.3824],[92.9944,13.3804],[92.9911,13.3809],[92.9888,13.3773],[92.9891,13.3791],[92.9859,13.38],[92.9796,13.3799],[92.9887,13.3768],[92.9923,13.3803],[92.9949,13.3763],[92.9938,13.3798],[93.0001,13.3819],[93.0032,13.3896],[93.0141,13.3707],[93.0343,13.3744],[93.0314,13.3439],[92.9992,13.3505],[92.9842,13.328],[92.973,13.3593],[92.9454,13.351],[92.9519,13.3269],[92.9612,13.3231],[92.9495,13.3212],[92.9479,13.3187],[92.9484,13.3174],[92.9607,13.3203],[92.9646,13.3283],[92.997,13.3149],[92.9827,13.2992],[92.9829,13.2984],[92.9847,13.2977],[92.9863,13.2953],[92.9904,13.2927],[92.9906,13.2919],[92.9862,13.2915],[92.9843,13.2872],[92.9818,13.2883],[92.9806,13.2815],[92.9784,13.2838],[92.9739,13.2819],[92.9811,13.2812],[92.9925,13.2921],[92.9944,13.2798],[93.0,13.2809],[92.9972,13.2902],[92.9864,13.2992],[92.995,13.2971],[93.0008,13.2987],[93.0025,13.3039],[93.021,13.2968],[93.012,13.2956],[93.0111,13.2768],[93.0254,13.2826],[93.0336,13.2776],[93.0457,13.2827],[93.0397,13.2698],[93.0437,13.2543],[93.0658,13.2738],[93.0318,13.1786],[93.0346,13.0828],[93.0034,13.0282],[92.9664,13.0297],[92.9747,13.0142],[92.9596,13.0142],[92.9332,13.0422],[92.9567,13.0656],[92.9373,13.0654],[92.9456,13.0897],[92.9394,13.0886],[92.9461,13.1235],[92.9445,13.1339],[92.9398,13.1401],[92.9404,13.1407],[92.9421,13.1396],[92.9433,13.1398],[92.9412,13.1455],[92.9393,13.14],[92.9457,13.1237],[92.9336,13.1093],[92.9346,13.0606],[92.9287,13.0725],[92.9226,13.0535],[92.912,13.08],[92.9009,13.0819],[92.8989,13.0955],[92.8871,13.0933],[92.8924,13.1008],[92.8923,13.1033],[92.8772,13.1499],[92.873,13.1491],[92.8888,13.1079],[92.8815,13.1084],[92.8732,13.1035],[92.889,13.1071],[92.8856,13.0923],[92.9121,13.0668],[92.8951,13.0587],[92.8858,13.0454],[92.858,13.0799],[92.8436,13.0509],[92.8603,13.0656],[92.8636,13.0437],[92.8701,13.0548],[92.8726,13.0435],[92.8865,13.0439],[92.8971,13.0581],[92.9146,13.0555],[92.9211,13.0397],[92.9083,13.0194],[92.9022,13.0227],[92.8963,13.0201],[92.8953,13.0181],[92.9105,13.0075],[92.9016,13.0024],[92.9015,13.0064],[92.8977,13.0081],[92.8998,13.0097],[92.8977,13.011],[92.8965,13.0095],[92.8966,13.0111],[92.8943,13.0111],[92.9014,13.002],[92.9128,13.0048],[92.9184,12.9873],[92.933,12.9913],[92.9393,12.9689],[92.9105,12.9453],[92.9061,12.9836],[92.896,12.9952],[92.8862,12.9825],[92.8906,12.9973],[92.883,13.0055],[92.8707,12.9356],[92.8494,12.9456],[92.8542,12.9547],[92.8513,12.961],[92.84,12.9499],[92.8588,12.9179],[92.8448,12.9126],[92.8749,12.9082],[92.8686,12.8905],[92.8728,12.8837],[92.8423,12.8769],[92.8425,12.892],[92.8384,12.8928],[92.8288,12.8868],[92.8098,12.9092],[92.8014,12.8997],[92.7901,12.963],[92.7994,12.9918],[92.8221,12.9772],[92.807,12.999],[92.8229,13.0065],[92.8247,12.9985],[92.842,12.9914],[92.8331,13.0047],[92.8229,13.0075],[92.826,13.0168],[92.8293,13.0152],[92.8353,13.0187],[92.8371,13.0231],[92.835,13.0191],[92.8316,13.0204],[92.8292,13.0161],[92.826,13.0177],[92.8205,13.0122],[92.8128,13.0218],[92.8143,13.0069],[92.7885,13.0181],[92.7992,13.0434],[92.7917,13.0533],[92.7965,13.0677],[92.7963,13.0813],[92.7928,13.092],[92.8008,13.0913],[92.7979,13.0815],[92.8141,13.0723],[92.8056,13.1009],[92.8206,13.0912],[92.8294,13.1089],[92.8085,13.1273],[92.8231,13.1348],[92.847,13.1182],[92.8484,13.1502],[92.8079,13.1538],[92.8142,13.1747],[92.8193,13.1621],[92.8263,13.1749],[92.8372,13.162],[92.8444,13.1609],[92.8472,13.1618],[92.8483,13.1628],[92.8492,13.1611],[92.8483,13.1629],[92.8375,13.1622],[92.8346,13.1753],[92.8159,13.1838],[92.8321,13.2145]]],[[[92.9689,13.3374],[92.964,13.3356],[92.9696,13.3392],[92.9689,13.3374]]],[[[92.905,13.5211],[92.9067,13.5203],[92.905,13.5202],[92.905,13.5211]]],[[[92.9072,13.5382],[92.9063,13.5293],[92.9028,13.5316],[92.9072,13.5382]]],[[[92.9144,13.5442],[92.9153,13.5413],[92.913,13.5422],[92.9144,13.5442]]],[[[92.9049,13.5982],[92.8887,13.5747],[92.8801,13.5775],[92.8854,13.5976],[92.9049,13.5982]]],[[[93.0494,8.4425],[93.0497,8.4424],[93.0495,8.4424],[93.0494,8.4425]]],[[[93.0342,8.4734],[93.0471,8.4403],[93.0245,8.4522],[93.0342,8.4734]]],[[[93.0173,11.846],[93.0624,11.8453],[93.0715,11.8341],[93.0423,11.8099],[93.0137,11.8288],[93.0173,11.846]]],[[[92.9955,11.9459],[92.9946,11.9463],[92.9956,11.9468],[92.9955,11.9459]]],[[[92.9658,12.0448],[92.975,12.0162],[92.973,12.0432],[93.0148,12.0273],[93.0071,12.003],[93.0541,11.9028],[93.0441,11.8837],[93.0254,11.8858],[92.9923,11.9345],[93.0043,11.9479],[93.0094,11.9427],[93.0128,11.9438],[93.0147,11.9418],[93.0147,11.9391],[93.0149,11.938],[93.0154,11.9383],[93.0149,11.9421],[93.0129,11.9441],[93.0089,11.9437],[93.01,11.9466],[93.0047,11.9483],[93.0016,11.9475],[93.0084,11.9551],[93.0085,11.9559],[93.0069,11.9582],[92.9751,11.9455],[92.9584,11.9809],[92.923,11.9984],[92.9658,12.0448]]],[[[92.9891,12.0379],[92.9896,12.0369],[92.9888,12.0373],[92.9891,12.0379]]],[[[92.9776,12.042],[92.9775,12.0419],[92.9774,12.042],[92.9776,12.042]]],[[[92.9772,12.0423],[92.9773,12.0424],[92.9773,12.0423],[92.9772,12.0423]]],[[[92.9768,12.0424],[92.9769,12.0425],[92.9769,12.0424],[92.9768,12.0424]]],[[[92.9762,12.0428],[92.9762,12.0426],[92.9761,12.0427],[92.9762,12.0428]]],[[[92.9757,12.0428],[92.9759,12.0429],[92.9759,12.0428],[92.9757,12.0428]]],[[[92.9743,12.0429],[92.9743,12.0428],[92.9742,12.0429],[92.9743,12.0429]]],[[[92.9752,12.0429],[92.9751,12.0429],[92.9752,12.0429],[92.9752,12.0429]]],[[[92.9773,12.0432],[92.9777,12.0425],[92.9772,12.0428],[92.9773,12.0432]]],[[[92.9749,12.043],[92.9748,12.043],[92.9749,12.0431],[92.9749,12.043]]],[[[92.9785,12.0432],[92.9787,12.0432],[92.9785,12.0431],[92.9785,12.0432]]],[[[92.9786,12.0436],[92.978,12.0434],[92.9784,12.0439],[92.9786,12.0436]]],[[[92.9788,12.0437],[92.9789,12.0436],[92.9789,12.0436],[92.9788,12.0437]]],[[[92.9783,12.044],[92.9783,12.0441],[92.9783,12.044],[92.9783,12.044]]],[[[92.9788,12.044],[92.9786,12.044],[92.9787,12.0443],[92.9788,12.044]]],[[[93.0092,12.0665],[93.0127,12.0667],[93.0119,12.065],[93.0092,12.0665]]],[[[93.0082,12.0701],[93.0096,12.0704],[93.0098,12.0694],[93.0082,12.0701]]],[[[93.008,12.0722],[93.0049,12.069],[93.0045,12.0717],[93.008,12.0722]]],[[[92.9578,12.1083],[92.9692,12.1051],[92.972,12.1043],[92.9896,12.1099],[93.0049,12.1028],[92.9963,12.0443],[92.9749,12.0672],[92.9571,12.07],[92.9718,12.0866],[92.9575,12.0872],[92.9601,12.0972],[92.9578,12.1083]]],[[[93.0337,12.105],[93.0343,12.1026],[93.0332,12.105],[93.0337,12.105]]],[[[93.0196,12.1676],[93.0331,12.102],[93.0538,12.0782],[93.0506,12.0747],[93.0532,12.0538],[93.0434,12.0426],[93.0051,12.0768],[93.0074,12.1037],[93.0059,12.1081],[92.9996,12.1098],[92.9995,12.1102],[93.0016,12.1109],[93.0028,12.112],[93.0038,12.1175],[92.9953,12.1317],[93.0018,12.1255],[93.0024,12.1449],[93.0192,12.1582],[93.0196,12.1676]]],[[[93.0013,12.1087],[92.9991,12.1073],[92.9981,12.1079],[93.0013,12.1087]]],[[[92.9913,12.1098],[92.9921,12.1115],[92.9925,12.1099],[92.9913,12.1098]]],[[[92.9777,12.1093],[92.9758,12.1119],[92.9768,12.1121],[92.9777,12.1093]]],[[[92.9907,12.1584],[92.9899,12.1579],[92.9896,12.1585],[92.9882,12.1561],[92.9892,12.1536],[92.9919,12.1552],[92.992,12.1454],[92.9944,12.1563],[92.9978,12.1459],[92.9932,12.1361],[93.001,12.111],[92.9659,12.1176],[92.9588,12.123],[92.9581,12.1312],[92.9544,12.1356],[92.9562,12.1496],[92.9759,12.1439],[92.9878,12.1467],[92.9884,12.1528],[92.9863,12.1568],[92.9903,12.1602],[92.9907,12.1584]]],[[[93.0057,12.1497],[93.005,12.1479],[93.0042,12.15],[93.0057,12.1497]]],[[[92.9874,12.1509],[92.9881,12.1511],[92.9878,12.1505],[92.9874,12.1509]]],[[[93.0069,12.1507],[93.0073,12.1525],[93.0076,12.1507],[93.0069,12.1507]]],[[[93.0129,12.1545],[93.0139,12.1569],[93.0138,12.1543],[93.0129,12.1545]]],[[[92.9846,12.1543],[92.9852,12.1569],[92.9858,12.1565],[92.9846,12.1543]]],[[[93.0132,12.1583],[93.0122,12.1579],[93.0122,12.1587],[93.0132,12.1583]]],[[[93.0149,12.1642],[93.0158,12.1646],[93.0153,12.1639],[93.0149,12.1642]]],[[[93.0188,12.2247],[93.0206,12.2238],[93.0188,12.2234],[93.0188,12.2247]]],[[[93.0282,12.2759],[93.0205,12.2751],[93.0288,12.2799],[93.0282,12.2759]]],[[[93.0063,12.9951],[92.9814,12.9678],[92.9786,12.928],[92.9681,12.9423],[92.9532,12.9343],[92.9579,12.9493],[92.9726,12.9464],[92.9538,12.958],[92.9578,12.9895],[92.9718,12.9702],[92.9844,12.9944],[93.0063,12.9951]]],[[[92.977,12.9873],[92.978,12.9866],[92.9772,12.9862],[92.977,12.9873]]],[[[92.9867,13.0014],[92.9865,12.9977],[92.9852,12.9986],[92.9867,13.0014]]],[[[93.0495,13.2629],[93.0481,13.2633],[93.0492,13.2637],[93.0495,13.2629]]],[[[93.0322,13.2808],[93.0326,13.2794],[93.0312,13.2804],[93.0322,13.2808]]],[[[93.0165,13.285],[93.0134,13.2848],[93.0138,13.2858],[93.0165,13.285]]],[[[93.0213,13.2947],[93.0212,13.2943],[93.021,13.2944],[93.0213,13.2947]]],[[[93.0492,13.2961],[93.0464,13.2932],[93.0447,13.2942],[93.0492,13.2961]]],[[[93.0219,13.2952],[93.0214,13.2952],[93.0219,13.2953],[93.0219,13.2952]]],[[[92.9833,13.2995],[92.9847,13.2985],[92.9831,13.2985],[92.9833,13.2995]]],[[[93.0073,13.3208],[93.0114,13.3011],[93.0022,13.3043],[92.9946,13.2979],[93.0073,13.3208]]],[[[93.0219,13.3151],[93.0216,13.315],[93.0216,13.3153],[93.0219,13.3151]]],[[[93.0234,13.3261],[93.0198,13.3165],[93.0231,13.3076],[93.0212,13.3016],[93.0144,13.317],[93.0234,13.3261]]],[[[93.0224,13.3159],[93.0221,13.3159],[93.0222,13.316],[93.0224,13.3159]]],[[[93.022,13.3162],[93.0222,13.3166],[93.0222,13.3164],[93.022,13.3162]]],[[[93.0215,13.3184],[93.0213,13.3181],[93.0213,13.3185],[93.0215,13.3184]]],[[[93.0057,13.3226],[92.9993,13.3162],[92.9943,13.3197],[93.0057,13.3226]]],[[[93.0066,13.3351],[93.0083,13.3376],[93.0089,13.3373],[93.0066,13.3351]]],[[[93.014,13.3372],[93.0132,13.3389],[93.0154,13.339],[93.014,13.3372]]],[[[93.0176,13.3455],[93.0201,13.3381],[93.0172,13.3368],[93.0176,13.3455]]],[[[93.0353,13.3428],[93.0374,13.3408],[93.0361,13.3396],[93.0353,13.3428]]],[[[93.0356,13.3617],[93.0357,13.3606],[93.035,13.3615],[93.0356,13.3617]]],[[[93.0367,13.3654],[93.0396,13.3648],[93.0365,13.3633],[93.0367,13.3654]]],[[[93.0473,13.3736],[93.0404,13.3654],[93.0366,13.374],[93.0473,13.3736]]],[[[93.0355,13.3736],[93.036,13.3746],[93.0363,13.3742],[93.0355,13.3736]]],[[[93.0441,13.3761],[93.0449,13.3762],[93.0446,13.3755],[93.0441,13.3761]]],[[[92.9841,13.5298],[92.9852,13.5294],[92.9846,13.5284],[92.9841,13.5298]]],[[[92.9838,13.5298],[92.9784,13.5308],[92.9827,13.5382],[92.9864,13.5361],[92.9856,13.5303],[92.9843,13.5303],[92.9838,13.5298]]],[[[92.9776,13.5363],[92.9788,13.5355],[92.9786,13.5353],[92.9776,13.5363]]],[[[93.0006,13.5686],[93.0,13.5727],[93.0023,13.5711],[93.0006,13.5686]]],[[[93.0142,13.6308],[93.0152,13.6298],[93.0144,13.6293],[93.0142,13.6308]]],[[[93.0135,13.6352],[93.0138,13.6332],[93.0132,13.6329],[93.0135,13.6352]]],[[[93.0101,13.6389],[93.0105,13.6387],[93.0103,13.6385],[93.0101,13.6389]]],[[[93.0342,13.6421],[93.0352,13.643],[93.0351,13.6413],[93.0342,13.6421]]],[[[93.0347,13.6452],[93.0333,13.6455],[93.0347,13.6469],[93.0347,13.6452]]],[[[93.0201,13.674],[93.0286,13.6254],[93.0014,13.6486],[92.9736,13.6439],[92.9797,13.6666],[93.0201,13.674]]],[[[93.0302,13.6634],[93.0298,13.6633],[93.0298,13.6636],[93.0302,13.6634]]],[[[93.0496,8.4432],[93.0496,8.443],[93.0494,8.443],[93.0496,8.4432]]],[[[93.0502,8.4433],[93.0502,8.4439],[93.0504,8.4434],[93.0502,8.4433]]],[[[93.0501,8.4446],[93.0497,8.4448],[93.0499,8.4448],[93.0501,8.4446]]],[[[93.0503,8.4447],[93.0499,8.445],[93.0502,8.4451],[93.0503,8.4447]]],[[[93.0497,8.445],[93.0498,8.4453],[93.0498,8.4451],[93.0497,8.445]]],[[[93.0496,8.4455],[93.0497,8.4457],[93.0497,8.4455],[93.0496,8.4455]]],[[[93.0821,11.7786],[93.08,11.7889],[93.086,11.7882],[93.0821,11.7786]]],[[[93.0724,11.8336],[93.0717,11.8339],[93.0722,11.8343],[93.0724,11.8336]]],[[[93.0714,11.8388],[93.071,11.8385],[93.0709,11.839],[93.0714,11.8388]]],[[[93.0534,12.0729],[93.0523,12.0732],[93.0525,12.0734],[93.0534,12.0729]]],[[[93.054,12.0741],[93.0544,12.0733],[93.0537,12.0736],[93.054,12.0741]]],[[[93.0773,12.0764],[93.0767,12.0767],[93.0772,12.0769],[93.0773,12.0764]]],[[[93.0784,12.0771],[93.0791,12.0766],[93.0784,12.0765],[93.0784,12.0771]]],[[[93.0801,12.0773],[93.0796,12.0767],[93.0795,12.0772],[93.0801,12.0773]]],[[[93.0824,12.0783],[93.0828,12.0789],[93.0829,12.0784],[93.0824,12.0783]]],[[[93.0754,12.0777],[93.048,12.1141],[93.0684,12.1215],[93.0353,12.1321],[93.0691,12.2122],[93.0879,12.1951],[93.0764,12.1799],[93.0919,12.1819],[93.0845,12.1193],[93.0966,12.1389],[93.1016,12.1288],[93.0971,12.0928],[93.0754,12.0777]]],[[[93.1069,12.2592],[93.1006,12.2326],[93.1001,12.2004],[93.0868,12.2149],[93.0913,12.2231],[93.0867,12.2293],[93.097,12.2365],[93.0978,12.2388],[93.0865,12.2296],[93.0884,12.2255],[93.0879,12.2237],[93.0825,12.2246],[93.0838,12.2167],[93.0618,12.2335],[93.0725,12.2623],[93.0855,12.2384],[93.1069,12.2592]]],[[[93.0721,12.3151],[93.0683,12.3195],[93.0733,12.3167],[93.0721,12.3151]]],[[[93.0578,13.2219],[93.0583,13.227],[93.061,13.2199],[93.0578,13.2219]]],[[[93.059,13.2275],[93.061,13.2255],[93.0603,13.2248],[93.059,13.2275]]],[[[93.0677,13.2671],[93.0679,13.2666],[93.0676,13.2666],[93.0677,13.2671]]],[[[93.0684,13.2676],[93.0681,13.2672],[93.0681,13.2675],[93.0684,13.2676]]],[[[93.0682,13.2681],[93.0679,13.2677],[93.0678,13.268],[93.0682,13.2681]]],[[[93.0685,13.2689],[93.0682,13.2688],[93.0683,13.269],[93.0685,13.2689]]],[[[93.071,13.2728],[93.0707,13.2727],[93.0709,13.2729],[93.071,13.2728]]],[[[93.0705,13.2729],[93.0704,13.2732],[93.0705,13.2731],[93.0705,13.2729]]],[[[93.0701,13.2734],[93.0699,13.273],[93.0698,13.2732],[93.0701,13.2734]]],[[[93.0711,13.2731],[93.071,13.2735],[93.0711,13.2736],[93.0711,13.2731]]],[[[93.0705,13.2735],[93.0707,13.2737],[93.0707,13.2735],[93.0705,13.2735]]],[[[93.0717,13.2741],[93.0714,13.2737],[93.0714,13.2739],[93.0717,13.2741]]],[[[93.0701,13.2741],[93.0703,13.2738],[93.0701,13.2737],[93.0701,13.2741]]],[[[93.0712,13.2742],[93.0709,13.2741],[93.071,13.2743],[93.0712,13.2742]]],[[[93.0705,13.275],[93.0707,13.2745],[93.0704,13.2745],[93.0705,13.275]]],[[[93.0803,13.2949],[93.0799,13.2951],[93.0803,13.295],[93.0803,13.2949]]],[[[93.0756,13.2954],[93.0758,13.2958],[93.0759,13.2955],[93.0756,13.2954]]],[[[93.0764,13.296],[93.0761,13.2956],[93.0761,13.2961],[93.0764,13.296]]],[[[93.0776,13.2957],[93.0773,13.2959],[93.0775,13.296],[93.0776,13.2957]]],[[[93.0782,13.2959],[93.0779,13.2957],[93.0779,13.296],[93.0782,13.2959]]],[[[93.077,13.2959],[93.0767,13.2961],[93.0768,13.2962],[93.077,13.2959]]],[[[93.0761,13.2961],[93.0757,13.2959],[93.0757,13.2962],[93.0761,13.2961]]],[[[93.0785,13.296],[93.0785,13.2963],[93.0786,13.296],[93.0785,13.296]]],[[[93.0777,13.2962],[93.0774,13.2964],[93.0776,13.2965],[93.0777,13.2962]]],[[[93.0759,13.2965],[93.0762,13.2963],[93.0761,13.2962],[93.0759,13.2965]]],[[[93.0788,13.2967],[93.0785,13.2966],[93.0786,13.2969],[93.0788,13.2967]]],[[[93.0821,13.2972],[93.0818,13.2974],[93.0819,13.2975],[93.0821,13.2972]]],[[[93.08,13.2978],[93.0797,13.2975],[93.0799,13.2979],[93.08,13.2978]]],[[[93.0806,13.2984],[93.0808,13.2981],[93.0805,13.2981],[93.0806,13.2984]]],[[[93.0814,13.2986],[93.0812,13.2989],[93.0815,13.2989],[93.0814,13.2986]]],[[[93.0821,13.2997],[93.0819,13.3],[93.082,13.3],[93.0821,13.2997]]],[[[93.0825,13.2999],[93.0823,13.3002],[93.0825,13.3002],[93.0825,13.2999]]],[[[93.0829,13.3001],[93.083,13.3003],[93.083,13.3002],[93.0829,13.3001]]],[[[93.0538,13.3831],[93.0881,13.346],[93.0715,13.3227],[93.078,13.2966],[93.0585,13.3289],[93.0384,13.3222],[93.0538,13.3831]]],[[[93.0755,13.3672],[93.0763,13.3625],[93.0721,13.3656],[93.0755,13.3672]]],[[[93.0809,13.3663],[93.0806,13.3663],[93.0809,13.3664],[93.0809,13.3663]]],[[[93.0814,13.3664],[93.0811,13.3666],[93.0813,13.3666],[93.0814,13.3664]]],[[[93.0809,13.3667],[93.0806,13.3669],[93.0808,13.3669],[93.0809,13.3667]]],[[[93.0823,13.3673],[93.082,13.3674],[93.0823,13.3675],[93.0823,13.3673]]],[[[93.0813,13.3668],[93.0812,13.3702],[93.0829,13.3692],[93.0813,13.3668]]],[[[93.0779,13.3768],[93.0776,13.3765],[93.0777,13.3768],[93.0779,13.3768]]],[[[93.0801,13.377],[93.0797,13.3767],[93.0798,13.377],[93.0801,13.377]]],[[[93.0796,13.3762],[93.0781,13.3774],[93.0796,13.3774],[93.0796,13.3762]]],[[[93.0773,13.3773],[93.077,13.3772],[93.0771,13.3774],[93.0773,13.3773]]],[[[93.0778,13.3773],[93.0775,13.3774],[93.0777,13.3775],[93.0778,13.3773]]],[[[93.0664,13.3868],[93.0608,13.3825],[93.0594,13.3856],[93.0664,13.3868]]],[[[93.0833,13.3963],[93.0829,13.3964],[93.0831,13.3966],[93.0833,13.3963]]],[[[93.0817,13.3964],[93.0826,13.3979],[93.0828,13.3961],[93.0817,13.3964]]],[[[93.0955,13.421],[93.0858,13.4161],[93.0957,13.4232],[93.0955,13.421]]],[[[93.0722,13.4323],[93.0713,13.4133],[93.0696,13.4126],[93.0655,13.4226],[93.0722,13.4323]]],[[[93.0869,13.433],[93.0868,13.4311],[93.0865,13.4312],[93.0869,13.433]]],[[[93.0734,13.4334],[93.0736,13.432],[93.0731,13.4325],[93.0734,13.4334]]],[[[93.0757,13.4333],[93.0778,13.4336],[93.0765,13.432],[93.0757,13.4333]]],[[[93.0958,13.4314],[93.1043,13.4357],[93.1044,13.4291],[93.0958,13.4314]]],[[[93.0559,13.5627],[93.0506,13.5651],[93.0568,13.5673],[93.0559,13.5627]]],[[[93.0671,13.6505],[93.0551,13.6427],[93.0444,13.621],[93.0451,13.6474],[93.0671,13.6505]]],[[[93.1063,13.6575],[93.1057,13.658],[93.1062,13.6581],[93.1063,13.6575]]],[[[93.1079,13.6612],[93.1073,13.6607],[93.1073,13.6616],[93.1079,13.6612]]],[[[93.5197,7.5278],[93.534,7.5169],[93.5259,7.5146],[93.5197,7.5278]]],[[[93.4412,7.8773],[93.4422,7.8767],[93.4416,7.8764],[93.4412,7.8773]]],[[[93.3863,7.8913],[93.3878,7.8914],[93.3864,7.8898],[93.3863,7.8913]]],[[[93.39,7.8998],[93.3893,7.8906],[93.3879,7.9001],[93.39,7.8998]]],[[[93.3994,7.9023],[93.3952,7.8986],[93.3951,7.9025],[93.3975,7.9015],[93.3994,7.9023]]],[[[93.3923,7.8993],[93.3904,7.9017],[93.3945,7.9027],[93.3923,7.8993]]],[[[93.3261,7.9298],[93.3231,7.9319],[93.3267,7.9304],[93.3261,7.9298]]],[[[93.3381,7.9371],[93.3387,7.9427],[93.34,7.9415],[93.3381,7.9371]]],[[[93.3777,8.0199],[93.4014,8.0088],[93.4036,7.9616],[93.4207,7.9686],[93.4519,7.9393],[93.4662,7.8911],[93.4545,7.8724],[93.412,7.9069],[93.3881,7.9016],[93.368,7.8777],[93.335,7.9001],[93.3268,7.9235],[93.3357,7.9247],[93.3411,7.9302],[93.3418,7.9469],[93.3319,7.9495],[93.3379,7.9352],[93.3236,7.9359],[93.3211,7.9293],[93.3245,7.9252],[93.322,7.9229],[93.3079,7.9339],[93.3006,7.9615],[93.3207,8.0083],[93.3777,8.0199]]],[[[93.5416,8.0284],[93.5733,7.9942],[93.5694,7.9283],[93.4947,7.9932],[93.5159,8.0007],[93.5221,8.0262],[93.5436,7.9915],[93.5416,8.0284]]],[[[93.4775,8.0093],[93.4766,8.0092],[93.4769,8.0099],[93.4775,8.0093]]],[[[93.4781,8.0112],[93.479,8.0093],[93.4774,8.0098],[93.4781,8.0112]]],[[[93.4756,8.0144],[93.4752,8.0132],[93.4748,8.0143],[93.4756,8.0144]]],[[[93.4743,8.0156],[93.475,8.0149],[93.4746,8.0148],[93.4743,8.0156]]],[[[93.4756,8.017],[93.4748,8.017],[93.4756,8.0172],[93.4756,8.017]]],[[[93.4736,8.0359],[93.4743,8.0348],[93.4736,8.0349],[93.4736,8.0359]]],[[[93.4938,8.0468],[93.4936,8.0487],[93.4953,8.0483],[93.4938,8.0468]]],[[[93.5136,8.0645],[93.5141,8.0646],[93.5139,8.0643],[93.5136,8.0645]]],[[[93.5145,8.0691],[93.5149,8.0693],[93.5149,8.0689],[93.5145,8.0691]]],[[[93.5135,8.0756],[93.5139,8.0748],[93.5132,8.0749],[93.5135,8.0756]]],[[[93.571,8.1274],[93.5915,8.0499],[93.5848,8.0381],[93.5626,8.0675],[93.5782,8.0742],[93.5608,8.093],[93.5677,8.1196],[93.5609,8.1081],[93.5529,8.1204],[93.571,8.1274]]],[[[93.4834,8.2228],[93.5346,8.229],[93.5355,8.1986],[93.5253,8.1781],[93.5041,8.176],[93.4928,8.1462],[93.5378,8.09],[93.5408,8.0361],[93.5213,8.0506],[93.5144,8.0335],[93.4985,8.0359],[93.4911,7.9985],[93.4759,8.0461],[93.4991,8.038],[93.4938,8.0573],[93.5018,8.069],[93.5038,8.05],[93.5157,8.0533],[93.5212,8.0804],[93.5046,8.0857],[93.4757,8.0529],[93.4697,8.0886],[93.484,8.0878],[93.4871,8.091],[93.4879,8.0951],[93.4603,8.0998],[93.4375,8.1704],[93.4868,8.1985],[93.4834,8.2228]]],[[[93.194,8.1866],[93.1938,8.1863],[93.1937,8.1866],[93.194,8.1866]]],[[[93.1973,8.1906],[93.1972,8.1902],[93.1971,8.1904],[93.1973,8.1906]]],[[[93.1884,8.1904],[93.1878,8.1905],[93.1879,8.1907],[93.1884,8.1904]]],[[[93.1865,8.194],[93.1861,8.1937],[93.1862,8.1941],[93.1865,8.194]]],[[[93.1753,8.1942],[93.1752,8.1937],[93.1749,8.1941],[93.1753,8.1942]]],[[[93.188,8.1955],[93.188,8.195],[93.1878,8.1954],[93.188,8.1955]]],[[[93.2113,8.1968],[93.2111,8.197],[93.2115,8.1971],[93.2113,8.1968]]],[[[93.1265,8.2163],[93.127,8.216],[93.1265,8.216],[93.1265,8.2163]]],[[[93.1175,8.2192],[93.1173,8.2188],[93.1172,8.2189],[93.1175,8.2192]]],[[[93.1173,8.2204],[93.1172,8.22],[93.117,8.2203],[93.1173,8.2204]]],[[[93.2338,8.224],[93.2344,8.224],[93.2344,8.2239],[93.2338,8.224]]],[[[93.2267,8.2243],[93.2266,8.2249],[93.2273,8.2245],[93.2267,8.2243]]],[[[93.2424,8.233],[93.2421,8.2328],[93.2423,8.2331],[93.2424,8.233]]],[[[93.242,8.2339],[93.2418,8.2338],[93.2418,8.2339],[93.242,8.2339]]],[[[93.2421,8.2342],[93.242,8.2341],[93.242,8.2343],[93.2421,8.2342]]],[[[93.232,8.2583],[93.2412,8.2294],[93.2295,8.2218],[93.2097,8.2514],[93.232,8.2583]]],[[[93.2267,8.2668],[93.2264,8.2668],[93.2266,8.267],[93.2267,8.2668]]],[[[93.0849,8.3408],[93.1333,8.3457],[93.1178,8.2773],[93.1928,8.2186],[93.1909,8.1961],[93.1116,8.2236],[93.0758,8.2735],[93.0849,8.3408]]],[[[93.6062,8.4325],[93.6065,8.4323],[93.6062,8.4324],[93.6062,8.4325]]],[[[93.6065,8.4359],[93.6071,8.4363],[93.6075,8.4361],[93.6065,8.4359]]],[[[93.6072,8.4568],[93.6063,8.4578],[93.6079,8.4573],[93.6072,8.4568]]],[[[93.6028,8.4862],[93.6033,8.4873],[93.604,8.487],[93.6028,8.4862]]],[[[93.6059,8.4987],[93.6058,8.4983],[93.6056,8.4983],[93.6059,8.4987]]],[[[93.6023,8.5387],[93.6029,8.539],[93.6025,8.5386],[93.6023,8.5387]]],[[[93.6004,8.5497],[93.6006,8.5499],[93.6006,8.5497],[93.6004,8.5497]]],[[[93.5999,8.558],[93.5998,8.558],[93.5998,8.5581],[93.5999,8.558]]],[[[93.5998,8.5585],[93.5998,8.5582],[93.5997,8.5584],[93.5998,8.5585]]],[[[93.6001,8.5586],[93.5999,8.5586],[93.5999,8.5586],[93.6001,8.5586]]],[[[93.5994,8.5586],[93.5996,8.5586],[93.5995,8.5584],[93.5994,8.5586]]],[[[93.6008,8.5617],[93.6008,8.5615],[93.6006,8.5615],[93.6008,8.5617]]],[[[93.6005,8.5617],[93.6006,8.5619],[93.6006,8.5616],[93.6005,8.5617]]],[[[93.6014,8.5635],[93.6011,8.5631],[93.601,8.5633],[93.6014,8.5635]]],[[[93.6009,8.5638],[93.6004,8.5633],[93.6004,8.5639],[93.6009,8.5638]]],[[[93.603,8.5633],[93.6031,8.5637],[93.6032,8.5634],[93.603,8.5633]]],[[[93.603,8.5649],[93.6029,8.5647],[93.6028,8.5648],[93.603,8.5649]]],[[[93.6032,8.5658],[93.6032,8.5655],[93.6031,8.5658],[93.6032,8.5658]]],[[[93.6034,8.567],[93.6034,8.5667],[93.6032,8.5669],[93.6034,8.567]]],[[[93.603,8.5673],[93.6029,8.5671],[93.6028,8.5673],[93.603,8.5673]]],[[[93.6069,8.5734],[93.6072,8.5733],[93.6071,8.5732],[93.6069,8.5734]]],[[[93.6064,8.5739],[93.6066,8.5738],[93.6065,8.5737],[93.6064,8.5739]]],[[[93.6023,8.5739],[93.6026,8.574],[93.6023,8.5739],[93.6023,8.5739]]],[[[93.6019,8.5744],[93.6019,8.5741],[93.6018,8.5743],[93.6019,8.5744]]],[[[93.6057,8.5745],[93.6058,8.5743],[93.6056,8.5743],[93.6057,8.5745]]],[[[93.6028,8.5746],[93.6031,8.5747],[93.6029,8.5745],[93.6028,8.5746]]],[[[93.6054,8.5746],[93.6056,8.5748],[93.6055,8.5746],[93.6054,8.5746]]],[[[93.6051,8.5752],[93.6051,8.575],[93.6051,8.5751],[93.6051,8.5752]]],[[[93.6029,8.5752],[93.6029,8.575],[93.6028,8.5752],[93.6029,8.5752]]],[[[93.6029,8.5755],[93.6028,8.5754],[93.6028,8.5756],[93.6029,8.5755]]],[[[93.6028,8.5763],[93.6027,8.5763],[93.6027,8.5765],[93.6028,8.5763]]],[[[93.6026,8.5767],[93.6025,8.5765],[93.6025,8.5767],[93.6026,8.5767]]],[[[93.5985,8.5813],[93.5962,8.5825],[93.5983,8.5832],[93.5985,8.5813]]],[[[93.1235,12.1478],[93.1177,12.1299],[93.1115,12.1298],[93.1086,12.1449],[93.1235,12.1478]]],[[[93.1083,13.6558],[93.108,13.6565],[93.1085,13.6563],[93.1083,13.6558]]],[[[93.1108,13.6574],[93.1104,13.6578],[93.1105,13.658],[93.1108,13.6574]]],[[[93.9493,6.9354],[93.9507,6.9346],[93.9502,6.9341],[93.9493,6.9354]]],[[[93.8374,7.2447],[93.8388,7.2164],[93.8699,7.2047],[93.881,7.0897],[93.9018,7.0815],[93.9124,7.0251],[93.9446,7.0014],[93.9334,6.9889],[93.9234,7.0095],[93.9099,6.9993],[93.9414,6.9543],[93.9154,6.9473],[93.9097,6.9106],[93.8915,6.9012],[93.8977,6.8135],[93.876,6.7932],[93.8624,6.8135],[93.847,6.8113],[93.8549,6.82],[93.8552,6.8262],[93.8551,6.8278],[93.8505,6.8333],[93.8472,6.835],[93.842,6.7785],[93.8225,6.7528],[93.7992,6.7662],[93.8099,6.812],[93.7955,6.8095],[93.7778,6.8322],[93.7856,6.8469],[93.7626,6.8629],[93.7769,6.8805],[93.7317,6.9219],[93.741,6.9563],[93.7263,6.9588],[93.7156,6.9895],[93.7198,6.9908],[93.7221,6.9867],[93.7251,6.9822],[93.7312,6.9754],[93.7328,6.9747],[93.7338,6.975],[93.7369,6.9769],[93.7357,6.9899],[93.7384,6.989],[93.739,6.9898],[93.7382,6.9942],[93.7331,6.9955],[93.7373,6.9979],[93.7376,7.0],[93.7329,6.9958],[93.7331,6.975],[93.7175,6.995],[93.696,6.992],[93.6931,7.0096],[93.6987,7.0097],[93.7013,7.0104],[93.7032,7.0118],[93.7015,7.0154],[93.6982,7.0185],[93.7007,7.0231],[93.7007,7.0244],[93.7001,7.0254],[93.6978,7.0249],[93.6953,7.0229],[93.7018,7.011],[93.655,7.0055],[93.667,7.0226],[93.6444,7.1007],[93.6543,7.1091],[93.662,7.1094],[93.6618,7.1106],[93.6657,7.1108],[93.6673,7.1126],[93.6484,7.1107],[93.6432,7.1273],[93.665,7.142],[93.6608,7.1774],[93.6763,7.193],[93.7222,7.189],[93.7493,7.2159],[93.7921,7.2083],[93.7962,7.2354],[93.8374,7.2447]]],[[[93.6984,7.2318],[93.7102,7.214],[93.7075,7.2068],[93.6984,7.2318]]],[[[93.7995,7.2455],[93.7875,7.2432],[93.7978,7.2488],[93.7995,7.2455]]],[[[93.835,7.2873],[93.8374,7.2916],[93.8381,7.2909],[93.835,7.2873]]],[[[93.6214,7.3306],[93.6179,7.3261],[93.617,7.3308],[93.6214,7.3306]]],[[[93.6921,7.4453],[93.7103,7.4039],[93.7438,7.3614],[93.7136,7.3114],[93.6749,7.2919],[93.6358,7.2428],[93.6071,7.3105],[93.6233,7.3228],[93.6194,7.3743],[93.6549,7.3852],[93.6563,7.366],[93.6703,7.3912],[93.7014,7.3938],[93.6921,7.4453]]],[[[93.7543,7.4058],[93.7572,7.3963],[93.7502,7.3985],[93.7543,7.4058]]],[[[93.6795,7.3989],[93.67,7.4052],[93.6749,7.4124],[93.6804,7.4116],[93.6795,7.3989]]],[[[93.6305,7.4723],[93.6313,7.472],[93.6313,7.4716],[93.6305,7.4723]]],[[[93.6347,7.4787],[93.6409,7.471],[93.6323,7.4726],[93.6347,7.4787]]],[[[93.6218,7.4779],[93.6229,7.4821],[93.6227,7.4776],[93.6218,7.4779]]],[[[93.6346,8.3955],[93.6458,8.3906],[93.6338,8.3946],[93.6346,8.3955]]],[[[93.6257,8.3945],[93.6259,8.3942],[93.6255,8.3941],[93.6257,8.3945]]],[[[93.6327,8.3941],[93.6317,8.3952],[93.6331,8.3943],[93.6327,8.3941]]],[[[93.6273,8.395],[93.6273,8.3947],[93.6272,8.3948],[93.6273,8.395]]],[[[93.6273,8.3953],[93.6271,8.3951],[93.6271,8.3954],[93.6273,8.3953]]],[[[93.626,8.3959],[93.6262,8.3956],[93.626,8.3955],[93.626,8.3959]]],[[[93.6255,8.3972],[93.6246,8.3968],[93.6247,8.3979],[93.6255,8.3972]]],[[[93.6237,8.3977],[93.6244,8.3977],[93.6244,8.397],[93.6237,8.3977]]],[[[93.6231,8.3981],[93.6233,8.398],[93.6232,8.3979],[93.6231,8.3981]]],[[[93.623,8.3986],[93.6232,8.3984],[93.623,8.3984],[93.623,8.3986]]],[[[93.6233,8.3986],[93.6236,8.3985],[93.6234,8.3984],[93.6233,8.3986]]],[[[93.6231,8.399],[93.6233,8.3988],[93.6232,8.3989],[93.6231,8.399]]],[[[93.6232,8.3994],[93.6234,8.3992],[93.6232,8.3992],[93.6232,8.3994]]],[[[93.6229,8.4004],[93.6231,8.4002],[93.623,8.4002],[93.6229,8.4004]]],[[[93.6226,8.4005],[93.6226,8.4003],[93.6224,8.4004],[93.6226,8.4005]]],[[[93.6226,8.4008],[93.6229,8.4008],[93.6228,8.4006],[93.6226,8.4008]]],[[[93.6221,8.4011],[93.6223,8.401],[93.6222,8.4009],[93.6221,8.4011]]],[[[93.6224,8.402],[93.6226,8.4019],[93.6224,8.4018],[93.6224,8.402]]],[[[93.6136,8.4179],[93.6143,8.4185],[93.6139,8.4178],[93.6136,8.4179]]],[[[93.6131,8.42],[93.613,8.4195],[93.6129,8.42],[93.6131,8.42]]],[[[93.6126,8.421],[93.6128,8.4202],[93.6124,8.421],[93.6126,8.421]]],[[[93.6135,8.4209],[93.6138,8.4208],[93.6136,8.4207],[93.6135,8.4209]]],[[[93.6127,8.423],[93.6125,8.4227],[93.6125,8.423],[93.6127,8.423]]],[[[93.6109,8.4597],[93.6108,8.4592],[93.6104,8.4593],[93.6109,8.4597]]],[[[93.625,8.4709],[93.6259,8.4707],[93.6258,8.4703],[93.625,8.4709]]],[[[93.629,8.4877],[93.629,8.487],[93.6287,8.4876],[93.629,8.4877]]],[[[93.6284,8.4879],[93.6285,8.4882],[93.6287,8.4879],[93.6284,8.4879]]],[[[93.6002,8.545],[93.61,8.5656],[93.6083,8.5533],[93.6117,8.5325],[93.6149,8.529],[93.6255,8.5237],[93.6215,8.5076],[93.6323,8.4677],[93.6292,8.4666],[93.627,8.471],[93.6239,8.4715],[93.6172,8.4681],[93.6126,8.4232],[93.6069,8.4446],[93.6135,8.4626],[93.6094,8.4815],[93.6192,8.4866],[93.612,8.5259],[93.6002,8.545]]],[[[93.6139,8.5017],[93.6145,8.502],[93.6145,8.5016],[93.6139,8.5017]]],[[[93.6142,8.5027],[93.6148,8.5026],[93.6142,8.5025],[93.6142,8.5027]]],[[[93.6244,8.5031],[93.6245,8.503],[93.6243,8.503],[93.6244,8.5031]]],[[[93.624,8.5032],[93.6242,8.5033],[93.6242,8.5031],[93.624,8.5032]]],[[[93.6145,8.5046],[93.6144,8.5045],[93.6145,8.5046],[93.6145,8.5046]]],[[[93.6147,8.5048],[93.615,8.5049],[93.615,8.5046],[93.6147,8.5048]]],[[[93.6229,8.5048],[93.623,8.5051],[93.6231,8.5048],[93.6229,8.5048]]],[[[93.6142,8.505],[93.6145,8.505],[93.6144,8.5048],[93.6142,8.505]]],[[[93.6146,8.5056],[93.6143,8.5054],[93.6145,8.5057],[93.6146,8.5056]]],[[[93.614,8.5055],[93.6141,8.5057],[93.6141,8.5055],[93.614,8.5055]]],[[[93.6219,8.5079],[93.6221,8.5077],[93.6218,8.5078],[93.6219,8.5079]]],[[[93.6081,8.5224],[93.608,8.5229],[93.6084,8.5225],[93.6081,8.5224]]],[[[93.6099,8.5233],[93.6098,8.523],[93.6098,8.5233],[93.6099,8.5233]]],[[[93.6106,8.5268],[93.6109,8.5264],[93.6109,8.5263],[93.6106,8.5268]]],[[[93.6194,8.5275],[93.6197,8.5276],[93.6195,8.5273],[93.6194,8.5275]]],[[[93.6092,8.528],[93.6089,8.5279],[93.6087,8.528],[93.6092,8.528]]],[[[93.6152,8.5293],[93.6154,8.5295],[93.6155,8.5293],[93.6152,8.5293]]],[[[93.6136,8.5307],[93.6139,8.5306],[93.6136,8.5304],[93.6136,8.5307]]],[[[93.6129,8.5329],[93.6131,8.5327],[93.6129,8.5327],[93.6129,8.5329]]],[[[93.612,8.5372],[93.6122,8.5368],[93.6121,8.5367],[93.612,8.5372]]],[[[93.6125,8.5383],[93.6125,8.5387],[93.6126,8.5383],[93.6125,8.5383]]],[[[93.61,8.55],[93.6104,8.5495],[93.61,8.5494],[93.61,8.55]]],[[[93.6092,8.551],[93.6095,8.5508],[93.6093,8.5505],[93.6092,8.551]]],[[[93.6112,8.5582],[93.6109,8.5582],[93.6112,8.5584],[93.6112,8.5582]]],[[[93.6102,8.5586],[93.6105,8.5585],[93.6103,8.5583],[93.6102,8.5586]]],[[[93.6108,8.5587],[93.6111,8.5585],[93.6109,8.5584],[93.6108,8.5587]]],[[[93.6106,8.5607],[93.6108,8.5609],[93.6108,8.5607],[93.6106,8.5607]]],[[[93.6102,8.5641],[93.6105,8.5639],[93.6105,8.5637],[93.6102,8.5641]]],[[[93.611,8.5662],[93.6111,8.566],[93.611,8.566],[93.611,8.5662]]],[[[93.6071,8.5701],[93.6073,8.57],[93.6073,8.5699],[93.6071,8.5701]]],[[[93.6074,8.5704],[93.6077,8.5704],[93.6076,8.5703],[93.6074,8.5704]]],[[[93.6075,8.5709],[93.6076,8.5707],[93.6075,8.5708],[93.6075,8.5709]]],[[[93.8574,12.3008],[93.8662,12.274],[93.8368,12.2736],[93.8403,12.2954],[93.8574,12.3008]]],[[[94.2673,13.4633],[94.2628,13.4403],[94.2453,13.4329],[94.2476,13.4598],[94.2673,13.4633]]]]}},{"type":"Feature","properties":{"name":"Balochistan","country":"Pakistan"},"geometry":{"type":"Polygon","coordinates":[[[66.6899,24.9142],[66.7234,25.0532],[66.7506,25.0696],[66.7627,25.1011],[66.7581,25.1846],[66.6115,25.2708],[66.6024,25.417],[66.424,25.5153],[66.3454,25.5316],[66.1836,25.5002],[66.1609,25.4525],[66.167,25.4224],[66.1987,25.4183],[66.2924,25.4593],[66.3559,25.462],[66.5026,25.3965],[66.5071,25.3596],[66.4724,25.3555],[66.4285,25.391],[66.2713,25.4142],[66.049,25.3815],[65.9976,25.3541],[65.8736,25.3569],[65.6816,25.2981],[65.5697,25.309],[65.5592,25.3418],[65.3641,25.3473],[65.2628,25.3227],[65.2401,25.2831],[65.0889,25.279],[65.0194,25.3118],[64.9695,25.3172],[64.8047,25.309],[64.7518,25.3022],[64.7064,25.2571],[64.6913,25.2079],[64.7336,25.1778],[64.7261,25.1531],[64.6974,25.1381],[64.6278,25.1518],[64.6444,25.2051],[64.6097,25.253],[64.4645,25.2147],[64.3829,25.2379],[64.268,25.3077],[64.1621,25.3364],[63.9127,25.3172],[63.8189,25.3692],[63.6738,25.3705],[63.6012,25.3459],[63.5649,25.3036],[63.5226,25.2858],[63.5014,25.2024],[63.4349,25.1983],[63.3895,25.2215],[63.2535,25.2256],[63.1733,25.2626],[63.1476,25.2626],[63.0811,25.2174],[63.0055,25.2065],[62.9465,25.2489],[62.9102,25.2489],[62.8694,25.2243],[62.7606,25.2256],[62.6139,25.2762],[62.5066,25.279],[62.372,25.227],[62.3418,25.1586],[62.372,25.1175],[62.3599,25.0956],[62.3024,25.0874],[62.2722,25.1011],[62.2873,25.1477],[62.2692,25.1914],[62.1497,25.2585],[62.1225,25.2557],[62.0545,25.2024],[62.0515,25.1394],[61.8579,25.1285],[61.8141,25.0545],[61.7551,25.0395],[61.6886,25.0504],[61.6856,25.0806],[61.737,25.123],[61.7506,25.175],[61.6946,25.2284],[61.5888,25.2421],[61.5888,25.3008],[61.607,25.3159],[61.6398,25.751],[61.7863,25.7765],[61.7863,25.8403],[61.7532,25.8446],[61.7391,25.8935],[61.7627,25.9275],[61.791,26.2055],[61.817,26.2521],[61.8903,26.3029],[62.0509,26.3559],[62.1194,26.3305],[62.143,26.2796],[62.1997,26.2775],[62.2233,26.3537],[62.247,26.3601],[62.2564,26.3834],[62.2564,26.4617],[62.28,26.5039],[62.3249,26.5483],[62.4478,26.6054],[62.684,26.618],[62.8612,26.6814],[63.1801,26.6624],[63.2037,26.7763],[63.2203,26.7953],[63.2226,26.9028],[63.251,26.9112],[63.2628,27.1154],[63.2841,27.1427],[63.3408,27.1701],[63.3124,27.2457],[63.2179,27.2982],[62.9888,27.2436],[62.899,27.2457],[62.8045,27.2877],[62.8021,27.3905],[62.8588,27.487],[62.8612,27.6022],[62.8399,27.8239],[62.8092,27.8573],[62.7809,27.9804],[62.7856,28.0597],[62.814,28.118],[62.8116,28.2659],[62.7502,28.2763],[62.6344,28.2555],[62.5872,28.2846],[62.4478,28.4322],[62.4005,28.4509],[62.2186,28.4696],[61.9847,28.5381],[61.9233,28.5651],[61.7887,28.6708],[61.6304,28.8303],[61.4934,29.1093],[61.3682,29.2022],[61.3374,29.2723],[61.328,29.365],[61.3067,29.4164],[61.0327,29.6897],[60.9358,29.7636],[60.8769,29.8607],[61.1225,29.8087],[62.3155,29.4946],[62.5068,29.4246],[63.3526,29.509],[63.6408,29.5213],[63.9361,29.4884],[64.1156,29.437],[64.255,29.5151],[64.4346,29.5809],[64.7771,29.6138],[65.0795,29.5645],[65.1338,29.5727],[66.23,29.8517],[66.3056,29.8804],[66.3765,29.948],[66.3788,29.9807],[66.2607,30.081],[66.2772,30.1463],[66.3599,30.275],[66.3646,30.4666],[66.3127,30.5439],[66.3103,30.5785],[66.3646,30.7187],[66.4048,30.8851],[66.4544,30.9581],[66.6056,30.9945],[66.7308,31.1119],[66.7332,31.1746],[66.7521,31.1988],[66.8891,31.2877],[66.9907,31.3341],[67.0734,31.3382],[67.071,31.2675],[67.1442,31.2413],[67.4773,31.2352],[67.6096,31.2655],[67.7939,31.3382],[67.8128,31.3563],[67.7963,31.4148],[67.6214,31.4229],[67.6002,31.439],[67.6025,31.4793],[67.5766,31.5337],[67.6333,31.5498],[67.7679,31.5438],[67.8789,31.6444],[68.0254,31.6564],[68.127,31.7449],[68.1412,31.8051],[68.1813,31.8413],[68.205,31.8413],[68.2735,31.785],[68.3349,31.767],[68.4483,31.767],[68.5121,31.8252],[68.5428,31.8392],[68.5877,31.8312],[68.6373,31.7971],[68.8026,31.6182],[68.8948,31.6142],[69.0247,31.6645],[69.2728,31.9155],[69.3056,31.9274],[69.3405,31.9132],[69.3813,31.8593],[69.5779,31.8632],[69.6731,31.9222],[69.6822,31.9748],[69.6988,31.9864],[69.7729,31.9902],[69.8122,32.0094],[69.8455,31.9992],[69.8697,31.9838],[69.844,31.9158],[69.8999,31.9042],[69.9075,31.8144],[69.9846,31.7938],[69.9831,31.7642],[69.9453,31.7089],[69.9483,31.6369],[69.977,31.5983],[69.974,31.5119],[69.9468,31.4849],[69.9498,31.4629],[69.977,31.4384],[70.0284,31.4294],[70.033,31.3494],[70.0542,31.3158],[70.0814,31.3313],[70.1071,31.383],[70.2144,31.4281],[70.2522,31.4113],[70.2492,31.0532],[70.2447,31.0027],[70.225,30.9846],[70.219,30.8393],[70.1872,30.8068],[70.1691,30.7562],[70.0451,30.6808],[70.0678,30.6392],[70.0662,30.5637],[69.9997,30.4595],[69.9906,30.4099],[69.9634,30.3825],[69.9593,30.3368],[69.9358,30.3106],[69.9445,30.286],[70.007,30.2609],[70.0299,30.2277],[70.0269,30.2076],[69.9589,30.137],[69.9498,30.0258],[69.906,30.0088],[69.8742,29.8896],[69.8198,29.8306],[69.7412,29.6954],[69.6353,29.656],[69.5945,29.5995],[69.59,29.4864],[69.5688,29.4218],[69.5734,29.406],[69.6187,29.3981],[69.6414,29.3744],[69.6474,29.3072],[69.6656,29.2769],[69.7623,29.2505],[69.7639,29.2254],[69.7336,29.1832],[69.7261,29.1159],[69.7004,29.0683],[69.6278,29.0115],[69.5885,28.944],[69.5023,28.8646],[69.4917,28.8222],[69.5537,28.7599],[69.5552,28.7334],[69.4902,28.6883],[69.4327,28.5623],[69.3405,28.5237],[69.404,28.4121],[69.3662,28.4001],[69.0805,28.4001],[68.5286,28.3682],[68.4712,28.323],[68.4318,28.2244],[68.4061,28.2071],[68.2912,28.1871],[68.0327,28.003],[67.9843,27.943],[67.8634,27.9069],[67.8392,27.8615],[67.691,27.8641],[67.6063,27.8267],[67.4642,27.8334],[67.4521,27.7505],[67.4294,27.7451],[67.4279,27.6795],[67.3795,27.6353],[67.31,27.5107],[67.2389,27.4315],[67.2344,27.2905],[67.2011,27.2354],[67.2011,27.1332],[67.2314,27.074],[67.2314,26.9743],[67.2026,26.9069],[67.2026,26.7099],[67.1754,26.6208],[67.2374,26.3907],[67.3493,26.2281],[67.3992,26.0992],[67.4597,26.0258],[67.4566,25.7211],[67.3478,25.5903],[67.3311,25.5357],[67.2903,25.5221],[67.2193,25.4484],[67.186,25.3842],[67.1497,25.2407],[67.1225,25.1996],[67.0257,25.1244],[67.0046,25.0285],[66.9864,25.008],[66.8685,24.9874],[66.8488,24.9559],[66.7203,24.9106],[66.6899,24.9142]]]}},{"type":"Feature","properties":{"name":"Sindh","country":"Pakistan"},"geometry":{"type":"Polygon","coordinates":[[[68.1945,23.8489],[68.1174,23.8254],[68.0796,23.8296],[68.0584,23.8489],[68.0402,23.7382],[68.0176,23.7313],[67.9027,23.8033],[67.886,23.8641],[67.8664,23.8669],[67.824,23.7687],[67.7016,23.8019],[67.6305,23.8019],[67.567,23.8309],[67.4627,23.907],[67.3463,24.0727],[67.2676,24.3898],[67.1648,24.5316],[67.1663,24.6471],[67.183,24.6938],[67.1724,24.7171],[67.1452,24.7199],[67.0514,24.8009],[66.9577,24.7817],[66.8821,24.8215],[66.7022,24.8352],[66.6765,24.853],[66.6899,24.9142],[66.7203,24.9106],[66.8488,24.9559],[66.8685,24.9874],[66.9864,25.008],[67.0046,25.0285],[67.0257,25.1244],[67.1225,25.1996],[67.1497,25.2407],[67.186,25.3842],[67.2193,25.4484],[67.2903,25.5221],[67.3311,25.5357],[67.3478,25.5903],[67.4566,25.7211],[67.4597,26.0258],[67.3992,26.0992],[67.3493,26.2281],[67.2374,26.3907],[67.1754,26.5951],[67.2026,26.7099],[67.2026,26.9069],[67.2314,26.9743],[67.2314,27.074],[67.2011,27.1332],[67.2011,27.2354],[67.2344,27.2905],[67.2389,27.4315],[67.31,27.5107],[67.3795,27.6353],[67.4279,27.6795],[67.4294,27.7451],[67.4521,27.7505],[67.4642,27.8334],[67.6063,27.8267],[67.691,27.8641],[67.8392,27.8615],[67.8634,27.9069],[67.9843,27.943],[68.0327,28.003],[68.2912,28.1871],[68.4061,28.2071],[68.4318,28.2244],[68.4712,28.323],[68.5286,28.3682],[69.0805,28.4001],[69.3662,28.4001],[69.4191,28.4201],[69.4721,28.4666],[69.5567,28.4706],[69.6278,28.4227],[69.7155,28.4201],[69.7896,28.3828],[69.8077,28.2764],[69.8349,28.2457],[69.8425,28.1031],[69.8591,28.0684],[69.9453,28.0057],[69.9589,27.9483],[70.0345,27.8868],[70.0859,27.8748],[70.1114,27.8335],[70.0436,27.7451],[70.0027,27.63],[69.9604,27.5697],[69.7986,27.3872],[69.7397,27.3564],[69.593,27.2301],[69.5219,27.148],[69.466,26.9986],[69.4569,26.7599],[69.4857,26.7342],[69.655,26.664],[69.7699,26.5802],[69.9196,26.5734],[70.0405,26.5958],[70.1282,26.5464],[70.1449,26.3284],[70.1192,26.2742],[70.1177,26.1847],[70.0375,26.0476],[70.0617,25.9293],[70.0889,25.8831],[70.2295,25.7552],[70.2477,25.7007],[70.3869,25.6718],[70.5305,25.6815],[70.595,25.7088],[70.6362,25.6843],[70.6499,25.3801],[70.7043,25.3323],[70.7421,25.2544],[70.8857,25.1189],[70.8933,25.0203],[70.919,24.9394],[71.0229,24.7778],[71.0664,24.6653],[71.0081,24.6369],[70.9844,24.5961],[70.9966,24.4439],[71.1004,24.4201],[71.1071,24.3985],[71.0808,24.3946],[71.0407,24.3554],[71.0151,24.3505],[70.9864,24.3667],[70.9466,24.3497],[70.8727,24.2954],[70.8982,24.2577],[70.8053,24.2229],[70.7141,24.2177],[70.5732,24.2532],[70.5868,24.2778],[70.5824,24.3626],[70.6045,24.4083],[70.5608,24.4229],[70.3677,24.3527],[70.3252,24.3538],[70.1091,24.2968],[70.0653,24.2006],[70.0247,24.1733],[69.732,24.1731],[69.5946,24.2944],[69.4939,24.2698],[69.3124,24.2836],[69.1938,24.2381],[69.0945,24.2765],[69.0054,24.2251],[68.9864,24.2291],[68.9452,24.3045],[68.9053,24.2812],[68.8652,24.2148],[68.8259,24.3193],[68.7627,24.2963],[68.7515,23.9734],[68.3897,23.9686],[68.3684,23.9867],[68.3374,23.968],[68.3316,23.9266],[68.2748,23.9305],[68.2509,23.8984],[68.2072,23.8769],[68.1945,23.8489]]]}},{"type":"Feature","properties":{"name":"Khyber Pakhtunkhwa","country":"Pakistan"},"geometry":{"type":"Polygon","coordinates":[[[73.3969,34.4205],[73.3969,34.2908],[73.4384,34.2454],[73.4758,34.1521],[73.4731,34.0622],[73.3553,34.0115],[73.2603,33.8867],[73.2001,33.8738],[73.1605,33.8181],[72.9661,33.7738],[72.8853,33.7323],[72.8354,33.768],[72.8307,33.8405],[72.8043,33.8917],[72.7624,33.9027],[72.7393,33.9411],[72.7019,33.9201],[72.6909,33.8927],[72.6237,33.8835],[72.616,33.942],[72.5632,33.9612],[72.54,34.0041],[72.4388,33.9959],[72.3705,33.9374],[72.3287,33.931],[72.2406,33.8689],[72.2263,33.7564],[72.1954,33.7371],[72.0865,33.7362],[72.0226,33.695],[71.9499,33.5749],[71.9433,33.4584],[71.8586,33.3775],[71.8057,33.3665],[71.7187,33.3168],[71.7176,33.2754],[71.6901,33.2404],[71.7452,33.1722],[71.7474,33.1298],[71.7066,33.0717],[71.6725,33.0561],[71.6318,33.0607],[71.5712,33.1676],[71.5294,33.1704],[71.4853,33.1492],[71.4578,33.1722],[71.4182,33.1704],[71.427,33.0182],[71.4611,32.9997],[71.4589,32.9757],[71.4325,32.9573],[71.3334,32.9536],[71.2079,32.9258],[71.1429,32.8741],[71.1242,32.85],[71.1165,32.7742],[71.1187,32.6259],[71.1539,32.5471],[71.2233,32.535],[71.2343,32.4709],[71.3048,32.4626],[71.3081,32.3399],[71.296,32.3138],[71.2365,32.2906],[71.1738,32.2301],[71.1594,32.108],[71.0857,32.0809],[71.0769,32.0632],[71.0747,32.0007],[71.0185,31.8801],[71.0163,31.7988],[70.9734,31.7651],[70.8534,31.5964],[70.8457,31.5373],[70.8655,31.3664],[70.8126,31.3184],[70.8126,31.2846],[70.7829,31.2225],[70.7565,31.2093],[70.7103,31.2507],[70.6178,31.2422],[70.533,31.2554],[70.4879,31.2196],[70.4339,31.2027],[70.4163,31.1254],[70.326,31.116],[70.2496,31.0704],[70.2522,31.4113],[70.2144,31.4281],[70.1071,31.383],[70.0814,31.3313],[70.0542,31.3158],[70.033,31.3494],[70.0284,31.4294],[69.977,31.4384],[69.9498,31.4629],[69.9468,31.4849],[69.974,31.5119],[69.977,31.5983],[69.9483,31.6369],[69.9453,31.7089],[69.9831,31.7642],[69.9846,31.7938],[69.9075,31.8144],[69.8999,31.9042],[69.844,31.9158],[69.8697,31.9838],[69.8122,32.0094],[69.7729,31.9902],[69.6988,31.9864],[69.6822,31.9748],[69.6731,31.9222],[69.5779,31.8632],[69.3813,31.8593],[69.3405,31.9132],[69.3056,31.9274],[69.2869,32.0257],[69.2515,32.0898],[69.2515,32.3875],[69.268,32.4234],[69.5066,32.5629],[69.5232,32.5908],[69.5066,32.722],[69.5468,32.7737],[69.6342,32.7995],[69.6366,32.9245],[69.6248,32.9404],[69.5043,32.9503],[69.4783,32.9899],[69.4901,33.0414],[69.5161,33.0731],[69.6248,33.1186],[69.8516,33.087],[70.0004,33.1246],[70.2532,33.2709],[70.298,33.3419],[70.2721,33.409],[70.1917,33.4583],[70.1492,33.5056],[70.1681,33.6198],[70.135,33.6473],[70.1209,33.7102],[69.9768,33.7436],[69.9295,33.7947],[69.8681,33.8967],[69.8728,33.9927],[69.9413,34.0554],[69.9815,34.0573],[70.0972,34.0397],[70.3689,33.9496],[70.8438,33.9437],[71.0446,34.0339],[71.0895,34.1043],[71.1202,34.1199],[71.1391,34.1688],[71.1414,34.3368],[71.1272,34.3563],[71.0658,34.3699],[71.0044,34.4303],[70.9737,34.4751],[70.9737,34.555],[71.0847,34.5569],[71.0871,34.6755],[71.1036,34.7027],[71.2359,34.7842],[71.3399,34.8967],[71.4816,34.9529],[71.4981,35.0012],[71.5194,35.0167],[71.5359,35.0863],[71.5737,35.1231],[71.6092,35.2023],[71.5974,35.2254],[71.5478,35.2505],[71.5289,35.291],[71.569,35.3469],[71.6423,35.3951],[71.6493,35.4336],[71.6399,35.4644],[71.5926,35.5009],[71.5974,35.5451],[71.5832,35.5682],[71.5076,35.6143],[71.543,35.693],[71.4722,35.8349],[71.3611,35.9325],[71.1887,36.0319],[71.2855,36.1407],[71.6115,36.337],[71.647,36.4568],[71.7131,36.4587],[71.7486,36.4206],[71.8076,36.4206],[71.8809,36.4739],[72.1694,36.6249],[72.2132,36.7025],[72.2374,36.7183],[72.5231,36.7704],[72.6229,36.814],[72.9601,36.8152],[73.0327,36.8406],[73.7021,36.8575],[73.7236,36.8153],[73.8232,36.7858],[73.8816,36.7431],[73.8711,36.7033],[73.7957,36.7208],[73.774,36.7044],[73.7096,36.7143],[73.683,36.6886],[73.5932,36.6949],[73.5796,36.7244],[73.4976,36.7152],[73.4254,36.7449],[73.351,36.7369],[73.3463,36.7179],[73.2939,36.7062],[73.2379,36.7135],[73.2016,36.6975],[73.1706,36.726],[73.116,36.6862],[73.0668,36.7025],[73.0722,36.6282],[73.0953,36.6067],[73.0503,36.5346],[72.9764,36.5128],[72.978,36.4588],[72.9079,36.4629],[72.8587,36.4373],[72.8733,36.3943],[72.851,36.3681],[72.8074,36.3526],[72.7579,36.3002],[72.6795,36.2727],[72.6788,36.253],[72.6191,36.2713],[72.5866,36.2606],[72.5338,36.176],[72.5492,36.1609],[72.545,36.1313],[72.5147,36.067],[72.5427,36.0446],[72.5583,35.9914],[72.5378,35.9876],[72.5333,35.9523],[72.5113,35.9395],[72.5149,35.9116],[72.6098,35.8173],[72.7075,35.7961],[72.8169,35.8307],[72.992,35.8063],[73.0878,35.8291],[73.1343,35.8236],[73.114,35.749],[73.1217,35.7129],[73.2156,35.613],[73.4284,35.5343],[73.5678,35.528],[73.6268,35.5036],[73.6626,35.506],[73.7632,35.4556],[73.7703,35.4462],[73.7256,35.4204],[73.6935,35.3695],[73.7164,35.2416],[73.7067,35.2209],[73.7497,35.1942],[73.8077,35.2014],[73.8997,35.1824],[73.9529,35.1389],[74.1003,35.1008],[74.0648,35.0473],[74.0786,35.036],[74.0775,35.0017],[74.057,34.9903],[74.0689,34.9358],[74.0356,34.9204],[74.039,34.8925],[73.9664,34.8655],[73.959,34.8394],[73.9293,34.834],[73.9188,34.8137],[73.8373,34.8151],[73.821,34.794],[73.7718,34.7981],[73.7287,34.7738],[73.6572,34.6738],[73.6492,34.5637],[73.6118,34.5867],[73.5563,34.5918],[73.5317,34.5729],[73.449,34.5713],[73.3969,34.4205]]]}},{"type":"Feature","properties":{"name":"Punjab","country":"Pakistan"},"geometry":{"type":"Polygon","coordinates":[[[70.5062,28.039],[70.3958,28.0311],[70.2764,27.9897],[70.1114,27.8335],[70.0859,27.8748],[70.0345,27.8868],[69.9589,27.9483],[69.9453,28.0057],[69.8591,28.0684],[69.8425,28.1031],[69.8349,28.2457],[69.8077,28.2764],[69.7896,28.3828],[69.7155,28.4201],[69.6278,28.4227],[69.5567,28.4706],[69.4721,28.4666],[69.4033,28.4201],[69.3405,28.5237],[69.4327,28.5623],[69.4902,28.6883],[69.5552,28.7334],[69.5537,28.7599],[69.4917,28.8222],[69.5023,28.8646],[69.5885,28.944],[69.6278,29.0115],[69.7004,29.0683],[69.7261,29.1159],[69.7336,29.1832],[69.7639,29.2254],[69.7623,29.2505],[69.7321,29.269],[69.6837,29.2637],[69.6656,29.2769],[69.6474,29.3072],[69.6414,29.3744],[69.6187,29.3981],[69.5734,29.406],[69.5673,29.4442],[69.59,29.4864],[69.5945,29.5995],[69.6353,29.656],[69.7412,29.6954],[69.8198,29.8306],[69.8742,29.8896],[69.906,30.0088],[69.9498,30.0258],[69.9589,30.137],[70.0269,30.2076],[70.0213,30.2485],[69.9445,30.286],[69.9358,30.3106],[69.9593,30.3368],[69.9634,30.3825],[69.9906,30.4099],[69.9997,30.4595],[70.0662,30.5637],[70.0678,30.6392],[70.0451,30.6808],[70.1691,30.7562],[70.1872,30.8068],[70.219,30.8393],[70.225,30.9846],[70.2447,31.0027],[70.2496,31.0704],[70.2666,31.0849],[70.326,31.116],[70.4163,31.1254],[70.4339,31.2027],[70.4879,31.2196],[70.533,31.2554],[70.6178,31.2422],[70.7103,31.2507],[70.7565,31.2093],[70.7829,31.2225],[70.8126,31.2846],[70.8126,31.3184],[70.8655,31.3664],[70.8457,31.5373],[70.8534,31.5964],[70.9734,31.7651],[71.0163,31.7988],[71.0185,31.8801],[71.0747,32.0007],[71.0769,32.0632],[71.0857,32.0809],[71.1594,32.108],[71.1738,32.2301],[71.2365,32.2906],[71.296,32.3138],[71.3081,32.3399],[71.3048,32.4626],[71.2343,32.4709],[71.2233,32.535],[71.1539,32.5471],[71.1187,32.6259],[71.1242,32.85],[71.2079,32.9258],[71.3334,32.9536],[71.4325,32.9573],[71.4589,32.9757],[71.4611,32.9997],[71.427,33.0182],[71.4182,33.1704],[71.4578,33.1722],[71.4853,33.1492],[71.5294,33.1704],[71.5712,33.1676],[71.6318,33.0607],[71.6725,33.0561],[71.7066,33.0717],[71.7474,33.1298],[71.7452,33.1722],[71.6901,33.2404],[71.7176,33.2754],[71.7187,33.3168],[71.8057,33.3665],[71.8586,33.3775],[71.9433,33.4584],[71.9499,33.5749],[72.0226,33.695],[72.0865,33.7362],[72.1954,33.7371],[72.2263,33.7564],[72.2406,33.8689],[72.3287,33.931],[72.3705,33.9374],[72.4388,33.9959],[72.54,34.0041],[72.5632,33.9612],[72.616,33.942],[72.6237,33.8835],[72.6909,33.8927],[72.7019,33.9201],[72.7393,33.9411],[72.7624,33.9027],[72.8043,33.8917],[72.8307,33.8405],[72.8354,33.768],[72.8853,33.7323],[72.7881,33.6867],[72.7817,33.6586],[72.8071,33.6163],[72.8466,33.5776],[72.9043,33.6134],[73.0111,33.6452],[73.0779,33.5708],[73.0657,33.5057],[73.132,33.4911],[73.2316,33.5757],[73.2425,33.6534],[73.2867,33.6658],[73.2952,33.686],[73.27,33.7254],[73.1485,33.811],[73.2001,33.8738],[73.2603,33.8867],[73.3553,34.0115],[73.4731,34.0622],[73.499,33.946],[73.554,33.8765],[73.542,33.7875],[73.5498,33.6198],[73.5892,33.5482],[73.5758,33.4407],[73.5469,33.3866],[73.5519,33.3224],[73.573,33.3095],[73.5765,33.2229],[73.6146,33.1574],[73.5878,33.1126],[73.6005,33.0795],[73.7925,33.0026],[73.7929,32.9638],[73.8274,32.9758],[73.8274,33.0017],[73.9075,32.9995],[73.9634,32.943],[74.241,32.8425],[74.3545,32.7651],[74.3913,32.7612],[74.4162,32.7825],[74.453,32.7833],[74.5111,32.7436],[74.564,32.7581],[74.5766,32.7459],[74.619,32.7586],[74.6347,32.7476],[74.6343,32.7754],[74.6604,32.7877],[74.637,32.8107],[74.6548,32.8283],[74.6701,32.8225],[74.6716,32.8021],[74.6378,32.724],[74.6638,32.6405],[74.6189,32.5967],[74.6866,32.4853],[74.7948,32.4744],[74.8196,32.4952],[74.8763,32.4897],[74.8968,32.4665],[74.9339,32.4694],[74.9512,32.4455],[75.0204,32.4645],[75.0283,32.4938],[75.0851,32.4668],[75.0992,32.4752],[75.1305,32.4071],[75.189,32.4239],[75.193,32.3987],[75.2548,32.3875],[75.257,32.3698],[75.2842,32.3701],[75.2871,32.3529],[75.3217,32.3414],[75.3359,32.3199],[75.3187,32.2966],[75.3738,32.2754],[75.3713,32.2381],[75.315,32.2095],[75.3182,32.1785],[75.2838,32.1528],[75.278,32.1298],[75.2354,32.1058],[75.202,32.1222],[75.1956,32.0962],[75.1126,32.0878],[75.0536,32.0577],[74.9921,32.0497],[74.9378,32.0778],[74.8976,32.0778],[74.8055,32.0037],[74.7809,31.9576],[74.6671,31.944],[74.6232,31.8914],[74.6066,31.892],[74.5098,31.8092],[74.4847,31.7144],[74.5458,31.642],[74.5846,31.5034],[74.5733,31.5005],[74.5998,31.4978],[74.6051,31.4642],[74.5885,31.4191],[74.5265,31.3636],[74.5277,31.2439],[74.4962,31.1672],[74.513,31.1511],[74.5089,31.1305],[74.5463,31.1202],[74.5527,31.0833],[74.6022,31.0865],[74.6127,31.0992],[74.6031,31.1313],[74.6363,31.1163],[74.6586,31.1313],[74.6876,31.1258],[74.6867,31.0817],[74.5779,31.0688],[74.5038,30.9807],[74.415,30.9417],[74.4244,30.9277],[74.4087,30.921],[74.4217,30.9099],[74.3645,30.8943],[74.3589,30.873],[74.3781,30.8607],[74.3189,30.848],[74.2929,30.795],[74.3017,30.7826],[74.2599,30.7764],[74.2711,30.7532],[74.2544,30.7261],[74.2284,30.7234],[74.1938,30.6682],[74.1689,30.6512],[74.0714,30.6444],[74.0487,30.6222],[74.0381,30.565],[73.9338,30.5194],[73.8612,30.453],[73.8143,30.3995],[73.8174,30.3695],[73.893,30.3264],[73.9081,30.2403],[73.8854,30.1815],[73.7266,30.0716],[73.5165,30.0258],[73.3245,29.9486],[73.2776,29.761],[73.1944,29.5311],[73.1249,29.435],[73.0433,29.2782],[72.9223,29.1449],[72.8724,29.0379],[72.6743,28.9652],[72.31,28.7758],[72.2223,28.6698],[72.1527,28.4108],[72.0907,28.3336],[71.9652,28.2524],[71.8957,28.1858],[71.8458,28.0844],[71.8277,27.9763],[71.6553,27.8895],[71.3438,27.8828],[71.2818,27.8601],[71.1896,27.8574],[71.1095,27.8133],[71.0339,27.7999],[70.8617,27.709],[70.7605,27.7231],[70.7414,27.7432],[70.6863,27.829],[70.6791,27.9229],[70.5908,28.012],[70.5062,28.039]]]}},{"type":"Feature","properties":{"name":"Islamabad Capital Territory","country":"Pakistan"},"geometry":{"type":"Polygon","coordinates":[[[72.7881,33.6867],[72.9661,33.7738],[73.1485,33.811],[73.27,33.7254],[73.2943,33.6752],[73.2425,33.6534],[73.2316,33.5757],[73.1996,33.5403],[73.146,33.4937],[73.1103,33.4911],[73.0657,33.5057],[73.0779,33.5708],[73.0111,33.6452],[72.9043,33.6134],[72.8466,33.5776],[72.8071,33.6163],[72.7817,33.6586],[72.7881,33.6867]]]}},{"type":"Feature","properties":{"name":"Chittagong","country":"Bangladesh"},"geometry":{"type":"MultiPolygon","coordinates":[[[[92.3,20.6752],[92.3101,20.6222],[92.3051,20.6215],[92.2864,20.656],[92.3,20.6752]]],[[[91.857,21.7541],[91.8388,21.7783],[91.8527,21.8735],[91.8309,21.9157],[91.8739,21.9303],[91.8903,21.9208],[91.9012,21.8205],[91.857,21.7541]]],[[[91.2363,22.6491],[91.3088,22.6203],[91.3118,22.5465],[91.2452,22.5807],[91.2363,22.6491]]],[[[91.4288,22.6463],[91.5429,22.5068],[91.5695,22.3905],[91.5133,22.3452],[91.4777,22.4041],[91.3874,22.4603],[91.4022,22.5314],[91.3962,22.5985],[91.3355,22.6709],[91.4288,22.6463]]],[[[91.103,22.7102],[91.1655,22.663],[91.1892,22.6114],[91.1551,22.5685],[91.1001,22.5702],[91.0726,22.5956],[91.0745,22.649],[91.0451,22.6936],[91.0537,22.7234],[91.103,22.7102]]],[[[91.2859,22.6857],[91.1911,22.7435],[91.1968,22.7653],[91.2499,22.7522],[91.2461,22.7417],[91.3049,22.712],[91.3106,22.691],[91.2859,22.6857]]],[[[91.3504,22.7636],[91.3807,22.7347],[91.375,22.719],[91.3182,22.7662],[91.3504,22.7636]]],[[[92.6279,21.9811],[92.6475,21.8943],[92.6087,21.7676],[92.6245,21.5167],[92.6909,21.3031],[92.6833,21.2837],[92.6302,21.243],[92.5961,21.251],[92.5667,21.3623],[92.5477,21.3711],[92.4576,21.3543],[92.3752,21.4726],[92.3515,21.4673],[92.3306,21.4161],[92.2861,21.4179],[92.2662,21.3667],[92.2235,21.3278],[92.2321,21.2062],[92.2084,21.1627],[92.2798,21.0765],[92.2864,21.0377],[92.2725,21.0044],[92.2993,20.9547],[92.3584,20.7283],[92.2357,20.8797],[92.2033,20.9727],[92.0691,21.1606],[92.0506,21.262],[92.002,21.3806],[92.0089,21.499],[91.9094,21.5033],[91.8969,21.7081],[91.925,21.792],[91.9354,21.9158],[91.9147,22.0504],[91.7591,22.3055],[91.7517,22.3768],[91.6673,22.5465],[91.5266,22.6969],[91.4807,22.7707],[91.414,22.7734],[91.377,22.8253],[91.3237,22.7789],[91.1726,22.8376],[91.137,22.8048],[91.0674,22.7966],[90.9859,22.854],[91.0467,22.6327],[91.02,22.5479],[91.1086,22.4734],[91.141,22.3857],[91.1503,22.1758],[91.1225,22.1115],[91.0369,22.0943],[91.0207,22.12],[91.06,22.3288],[91.0407,22.4493],[91.0141,22.5041],[90.9385,22.5656],[90.82,22.7543],[90.786,22.869],[90.586,23.0613],[90.5771,23.1389],[90.6602,23.2557],[90.6536,23.3097],[90.6008,23.3798],[90.5949,23.4165],[90.626,23.494],[90.6867,23.5035],[90.7089,23.5252],[90.666,23.646],[90.6764,23.6705],[90.7341,23.7084],[90.7371,23.7681],[90.7593,23.7911],[90.7712,23.8508],[90.9178,23.8738],[90.9919,23.9645],[91.0007,24.0335],[91.0615,24.0795],[91.0659,24.1133],[91.0393,24.185],[91.06,24.2066],[91.0941,24.2012],[91.1355,24.2336],[91.1815,24.243],[91.3103,24.2309],[91.2851,24.1525],[91.3103,24.043],[91.2954,24.0035],[91.2357,23.9489],[91.2283,23.7814],[91.177,23.7749],[91.1734,23.7514],[91.1552,23.7426],[91.1518,23.6882],[91.1936,23.6879],[91.1948,23.6705],[91.1729,23.6588],[91.1545,23.6716],[91.1605,23.5946],[91.1991,23.5188],[91.2401,23.488],[91.299,23.3494],[91.2879,23.3181],[91.3112,23.3057],[91.2983,23.2919],[91.3242,23.2505],[91.3214,23.1576],[91.3453,23.1012],[91.3949,23.0544],[91.4177,23.0616],[91.3928,23.2027],[91.4117,23.2706],[91.4178,23.2535],[91.4524,23.2582],[91.4435,23.2461],[91.4671,23.2289],[91.449,23.2183],[91.4748,23.2179],[91.4693,23.1952],[91.5052,23.1822],[91.4901,23.1787],[91.4889,23.1572],[91.5131,23.1415],[91.5012,23.1301],[91.5279,23.0896],[91.5407,22.9986],[91.5759,22.9634],[91.6039,22.9697],[91.5985,22.9535],[91.6172,22.9367],[91.6478,22.978],[91.7108,22.9801],[91.7632,23.0286],[91.7813,23.0269],[91.7779,23.0686],[91.8068,23.0612],[91.8376,23.0922],[91.8194,23.1011],[91.8216,23.1656],[91.7779,23.2731],[91.8513,23.4021],[91.9016,23.4374],[91.944,23.4335],[91.9562,23.4714],[91.9722,23.4774],[91.937,23.6845],[91.9597,23.6936],[91.9592,23.7321],[91.9833,23.7214],[92.0073,23.662],[92.0628,23.6432],[92.0806,23.6471],[92.0849,23.678],[92.1222,23.6912],[92.1491,23.7336],[92.17,23.7374],[92.1761,23.7065],[92.2051,23.6995],[92.2116,23.6507],[92.2348,23.667],[92.2425,23.719],[92.2768,23.7154],[92.2885,23.6907],[92.271,23.6415],[92.2929,23.6226],[92.2853,23.5955],[92.3057,23.5775],[92.3152,23.471],[92.3557,23.4095],[92.3547,23.3713],[92.3784,23.3543],[92.3624,23.323],[92.3839,23.3053],[92.3797,23.2838],[92.3619,23.238],[92.3448,23.2357],[92.3644,23.1256],[92.3561,23.1029],[92.39,23.0573],[92.3698,22.9357],[92.3964,22.9281],[92.4003,22.9101],[92.4186,22.9153],[92.4328,22.884],[92.4476,22.8938],[92.472,22.7455],[92.5147,22.7212],[92.5363,22.576],[92.5197,22.5595],[92.5462,22.5077],[92.5501,22.4086],[92.5775,22.3214],[92.5933,22.1749],[92.6052,22.1699],[92.6048,22.1263],[92.5792,22.1449],[92.5606,22.1277],[92.5987,22.0593],[92.6014,21.9767],[92.6279,21.9811]]],[[[91.7718,23.0386],[91.7712,23.0387],[91.7702,23.0395],[91.7718,23.0386]]],[[[92.5469,22.5127],[92.5471,22.5129],[92.5474,22.5128],[92.5469,22.5127]]],[[[92.3,23.591],[92.3,23.5911],[92.3,23.5909],[92.3,23.591]]]]}},{"type":"Feature","properties":{"name":"Dhaka","country":"Bangladesh"},"geometry":{"type":"Polygon","coordinates":[[[91.2149,24.2436],[91.1355,24.2336],[91.0941,24.2012],[91.06,24.2066],[91.0393,24.185],[91.0659,24.1133],[91.0615,24.0795],[91.0007,24.0335],[90.9919,23.9645],[90.9178,23.8738],[90.7712,23.8508],[90.7593,23.7911],[90.7371,23.7681],[90.7341,23.7084],[90.6764,23.6705],[90.666,23.6257],[90.7089,23.5252],[90.6867,23.5035],[90.626,23.494],[90.5949,23.4165],[90.6008,23.3798],[90.6536,23.3097],[90.6602,23.2557],[90.5771,23.1389],[90.5898,23.0569],[90.5601,23.0432],[90.53,23.0837],[90.4976,23.0922],[90.4467,23.039],[90.3402,22.9772],[90.2291,22.99],[90.2106,23.0368],[90.1736,23.0453],[90.1203,23.024],[90.0416,22.9111],[89.9456,22.8344],[89.8561,22.8439],[89.8172,22.8748],[89.8132,22.9451],[89.7524,23.0144],[89.7375,23.0547],[89.6784,23.1085],[89.752,23.1412],[89.7399,23.1702],[89.6898,23.1718],[89.6926,23.2075],[89.6746,23.2246],[89.6313,23.2349],[89.6538,23.2763],[89.6127,23.2964],[89.5823,23.3605],[89.5869,23.4702],[89.5028,23.4999],[89.5078,23.5441],[89.4243,23.6757],[89.3812,23.6628],[89.3302,23.6894],[89.3055,23.7256],[89.3266,23.8294],[89.3135,23.864],[89.2589,23.8905],[89.2553,23.9123],[89.4075,23.8793],[89.4374,23.8592],[89.4638,23.8061],[89.5052,23.79],[89.5474,23.7956],[89.5764,23.8214],[89.6406,23.7715],[89.7936,23.765],[89.7866,23.86],[89.7593,23.9267],[89.718,23.9741],[89.7998,24.0304],[89.8087,24.0735],[89.7977,24.2803],[89.7606,24.3592],[89.7606,24.408],[89.7372,24.4356],[89.7537,24.4918],[89.74,24.5256],[89.8746,24.6493],[89.8952,24.7504],[89.9351,24.7654],[89.99,24.7267],[90.0477,24.7903],[90.0876,24.7916],[90.1343,24.7354],[90.1535,24.6368],[90.1439,24.5943],[90.2057,24.5243],[90.2483,24.5006],[90.2332,24.4656],[90.2593,24.413],[90.2593,24.338],[90.2717,24.3092],[90.3143,24.2841],[90.4805,24.3455],[90.5493,24.3192],[90.5863,24.2816],[90.6454,24.2891],[90.6688,24.3254],[90.6509,24.363],[90.6729,24.4293],[90.607,24.4768],[90.6152,24.5081],[90.7073,24.4993],[90.8337,24.5356],[90.8996,24.5906],[91.1538,24.6231],[91.1923,24.6418],[91.239,24.5643],[91.2363,24.5331],[91.1619,24.4825],[91.1997,24.4697],[91.2217,24.4857],[91.2428,24.4641],[91.2235,24.4321],[91.2569,24.4001],[91.2279,24.3817],[91.241,24.3432],[91.1751,24.3055],[91.2149,24.2436]]]}},{"type":"Feature","properties":{"name":"Mymensingh","country":"Bangladesh"},"geometry":{"type":"Polygon","coordinates":[[[90.846,25.1559],[90.9773,25.1715],[90.9862,25.1155],[90.967,25.0109],[91.0027,24.9113],[91.1373,24.8701],[91.1593,24.8165],[91.217,24.8165],[91.1758,24.7579],[91.2596,24.693],[91.2363,24.658],[91.1538,24.6231],[90.8996,24.5906],[90.8337,24.5356],[90.7073,24.4993],[90.6152,24.5081],[90.607,24.4768],[90.6729,24.4293],[90.6509,24.363],[90.6647,24.3104],[90.618,24.2816],[90.5863,24.2816],[90.5493,24.3192],[90.4805,24.3455],[90.3143,24.2841],[90.2717,24.3092],[90.2593,24.413],[90.2332,24.4656],[90.2483,24.5006],[90.2057,24.5243],[90.1439,24.5943],[90.1535,24.6368],[90.1343,24.7354],[90.0876,24.7916],[90.0477,24.7903],[89.99,24.7267],[89.9351,24.7654],[89.8952,24.7504],[89.8746,24.6493],[89.7995,24.5792],[89.7971,24.6521],[89.8182,24.6944],[89.7989,24.7655],[89.7329,24.8278],[89.6889,24.8382],[89.6977,24.886],[89.6612,24.9829],[89.6762,25.0938],[89.7213,25.1929],[89.7728,25.2317],[89.7664,25.3676],[89.79,25.3909],[89.8189,25.3633],[89.8378,25.2913],[89.8769,25.2833],[89.9075,25.3058],[89.949,25.2907],[89.9665,25.3014],[89.9799,25.2791],[90.0542,25.2593],[90.1175,25.2215],[90.2861,25.1937],[90.4406,25.1426],[90.5116,25.1725],[90.6629,25.1755],[90.6654,25.1639],[90.7336,25.1529],[90.7792,25.1823],[90.846,25.1559]]]}},{"type":"Feature","properties":{"name":"Rajshani","country":"Bangladesh"},"geometry":{"type":"Polygon","coordinates":[[[89.0347,25.2479],[89.1821,25.2174],[89.1754,25.1761],[89.2266,25.1237],[89.3774,25.0599],[89.5513,25.0288],[89.6728,25.0633],[89.6612,24.9829],[89.6977,24.886],[89.6889,24.8382],[89.7329,24.8278],[89.7989,24.7655],[89.8182,24.6944],[89.7971,24.6521],[89.7995,24.5792],[89.74,24.5256],[89.7537,24.4918],[89.7372,24.4356],[89.7606,24.408],[89.7606,24.3592],[89.7977,24.2803],[89.8087,24.0735],[89.7998,24.0304],[89.718,23.9741],[89.7593,23.9267],[89.7866,23.86],[89.7936,23.765],[89.6406,23.7715],[89.5764,23.8214],[89.5474,23.7956],[89.5052,23.79],[89.4638,23.8061],[89.4374,23.8592],[89.4075,23.8793],[89.2553,23.9123],[89.2537,23.9564],[89.2079,23.9661],[89.1974,23.9323],[89.1851,23.9323],[89.091,23.9637],[88.974,24.1299],[88.8069,24.1323],[88.7348,24.1853],[88.7373,24.2773],[88.668,24.336],[88.6294,24.3081],[88.568,24.3286],[88.5436,24.3183],[88.528,24.3462],[88.4148,24.3809],[88.2935,24.4543],[88.1947,24.4678],[88.0985,24.5577],[88.0973,24.5897],[88.0236,24.6821],[88.0646,24.7207],[88.0719,24.7696],[88.1075,24.7781],[88.1126,24.8115],[88.1224,24.82],[88.1372,24.8036],[88.136,24.8297],[88.1768,24.8593],[88.1402,24.9343],[88.2071,24.9562],[88.2389,24.9258],[88.2571,24.8759],[88.3308,24.8681],[88.349,24.8921],[88.3263,24.9166],[88.342,24.9388],[88.4004,24.9441],[88.397,24.968],[88.4187,24.9729],[88.4161,24.9962],[88.4546,25.0366],[88.4376,25.0503],[88.4549,25.0792],[88.4438,25.1257],[88.4634,25.1492],[88.4509,25.1948],[88.4976,25.2078],[88.5656,25.1731],[88.6138,25.2012],[88.7088,25.2055],[88.7483,25.175],[88.7702,25.1857],[88.8058,25.1685],[88.8425,25.2013],[88.9232,25.1629],[88.9335,25.1789],[88.9507,25.1759],[88.9385,25.2082],[88.9636,25.2083],[88.957,25.2528],[88.9897,25.2713],[89.0347,25.2479]]]}},{"type":"Feature","properties":{"name":"Rangpur","country":"Bangladesh"},"geometry":{"type":"MultiPolygon","coordinates":[[[[89.79,25.3909],[89.7664,25.3676],[89.7728,25.2317],[89.7213,25.1929],[89.6848,25.1346],[89.6728,25.0633],[89.5513,25.0288],[89.3774,25.0599],[89.2266,25.1237],[89.1754,25.1761],[89.1821,25.2174],[89.0347,25.2479],[89.0082,25.2617],[89.0098,25.3049],[88.9177,25.3142],[88.906,25.3398],[88.8843,25.3285],[88.8411,25.3717],[88.8425,25.3988],[88.8177,25.4123],[88.8318,25.416],[88.8413,25.4584],[88.8312,25.4915],[88.8143,25.4919],[88.8119,25.5247],[88.7821,25.5181],[88.7562,25.5315],[88.7493,25.4981],[88.708,25.5022],[88.7073,25.4864],[88.6812,25.477],[88.6481,25.4815],[88.6497,25.4979],[88.624,25.4992],[88.6096,25.5182],[88.5432,25.512],[88.5346,25.5434],[88.5231,25.5376],[88.4958,25.5609],[88.5012,25.5854],[88.4467,25.599],[88.455,25.6664],[88.4041,25.6737],[88.4065,25.6857],[88.3736,25.6997],[88.3756,25.7186],[88.2701,25.7826],[88.2707,25.8098],[88.2356,25.8113],[88.2079,25.7893],[88.1832,25.8036],[88.1512,25.7775],[88.1448,25.7954],[88.1171,25.8001],[88.1039,25.8292],[88.1126,25.8683],[88.0961,25.8742],[88.105,25.8897],[88.0879,25.9157],[88.1241,25.9473],[88.1337,25.9888],[88.1588,25.9938],[88.1851,26.0261],[88.172,26.0456],[88.1852,26.0737],[88.1604,26.0801],[88.1662,26.1067],[88.2169,26.1401],[88.216,26.1607],[88.2355,26.1746],[88.3278,26.1941],[88.3616,26.2416],[88.3547,26.2835],[88.3955,26.2958],[88.4447,26.3527],[88.4798,26.3423],[88.5253,26.3603],[88.4863,26.462],[88.373,26.4904],[88.3588,26.4855],[88.3549,26.4526],[88.334,26.4838],[88.3774,26.5875],[88.4133,26.6209],[88.4263,26.5279],[88.4792,26.5178],[88.491,26.4881],[88.5158,26.4891],[88.5203,26.4684],[88.5704,26.4357],[88.585,26.4327],[88.6008,26.4674],[88.6272,26.4155],[88.6849,26.3877],[88.696,26.3538],[88.6846,26.3485],[88.7033,26.3311],[88.7418,26.3402],[88.7319,26.3282],[88.7448,26.3245],[88.7241,26.3167],[88.6948,26.3164],[88.696,26.3307],[88.6737,26.3214],[88.665,26.2611],[88.6806,26.2571],[88.7441,26.2974],[88.8116,26.2895],[88.8068,26.2501],[88.8467,26.2092],[88.8581,26.2297],[88.8796,26.2323],[88.8638,26.2572],[88.885,26.2758],[88.9576,26.2269],[89.0347,26.2253],[89.0645,26.2531],[89.0607,26.2949],[89.029,26.2862],[89.0211,26.3111],[88.9974,26.293],[88.9849,26.3096],[89.0029,26.3301],[88.9885,26.3498],[88.9491,26.3459],[88.9543,26.3677],[88.9147,26.3675],[88.9097,26.4053],[88.9281,26.4055],[88.9303,26.4303],[88.9455,26.4237],[88.9514,26.4379],[89.0189,26.3954],[89.0843,26.3885],[89.0816,26.3218],[89.1037,26.3175],[89.1005,26.2607],[89.1337,26.2324],[89.1326,26.1683],[89.1537,26.1375],[89.2297,26.1019],[89.2536,26.0764],[89.2499,26.0583],[89.3522,26.0036],[89.3901,25.9943],[89.4244,26.0418],[89.4278,26.0105],[89.5297,25.9873],[89.5452,25.9508],[89.5765,25.9498],[89.5852,26.032],[89.6521,26.0631],[89.6224,26.109],[89.6309,26.1261],[89.6031,26.1303],[89.5954,26.1583],[89.6112,26.1528],[89.6188,26.1773],[89.6504,26.1628],[89.6607,26.1768],[89.6371,26.2195],[89.677,26.2168],[89.6754,26.1486],[89.7407,26.1536],[89.7552,26.1072],[89.778,26.1046],[89.7797,26.0823],[89.7925,26.0829],[89.7722,26.0365],[89.7954,26.0311],[89.7891,26.016],[89.8094,26.0219],[89.8206,25.9847],[89.8564,25.9763],[89.8237,25.9444],[89.8757,25.9244],[89.8309,25.8716],[89.8158,25.8251],[89.8392,25.7595],[89.823,25.7292],[89.867,25.6545],[89.8189,25.3633],[89.79,25.3909]]],[[[89.6105,26.1065],[89.607,26.095],[89.5966,26.1022],[89.6105,26.1065]]],[[[89.6217,26.1054],[89.618,26.1054],[89.6222,26.1088],[89.6217,26.1054]]],[[[89.1079,26.3166],[89.1333,26.3089],[89.1213,26.2891],[89.1079,26.3166]]],[[[88.9541,26.3389],[88.954,26.3396],[88.955,26.3393],[88.9541,26.3389]]],[[[88.9897,25.2713],[88.9877,25.2712],[88.9913,25.2705],[88.9897,25.2713]]],[[[88.9979,25.2671],[89.0027,25.2669],[89.0024,25.2647],[88.9979,25.2671]]],[[[88.5185,26.3642],[88.5178,26.3641],[88.5175,26.3644],[88.5185,26.3642]]],[[[89.0418,26.2823],[89.0433,26.2822],[89.0421,26.2816],[89.0418,26.2823]]],[[[89.0151,26.297],[89.0151,26.2968],[89.0151,26.297],[89.0151,26.297]]],[[[89.0155,26.2945],[89.0171,26.2939],[89.0148,26.2932],[89.0155,26.2945]]],[[[88.9867,26.3361],[88.9879,26.3342],[88.9875,26.3342],[88.9867,26.3361]]],[[[88.959,26.3456],[88.9592,26.3455],[88.9586,26.3459],[88.959,26.3456]]],[[[89.6065,26.1204],[89.6054,26.1194],[89.6049,26.1205],[89.6065,26.1204]]],[[[89.634,26.1886],[89.6351,26.1822],[89.6295,26.1879],[89.634,26.1886]]],[[[89.6329,26.1929],[89.6312,26.1934],[89.6314,26.1938],[89.6329,26.1929]]]]}},{"type":"Feature","properties":{"name":"Sylhet","country":"Bangladesh"},"geometry":{"type":"Polygon","coordinates":[[[91.3682,23.992],[91.2954,24.0035],[91.3103,24.043],[91.2851,24.1525],[91.3103,24.2309],[91.2149,24.2436],[91.1751,24.3055],[91.241,24.3432],[91.2279,24.3817],[91.2569,24.4001],[91.2235,24.4321],[91.2428,24.4641],[91.2217,24.4857],[91.1997,24.4697],[91.1619,24.4825],[91.2363,24.5331],[91.239,24.5643],[91.1939,24.64],[91.2363,24.658],[91.2596,24.693],[91.1758,24.7579],[91.217,24.8165],[91.1593,24.8165],[91.1373,24.8701],[91.0027,24.9113],[90.967,25.0109],[90.9862,25.1155],[90.9773,25.1715],[91.0738,25.1967],[91.2517,25.1932],[91.2681,25.2046],[91.2861,25.1834],[91.4664,25.1497],[91.4709,25.1316],[91.6064,25.1719],[91.6014,25.1399],[91.6195,25.1419],[91.638,25.1205],[91.6927,25.1353],[91.7086,25.1568],[91.7485,25.1384],[91.7466,25.1689],[91.7531,25.1743],[91.7746,25.1611],[91.9147,25.1793],[91.9717,25.1656],[92.004,25.1842],[92.0731,25.183],[92.1287,25.1596],[92.1343,25.1375],[92.1588,25.1248],[92.1844,25.116],[92.1911,25.1324],[92.2039,25.1219],[92.1947,25.1067],[92.2267,25.0919],[92.3101,25.0673],[92.3315,25.077],[92.3463,25.0717],[92.3385,25.0482],[92.4238,25.027],[92.4186,24.9649],[92.4662,24.9622],[92.4493,24.9366],[92.4859,24.9456],[92.4768,24.8916],[92.357,24.8804],[92.3469,24.8937],[92.3404,24.88],[92.297,24.918],[92.231,24.901],[92.2453,24.8862],[92.2397,24.8418],[92.2708,24.8264],[92.2826,24.7775],[92.2348,24.721],[92.1954,24.5977],[92.1312,24.5312],[92.1588,24.4243],[92.1363,24.4268],[92.095,24.3955],[91.992,24.3968],[91.9851,24.3789],[91.965,24.3808],[91.9803,24.3529],[91.9564,24.3586],[91.9186,24.3389],[91.9288,24.2453],[91.904,24.1864],[91.8862,24.1801],[91.8483,24.2007],[91.8571,24.2133],[91.8449,24.228],[91.8268,24.2156],[91.7449,24.249],[91.7553,24.1601],[91.6799,24.1971],[91.6643,24.2353],[91.6347,24.2089],[91.6328,24.1035],[91.5936,24.0983],[91.5919,24.0829],[91.544,24.0823],[91.4011,24.1337],[91.3727,24.1082],[91.3945,24.0428],[91.3682,23.992]]]}},{"type":"Feature","properties":{"name":"Khulna","country":"Bangladesh"},"geometry":{"type":"MultiPolygon","coordinates":[[[[89.347,21.6871],[89.3189,21.7122],[89.3167,21.7488],[89.3302,21.7509],[89.3617,21.707],[89.347,21.6871]]],[[[88.7533,24.1829],[88.8069,24.1323],[88.974,24.1299],[89.091,23.9637],[89.1851,23.9323],[89.1974,23.9323],[89.2079,23.9661],[89.2537,23.9564],[89.2589,23.8905],[89.3135,23.864],[89.3266,23.8294],[89.3055,23.7256],[89.3302,23.6894],[89.3812,23.6628],[89.4243,23.6757],[89.5078,23.5441],[89.5028,23.4999],[89.5869,23.4702],[89.5823,23.3605],[89.6127,23.2964],[89.6538,23.2763],[89.6313,23.2349],[89.6746,23.2246],[89.6926,23.2075],[89.6898,23.1718],[89.7399,23.1702],[89.752,23.1412],[89.6784,23.1085],[89.7375,23.0547],[89.7524,23.0144],[89.8132,22.9451],[89.8172,22.8748],[89.8561,22.8439],[89.9456,22.8344],[89.9398,22.7661],[89.8958,22.7106],[89.9583,22.6743],[89.9815,22.5375],[89.9421,22.4926],[89.9606,22.4627],[89.919,22.422],[89.9097,22.3364],[89.875,22.2829],[89.9005,22.2293],[89.8958,22.1093],[89.865,22.0853],[89.8737,21.859],[89.8523,21.8251],[89.8093,21.8151],[89.6698,21.8251],[89.7106,21.7733],[89.6998,21.7533],[89.6054,21.7513],[89.6247,21.7075],[89.5839,21.6995],[89.5453,21.7753],[89.556,21.9904],[89.5345,21.9964],[89.5109,21.9128],[89.4551,21.8351],[89.4937,21.7912],[89.4383,21.71],[89.4075,21.7051],[89.3521,21.8007],[89.346,21.8195],[89.3758,21.8968],[89.3401,21.8929],[89.2975,21.7603],[89.3003,21.643],[89.2493,21.625],[89.2246,21.6226],[89.2035,21.6545],[89.2396,21.6978],[89.2141,21.728],[89.2158,21.7631],[89.149,21.7868],[89.098,21.897],[89.098,21.9867],[89.0398,22.0925],[89.1005,22.1538],[89.0845,22.2075],[89.0076,22.294],[89.0265,22.2971],[88.9939,22.3613],[89.0062,22.468],[88.9581,22.5581],[88.9619,22.6174],[88.9348,22.6482],[88.9643,22.6953],[88.9186,22.7407],[88.9269,22.7779],[88.9607,22.7969],[88.9706,22.8448],[88.9464,22.8824],[88.9111,22.8829],[88.8982,22.9121],[88.91,22.9205],[88.8892,22.9333],[88.8957,22.9534],[88.8659,22.9564],[88.9018,23.0369],[88.8735,23.1001],[88.9265,23.133],[88.9673,23.1914],[88.9817,23.181],[88.9815,23.2118],[88.9976,23.2153],[88.9764,23.2265],[88.9318,23.2157],[88.9075,23.2379],[88.8849,23.232],[88.8117,23.2581],[88.8069,23.2277],[88.7905,23.2277],[88.7287,23.2644],[88.7287,23.3083],[88.7434,23.3038],[88.7517,23.321],[88.7341,23.3512],[88.7672,23.367],[88.752,23.4003],[88.7678,23.4458],[88.7967,23.4422],[88.8026,23.4979],[88.7852,23.5091],[88.769,23.4825],[88.7007,23.5322],[88.6469,23.6108],[88.5656,23.655],[88.5861,23.6717],[88.5732,23.7088],[88.5952,23.7536],[88.5766,23.7833],[88.6144,23.8061],[88.5933,23.8672],[88.6547,23.8635],[88.7344,23.9092],[88.7463,23.9251],[88.7388,23.9804],[88.7706,23.9809],[88.7618,24.0076],[88.7314,23.997],[88.7595,24.0325],[88.7375,24.0388],[88.7434,24.058],[88.7018,24.1189],[88.7481,24.1458],[88.7343,24.184],[88.7533,24.1829]]],[[[88.7283,23.3165],[88.728,23.3171],[88.7288,23.3172],[88.7283,23.3165]]]]}},{"type":"Feature","properties":{"name":"Barisal","country":"Bangladesh"},"geometry":{"type":"MultiPolygon","coordinates":[[[[90.5358,21.8455],[90.5091,21.8766],[90.5581,21.9481],[90.5718,21.8853],[90.5513,21.8472],[90.5358,21.8455]]],[[[90.6522,21.8988],[90.6235,21.916],[90.6449,21.9489],[90.6662,21.9181],[90.6522,21.8988]]],[[[90.7242,21.9698],[90.6888,21.9635],[90.7017,21.9875],[90.7242,21.9698]]],[[[90.4529,21.9103],[90.4349,21.9014],[90.3747,21.916],[90.3443,21.8298],[90.3241,21.8194],[90.3168,21.8366],[90.3505,21.9572],[90.3972,22.06],[90.4642,22.0256],[90.4766,21.9656],[90.4529,21.9103]]],[[[90.512,21.9565],[90.5073,22.0356],[90.5444,22.065],[90.5614,22.0536],[90.565,22.0159],[90.512,21.9565]]],[[[90.9615,22.1299],[90.9216,22.1871],[90.9697,22.3601],[90.9903,22.3296],[90.9587,22.2355],[90.9615,22.1299]]],[[[90.6246,21.9957],[90.6088,22.0446],[90.6234,22.0904],[90.5973,22.1261],[90.6028,22.1528],[90.6688,22.2266],[90.6757,22.3994],[90.6276,22.5645],[90.5685,22.6596],[90.6015,22.7293],[90.6619,22.78],[90.7266,22.7868],[90.775,22.6156],[90.8911,22.4865],[90.884,22.4304],[90.8383,22.2564],[90.833,22.1587],[90.7776,22.0894],[90.6246,21.9957]]],[[[89.9491,22.845],[90.0416,22.9111],[90.1203,23.024],[90.1736,23.0453],[90.2106,23.0368],[90.2291,22.99],[90.2823,22.9772],[90.3402,22.9772],[90.4146,23.0268],[90.5067,22.9636],[90.6729,22.8851],[90.6812,22.8598],[90.6788,22.8359],[90.5331,22.7065],[90.5059,22.7],[90.5015,22.6757],[90.5244,22.5848],[90.5894,22.5353],[90.5887,22.4595],[90.6423,22.4356],[90.6466,22.384],[90.5569,22.1448],[90.5586,22.1098],[90.5138,22.0764],[90.3898,22.0943],[90.33,22.0275],[90.323,21.9411],[90.2711,21.8774],[90.2676,21.8219],[90.1867,21.7876],[90.0301,21.8415],[90.0433,21.8636],[90.0257,21.935],[90.0835,21.9618],[90.0766,21.9771],[90.0216,21.9949],[90.0477,22.0866],[90.0148,22.0789],[89.9887,22.0484],[89.9873,21.9923],[89.9584,21.9962],[89.9296,22.0637],[89.9186,22.1719],[89.875,22.2829],[89.9097,22.3364],[89.919,22.422],[89.9606,22.4627],[89.9421,22.4926],[89.9815,22.5375],[89.9583,22.6743],[89.8958,22.7106],[89.9398,22.7661],[89.9491,22.845]]]]}},{"type":"Feature","properties":{"name":"Ayeyarwady","country":"Myanmar"},"geometry":{"type":"MultiPolygon","coordinates":[[[[95.268,15.6854],[95.3227,15.6748],[95.3329,15.6837],[95.3301,15.6782],[95.3238,15.6747],[95.3174,15.6727],[95.2829,15.6698],[95.2696,15.6762],[95.268,15.6854]]],[[[95.2453,15.692],[95.211,15.6774],[95.1985,15.6853],[95.2453,15.692]]],[[[94.5289,16.1547],[94.5353,16.1451],[94.5204,16.1363],[94.5289,16.1547]]],[[[94.6636,16.1199],[94.6607,16.1239],[94.6661,16.1337],[94.6636,16.1199]]],[[[95.0392,15.7111],[95.0221,15.7273],[95.0577,15.7481],[95.0642,15.7369],[95.0392,15.7111]]],[[[94.2803,15.8647],[94.2721,15.8633],[94.2764,15.8698],[94.2803,15.8647]]],[[[95.0659,15.8189],[95.055,15.8269],[95.0658,15.8413],[95.0659,15.8189]]],[[[95.3461,15.9659],[95.339,15.9668],[95.3433,15.9763],[95.3461,15.9659]]],[[[95.1069,15.9404],[95.1008,15.9573],[95.1171,15.9929],[95.1247,15.983],[95.1069,15.9404]]],[[[94.844,15.8829],[94.8337,15.8959],[94.8307,15.9091],[94.8433,15.8996],[94.844,15.8829]]],[[[94.8436,15.8687],[94.8088,15.7888],[94.7464,15.7966],[94.7305,15.826],[94.7722,15.865],[94.8136,15.9403],[94.8436,15.8687]]],[[[94.9824,15.841],[95.0425,15.834],[95.0302,15.7996],[94.996,15.7755],[94.9829,15.7814],[94.9824,15.841]]],[[[94.5014,15.9302],[94.5175,15.9301],[94.5074,15.9089],[94.5014,15.9302]]],[[[95.312,15.9263],[95.321,15.9518],[95.3309,15.9583],[95.333,15.9358],[95.312,15.9263]]],[[[95.2387,15.9134],[95.2413,15.9378],[95.267,15.987],[95.2679,15.9524],[95.2387,15.9134]]],[[[95.2471,15.85],[95.2309,15.871],[95.2737,15.9566],[95.2722,16.0313],[95.3233,16.0868],[95.3446,16.0419],[95.3421,15.9863],[95.2471,15.85]]],[[[94.2761,15.9876],[94.348,16.0138],[94.3265,15.9784],[94.2761,15.9876]]],[[[94.4592,16.0487],[94.45,16.0521],[94.4729,16.0817],[94.4592,16.0487]]],[[[95.3514,15.9883],[95.3446,15.9772],[95.3502,16.0],[95.3514,15.9883]]],[[[94.6925,16.0027],[94.6918,16.0242],[94.7122,16.0469],[94.7143,16.0204],[94.6925,16.0027]]],[[[94.8103,15.9804],[94.8004,15.9942],[94.8355,16.0529],[94.8374,16.0698],[94.8482,16.0659],[94.8496,16.0108],[94.8103,15.9804]]],[[[95.1227,16.1349],[95.0533,16.0477],[95.0684,15.968],[95.0475,15.8436],[94.9819,15.8507],[94.9791,15.7845],[94.9862,15.7662],[94.9636,15.7473],[94.8495,15.7621],[94.8365,15.8041],[94.8891,15.8303],[94.8692,15.8922],[94.9461,15.9362],[94.9499,15.9475],[94.8622,15.8995],[94.8735,15.8268],[94.8367,15.8477],[94.8508,15.8707],[94.8483,15.893],[94.8302,15.9198],[94.8392,15.9393],[94.8243,15.9313],[94.8229,15.9517],[94.8665,16.0001],[94.8928,16.0019],[94.9165,16.0255],[94.9189,16.0406],[94.8987,16.0803],[94.9317,16.0878],[94.9533,16.1395],[95.0125,16.1363],[95.0211,16.1429],[95.0155,16.1667],[95.0475,16.1883],[95.0699,16.2435],[95.1205,16.2971],[95.1135,16.3205],[95.1419,16.2975],[95.1307,16.2669],[95.1479,16.2433],[95.1161,16.2115],[95.1341,16.1717],[95.1227,16.1349]]],[[[94.6369,16.0954],[94.5951,16.0417],[94.5732,16.0498],[94.5854,16.1028],[94.5703,16.0509],[94.5932,16.0391],[94.5759,16.0016],[94.4795,15.9668],[94.4715,15.9269],[94.4453,15.9196],[94.4345,15.8809],[94.3996,15.8329],[94.3939,15.8339],[94.413,15.8653],[94.3892,15.9144],[94.3832,16.0024],[94.4603,16.0311],[94.5192,16.1281],[94.6453,16.2514],[94.6675,16.203],[94.6369,16.0954]]],[[[95.1888,16.1109],[95.2093,16.1161],[95.1777,16.0879],[95.1791,16.0296],[95.1198,16.0386],[95.1125,16.0297],[95.1009,15.9782],[95.0899,16.0431],[95.1135,16.0845],[95.1677,16.1173],[95.1888,16.1109]]],[[[94.6256,16.0549],[94.6111,16.0492],[94.649,16.0975],[94.6256,16.0549]]],[[[95.3442,16.0682],[95.34,16.0701],[95.3328,16.0838],[95.3442,16.0682]]],[[[95.3383,16.086],[95.3442,16.0711],[95.3321,16.0908],[95.3383,16.086]]],[[[94.5649,17.4719],[94.5706,17.4495],[94.6105,17.4286],[94.6229,17.394],[94.6474,17.41],[94.7203,17.3361],[94.8064,17.4792],[94.804,17.5161],[94.7739,17.5666],[94.7902,17.5851],[94.7876,17.6547],[94.8714,17.7204],[94.8706,17.8125],[94.8872,17.8493],[94.8726,17.8692],[94.8815,17.8984],[94.847,17.9234],[94.8172,17.9944],[94.8781,18.0678],[94.8521,18.1422],[94.9018,18.1937],[94.8708,18.2279],[94.8863,18.2539],[94.8733,18.2696],[94.88,18.3037],[94.8525,18.314],[94.8234,18.3595],[94.8654,18.4089],[94.9249,18.4235],[94.935,18.4532],[95.0069,18.3823],[95.0341,18.3695],[95.0777,18.3787],[95.1122,18.4357],[95.1064,18.5099],[95.1817,18.4864],[95.189,18.4246],[95.2584,18.3797],[95.2716,18.3214],[95.3246,18.2956],[95.3574,18.2444],[95.4184,18.2198],[95.3964,18.1623],[95.4617,18.0206],[95.4574,17.9116],[95.4846,17.884],[95.4746,17.8304],[95.491,17.7893],[95.4317,17.7397],[95.432,17.7206],[95.508,17.6461],[95.5486,17.6409],[95.5822,17.6078],[95.6099,17.6259],[95.6368,17.6218],[95.6383,17.6051],[95.6548,17.6115],[95.6737,17.5944],[95.6772,17.5506],[95.7169,17.52],[95.7364,17.4758],[95.6899,17.4421],[95.6852,17.4014],[95.6199,17.3807],[95.618,17.3483],[95.6434,17.3444],[95.6616,17.3626],[95.6974,17.3319],[95.7089,17.2818],[95.6903,17.2316],[95.7098,17.2024],[95.7378,17.2064],[95.7839,17.1705],[95.7768,17.1501],[95.8098,17.1107],[95.7983,17.1042],[95.8054,17.0777],[95.826,17.106],[95.8393,17.0997],[95.8251,17.0941],[95.8358,17.0626],[95.8206,17.0239],[95.8659,17.0027],[95.8608,16.9698],[95.8868,16.9543],[95.8587,16.956],[95.8381,16.9251],[95.8487,16.8895],[95.8373,16.8701],[95.8736,16.806],[95.8803,16.7466],[95.8687,16.7197],[95.8362,16.7046],[95.8237,16.6574],[95.8402,16.5699],[95.8501,16.5555],[95.8757,16.5682],[95.8827,16.5432],[95.8241,16.491],[95.8187,16.4585],[95.858,16.4602],[95.8663,16.4255],[95.9287,16.3875],[95.9046,16.3379],[95.8875,16.2441],[95.8682,16.2304],[95.8124,16.1634],[95.7466,16.1277],[95.7253,16.266],[95.7223,16.272],[95.7111,16.2743],[95.7386,16.1192],[95.7051,16.0688],[95.7105,16.0356],[95.6451,15.9256],[95.5119,15.7973],[95.5115,15.7779],[95.4388,15.728],[95.3232,15.7061],[95.2861,15.7169],[95.2685,15.8028],[95.2779,15.8481],[95.3537,15.9569],[95.3603,16.0391],[95.3559,16.0641],[95.3295,16.1071],[95.3671,16.1647],[95.3914,16.2423],[95.3925,16.2975],[95.3845,16.2389],[95.3202,16.1934],[95.3016,16.162],[95.3005,16.1473],[95.3229,16.0937],[95.2662,16.034],[95.2661,15.9905],[95.2357,15.9402],[95.2135,15.8602],[95.2252,15.799],[95.1894,15.7744],[95.1443,15.7817],[95.1119,15.8081],[95.1279,15.9819],[95.1161,16.0273],[95.1837,16.0273],[95.1831,16.0871],[95.2681,16.1569],[95.2777,16.1842],[95.1952,16.1162],[95.1751,16.1228],[95.2052,16.1799],[95.1696,16.1373],[95.1479,16.1424],[95.1698,16.1268],[95.1305,16.1223],[95.1417,16.1706],[95.1245,16.217],[95.1515,16.2428],[95.1365,16.2695],[95.1458,16.2956],[95.1205,16.3253],[95.1149,16.3249],[95.1085,16.3163],[95.1147,16.2971],[95.049,16.2204],[95.0436,16.1912],[95.0079,16.1672],[95.0138,16.1434],[94.9504,16.1454],[94.9253,16.0917],[94.8961,16.0822],[94.9131,16.0333],[94.8888,16.0074],[94.8553,16.1143],[94.8818,16.186],[94.972,16.2126],[95.0244,16.2689],[95.0481,16.3329],[95.0067,16.2652],[94.9491,16.2134],[94.8693,16.1896],[94.8368,16.1142],[94.8467,16.0718],[94.8346,16.0701],[94.7977,15.9975],[94.8067,15.9731],[94.7194,15.8545],[94.6801,15.8428],[94.6442,15.8635],[94.6049,15.9289],[94.6714,15.9607],[94.7246,16.0158],[94.7357,16.0718],[94.7656,16.1008],[94.7874,16.0961],[94.7575,16.1272],[94.7829,16.1424],[94.806,16.2088],[94.8358,16.2155],[94.8447,16.242],[94.8648,16.2216],[94.8573,16.2419],[94.8724,16.2509],[94.8797,16.2807],[94.8933,16.2833],[94.92,16.2983],[94.9326,16.3206],[94.9685,16.3311],[94.9276,16.3227],[94.9194,16.3025],[94.8758,16.2812],[94.865,16.2491],[94.8425,16.2473],[94.8318,16.22],[94.7994,16.2104],[94.7752,16.1487],[94.7508,16.1339],[94.7515,16.093],[94.7193,16.0733],[94.6901,16.0244],[94.691,16.0148],[94.6844,16.0108],[94.6873,15.9973],[94.5777,15.9343],[94.5527,15.9471],[94.5515,15.9646],[94.5859,15.9872],[94.6519,16.0775],[94.6745,16.1281],[94.6783,16.2059],[94.7183,16.207],[94.7248,16.2095],[94.7264,16.2268],[94.7487,16.226],[94.7573,16.2318],[94.7544,16.2492],[94.7358,16.2604],[94.7575,16.2867],[94.732,16.2582],[94.7517,16.2297],[94.7245,16.2314],[94.72,16.2105],[94.6731,16.2158],[94.6571,16.2453],[94.6848,16.2492],[94.6889,16.2584],[94.6931,16.2462],[94.6955,16.2459],[94.709,16.2549],[94.7089,16.2607],[94.703,16.2626],[94.6951,16.247],[94.6902,16.2604],[94.6577,16.2521],[94.6833,16.3034],[94.6893,16.3474],[94.7301,16.3617],[94.7083,16.3875],[94.7235,16.4065],[94.7421,16.4031],[94.7433,16.4133],[94.7401,16.4273],[94.7489,16.4267],[94.7523,16.4157],[94.7627,16.4125],[94.7767,16.4201],[94.7811,16.4307],[94.7619,16.4133],[94.7489,16.4283],[94.7411,16.4291],[94.7391,16.4267],[94.7405,16.4035],[94.7267,16.4093],[94.7053,16.3997],[94.6915,16.4873],[94.7311,16.5127],[94.7421,16.5753],[94.7874,16.5852],[94.7697,16.5877],[94.7724,16.608],[94.7567,16.6269],[94.7146,16.6517],[94.7221,16.6787],[94.7152,16.6967],[94.7387,16.6974],[94.7419,16.7298],[94.7343,16.6991],[94.7125,16.6983],[94.7108,16.6508],[94.7295,16.631],[94.7081,16.6299],[94.693,16.6493],[94.6724,16.6445],[94.6924,16.6833],[94.6909,16.6895],[94.6828,16.6969],[94.6877,16.7153],[94.6877,16.7281],[94.6849,16.7408],[94.6817,16.6988],[94.6898,16.6787],[94.6711,16.6636],[94.6661,16.6559],[94.6495,16.6731],[94.6635,16.6551],[94.6679,16.6561],[94.6721,16.6633],[94.6753,16.6634],[94.6541,16.6314],[94.6894,16.6458],[94.6999,16.6309],[94.6904,16.5582],[94.6611,16.5139],[94.6818,16.4434],[94.6769,16.3847],[94.6528,16.3963],[94.644,16.3969],[94.6383,16.3936],[94.6031,16.3313],[94.6044,16.2848],[94.5637,16.2602],[94.5271,16.2908],[94.5459,16.3078],[94.517,16.2913],[94.4711,16.293],[94.5129,16.2655],[94.5059,16.2347],[94.5222,16.2154],[94.5074,16.1767],[94.4132,16.0619],[94.3637,16.0515],[94.3416,16.0172],[94.2773,15.9979],[94.246,15.9523],[94.2021,16.0189],[94.1911,16.0417],[94.2003,16.1483],[94.2222,16.1719],[94.2101,16.2015],[94.2411,16.2799],[94.2291,16.3541],[94.2455,16.3514],[94.2697,16.4943],[94.2551,16.5367],[94.2833,16.5447],[94.2922,16.5346],[94.2843,16.5243],[94.2929,16.5104],[94.2875,16.5271],[94.3217,16.5355],[94.3469,16.572],[94.3176,16.609],[94.3543,16.6275],[94.3541,16.7221],[94.4013,16.7943],[94.3751,16.8717],[94.3834,16.9175],[94.4043,16.8963],[94.4175,16.8947],[94.4213,16.8855],[94.4224,16.8937],[94.4059,16.8979],[94.425,16.9183],[94.4363,16.9093],[94.4447,16.9467],[94.489,16.949],[94.48,16.974],[94.4675,16.9505],[94.4343,16.9547],[94.4627,17.0003],[94.4517,17.0671],[94.4805,17.07],[94.4593,17.0779],[94.4894,17.117],[94.4793,17.1409],[94.4555,17.1433],[94.4425,17.1833],[94.4655,17.1939],[94.4964,17.161],[94.5059,17.1747],[94.5088,17.1557],[94.5205,17.1859],[94.5343,17.1847],[94.5121,17.2175],[94.4955,17.2167],[94.4916,17.2666],[94.5001,17.3075],[94.5255,17.2871],[94.5359,17.3259],[94.5667,17.315],[94.5743,17.2943],[94.6087,17.3125],[94.6079,17.3009],[94.6275,17.2987],[94.6267,17.2839],[94.6301,17.2787],[94.6351,17.2787],[94.6317,17.297],[94.6109,17.3155],[94.5683,17.3167],[94.5617,17.3309],[94.5649,17.4719]]],[[[94.5117,16.2913],[94.5041,16.2723],[94.4889,16.2863],[94.5117,16.2913]]],[[[95.3209,16.1212],[95.31,16.1671],[95.3647,16.2104],[95.3616,16.1626],[95.3209,16.1212]]],[[[95.8877,16.2295],[95.8652,16.2234],[95.8905,16.2452],[95.8877,16.2295]]],[[[94.5428,16.202],[94.5297,16.2001],[94.5238,16.2241],[94.5117,16.2315],[94.5182,16.2886],[94.56,16.2515],[94.5428,16.202]]],[[[94.6571,16.2719],[94.6634,16.2855],[94.666,16.2857],[94.664,16.2821],[94.6571,16.2719]]],[[[94.6794,16.3814],[94.6085,16.2432],[94.5751,16.2301],[94.5692,16.2503],[94.6106,16.288],[94.6087,16.3274],[94.648,16.3327],[94.6794,16.3814]]],[[[94.6815,16.3071],[94.6758,16.305],[94.6824,16.3164],[94.6815,16.3071]]],[[[95.8792,16.1967],[95.8503,16.2004],[95.8837,16.2228],[95.8932,16.2348],[95.906,16.3348],[95.9313,16.3873],[95.9505,16.3416],[95.9441,16.2626],[95.8792,16.1967]]],[[[95.9261,16.2127],[95.9541,16.2602],[95.9816,16.3822],[96.0117,16.3831],[96.0695,16.3443],[96.0759,16.3142],[96.0175,16.2482],[95.9261,16.2127]]],[[[95.9541,16.2948],[95.9545,16.3364],[95.9488,16.3624],[95.967,16.3193],[95.9541,16.2948]]],[[[96.0478,16.3644],[96.0449,16.3687],[96.0556,16.3618],[96.0478,16.3644]]],[[[94.2466,16.5297],[94.2417,16.5283],[94.2453,16.5458],[94.2466,16.5297]]],[[[94.7452,16.6257],[94.7695,16.6064],[94.7648,16.5849],[94.7373,16.5739],[94.7259,16.5133],[94.6876,16.4919],[94.6735,16.526],[94.6984,16.5595],[94.6993,16.6153],[94.7452,16.6257]]],[[[94.2276,16.3841],[94.2215,16.3885],[94.225,16.3924],[94.2276,16.3841]]],[[[94.645,16.3369],[94.6175,16.3413],[94.6455,16.3951],[94.6708,16.3826],[94.645,16.3369]]],[[[95.9593,16.3495],[95.9463,16.3751],[95.9539,16.3809],[95.946,16.4065],[95.9554,16.4088],[95.9913,16.3919],[95.9793,16.3827],[95.9716,16.3581],[95.9593,16.3495]]],[[[95.946,16.3769],[95.9279,16.3989],[95.9277,16.4018],[95.9455,16.4062],[95.946,16.3769]]],[[[96.0101,16.3864],[95.9964,16.3893],[95.9885,16.3995],[95.9929,16.3997],[96.0101,16.3864]]]]}},{"type":"Feature","properties":{"name":"Chin","country":"Myanmar"},"geometry":{"type":"MultiPolygon","coordinates":[[[[94.1328,23.8332],[94.153,23.7391],[94.1373,23.7207],[94.1497,23.6911],[94.1281,23.6652],[94.1181,23.557],[94.0884,23.5392],[94.0896,23.5132],[94.0448,23.5715],[94.0097,23.544],[94.0339,23.4817],[94.0295,23.3848],[94.0207,23.366],[94.0037,23.3941],[93.955,23.4008],[94.0034,23.3713],[94.0105,23.2905],[93.9904,23.2287],[93.9574,23.2253],[93.9632,23.1861],[93.9462,23.1799],[93.9667,23.1613],[93.977,23.0901],[94.0025,23.0674],[93.9896,22.9724],[94.0172,22.9688],[94.0255,22.9514],[93.9896,22.9467],[94.0112,22.9101],[94.0172,22.8527],[94.0126,22.836],[93.9873,22.8304],[94.0489,22.6057],[94.0166,22.5954],[94.0478,22.4513],[94.0177,22.4397],[94.0579,22.4368],[94.0184,22.3665],[94.0418,22.1556],[94.0065,22.0809],[94.0175,21.9958],[93.9822,21.9147],[94.0062,21.7204],[94.0422,21.6715],[94.1033,21.6353],[94.1194,21.5791],[94.0926,21.5475],[94.0989,21.5282],[94.0769,21.4812],[94.0881,21.4613],[94.0462,21.3553],[94.0577,21.331],[94.006,21.2996],[94.0245,21.2812],[94.1046,21.273],[94.0944,21.213],[94.1196,21.1593],[94.0915,21.0776],[94.053,21.0673],[94.0774,21.0346],[94.0036,20.9601],[94.0313,20.8872],[94.0649,20.8566],[94.0393,20.8276],[94.0416,20.8078],[94.0837,20.7496],[94.0455,20.6884],[93.9897,20.6822],[93.9234,20.6399],[93.9128,20.6508],[93.8861,20.6418],[93.8634,20.65],[93.8407,20.6875],[93.8503,20.7118],[93.8288,20.7334],[93.8231,20.7747],[93.763,20.7648],[93.7436,20.8459],[93.6958,20.9202],[93.6313,20.9178],[93.6301,20.8674],[93.5989,20.8469],[93.6009,20.7903],[93.6296,20.7528],[93.6308,20.7224],[93.5637,20.7342],[93.5356,20.7081],[93.4853,20.7433],[93.4596,20.7271],[93.4218,20.7433],[93.4054,20.7318],[93.3921,20.7703],[93.329,20.7584],[93.3111,20.7909],[93.2436,20.8098],[93.2538,20.8436],[93.2354,20.8346],[93.2085,20.8511],[93.1755,20.8333],[93.16,20.8435],[93.1313,20.9496],[93.1415,20.9698],[93.1223,21.0558],[93.1298,21.0883],[93.0799,21.0846],[93.077,21.0701],[93.0469,21.0615],[93.0348,21.0776],[92.9892,21.0796],[92.964,21.1134],[92.9192,21.1137],[92.8692,21.0658],[92.8424,21.1054],[92.8389,21.0946],[92.8065,21.1014],[92.7837,21.1898],[92.7637,21.2073],[92.7382,21.1984],[92.6792,21.2862],[92.627,21.4644],[92.6021,21.701],[92.6128,21.8492],[92.6338,21.8733],[92.6053,21.9715],[92.6363,21.9817],[92.6537,22.0141],[92.6815,22.0107],[92.6982,22.1524],[92.809,22.0939],[92.8401,22.0577],[92.8581,22.0643],[92.8633,22.0227],[92.8925,22.0032],[92.9026,21.9383],[92.9376,22.005],[92.9299,22.0143],[92.9532,22.0277],[92.9793,21.9785],[93.0081,21.9804],[92.9968,22.0419],[93.0063,22.1026],[93.0616,22.101],[93.039,22.1472],[93.0511,22.1689],[93.0414,22.1931],[93.1095,22.201],[93.1226,22.1718],[93.1516,22.1744],[93.1635,22.1967],[93.1439,22.2445],[93.1782,22.2438],[93.2037,22.262],[93.1872,22.4287],[93.1402,22.4559],[93.13,22.5245],[93.1087,22.5272],[93.1423,22.5923],[93.0974,22.6729],[93.1094,22.7527],[93.0968,22.8049],[93.1125,22.8174],[93.1328,22.9049],[93.1665,22.9099],[93.141,22.951],[93.1425,22.9907],[93.1234,23.0046],[93.1359,23.0579],[93.1558,23.0412],[93.1993,23.0525],[93.2402,23.0053],[93.294,23.0045],[93.3538,23.0694],[93.3439,23.0773],[93.3572,23.1146],[93.3876,23.1335],[93.3876,23.1458],[93.3702,23.1447],[93.3906,23.217],[93.3685,23.271],[93.3748,23.3299],[93.3578,23.352],[93.3887,23.3577],[93.4036,23.3832],[93.39,23.4461],[93.4305,23.5879],[93.4192,23.6412],[93.4389,23.6871],[93.41,23.7087],[93.3936,23.757],[93.4053,23.807],[93.3874,23.8487],[93.3962,23.9247],[93.3671,23.9352],[93.337,23.9819],[93.3356,24.0881],[93.4141,24.0702],[93.4619,23.9722],[93.5041,23.9403],[93.5512,23.9575],[93.5587,23.9768],[93.5923,23.9588],[93.6239,24.0089],[93.7538,24.0028],[93.8065,23.9253],[93.9332,23.9474],[94.0835,23.8794],[94.1193,23.8314],[94.1328,23.8332]]],[[[93.3463,24.0987],[93.3454,24.1013],[93.3467,24.1002],[93.3463,24.0987]]],[[[93.355,24.0938],[93.3531,24.0941],[93.3515,24.0959],[93.355,24.0938]]]]}},{"type":"Feature","properties":{"name":"Saigang","country":"Myanmar"},"geometry":{"type":"MultiPolygon","coordinates":[[[[97.0653,27.0898],[97.0358,27.0362],[97.0048,27.039],[96.9859,27.0237],[96.9423,27.0448],[96.741,27.0392],[96.7193,27.0015],[96.6966,26.9929],[96.6467,27.0079],[96.5696,26.9824],[96.5257,26.9963],[96.4841,26.9852],[96.4614,27.0043],[96.4443,26.9823],[96.4054,27.0067],[96.3303,27.0194],[96.3037,26.9885],[96.251,26.9826],[96.2283,26.9693],[96.242,26.9545],[96.3007,26.9579],[96.317,26.9397],[96.278,26.9096],[96.2826,26.8764],[96.2451,26.8889],[96.2315,26.8697],[96.2483,26.8014],[96.2096,26.7908],[96.1913,26.7533],[96.1034,26.7256],[96.0745,26.6853],[96.097,26.6716],[96.0826,26.652],[96.1304,26.6356],[96.1374,26.5946],[96.1832,26.5245],[96.1763,26.505],[96.0043,26.48],[96.0203,26.4348],[95.9939,26.402],[96.0301,26.3833],[96.0417,26.3518],[96.0713,26.3549],[96.0881,26.3292],[96.1091,26.3283],[96.0881,26.2872],[96.0975,26.2728],[96.0739,26.2652],[96.0751,26.2399],[96.0843,26.2518],[96.106,26.2215],[96.1226,26.2291],[96.1363,26.1914],[96.1191,26.1718],[96.1561,26.155],[96.1521,26.0951],[96.1845,26.0636],[96.1783,26.0195],[96.1221,26.002],[96.1122,25.919],[96.0852,25.8976],[96.1093,25.8818],[96.1247,25.8435],[96.12,25.7875],[96.1488,25.7596],[96.197,25.7521],[96.2157,25.7254],[96.1949,25.6864],[96.2163,25.6686],[96.1541,25.6261],[96.0913,25.6207],[96.0611,25.5699],[95.9762,25.6299],[95.9579,25.6118],[95.9604,25.3353],[95.9939,25.2736],[95.9951,25.2159],[96.0451,25.1564],[96.0535,25.0911],[96.076,25.0876],[96.0705,24.9982],[96.0434,24.9528],[96.0079,24.9539],[96.0128,25.0051],[96.0407,25.0169],[96.0472,25.0568],[96.0126,25.092],[95.9931,25.0052],[95.9038,24.9945],[95.876,24.9645],[95.8062,24.96],[95.8655,24.9156],[95.8802,24.8827],[95.8693,24.826],[95.9105,24.7488],[95.912,24.7056],[95.9568,24.7176],[95.9584,24.6889],[95.9792,24.6665],[96.0269,24.6632],[96.0296,24.6811],[96.0599,24.6798],[96.0576,24.6906],[96.0771,24.679],[96.0694,24.6525],[96.0878,24.6521],[96.1075,24.6262],[96.091,24.607],[96.1152,24.5698],[96.1778,24.5291],[96.1973,24.5387],[96.1902,24.5486],[96.204,24.5502],[96.1849,24.4798],[96.2745,24.522],[96.3066,24.5061],[96.3362,24.5208],[96.3742,24.5152],[96.4238,24.5512],[96.4986,24.4856],[96.5346,24.4971],[96.5561,24.4719],[96.5923,24.4823],[96.63,24.4577],[96.6322,24.4307],[96.6454,24.4298],[96.6363,24.4008],[96.5822,24.3957],[96.5969,24.3687],[96.5623,24.3469],[96.5773,24.3128],[96.6033,24.318],[96.5961,24.2708],[96.5674,24.2422],[96.6658,24.1593],[96.6274,24.1457],[96.5582,24.1549],[96.5192,24.1012],[96.493,24.1113],[96.4567,24.1008],[96.3901,24.0279],[96.4327,23.9957],[96.4687,24.0168],[96.5073,24.0057],[96.5269,23.8822],[96.5536,23.8618],[96.5606,23.8327],[96.5351,23.8127],[96.5073,23.7421],[96.4377,23.6951],[96.4373,23.6345],[96.3962,23.5943],[96.3926,23.5696],[96.3641,23.6163],[96.3155,23.6421],[96.2665,23.6258],[96.2737,23.6146],[96.2505,23.5758],[96.2281,23.5773],[96.2113,23.6007],[96.1692,23.5936],[96.1445,23.569],[96.1422,23.6191],[96.1213,23.6377],[96.1365,23.6801],[96.109,23.682],[96.0808,23.6576],[96.0934,23.6435],[96.0838,23.6241],[96.0347,23.6025],[96.0099,23.5118],[95.9701,23.5329],[95.9668,23.4606],[95.907,23.4089],[95.9041,23.3703],[95.9502,23.3311],[95.9307,23.2746],[95.9579,23.2523],[95.9592,23.1661],[95.9802,23.1593],[95.995,23.1089],[95.9746,23.0838],[95.9671,22.7453],[95.9001,22.7106],[95.9047,22.6731],[95.9957,22.5277],[95.9608,22.4751],[95.9578,22.4155],[95.9641,22.379],[96.0101,22.3183],[96.0098,22.2964],[95.979,22.2856],[95.9941,22.1108],[96.0225,22.046],[96.0242,21.9694],[96.0,21.8817],[95.9272,21.8515],[95.8723,21.9001],[95.7836,21.9217],[95.7117,21.9298],[95.5237,21.9068],[95.4316,21.7996],[95.403,21.7906],[95.4208,21.756],[95.3696,21.7037],[95.342,21.576],[95.3069,21.6473],[95.243,21.6745],[95.2435,21.7146],[95.2064,21.7395],[95.1607,21.8113],[95.1636,21.8345],[95.1204,21.8558],[94.9906,21.8249],[94.9054,21.8389],[94.8577,21.8642],[94.7544,21.8275],[94.6607,21.8725],[94.6111,21.8593],[94.5956,21.833],[94.5489,21.8454],[94.5438,21.7918],[94.4962,21.7865],[94.4086,21.8387],[94.4252,21.9631],[94.4085,22.0009],[94.4354,22.0346],[94.4167,22.1366],[94.3605,22.117],[94.3253,22.1442],[94.2975,22.1366],[94.2707,22.1904],[94.2449,22.296],[94.2676,22.3149],[94.2609,22.3971],[94.2814,22.4677],[94.2545,22.5079],[94.2446,22.5655],[94.1728,22.6889],[94.1165,22.6985],[94.1157,22.7262],[94.0974,22.7322],[94.1197,22.7349],[94.1188,22.7686],[94.1016,22.7706],[94.1093,22.7595],[94.0574,22.7309],[94.0079,22.7371],[93.9873,22.8304],[94.0126,22.836],[94.0172,22.8527],[94.0112,22.9101],[93.9896,22.9467],[94.0255,22.9514],[94.0172,22.9688],[93.9896,22.9724],[94.0025,23.0674],[93.977,23.0901],[93.9667,23.1613],[93.9462,23.1799],[93.9632,23.1861],[93.9574,23.2253],[93.9904,23.2287],[94.0105,23.2905],[94.0034,23.3713],[93.955,23.4008],[94.0037,23.3941],[94.0207,23.366],[94.0339,23.4817],[94.0097,23.544],[94.0448,23.5715],[94.0896,23.5132],[94.0884,23.5392],[94.1181,23.557],[94.1281,23.6652],[94.1497,23.6911],[94.1373,23.7207],[94.153,23.7391],[94.1336,23.8183],[94.1561,23.8479],[94.1693,23.9277],[94.1883,23.9308],[94.2013,23.9811],[94.2368,24.0303],[94.2618,24.1617],[94.2849,24.1783],[94.2943,24.2346],[94.3172,24.252],[94.329,24.3268],[94.3555,24.3332],[94.3821,24.3742],[94.3692,24.3938],[94.3994,24.4064],[94.405,24.4745],[94.4268,24.4849],[94.4629,24.5565],[94.531,24.6171],[94.552,24.6585],[94.5501,24.7087],[94.6022,24.7076],[94.6215,24.7282],[94.6353,24.8377],[94.6895,24.8868],[94.7153,24.9337],[94.6991,24.9678],[94.7461,25.0368],[94.7388,25.1351],[94.6069,25.1831],[94.5794,25.2142],[94.5869,25.2657],[94.6364,25.3573],[94.6364,25.394],[94.6713,25.4171],[94.6849,25.4642],[94.7523,25.4918],[94.7844,25.4786],[94.8096,25.4921],[94.8471,25.5603],[94.9001,25.5641],[94.8835,25.5902],[94.9167,25.6065],[94.9375,25.6663],[95.0509,25.7588],[95.0516,25.8016],[95.011,25.8676],[95.0158,25.8998],[95.1275,25.9843],[95.1878,26.0724],[95.166,26.094],[95.1197,26.1018],[95.1239,26.185],[95.1447,26.2116],[95.1168,26.2328],[95.1341,26.3781],[95.1015,26.3962],[95.1058,26.4213],[95.0859,26.4484],[95.0641,26.4497],[95.1163,26.5176],[95.1096,26.5408],[95.156,26.5823],[95.1509,26.6142],[95.2115,26.6479],[95.2352,26.6806],[95.2551,26.6754],[95.2582,26.6537],[95.303,26.6488],[95.4323,26.6989],[95.4603,26.7422],[95.4843,26.7458],[95.5298,26.8237],[95.5472,26.8325],[95.5699,26.814],[95.6095,26.8111],[95.6343,26.872],[95.6678,26.9008],[95.7253,26.8806],[95.7466,26.8953],[95.7625,26.963],[95.8037,27.0129],[95.8706,27.0108],[95.9471,27.05],[96.0246,27.1783],[96.2284,27.2757],[96.2714,27.2696],[96.3074,27.2923],[96.3871,27.2826],[96.4586,27.3045],[96.5184,27.2837],[96.597,27.3323],[96.6067,27.3638],[96.698,27.3557],[96.705,27.3693],[96.7693,27.3543],[96.8449,27.2902],[96.8458,27.2695],[96.8828,27.2578],[96.8832,27.2277],[96.8533,27.2116],[96.8554,27.1915],[97.0296,27.1281],[97.0653,27.0898]]],[[[94.5776,24.7172],[94.5776,24.7172],[94.5776,24.7171],[94.5776,24.7172]]]]}},{"type":"Feature","properties":{"name":"Kachin","country":"Myanmar"},"geometry":{"type":"Polygon","coordinates":[[[97.35,28.2392],[97.412,28.2495],[97.4021,28.2787],[97.418,28.2955],[97.4631,28.2707],[97.4803,28.2792],[97.4708,28.3048],[97.5197,28.3288],[97.4827,28.3825],[97.5229,28.445],[97.5038,28.4984],[97.5217,28.4976],[97.5736,28.5455],[97.6029,28.5172],[97.6621,28.5365],[97.7222,28.4974],[97.7402,28.4604],[97.7387,28.3954],[97.7901,28.358],[97.7944,28.3337],[97.8437,28.3304],[97.8684,28.366],[97.9085,28.368],[97.9623,28.3208],[97.9565,28.3006],[98.0105,28.274],[98.024,28.2459],[98.0114,28.2087],[98.0316,28.1893],[98.0776,28.2042],[98.0944,28.1704],[98.1416,28.1398],[98.1604,28.0988],[98.138,28.0441],[98.1372,27.963],[98.1523,27.9416],[98.1889,27.9391],[98.2014,27.8755],[98.182,27.8738],[98.1699,27.8524],[98.1804,27.8304],[98.2249,27.8113],[98.2192,27.7593],[98.247,27.7411],[98.2242,27.7114],[98.3018,27.6311],[98.3178,27.5227],[98.3731,27.509],[98.4294,27.5527],[98.437,27.6666],[98.4708,27.6389],[98.5296,27.6211],[98.5581,27.6463],[98.5875,27.5682],[98.6096,27.5788],[98.6498,27.5673],[98.6671,27.5885],[98.7026,27.5637],[98.7049,27.5211],[98.6869,27.4867],[98.7034,27.4517],[98.6872,27.4243],[98.7028,27.4153],[98.7065,27.3629],[98.735,27.3514],[98.741,27.3265],[98.7169,27.2722],[98.7236,27.2239],[98.6935,27.2003],[98.7144,27.077],[98.7659,27.0532],[98.7639,27.0214],[98.7355,27.0027],[98.7584,26.8846],[98.7327,26.8526],[98.7606,26.8099],[98.7434,26.7121],[98.7709,26.6903],[98.762,26.6656],[98.7814,26.6028],[98.7554,26.5647],[98.7505,26.4229],[98.7313,26.3571],[98.6775,26.2829],[98.672,26.2419],[98.706,26.2417],[98.7349,26.1849],[98.709,26.1566],[98.7163,26.1256],[98.6666,26.0895],[98.6504,26.1438],[98.6037,26.1318],[98.5865,26.1441],[98.5729,26.1208],[98.6167,25.9753],[98.642,25.9767],[98.6849,25.9379],[98.7053,25.852],[98.6395,25.8008],[98.5626,25.8475],[98.5181,25.8352],[98.4754,25.7804],[98.459,25.6889],[98.4113,25.6619],[98.403,25.5956],[98.3802,25.5965],[98.3137,25.548],[98.2544,25.6061],[98.1683,25.626],[98.1844,25.562],[98.1253,25.515],[98.1576,25.4583],[98.1404,25.3904],[98.1018,25.3917],[98.0974,25.354],[98.0669,25.309],[98.0102,25.3036],[97.9906,25.2597],[97.9363,25.2198],[97.9107,25.2147],[97.8749,25.2623],[97.8376,25.2695],[97.7773,25.1244],[97.7418,25.0821],[97.7217,25.084],[97.7309,24.9118],[97.7623,24.8823],[97.786,24.8809],[97.8006,24.849],[97.7639,24.8259],[97.7019,24.8463],[97.6506,24.7957],[97.5741,24.7711],[97.5506,24.7425],[97.5689,24.7183],[97.5694,24.6026],[97.5542,24.4895],[97.5313,24.437],[97.6711,24.4538],[97.6816,24.4032],[97.7164,24.3605],[97.703,24.3442],[97.6655,24.3443],[97.6676,24.2993],[97.7224,24.298],[97.7695,24.2626],[97.7293,24.2291],[97.728,24.188],[97.7522,24.1687],[97.7286,24.1148],[97.6377,24.0498],[97.6278,24.0072],[97.5763,23.9863],[97.5291,23.9436],[97.5286,23.9298],[97.6285,23.8847],[97.6383,23.8632],[97.5997,23.8206],[97.4755,23.8186],[97.4532,23.7986],[97.4635,23.7741],[97.4086,23.739],[97.3727,23.7454],[97.3457,23.7235],[97.3443,23.6945],[97.3153,23.7193],[97.3036,23.6985],[97.2686,23.7125],[97.2329,23.6805],[97.219,23.6991],[97.1786,23.6704],[97.14,23.6852],[97.141,23.6658],[97.0821,23.6337],[97.0147,23.644],[97.0029,23.702],[96.9746,23.7162],[96.8756,23.7146],[96.8563,23.7323],[96.7779,23.7497],[96.791,23.783],[96.853,23.7853],[96.8828,23.8307],[96.8768,23.875],[96.8392,23.895],[96.8452,23.9441],[96.832,23.9562],[96.8592,24.0039],[96.8394,24.0259],[96.7553,23.994],[96.6789,23.9999],[96.7031,24.0292],[96.6988,24.0673],[96.6767,24.0741],[96.6904,24.1222],[96.6662,24.139],[96.6587,24.1701],[96.5674,24.2422],[96.5961,24.2708],[96.6033,24.318],[96.5773,24.3128],[96.5623,24.3469],[96.5969,24.3687],[96.5822,24.3957],[96.6363,24.4008],[96.6454,24.4298],[96.6322,24.4307],[96.63,24.4577],[96.5923,24.4823],[96.5561,24.4719],[96.5346,24.4971],[96.4986,24.4856],[96.4238,24.5512],[96.3742,24.5152],[96.3362,24.5208],[96.3066,24.5061],[96.2745,24.522],[96.1849,24.4798],[96.204,24.5502],[96.1778,24.5291],[96.1152,24.5698],[96.091,24.607],[96.1075,24.6262],[96.0878,24.6521],[96.0694,24.6525],[96.0771,24.679],[96.0576,24.6906],[96.0599,24.6798],[96.0296,24.6811],[96.0269,24.6632],[95.9792,24.6665],[95.9584,24.6889],[95.9568,24.7176],[95.912,24.7056],[95.9105,24.7488],[95.8693,24.826],[95.8802,24.8827],[95.8655,24.9156],[95.8062,24.96],[95.876,24.9645],[95.9038,24.9945],[95.9931,25.0052],[96.0126,25.092],[96.0472,25.0568],[96.0407,25.0169],[96.0128,25.0051],[96.0079,24.9539],[96.0434,24.9528],[96.0705,24.9982],[96.076,25.0876],[96.0535,25.0911],[96.0451,25.1564],[95.9951,25.2159],[95.9939,25.2736],[95.9604,25.3353],[95.9579,25.6118],[95.9762,25.6299],[96.0611,25.5699],[96.0913,25.6207],[96.1541,25.6261],[96.2163,25.6686],[96.1949,25.6864],[96.2157,25.7254],[96.197,25.7521],[96.1488,25.7596],[96.12,25.7875],[96.1247,25.8435],[96.1093,25.8818],[96.0852,25.8976],[96.1122,25.919],[96.1229,26.0035],[96.1783,26.0195],[96.1845,26.0591],[96.1521,26.0951],[96.1561,26.155],[96.1191,26.1718],[96.1363,26.1914],[96.1226,26.2291],[96.106,26.2215],[96.0843,26.2518],[96.0751,26.2399],[96.0739,26.2652],[96.0975,26.2728],[96.0881,26.2872],[96.1091,26.3283],[96.0881,26.3292],[96.0713,26.3549],[96.0417,26.3518],[96.0301,26.3833],[95.9939,26.402],[96.0203,26.4348],[96.0078,26.4853],[96.1655,26.497],[96.1832,26.5245],[96.1374,26.5946],[96.1304,26.6356],[96.0826,26.652],[96.097,26.6716],[96.0745,26.6853],[96.1034,26.7256],[96.1913,26.7533],[96.2096,26.7908],[96.2483,26.8014],[96.2315,26.8697],[96.2451,26.8889],[96.2826,26.8764],[96.278,26.9096],[96.317,26.9397],[96.3007,26.9579],[96.2549,26.951],[96.2283,26.9693],[96.3037,26.9885],[96.3303,27.0194],[96.4054,27.0067],[96.4443,26.9823],[96.4614,27.0043],[96.4841,26.9852],[96.5257,26.9963],[96.5696,26.9824],[96.6467,27.0079],[96.6966,26.9929],[96.7193,27.0015],[96.741,27.0392],[96.9423,27.0448],[96.9859,27.0237],[97.0048,27.039],[97.0358,27.0362],[97.0767,27.0963],[97.101,27.1063],[97.1436,27.0937],[97.1655,27.1434],[97.0923,27.2152],[97.0901,27.2394],[97.0298,27.3093],[96.9997,27.3203],[96.9653,27.3744],[96.964,27.4027],[96.9052,27.4533],[96.9318,27.5244],[96.8987,27.6089],[96.9429,27.6589],[96.9844,27.6628],[97.0375,27.7409],[97.0952,27.7386],[97.1055,27.7683],[97.2503,27.8977],[97.3045,27.912],[97.32,27.8895],[97.3752,27.8789],[97.388,27.9233],[97.3751,27.9675],[97.4148,28.0155],[97.3776,28.041],[97.3819,28.061],[97.3139,28.0675],[97.3491,28.1097],[97.3268,28.1374],[97.3517,28.1506],[97.3616,28.184],[97.4048,28.182],[97.35,28.2392]]]}},{"type":"Feature","properties":{"name":"Kayah","country":"Myanmar"},"geometry":{"type":"Polygon","coordinates":[[[97.3594,18.5989],[97.3088,18.6835],[97.2165,18.6766],[97.0945,18.6945],[97.0256,18.862],[96.995,18.881],[97.0045,18.9148],[96.9648,18.9457],[96.9427,18.9977],[96.9532,19.0195],[96.9268,19.0501],[96.9504,19.0709],[96.923,19.0934],[96.9307,19.1064],[96.9026,19.1562],[96.8865,19.15],[96.8493,19.1751],[96.8565,19.2078],[96.8198,19.2547],[96.8312,19.2748],[96.8222,19.3243],[96.8342,19.3327],[96.8662,19.2994],[96.8887,19.3746],[96.9659,19.4271],[96.9439,19.4574],[96.9087,19.4606],[96.91,19.4806],[96.8732,19.508],[96.8786,19.5245],[96.9087,19.5315],[96.8984,19.556],[96.912,19.577],[96.9448,19.5864],[96.9687,19.6321],[97.0157,19.6497],[97.0153,19.6907],[97.128,19.715],[97.1161,19.7507],[97.1593,19.7679],[97.1341,19.7991],[97.1469,19.8329],[97.1617,19.8355],[97.1409,19.9031],[97.1571,19.9558],[97.1443,19.9869],[97.1689,19.9967],[97.2093,19.9894],[97.2218,19.9076],[97.2589,19.8918],[97.3294,19.8976],[97.3352,19.9312],[97.3851,19.9564],[97.3999,19.9177],[97.4322,19.9031],[97.4429,19.8797],[97.5016,19.9023],[97.5256,19.8916],[97.5405,19.8806],[97.5278,19.8654],[97.5469,19.8337],[97.5925,19.831],[97.5621,19.7636],[97.5646,19.7269],[97.5929,19.7162],[97.6211,19.6766],[97.7359,19.6563],[97.7467,19.6757],[97.7963,19.6471],[97.8265,19.6562],[97.8524,19.6448],[97.8561,19.5298],[97.8888,19.5007],[97.8158,19.4134],[97.7875,19.401],[97.806,19.3823],[97.8006,19.3517],[97.8438,19.2918],[97.7923,19.2838],[97.7828,19.2639],[97.8467,19.2132],[97.8392,19.0963],[97.7731,19.0751],[97.7686,19.0431],[97.7361,19.0398],[97.7367,18.9763],[97.6683,18.9397],[97.7061,18.8969],[97.7419,18.8816],[97.7393,18.8289],[97.7645,18.7579],[97.7554,18.7201],[97.7744,18.6888],[97.7689,18.5785],[97.653,18.5751],[97.6364,18.5573],[97.6128,18.561],[97.6027,18.5361],[97.545,18.5288],[97.5345,18.4914],[97.4823,18.5101],[97.4505,18.4916],[97.4031,18.5659],[97.3643,18.5568],[97.3594,18.5989]]]}},{"type":"Feature","properties":{"name":"Kayin","country":"Myanmar"},"geometry":{"type":"MultiPolygon","coordinates":[[[[97.2165,18.6766],[97.3088,18.6835],[97.3373,18.643],[97.3594,18.5989],[97.3432,18.5755],[97.347,18.5445],[97.3844,18.5085],[97.4256,18.4074],[97.4522,18.3887],[97.4447,18.3375],[97.4697,18.3005],[97.5084,18.2658],[97.5339,18.2828],[97.5553,18.3382],[97.6274,18.3133],[97.6395,18.2803],[97.6153,18.2533],[97.6141,18.2261],[97.6733,18.1641],[97.6911,18.0911],[97.6821,18.0654],[97.7055,18.0588],[97.7372,17.9846],[97.7317,17.9531],[97.6898,17.9275],[97.6724,17.881],[97.7018,17.8179],[97.7201,17.8176],[97.7737,17.7521],[97.7646,17.7256],[97.7965,17.6789],[97.9063,17.5832],[97.9249,17.5387],[97.9928,17.5092],[98.057,17.4412],[98.0457,17.4298],[98.0796,17.391],[98.1102,17.3852],[98.1101,17.324],[98.2124,17.2298],[98.2438,17.2277],[98.2269,17.2051],[98.2444,17.212],[98.2498,17.1846],[98.2796,17.1726],[98.2709,17.1541],[98.2968,17.1496],[98.281,17.1177],[98.296,17.1283],[98.3021,17.1095],[98.3217,17.113],[98.3005,17.0925],[98.3261,17.0639],[98.3485,17.0509],[98.4113,17.0564],[98.4387,17.0361],[98.4313,17.0233],[98.4561,17.0227],[98.4487,16.9961],[98.4712,16.996],[98.4711,16.9679],[98.5087,16.9475],[98.4835,16.9362],[98.5083,16.91],[98.5211,16.9171],[98.5153,16.9],[98.5358,16.8998],[98.5404,16.8606],[98.5105,16.8795],[98.5167,16.8578],[98.4989,16.8608],[98.4963,16.8366],[98.5384,16.8297],[98.5486,16.814],[98.5166,16.8048],[98.5234,16.7915],[98.4845,16.7872],[98.4639,16.7298],[98.4715,16.7119],[98.5034,16.7123],[98.4987,16.6898],[98.5184,16.6995],[98.5118,16.6443],[98.5707,16.6329],[98.587,16.5839],[98.5777,16.5576],[98.6509,16.4725],[98.6579,16.4519],[98.6384,16.4112],[98.6562,16.399],[98.6734,16.2746],[98.7022,16.2696],[98.7283,16.3309],[98.7476,16.3476],[98.7782,16.3449],[98.831,16.4222],[98.883,16.4194],[98.9217,16.3915],[98.9008,16.3137],[98.9169,16.3049],[98.9114,16.2553],[98.8541,16.219],[98.8625,16.1704],[98.848,16.1287],[98.8044,16.1037],[98.7797,16.1252],[98.665,16.1271],[98.6746,16.0944],[98.6277,16.0614],[98.6306,16.0448],[98.5815,16.0617],[98.5648,16.0509],[98.6095,15.9705],[98.5847,15.9127],[98.5955,15.8758],[98.6104,15.8743],[98.5473,15.6831],[98.5863,15.4701],[98.5808,15.3804],[98.5568,15.3351],[98.5462,15.363],[98.4932,15.3917],[98.4569,15.3662],[98.4161,15.3643],[98.4148,15.322],[98.3872,15.3048],[98.4141,15.2932],[98.4176,15.2665],[98.4013,15.2538],[98.3536,15.2981],[98.3002,15.3134],[98.3039,15.2802],[98.2816,15.2718],[98.2635,15.2386],[98.2363,15.2373],[98.2289,15.2206],[98.2025,15.2356],[98.1842,15.3086],[98.134,15.3352],[98.0381,15.5135],[97.9482,15.6089],[97.9477,15.6456],[97.9223,15.6371],[97.9011,15.6743],[97.8669,15.6781],[97.8633,15.703],[97.885,15.7354],[97.8337,15.8656],[97.832,15.9073],[97.8501,15.9302],[97.8335,15.9747],[97.866,16.0349],[97.8133,16.126],[97.8719,16.1446],[97.9084,16.1323],[97.955,16.1588],[98.0303,16.1475],[98.0447,16.126],[98.0767,16.122],[98.077,16.1364],[98.1251,16.1575],[98.1282,16.1973],[98.0785,16.2465],[98.0814,16.2683],[98.044,16.3145],[97.9948,16.3345],[97.9803,16.4351],[97.9614,16.421],[97.9159,16.4272],[97.902,16.4584],[97.8567,16.4803],[97.8502,16.5454],[97.7897,16.5171],[97.7479,16.5618],[97.7098,16.5734],[97.7001,16.5732],[97.7042,16.5984],[97.6546,16.5932],[97.6403,16.6418],[97.6122,16.6534],[97.5598,16.7201],[97.5607,16.7838],[97.5126,16.8012],[97.5035,16.815],[97.5176,16.8355],[97.4851,16.849],[97.4875,16.8809],[97.4703,16.8704],[97.477,16.939],[97.4389,16.9923],[97.465,17.0043],[97.4412,17.0271],[97.471,17.0314],[97.4821,17.0538],[97.4654,17.0715],[97.4676,17.0877],[97.4737,17.0766],[97.4903,17.1151],[97.5066,17.1083],[97.4994,17.1219],[97.5158,17.1303],[97.4893,17.1881],[97.4961,17.2094],[97.5097,17.2078],[97.4784,17.2642],[97.5035,17.3028],[97.4373,17.4157],[97.4442,17.4438],[97.425,17.47],[97.4359,17.5429],[97.3986,17.5566],[97.3593,17.6368],[97.3768,17.6777],[97.4023,17.6865],[97.4028,17.7162],[97.3971,17.6978],[97.3685,17.7138],[97.3646,17.6755],[97.3423,17.6777],[97.3157,17.5839],[97.2748,17.6069],[97.2513,17.5777],[97.2353,17.5795],[97.2387,17.5438],[97.1934,17.5572],[97.205,17.6263],[97.171,17.6655],[97.1785,17.6783],[97.1556,17.7362],[97.1822,17.7612],[97.1948,17.8062],[97.1848,17.8326],[97.1588,17.8352],[97.1629,17.8739],[97.1157,17.96],[97.1176,17.9897],[97.1646,18.0446],[97.1935,18.1556],[97.1245,18.21],[97.1401,18.2503],[97.1075,18.3301],[97.0876,18.3272],[97.0768,18.2913],[97.0553,18.2924],[97.0441,18.3247],[97.0627,18.3413],[97.0383,18.3503],[97.033,18.3743],[96.9862,18.376],[96.9879,18.3951],[96.9561,18.4306],[96.9829,18.552],[96.9665,18.5579],[96.9728,18.6013],[96.9479,18.6177],[96.9478,18.6411],[96.9112,18.6513],[96.8619,18.6358],[96.8153,18.599],[96.7284,18.631],[96.6874,18.5991],[96.6665,18.6452],[96.6496,18.6469],[96.5848,18.7348],[96.5735,18.7903],[96.6548,18.7974],[96.6251,18.811],[96.629,18.8309],[96.595,18.8696],[96.6033,18.8954],[96.6224,18.9166],[96.6371,18.8942],[96.6424,18.9154],[96.6606,18.9083],[96.6746,18.9245],[96.6358,18.9498],[96.6226,18.9326],[96.5997,18.9516],[96.5841,18.9372],[96.5915,18.9598],[96.5647,18.9784],[96.5734,18.9931],[96.56,19.0235],[96.5722,19.0379],[96.5103,19.0901],[96.5132,19.133],[96.4954,19.1305],[96.4919,19.1449],[96.5543,19.1735],[96.4947,19.2099],[96.4682,19.2961],[96.4519,19.3028],[96.4646,19.3283],[96.4575,19.3634],[96.4079,19.4112],[96.4402,19.4447],[96.4184,19.4452],[96.3916,19.4739],[96.5004,19.4899],[96.5277,19.4704],[96.5727,19.4761],[96.6122,19.4275],[96.668,19.5091],[96.6903,19.4695],[96.6853,19.449],[96.7278,19.4485],[96.8012,19.4043],[96.8372,19.3388],[96.8222,19.3243],[96.8312,19.2748],[96.8198,19.2547],[96.8565,19.2078],[96.8493,19.1751],[96.8865,19.15],[96.9026,19.1562],[96.9173,19.1363],[96.923,19.0934],[96.9504,19.0709],[96.9268,19.0501],[96.9532,19.0195],[96.9427,18.9977],[96.9648,18.9457],[97.0045,18.9148],[96.995,18.881],[97.0256,18.862],[97.0945,18.6945],[97.2165,18.6766]]],[[[97.7131,16.5648],[97.6935,16.5665],[97.7171,16.5669],[97.7131,16.5648]]]]}},{"type":"Feature","properties":{"name":"Magway","country":"Myanmar"},"geometry":{"type":"Polygon","coordinates":[[[93.8605,20.65],[93.9234,20.6399],[93.9897,20.6822],[94.0455,20.6884],[94.0854,20.7551],[94.0416,20.8078],[94.0393,20.8276],[94.0649,20.8566],[94.0313,20.8872],[94.0036,20.9601],[94.0774,21.0346],[94.053,21.0673],[94.0915,21.0776],[94.12,21.1679],[94.0944,21.213],[94.1046,21.273],[94.0245,21.2812],[94.006,21.2996],[94.0577,21.331],[94.0462,21.3553],[94.0881,21.4613],[94.0769,21.4812],[94.0989,21.5282],[94.0926,21.5475],[94.1194,21.5791],[94.1033,21.6353],[94.0422,21.6715],[94.0062,21.7204],[93.9812,21.9244],[94.0175,21.9958],[94.0065,22.0809],[94.0418,22.1556],[94.0184,22.3665],[94.0579,22.4368],[94.0177,22.4397],[94.0478,22.4513],[94.0166,22.5954],[94.0489,22.6057],[94.0079,22.7371],[94.0752,22.7364],[94.1152,22.7711],[94.1197,22.7349],[94.0974,22.7322],[94.1157,22.7262],[94.1165,22.6985],[94.1728,22.6889],[94.1944,22.6617],[94.2446,22.5655],[94.2545,22.5079],[94.2759,22.489],[94.281,22.4403],[94.2609,22.3971],[94.2676,22.3149],[94.2449,22.296],[94.2707,22.1904],[94.2975,22.1366],[94.3253,22.1442],[94.3605,22.117],[94.4167,22.1366],[94.4354,22.0346],[94.4085,22.0009],[94.4252,21.9631],[94.4142,21.8317],[94.4525,21.8231],[94.5052,21.7841],[94.5438,21.7918],[94.5489,21.8454],[94.5956,21.833],[94.6111,21.8593],[94.6607,21.8725],[94.7544,21.8275],[94.8577,21.8642],[94.9054,21.8389],[94.9906,21.8249],[95.1204,21.8558],[95.1636,21.8345],[95.1607,21.8113],[95.2064,21.7395],[95.2435,21.7146],[95.243,21.6745],[95.2981,21.6536],[95.3216,21.6275],[95.342,21.576],[95.3199,21.5041],[95.3307,21.4763],[95.319,21.4543],[95.2733,21.4526],[95.2751,21.4218],[95.1705,21.3178],[95.1248,21.3257],[95.0193,21.2759],[94.9929,21.2358],[94.8538,21.1979],[94.8309,21.1037],[94.8313,20.9405],[94.85,20.9084],[94.875,20.905],[94.8807,20.8745],[94.9421,20.8584],[95.0224,20.8647],[95.0383,20.8466],[95.0407,20.7505],[95.0101,20.7371],[95.0176,20.6625],[95.0004,20.6662],[94.9918,20.6473],[95.0006,20.6184],[95.0442,20.5911],[95.0291,20.5427],[95.0797,20.5929],[95.08,20.6143],[95.1247,20.6182],[95.1759,20.6459],[95.2193,20.6365],[95.2758,20.6855],[95.283,20.709],[95.3064,20.7144],[95.3502,20.6838],[95.3695,20.6933],[95.3627,20.7035],[95.3971,20.6983],[95.4284,20.7192],[95.44,20.7704],[95.4828,20.7538],[95.5446,20.772],[95.5521,20.7455],[95.5828,20.738],[95.5985,20.6985],[95.5861,20.6291],[95.5702,20.6253],[95.576,20.5866],[95.613,20.5613],[95.6635,20.5571],[95.7121,20.5137],[95.7302,20.4668],[95.721,20.4419],[95.7555,20.3788],[95.7548,20.3633],[95.7238,20.3488],[95.7416,20.2764],[95.7704,20.2647],[95.7976,20.1644],[95.8342,20.144],[95.8013,20.0931],[95.8035,20.062],[95.7769,20.0489],[95.7939,20.0237],[95.7667,19.9825],[95.7954,19.948],[95.7876,19.9086],[95.8105,19.8783],[95.8175,19.8166],[95.7975,19.8191],[95.7871,19.7779],[95.7636,19.7584],[95.7806,19.723],[95.7666,19.6794],[95.7517,19.6803],[95.7127,19.6283],[95.7348,19.5984],[95.723,19.5615],[95.7428,19.5364],[95.7301,19.522],[95.814,19.4332],[95.8145,19.3848],[95.8564,19.3194],[95.8577,19.2592],[95.8454,19.2444],[95.8555,19.2274],[95.825,19.2023],[95.8264,19.1585],[95.7046,19.1914],[95.68,19.1683],[95.6163,19.154],[95.5078,19.1855],[95.4888,19.1881],[95.4737,19.1668],[95.4541,19.1834],[95.4284,19.1801],[95.3788,19.1023],[95.3567,19.0886],[95.3164,19.0991],[95.2727,19.0682],[95.2819,18.9967],[95.2558,18.9983],[95.2138,18.9642],[95.1641,18.956],[95.1427,18.9081],[95.1626,18.8839],[95.1373,18.8661],[95.0816,18.8641],[95.0573,18.832],[95.0189,18.8959],[94.9582,18.9393],[94.9269,18.929],[94.8335,18.9809],[94.6897,18.9639],[94.6676,19.0102],[94.6875,19.0365],[94.6547,19.0845],[94.5836,19.1551],[94.5362,19.1461],[94.5048,19.186],[94.4789,19.2655],[94.5325,19.2916],[94.5272,19.3406],[94.4993,19.3921],[94.4467,19.4362],[94.4313,19.4781],[94.3949,19.4989],[94.344,19.5632],[94.3393,19.6685],[94.281,19.8229],[94.3139,19.8487],[94.2971,19.9239],[94.2691,19.9312],[94.2381,19.9781],[94.205,20.062],[94.2124,20.1057],[94.1718,20.1259],[94.17,20.1696],[94.1366,20.2009],[94.1281,20.2788],[94.0812,20.3361],[94.0791,20.3734],[94.0436,20.3723],[93.9882,20.498],[93.9695,20.5248],[93.9417,20.5303],[93.9383,20.5587],[93.8473,20.5563],[93.861,20.5953],[93.8476,20.6318],[93.8605,20.65]]]}},{"type":"Feature","properties":{"name":"Mandalay","country":"Myanmar"},"geometry":{"type":"Polygon","coordinates":[[[95.319,21.4543],[95.3696,21.7037],[95.4208,21.756],[95.403,21.7906],[95.4316,21.7996],[95.5237,21.9068],[95.7117,21.9298],[95.7836,21.9217],[95.8723,21.9001],[95.9272,21.8515],[96.0,21.8817],[96.0242,21.9694],[96.0225,22.046],[95.9941,22.1108],[95.979,22.2856],[96.0098,22.2964],[96.0101,22.3183],[95.9641,22.379],[95.9578,22.4155],[95.9608,22.4751],[95.9957,22.5277],[95.9047,22.6731],[95.9001,22.7106],[95.9671,22.7453],[95.9746,23.0838],[95.995,23.1089],[95.9802,23.1593],[95.9592,23.1661],[95.9579,23.2523],[95.9307,23.2746],[95.9502,23.3311],[95.9041,23.3703],[95.907,23.4089],[95.9668,23.4606],[95.9701,23.5329],[96.0099,23.5118],[96.0347,23.6025],[96.0838,23.6241],[96.0934,23.6435],[96.0808,23.6576],[96.109,23.682],[96.1365,23.6801],[96.1213,23.6377],[96.1422,23.6191],[96.1445,23.569],[96.1692,23.5936],[96.2113,23.6007],[96.2281,23.5773],[96.2505,23.5758],[96.2737,23.6146],[96.2665,23.6258],[96.3155,23.6421],[96.3399,23.6347],[96.3924,23.567],[96.31,23.4982],[96.3172,23.4766],[96.2924,23.4573],[96.3036,23.4282],[96.2467,23.4024],[96.2276,23.3681],[96.2337,23.3397],[96.2148,23.3318],[96.1903,23.3566],[96.1654,23.3291],[96.1984,23.2984],[96.1828,23.2729],[96.1765,23.1898],[96.1521,23.1598],[96.1532,23.1213],[96.1941,23.0907],[96.2045,23.0679],[96.193,23.0439],[96.237,23.0136],[96.3353,23.0042],[96.4547,23.0335],[96.4704,23.0226],[96.5152,23.0532],[96.5441,23.0203],[96.6239,22.9796],[96.6799,22.9855],[96.7135,22.9604],[96.7157,22.9367],[96.6723,22.8921],[96.6651,22.8496],[96.6403,22.8241],[96.6088,22.8156],[96.5397,22.8303],[96.4576,22.7848],[96.395,22.8065],[96.3924,22.7919],[96.3818,22.8015],[96.3557,22.7781],[96.2867,22.7801],[96.2728,22.7932],[96.2042,22.7375],[96.2238,22.7113],[96.2182,22.6928],[96.2417,22.7004],[96.2399,22.6393],[96.2977,22.5731],[96.2896,22.5288],[96.3314,22.504],[96.3337,22.4672],[96.3201,22.4537],[96.3293,22.3681],[96.4093,22.364],[96.4726,22.2563],[96.4801,22.1601],[96.4947,22.1428],[96.548,22.1396],[96.5584,22.1103],[96.6385,22.1113],[96.6558,22.0895],[96.7161,22.0901],[96.7539,22.0709],[96.7547,22.007],[96.857,21.8692],[96.8437,21.8463],[96.8757,21.823],[96.896,21.7428],[96.8492,21.7413],[96.807,21.7743],[96.8067,21.7448],[96.7664,21.7158],[96.7379,21.7046],[96.704,21.7257],[96.6831,21.7115],[96.5809,21.5953],[96.5446,21.5989],[96.4657,21.5563],[96.3408,21.5508],[96.3206,21.5355],[96.3415,21.4888],[96.3178,21.4625],[96.2871,21.4633],[96.3057,21.371],[96.2906,21.3571],[96.3132,21.351],[96.3364,21.2407],[96.3654,21.2154],[96.3774,21.1757],[96.3628,21.1596],[96.2936,21.1734],[96.2324,21.151],[96.2177,21.1289],[96.2302,21.0885],[96.2036,21.071],[96.2183,21.0052],[96.244,21.0018],[96.2458,20.9803],[96.3891,20.9295],[96.4277,20.943],[96.4338,20.9181],[96.4679,20.9027],[96.5075,20.9214],[96.523,20.8868],[96.5497,20.8933],[96.5735,20.8714],[96.5639,20.7826],[96.4786,20.7693],[96.4831,20.7537],[96.455,20.7307],[96.4607,20.7034],[96.4393,20.6925],[96.4723,20.6239],[96.5133,20.6019],[96.517,20.5793],[96.5528,20.5975],[96.5436,20.5125],[96.4924,20.5083],[96.4951,20.4795],[96.4735,20.4706],[96.4613,20.4267],[96.4746,20.3696],[96.5003,20.338],[96.4947,20.3195],[96.5468,20.2219],[96.4409,20.1364],[96.4528,20.0893],[96.4758,20.07],[96.4678,20.056],[96.443,20.0519],[96.4284,20.0195],[96.4026,20.0305],[96.3635,20.013],[96.4552,19.8946],[96.4439,19.877],[96.4535,19.8504],[96.5214,19.8581],[96.5509,19.8328],[96.5606,19.791],[96.6074,19.7323],[96.6312,19.7273],[96.6561,19.695],[96.5455,19.6175],[96.5585,19.5865],[96.6479,19.577],[96.6755,19.5186],[96.6502,19.5002],[96.62,19.4294],[96.5727,19.4761],[96.5277,19.4704],[96.5004,19.4899],[96.4704,19.4765],[96.2802,19.4733],[96.1796,19.4933],[96.1625,19.4429],[96.1375,19.4428],[96.1271,19.417],[96.1052,19.4173],[96.0536,19.4627],[96.0366,19.4533],[95.9421,19.4812],[95.9059,19.4732],[95.8948,19.4376],[95.8715,19.4367],[95.7461,19.4908],[95.7301,19.522],[95.7428,19.5364],[95.723,19.5615],[95.7348,19.5984],[95.7127,19.6283],[95.7517,19.6803],[95.7666,19.6794],[95.7806,19.723],[95.7636,19.7584],[95.7871,19.7779],[95.7975,19.8191],[95.8175,19.8166],[95.8105,19.8783],[95.7876,19.9086],[95.7954,19.948],[95.7667,19.9825],[95.7939,20.0237],[95.7769,20.0489],[95.8035,20.062],[95.8013,20.0931],[95.8342,20.144],[95.7976,20.1644],[95.7704,20.2647],[95.7416,20.2764],[95.7238,20.3488],[95.7548,20.3633],[95.7555,20.3788],[95.721,20.4419],[95.7302,20.4668],[95.7121,20.5137],[95.6635,20.5571],[95.613,20.5613],[95.576,20.5866],[95.5702,20.6253],[95.5861,20.6291],[95.5985,20.6985],[95.5828,20.738],[95.5521,20.7455],[95.5446,20.772],[95.4828,20.7538],[95.44,20.7704],[95.4284,20.7192],[95.3971,20.6983],[95.3627,20.7035],[95.3695,20.6933],[95.3502,20.6838],[95.3064,20.7144],[95.283,20.709],[95.2758,20.6855],[95.2193,20.6365],[95.1759,20.6459],[95.1247,20.6182],[95.08,20.6143],[95.0797,20.5929],[95.0256,20.5448],[95.0442,20.5911],[95.0006,20.6184],[94.9918,20.6473],[95.0004,20.6662],[95.0176,20.6625],[95.0101,20.7371],[95.0407,20.7505],[95.0383,20.8466],[95.0224,20.8647],[94.9421,20.8584],[94.8807,20.8745],[94.875,20.905],[94.8461,20.9126],[94.8313,20.9405],[94.8386,21.1526],[94.8563,21.2009],[94.9929,21.2358],[95.0193,21.2759],[95.1248,21.3257],[95.1705,21.3178],[95.2751,21.4218],[95.2733,21.4526],[95.319,21.4543]]]}},{"type":"Feature","properties":{"name":"Mon","country":"Myanmar"},"geometry":{"type":"MultiPolygon","coordinates":[[[[97.5851,16.2438],[97.5711,16.2819],[97.592,16.3391],[97.6107,16.2761],[97.5851,16.2438]]],[[[97.6049,16.372],[97.6013,16.3956],[97.6048,16.4085],[97.6094,16.3975],[97.6049,16.372]]],[[[97.7358,15.06],[97.726,15.0652],[97.7411,15.078],[97.7358,15.06]]],[[[97.743,15.0829],[97.7376,15.0979],[97.7411,15.0986],[97.743,15.0829]]],[[[97.7395,15.2049],[97.7291,15.2013],[97.7368,15.2113],[97.7395,15.2049]]],[[[97.6574,15.5029],[97.6582,15.5325],[97.6436,15.5887],[97.6594,15.5733],[97.6574,15.5029]]],[[[97.4839,16.5074],[97.6022,16.4922],[97.609,16.4616],[97.5771,16.3963],[97.5889,16.3676],[97.5562,16.2909],[97.5596,16.2027],[97.526,16.1974],[97.5018,16.2218],[97.5066,16.2464],[97.477,16.2775],[97.4824,16.2893],[97.4571,16.3089],[97.4755,16.3588],[97.4577,16.4334],[97.436,16.4599],[97.4462,16.4875],[97.4839,16.5074]]],[[[97.8502,16.5454],[97.8567,16.4803],[97.902,16.4584],[97.9159,16.4272],[97.9614,16.421],[97.9803,16.4351],[97.9948,16.3345],[98.0729,16.2843],[98.0785,16.2465],[98.1282,16.1973],[98.1288,16.1785],[98.1251,16.1575],[98.0709,16.121],[98.0447,16.126],[98.0303,16.1475],[97.955,16.1588],[97.9084,16.1323],[97.8719,16.1446],[97.8133,16.126],[97.866,16.0349],[97.8335,15.9747],[97.8501,15.9302],[97.832,15.9073],[97.8337,15.8656],[97.885,15.7354],[97.8633,15.703],[97.8669,15.6781],[97.9011,15.6743],[97.9223,15.6371],[97.9477,15.6456],[97.9482,15.6089],[98.0381,15.5135],[98.134,15.3352],[98.1842,15.3086],[98.2143,15.1811],[98.1823,15.1105],[98.1941,15.0775],[98.2118,15.0765],[98.235,15.0437],[98.213,15.0205],[98.2082,14.9819],[98.1827,14.9702],[98.169,14.9848],[98.0933,14.9948],[98.0489,15.0405],[98.043,15.0793],[98.0177,15.1049],[97.9593,15.0845],[97.9497,15.0585],[97.8836,15.082],[97.8676,14.9367],[97.8362,14.9311],[97.8284,14.8775],[97.808,14.8912],[97.7933,14.8806],[97.7906,14.8853],[97.811,14.9651],[97.8001,14.9875],[97.8177,15.015],[97.7915,14.9903],[97.7707,15.0186],[97.7975,15.0352],[97.7823,15.0691],[97.7964,15.0717],[97.8056,15.1064],[97.8042,15.1503],[97.7861,15.1789],[97.809,15.2057],[97.8325,15.1755],[97.8407,15.1952],[97.7933,15.2202],[97.7915,15.1949],[97.7673,15.1957],[97.7337,15.2429],[97.7364,15.2988],[97.717,15.3272],[97.7425,15.3993],[97.7633,15.3781],[97.7591,15.3908],[97.7861,15.3991],[97.7749,15.4411],[97.7342,15.4905],[97.7483,15.5257],[97.7711,15.5365],[97.7582,15.5373],[97.728,15.6073],[97.7323,15.6527],[97.7102,15.7083],[97.7204,15.7177],[97.6982,15.7577],[97.7158,15.7726],[97.7199,15.8567],[97.7007,15.8598],[97.7109,15.8712],[97.6704,15.9151],[97.6057,15.9535],[97.5853,16.0092],[97.5715,16.0095],[97.5572,16.0797],[97.5951,16.0907],[97.5811,16.1003],[97.6106,16.1363],[97.6375,16.2163],[97.6368,16.314],[97.611,16.3626],[97.6304,16.3933],[97.6119,16.4336],[97.6194,16.4989],[97.6471,16.5006],[97.6864,16.5594],[97.7385,16.5603],[97.7629,16.5252],[97.8009,16.5101],[97.8502,16.5454]]],[[[97.6546,16.5932],[97.7042,16.5984],[97.7045,16.5826],[97.6651,16.5589],[97.6546,16.5932]]],[[[97.6564,16.5184],[97.6419,16.5109],[97.6557,16.5238],[97.6564,16.5184]]],[[[97.5325,16.5183],[97.555,16.5051],[97.523,16.5154],[97.5325,16.5183]]],[[[97.576,16.5293],[97.5997,16.5004],[97.5511,16.5231],[97.576,16.5293]]],[[[97.5354,16.5355],[97.5043,16.5299],[97.5208,16.545],[97.5354,16.5355]]],[[[97.645,16.5892],[97.6592,16.5445],[97.6281,16.5312],[97.645,16.5892]]],[[[97.6236,16.5396],[97.6133,16.5793],[97.6458,16.6067],[97.6481,16.6031],[97.6236,16.5396]]],[[[97.1029,17.4808],[97.2387,17.5438],[97.2353,17.5795],[97.2513,17.5777],[97.2748,17.6069],[97.3157,17.5839],[97.3423,17.6777],[97.3646,17.6755],[97.3685,17.7138],[97.3971,17.6978],[97.4028,17.7162],[97.4023,17.6865],[97.3768,17.6777],[97.3593,17.6368],[97.3986,17.5566],[97.4393,17.5324],[97.425,17.47],[97.4442,17.4438],[97.4452,17.3895],[97.5035,17.3028],[97.4784,17.2642],[97.5097,17.2078],[97.4961,17.2094],[97.4893,17.1881],[97.5158,17.1303],[97.4994,17.1219],[97.5066,17.1083],[97.4903,17.1151],[97.4737,17.0766],[97.4676,17.0877],[97.4821,17.0538],[97.4671,17.0291],[97.4422,17.0343],[97.4568,17.0187],[97.447,17.0108],[97.465,17.0043],[97.4389,16.9923],[97.477,16.939],[97.4703,16.8704],[97.4875,16.8809],[97.4851,16.849],[97.5176,16.8355],[97.5035,16.815],[97.5126,16.8012],[97.5607,16.7838],[97.5598,16.7201],[97.6122,16.6534],[97.6041,16.5784],[97.6172,16.5206],[97.5203,16.5469],[97.4421,16.5412],[97.3597,16.5061],[97.325,16.6141],[97.3259,16.6627],[97.3011,16.6483],[97.2333,16.6807],[97.2423,16.7025],[97.221,16.7342],[97.2334,16.7875],[97.2138,16.8836],[97.1672,16.9424],[97.1726,17.0608],[97.1427,17.0876],[97.1659,17.1219],[97.1336,17.1234],[97.1056,17.0008],[97.1231,16.9501],[97.103,16.914],[97.0837,16.9147],[97.0282,17.0156],[97.063,17.1019],[97.0539,17.1613],[96.9463,17.2337],[96.9505,17.2883],[96.9357,17.3093],[96.8866,17.3123],[96.8804,17.3399],[96.8964,17.3789],[96.874,17.4362],[96.8683,17.545],[96.8879,17.6172],[96.9387,17.6122],[96.9452,17.625],[96.9698,17.6068],[96.9944,17.6109],[97.0192,17.5698],[97.0967,17.5369],[97.1029,17.4808]]]]}},{"type":"Feature","properties":{"name":"Rakhine","country":"Myanmar"},"geometry":{"type":"MultiPolygon","coordinates":[[[[94.3715,18.3469],[94.3693,18.3511],[94.3753,18.3525],[94.3715,18.3469]]],[[[94.2366,18.54],[94.2371,18.5317],[94.227,18.538],[94.2366,18.54]]],[[[93.7836,18.6021],[93.773,18.6217],[93.7957,18.6677],[93.7992,18.6098],[93.7836,18.6021]]],[[[93.8209,18.7186],[93.8066,18.7172],[93.8144,18.7325],[93.8209,18.7186]]],[[[94.0111,18.728],[93.9901,18.7293],[93.9757,18.741],[93.9911,18.7511],[94.0111,18.728]]],[[[94.7982,18.371],[94.8525,18.314],[94.88,18.3037],[94.8733,18.2696],[94.8863,18.2539],[94.8708,18.2279],[94.9018,18.1965],[94.8521,18.1422],[94.8781,18.0678],[94.8172,17.9944],[94.847,17.9234],[94.8815,17.8984],[94.8726,17.8692],[94.8854,17.8306],[94.8706,17.8125],[94.8714,17.7204],[94.7876,17.6547],[94.7902,17.5851],[94.7739,17.5666],[94.804,17.5161],[94.8064,17.4792],[94.7203,17.3361],[94.6474,17.41],[94.6229,17.394],[94.6042,17.4359],[94.5657,17.4594],[94.5367,17.5547],[94.5567,17.5975],[94.6022,17.5425],[94.6047,17.5025],[94.6059,17.5483],[94.5675,17.5925],[94.5843,17.6229],[94.5794,17.651],[94.5547,17.6325],[94.5505,17.6725],[94.5359,17.6797],[94.5275,17.7067],[94.5425,17.7347],[94.4779,17.7853],[94.4901,17.8236],[94.4805,17.9017],[94.4293,18.0009],[94.4555,17.9883],[94.4692,18.0086],[94.4898,17.993],[94.4735,18.0126],[94.4747,18.0809],[94.4492,18.1396],[94.4325,18.14],[94.4425,18.1617],[94.453,18.1512],[94.455,18.2079],[94.435,18.1717],[94.4117,18.2008],[94.4275,18.2046],[94.4119,18.2433],[94.32,18.2504],[94.3238,18.31],[94.3483,18.2962],[94.3446,18.3158],[94.3825,18.2825],[94.3781,18.3024],[94.4047,18.3152],[94.3895,18.3246],[94.3967,18.3483],[94.3785,18.3659],[94.3354,18.3642],[94.3164,18.4381],[94.2442,18.5238],[94.2675,18.5362],[94.2571,18.5458],[94.2675,18.555],[94.2471,18.5458],[94.2408,18.6421],[94.1386,18.7408],[94.2205,18.6882],[94.1647,18.7333],[94.215,18.7238],[94.272,18.7375],[94.2444,18.7361],[94.2456,18.7518],[94.2383,18.7366],[94.2088,18.7337],[94.201,18.7462],[94.2229,18.7839],[94.198,18.7524],[94.1844,18.7606],[94.1973,18.796],[94.1771,18.7805],[94.1395,18.8191],[94.1749,18.8421],[94.1451,18.8316],[94.1479,18.8834],[94.1672,18.8929],[94.1511,18.8909],[94.1159,18.8534],[94.1244,18.8794],[94.1151,18.8813],[94.1017,18.8726],[94.0895,18.8529],[94.0742,18.866],[94.0616,18.8478],[94.019,18.8543],[94.0427,18.8891],[94.0548,18.8923],[94.0639,18.8753],[94.0735,18.8727],[94.0906,18.8835],[94.1053,18.9059],[94.1131,18.9662],[94.0851,18.8829],[94.07,18.8744],[94.057,18.8956],[94.0289,18.8949],[94.0381,18.9307],[94.0555,18.9404],[94.0301,18.9982],[94.0655,19.0426],[94.0479,19.0468],[94.0679,19.0749],[94.1179,19.0834],[94.0893,19.0846],[94.0934,19.1033],[94.1123,19.11],[94.1152,19.1249],[94.1254,19.1132],[94.1295,19.1127],[94.1435,19.1219],[94.1159,19.1265],[94.1123,19.1239],[94.1104,19.1113],[94.0934,19.1053],[94.0837,19.0847],[94.0278,19.0789],[94.0321,19.1058],[94.0767,19.1279],[94.0932,19.1498],[94.1282,19.1487],[94.1348,19.1624],[94.1324,19.1733],[94.1268,19.1505],[94.0959,19.1508],[94.0899,19.1827],[94.0903,19.151],[94.0631,19.1265],[94.0711,19.1674],[94.0627,19.1884],[94.058,19.1267],[94.0378,19.1208],[94.0294,19.1379],[94.0491,19.2299],[94.0749,19.2334],[94.0527,19.237],[94.0375,19.2818],[94.0433,19.3245],[94.0762,19.3719],[94.0704,19.385],[94.057,19.3542],[94.0346,19.3438],[94.0338,19.2161],[94.013,19.1817],[93.9952,19.1917],[93.9957,19.216],[93.9887,19.2243],[93.9922,19.1929],[94.0091,19.1593],[94.0056,19.1546],[93.9527,19.1442],[93.9323,19.1788],[93.9457,19.1895],[93.936,19.2051],[93.9068,19.1984],[93.9681,19.1214],[93.9537,19.0501],[93.9873,18.9682],[93.9556,18.9191],[93.9588,18.8984],[93.9383,18.8838],[93.9368,18.846],[93.8968,18.8916],[93.8639,18.8972],[93.8074,18.9471],[93.7636,18.973],[93.7272,18.9689],[93.7025,19.0095],[93.667,19.0131],[93.6669,19.0728],[93.6384,19.1347],[93.5933,19.1566],[93.4715,19.3555],[93.4876,19.4148],[93.5459,19.4363],[93.5698,19.4186],[93.5538,19.4088],[93.6004,19.4131],[93.6341,19.3656],[93.6346,19.3395],[93.6185,19.3447],[93.6008,19.3226],[93.6194,19.3427],[93.6661,19.3138],[93.6418,19.2408],[93.6397,19.2092],[93.6488,19.2489],[93.6641,19.2402],[93.6593,19.2785],[93.6944,19.3082],[93.7841,19.2288],[93.8168,19.2248],[93.8675,19.2522],[93.8704,19.2366],[93.8862,19.2079],[93.8718,19.2524],[93.9359,19.3047],[93.9655,19.3031],[93.9412,19.3221],[93.971,19.3508],[93.9748,19.3842],[94.0107,19.3809],[93.9756,19.3979],[93.9668,19.3596],[93.8921,19.291],[93.8785,19.3108],[93.9141,19.331],[93.9158,19.379],[93.913,19.3361],[93.8806,19.3208],[93.8874,19.3531],[93.8567,19.3872],[93.8839,19.3518],[93.8662,19.3054],[93.8396,19.2958],[93.7956,19.3095],[93.7693,19.3014],[93.735,19.3503],[93.7718,19.3384],[93.7776,19.3394],[93.7768,19.3509],[93.774,19.3392],[93.7326,19.3535],[93.7272,19.3872],[93.7059,19.4019],[93.7249,19.4116],[93.7348,19.3983],[93.7296,19.4122],[93.7257,19.4138],[93.7109,19.4075],[93.6852,19.4065],[93.6347,19.4819],[93.6432,19.4927],[93.6683,19.4813],[93.6418,19.5082],[93.6839,19.5665],[93.7438,19.5498],[93.742,19.5247],[93.7698,19.5092],[93.7679,19.4857],[93.7724,19.5058],[93.8194,19.4795],[93.86,19.4873],[93.8581,19.4408],[93.8763,19.4734],[93.9761,19.4193],[93.9901,19.4351],[93.9909,19.4596],[93.9559,19.4453],[93.9031,19.4674],[93.9404,19.4998],[93.9491,19.5305],[93.9374,19.5658],[93.9419,19.5207],[93.9146,19.4851],[93.7717,19.5885],[93.792,19.602],[93.8177,19.5965],[93.822,19.5849],[93.8292,19.5841],[93.8241,19.6035],[93.7877,19.6064],[93.7632,19.5925],[93.7201,19.6183],[93.7719,19.6646],[93.8178,19.6379],[93.8261,19.6386],[93.7802,19.6718],[93.7875,19.6862],[93.8377,19.6603],[93.8501,19.6625],[93.7984,19.6873],[93.818,19.7122],[93.8164,19.7264],[93.8083,19.7349],[93.804,19.7302],[93.8016,19.7055],[93.7628,19.6767],[93.7274,19.6728],[93.7081,19.6966],[93.7244,19.7482],[93.7885,19.7632],[93.7852,19.8106],[93.7992,19.8328],[93.7811,19.8673],[93.8008,19.8697],[93.7914,19.8867],[93.8029,19.8978],[93.7928,19.9158],[93.787,19.8859],[93.7954,19.8699],[93.7179,19.8973],[93.7113,19.9118],[93.745,19.9182],[93.7124,19.9315],[93.71,19.9658],[93.7054,19.9675],[93.7062,19.9124],[93.6316,19.9184],[93.5908,19.9096],[93.5564,19.8841],[93.5394,19.9071],[93.5776,19.9218],[93.5383,19.9218],[93.5463,19.9386],[93.5191,19.9229],[93.5099,19.951],[93.5348,19.9574],[93.5036,19.9745],[93.5228,19.9923],[93.5466,19.9895],[93.5132,19.9975],[93.4963,19.9831],[93.4757,20.001],[93.4448,19.9994],[93.4406,19.9961],[93.4408,19.9873],[93.4469,19.9708],[93.4606,19.9567],[93.4541,19.9475],[93.4197,19.9707],[93.3785,20.0699],[93.3819,20.0858],[93.4069,20.0802],[93.4207,20.1164],[93.4118,20.1742],[93.3602,20.2816],[93.3372,20.2859],[93.3415,20.3082],[93.3277,20.311],[93.3254,20.3341],[93.2895,20.3432],[93.3261,20.3914],[93.3287,20.4229],[93.3209,20.3923],[93.2767,20.3572],[93.2835,20.3303],[93.2446,20.3191],[93.2337,20.2997],[93.227,20.2772],[93.2505,20.2518],[93.2131,20.2453],[93.1691,20.1963],[93.1027,20.1929],[93.1439,20.2186],[93.1679,20.2572],[93.1916,20.2682],[93.1908,20.2886],[93.2137,20.2924],[93.2195,20.3103],[93.2152,20.3219],[93.2093,20.3253],[93.2117,20.2948],[93.1874,20.29],[93.19,20.2709],[93.1626,20.2576],[93.1411,20.2209],[93.1222,20.2215],[93.0164,20.1374],[92.992,20.1423],[92.9967,20.214],[93.0351,20.3317],[93.0884,20.3771],[93.1227,20.3842],[93.0911,20.3842],[93.0778,20.4053],[93.1135,20.4178],[93.1162,20.4273],[93.0983,20.5095],[93.0919,20.5138],[93.0843,20.5154],[93.0841,20.5827],[93.0402,20.6023],[93.01,20.643],[93.0238,20.6114],[93.0429,20.594],[93.0798,20.5827],[93.0806,20.5679],[93.0207,20.4271],[93.013,20.3052],[92.9579,20.2348],[92.9505,20.2369],[92.95,20.2542],[92.9441,20.2636],[92.9454,20.273],[92.9373,20.2821],[92.9515,20.2261],[92.9209,20.1967],[92.9128,20.2108],[92.9245,20.2321],[92.9197,20.247],[92.909,20.2123],[92.8961,20.2155],[92.8871,20.2151],[92.8929,20.2227],[92.8815,20.2518],[92.8998,20.2557],[92.8814,20.2567],[92.879,20.2401],[92.8901,20.2243],[92.8855,20.2144],[92.9113,20.21],[92.9219,20.1896],[92.8964,20.114],[92.8468,20.1318],[92.7599,20.197],[92.7875,20.2579],[92.7862,20.2346],[92.7902,20.2198],[92.7983,20.2131],[92.8127,20.2099],[92.7928,20.2204],[92.792,20.2597],[92.8619,20.3002],[92.8926,20.2979],[92.9307,20.3145],[92.9221,20.3243],[92.9441,20.3397],[92.9488,20.3484],[92.9456,20.3844],[92.9306,20.399],[92.9506,20.4111],[92.9282,20.3996],[92.9465,20.3456],[92.9206,20.3282],[92.9197,20.3221],[92.9268,20.3157],[92.8731,20.3105],[92.8651,20.3507],[92.8351,20.3935],[92.8509,20.3945],[92.8725,20.3858],[92.9181,20.3802],[92.9062,20.4235],[92.93,20.4294],[92.9325,20.4377],[92.8982,20.4875],[92.8865,20.496],[92.8754,20.4932],[92.8931,20.4897],[92.931,20.4339],[92.9034,20.4264],[92.9154,20.3813],[92.8719,20.3897],[92.8406,20.3992],[92.8432,20.4038],[92.8587,20.4034],[92.8691,20.4099],[92.8414,20.4165],[92.8416,20.4413],[92.8071,20.4726],[92.8081,20.4935],[92.8057,20.5018],[92.7968,20.5105],[92.7682,20.4939],[92.7674,20.4788],[92.749,20.4818],[92.7353,20.5198],[92.7449,20.552],[92.7271,20.5792],[92.7479,20.5828],[92.7508,20.5888],[92.7499,20.6023],[92.7262,20.6167],[92.7494,20.5885],[92.7271,20.5825],[92.7074,20.6132],[92.6887,20.6228],[92.6376,20.7043],[92.6418,20.7286],[92.6357,20.7033],[92.5987,20.6922],[92.5807,20.7232],[92.5954,20.7283],[92.5971,20.7343],[92.5804,20.7367],[92.5909,20.7528],[92.5696,20.7847],[92.6004,20.7989],[92.6052,20.806],[92.6074,20.8226],[92.5974,20.7981],[92.568,20.7876],[92.5635,20.7907],[92.5666,20.7975],[92.563,20.8074],[92.5495,20.8148],[92.5551,20.8513],[92.5478,20.8166],[92.5731,20.7571],[92.5884,20.7513],[92.5787,20.7356],[92.5951,20.7337],[92.5787,20.7238],[92.5912,20.6946],[92.6109,20.6831],[92.637,20.6988],[92.6945,20.6076],[92.6938,20.5866],[92.7322,20.5585],[92.7213,20.4988],[92.7477,20.4117],[92.7311,20.3772],[92.7457,20.2708],[92.7352,20.2697],[92.6276,20.4481],[92.6405,20.453],[92.6544,20.4709],[92.6248,20.4524],[92.5283,20.5495],[92.5117,20.6059],[92.381,20.7033],[92.4009,20.7082],[92.3722,20.7646],[92.3876,20.7658],[92.3664,20.7717],[92.3681,20.7955],[92.359,20.7825],[92.3361,20.8528],[92.3485,20.8538],[92.3545,20.8663],[92.3655,20.8611],[92.3803,20.8675],[92.3791,20.8921],[92.3786,20.8687],[92.3525,20.8675],[92.3407,20.8557],[92.3119,20.9041],[92.3395,20.9159],[92.3477,20.9423],[92.3617,20.9389],[92.3639,20.9429],[92.3481,20.9699],[92.36,20.9413],[92.3478,20.9461],[92.3367,20.9171],[92.3127,20.9113],[92.2753,20.9526],[92.2629,21.0448],[92.2805,21.0407],[92.3305,21.0793],[92.2707,21.0441],[92.2243,21.1187],[92.2015,21.1231],[92.2001,21.1599],[92.1727,21.1699],[92.2202,21.2316],[92.1991,21.3266],[92.2586,21.3613],[92.2692,21.4278],[92.3291,21.42],[92.3432,21.4657],[92.3806,21.4796],[92.4244,21.433],[92.4265,21.3747],[92.4393,21.3645],[92.5021,21.3557],[92.5085,21.3761],[92.558,21.3825],[92.5984,21.2469],[92.6864,21.2822],[92.7382,21.1984],[92.7637,21.2073],[92.7837,21.1898],[92.8065,21.1014],[92.8389,21.0946],[92.8424,21.1054],[92.8692,21.0658],[92.9192,21.1137],[92.964,21.1134],[92.9892,21.0796],[93.0348,21.0776],[93.0469,21.0615],[93.077,21.0701],[93.0799,21.0846],[93.1298,21.0883],[93.1223,21.0558],[93.1415,20.9698],[93.1313,20.9496],[93.16,20.8435],[93.1755,20.8333],[93.2085,20.8511],[93.2354,20.8346],[93.2538,20.8436],[93.2436,20.8098],[93.3111,20.7909],[93.3215,20.7613],[93.3902,20.7712],[93.3991,20.7348],[93.4218,20.7433],[93.4596,20.7271],[93.4853,20.7433],[93.5195,20.7091],[93.552,20.7113],[93.5637,20.7342],[93.6308,20.7224],[93.6296,20.7528],[93.6009,20.7903],[93.5989,20.8469],[93.6274,20.8624],[93.629,20.9151],[93.6434,20.924],[93.6958,20.9202],[93.7436,20.8459],[93.763,20.7648],[93.8231,20.7747],[93.8288,20.7334],[93.8503,20.7118],[93.8407,20.6875],[93.8661,20.6633],[93.8476,20.6318],[93.861,20.5953],[93.8473,20.5563],[93.9383,20.5587],[93.9417,20.5303],[93.9695,20.5248],[93.9882,20.498],[94.0436,20.3723],[94.0791,20.3734],[94.0812,20.3361],[94.1281,20.2788],[94.1366,20.2009],[94.17,20.1696],[94.1718,20.1259],[94.2124,20.1057],[94.205,20.062],[94.2381,19.9781],[94.2691,19.9312],[94.2971,19.9239],[94.3139,19.8487],[94.281,19.8229],[94.3393,19.6685],[94.344,19.5632],[94.3949,19.4989],[94.4313,19.4781],[94.4467,19.4362],[94.4993,19.3921],[94.5272,19.3406],[94.5325,19.2916],[94.4789,19.2655],[94.5048,19.186],[94.5362,19.1461],[94.5836,19.1551],[94.6547,19.0845],[94.6875,19.0365],[94.6676,19.0102],[94.7016,18.9215],[94.744,18.9003],[94.7585,18.8758],[94.7513,18.8293],[94.7119,18.8286],[94.6856,18.8027],[94.7471,18.6828],[94.7466,18.6569],[94.7016,18.6546],[94.69,18.6261],[94.7285,18.5736],[94.7655,18.5645],[94.7339,18.4679],[94.7576,18.4569],[94.7982,18.371]]],[[[93.6366,18.8892],[93.6923,18.8738],[93.7486,18.8882],[93.7575,18.7253],[93.7264,18.6762],[93.7033,18.6665],[93.6343,18.6822],[93.5449,18.7668],[93.4783,18.8701],[93.55,18.881],[93.6142,18.9196],[93.6366,18.8892]]],[[[93.9722,18.8393],[93.9935,18.7784],[93.962,18.7777],[93.9342,18.8239],[93.9722,18.8393]]],[[[94.116,18.8517],[94.1396,18.8646],[94.1287,18.812],[94.0867,18.8144],[94.0622,18.8331],[94.0735,18.8617],[94.092,18.8501],[94.1213,18.8792],[94.114,18.8673],[94.116,18.8517]]],[[[94.0037,19.0928],[93.9954,19.1078],[94.0102,19.1141],[94.0168,19.1082],[94.0037,19.0928]]],[[[94.0285,19.0229],[94.0447,19.044],[94.0607,19.0411],[94.0461,19.0233],[94.0285,19.0229]]],[[[94.0412,19.0457],[94.0165,19.0481],[94.0412,19.0663],[94.0412,19.0457]]],[[[93.8329,19.2551],[93.8199,19.2635],[93.8348,19.2632],[93.8329,19.2551]]],[[[93.7592,19.2804],[93.7423,19.2809],[93.7426,19.2838],[93.7592,19.2804]]],[[[93.8634,19.2975],[93.8632,19.2776],[93.8425,19.2705],[93.8462,19.2787],[93.8453,19.2952],[93.8634,19.2975]]],[[[93.8404,19.2714],[93.793,19.2684],[93.7721,19.2961],[93.8289,19.2974],[93.8448,19.2914],[93.8404,19.2714]]],[[[93.4433,19.7488],[93.4942,19.7133],[93.502,19.6745],[93.4561,19.6875],[93.4087,19.7421],[93.4433,19.7488]]],[[[93.8071,19.7048],[93.805,19.7292],[93.8087,19.7333],[93.8146,19.714],[93.8071,19.7048]]],[[[93.5762,19.7135],[93.5511,19.7068],[93.552,19.6803],[93.5303,19.6757],[93.51,19.7164],[93.5318,19.7083],[93.5469,19.7506],[93.5785,19.7692],[93.5879,19.7444],[93.5762,19.7135]]],[[[93.4999,19.7162],[93.4882,19.72],[93.4593,19.745],[93.4817,19.7368],[93.4999,19.7162]]],[[[93.7329,19.588],[93.7108,19.5904],[93.6999,19.6023],[93.7329,19.588]]],[[[93.6382,19.6079],[93.6156,19.6197],[93.5993,19.6106],[93.6126,19.6286],[93.6382,19.6079]]],[[[93.6587,19.6312],[93.6513,19.6297],[93.6513,19.6388],[93.6587,19.6312]]],[[[93.5425,19.6518],[93.5386,19.6498],[93.5344,19.6564],[93.5425,19.6518]]],[[[93.696,19.6578],[93.6882,19.6601],[93.6946,19.6607],[93.696,19.6578]]],[[[93.5697,19.6468],[93.562,19.6619],[93.5841,19.6702],[93.5889,19.6619],[93.5697,19.6468]]],[[[93.6485,19.378],[93.6866,19.3663],[93.7018,19.3079],[93.6399,19.3557],[93.6485,19.378]]],[[[93.6823,19.3872],[93.6597,19.4036],[93.6603,19.4066],[93.6908,19.3969],[93.6823,19.3872]]],[[[93.6339,19.3982],[93.6362,19.413],[93.6221,19.4303],[93.6409,19.4235],[93.6339,19.3982]]],[[[93.6681,19.4244],[93.6551,19.4186],[93.65,19.4283],[93.6681,19.4244]]],[[[93.8205,19.4835],[93.7728,19.5184],[93.7692,19.534],[93.8586,19.505],[93.8576,19.4917],[93.8205,19.4835]]],[[[93.5485,19.4684],[93.5327,19.462],[93.5263,19.4766],[93.5485,19.4684]]],[[[93.5175,19.5189],[93.5476,19.4853],[93.5894,19.4744],[93.5979,19.4624],[93.5427,19.4838],[93.5458,19.4769],[93.529,19.4823],[93.5219,19.4724],[93.5045,19.5022],[93.5278,19.4992],[93.5175,19.5189]]],[[[93.5006,19.5522],[93.4871,19.5637],[93.4887,19.5657],[93.5006,19.5522]]],[[[93.5995,19.5504],[93.5852,19.5551],[93.5979,19.5524],[93.5995,19.5504]]],[[[93.6701,19.5634],[93.6486,19.5236],[93.6271,19.5419],[93.6333,19.5631],[93.6701,19.5634]]],[[[93.5329,19.5255],[93.5231,19.5353],[93.5183,19.5446],[93.5201,19.5454],[93.5329,19.5255]]],[[[93.6178,19.4372],[93.6005,19.4423],[93.6148,19.4519],[93.6178,19.4372]]],[[[93.6463,19.4438],[93.6248,19.4459],[93.5994,19.4825],[93.6257,19.4896],[93.6463,19.4438]]],[[[93.6736,19.5698],[93.6586,19.5694],[93.6555,19.5749],[93.6736,19.5698]]],[[[92.7184,20.5704],[92.696,20.5896],[92.6969,20.6116],[92.7127,20.6017],[92.7184,20.5704]]],[[[92.7469,20.3356],[92.74,20.369],[92.7531,20.4096],[92.7568,20.3903],[92.7469,20.3356]]],[[[92.8398,20.4358],[92.8402,20.4146],[92.8618,20.4073],[92.8383,20.4045],[92.8308,20.3817],[92.8657,20.3204],[92.8304,20.2886],[92.7927,20.2796],[92.7709,20.2931],[92.7587,20.4442],[92.7728,20.4414],[92.7921,20.4456],[92.7916,20.4496],[92.7786,20.4575],[92.7775,20.4626],[92.8003,20.4788],[92.8398,20.4358]]],[[[93.2589,20.3033],[93.2679,20.2679],[93.2516,20.2748],[93.2433,20.2734],[93.2402,20.2704],[93.229,20.2772],[93.2433,20.315],[93.2667,20.3245],[93.2589,20.3033]]],[[[93.1094,20.4192],[93.0806,20.4181],[93.0737,20.4062],[93.0797,20.3716],[93.0352,20.3508],[93.0345,20.4201],[93.0864,20.513],[93.1094,20.4192]]],[[[92.8058,20.4907],[92.7763,20.4654],[92.7768,20.4575],[92.7894,20.4459],[92.7592,20.4471],[92.7522,20.4766],[92.767,20.4758],[92.7949,20.5077],[92.8058,20.4907]]],[[[92.937,20.1049],[93.0318,19.8827],[93.0254,19.8214],[93.0135,19.8978],[92.912,20.0631],[92.9215,20.0969],[92.937,20.1049]]],[[[93.1349,20.0606],[93.1841,19.9334],[93.2468,19.8163],[93.2208,19.819],[93.1211,20.0578],[93.1349,20.0606]]],[[[92.9701,20.1324],[93.069,20.1219],[93.0946,20.0727],[93.1208,20.0443],[93.139,19.9991],[93.1104,19.9754],[93.1052,19.9367],[93.1725,19.7893],[93.049,19.957],[93.0426,20.0098],[92.976,20.0739],[92.9843,20.0958],[92.9701,20.1324]]],[[[93.1696,20.0367],[93.1545,20.0443],[93.1282,20.0817],[93.1794,20.0566],[93.1696,20.0367]]],[[[93.1257,20.0611],[93.1133,20.0623],[93.1259,20.0739],[93.1257,20.0611]]],[[[93.1104,20.0629],[93.0678,20.1267],[93.0944,20.1518],[93.126,20.0803],[93.1104,20.0629]]],[[[93.196,20.1665],[93.2203,20.1657],[93.2194,20.1389],[93.2334,20.1168],[93.198,20.0971],[93.1807,20.0581],[93.1279,20.0842],[93.0844,20.1796],[93.175,20.1944],[93.196,20.1665]]],[[[92.9684,20.1749],[92.9444,20.1997],[92.977,20.2382],[92.9743,20.1861],[92.9684,20.1749]]],[[[93.2812,20.2506],[93.311,20.1148],[93.3496,20.0646],[93.2887,20.0371],[93.2937,20.0733],[93.2654,20.0302],[93.2083,20.0295],[93.197,20.0866],[93.2383,20.1158],[93.2224,20.1674],[93.1975,20.1695],[93.1772,20.1955],[93.2134,20.2433],[93.2529,20.2514],[93.2467,20.2736],[93.2626,20.2683],[93.2635,20.2581],[93.2812,20.2506]]],[[[93.0642,20.1272],[93.0577,20.1389],[93.0841,20.1728],[93.0929,20.1537],[93.0642,20.1272]]],[[[93.3234,20.3311],[93.325,20.31],[93.3395,20.3068],[93.3307,20.2972],[93.3379,20.2797],[93.3588,20.2777],[93.4138,20.1246],[93.3744,20.0835],[93.3758,20.0071],[93.3549,20.0677],[93.3156,20.1165],[93.3057,20.2047],[93.2817,20.2548],[93.2656,20.2605],[93.2767,20.281],[93.2634,20.3035],[93.2797,20.3251],[93.3234,20.3311]]],[[[93.7143,19.8936],[93.7204,19.8857],[93.7076,19.8968],[93.7143,19.8936]]],[[[93.5887,19.8807],[93.5637,19.8808],[93.6053,19.9044],[93.5887,19.8807]]],[[[93.4051,19.7983],[93.4,19.8064],[93.4033,19.8071],[93.4051,19.7983]]],[[[93.579,19.7966],[93.5508,19.7613],[93.5403,19.7788],[93.559,19.8052],[93.579,19.7966]]],[[[93.7074,19.7442],[93.6931,19.7048],[93.6321,19.7215],[93.6334,19.7356],[93.6614,19.7393],[93.6649,19.7427],[93.6781,19.7666],[93.683,19.7805],[93.683,19.7922],[93.7074,19.7442]]],[[[93.7092,19.8672],[93.7637,19.8697],[93.7094,19.8553],[93.6715,19.8269],[93.6698,19.817],[93.6823,19.8019],[93.6411,19.7752],[93.6133,19.7056],[93.5868,19.6967],[93.5982,19.7566],[93.5887,19.7787],[93.6292,19.8187],[93.6396,19.8633],[93.6676,19.8546],[93.6839,19.8608],[93.6876,19.8745],[93.7092,19.8672]]],[[[93.7299,19.8342],[93.7224,19.8318],[93.7314,19.8204],[93.723,19.8228],[93.6968,19.8067],[93.6942,19.7922],[93.69,19.7955],[93.6806,19.7917],[93.6621,19.7415],[93.6316,19.7368],[93.6409,19.7636],[93.6891,19.8038],[93.6744,19.8219],[93.7147,19.8538],[93.7389,19.8489],[93.7299,19.8342]]],[[[93.7334,19.837],[93.7401,19.8232],[93.7383,19.8199],[93.745,19.7915],[93.7378,19.7889],[93.7347,19.7836],[93.7255,19.7884],[93.7152,19.7797],[93.6995,19.7875],[93.7001,19.8078],[93.7232,19.8109],[93.7222,19.8203],[93.7307,19.8181],[93.7368,19.827],[93.7334,19.837]]],[[[93.7666,19.8662],[93.7846,19.8586],[93.7938,19.8296],[93.7815,19.8138],[93.7754,19.7624],[93.7167,19.7558],[93.7008,19.7825],[93.7133,19.777],[93.7371,19.7827],[93.7463,19.7905],[93.7515,19.8296],[93.7405,19.8487],[93.7666,19.8662]]],[[[93.5624,19.8374],[93.5936,19.833],[93.5915,19.8153],[93.5456,19.8015],[93.545,19.8193],[93.5603,19.8276],[93.5624,19.8374]]],[[[93.4304,19.9576],[93.474,19.9057],[93.5323,19.9161],[93.5263,19.8681],[93.5043,19.8777],[93.5058,19.8281],[93.4815,19.8354],[93.4769,19.8272],[93.498,19.8223],[93.5204,19.7574],[93.5138,19.7319],[93.4937,19.7625],[93.4405,19.7904],[93.4298,19.8677],[93.3959,19.9278],[93.3979,19.9667],[93.4304,19.9576]]],[[[93.5954,19.8345],[93.5612,19.8405],[93.5442,19.8262],[93.5508,19.8688],[93.5905,19.8733],[93.6134,19.901],[93.6632,19.9036],[93.5954,19.8345]]],[[[93.6868,19.8958],[93.7418,19.8759],[93.6885,19.8774],[93.6746,19.8588],[93.6517,19.8739],[93.6868,19.8958]]],[[[93.7281,19.9208],[93.7143,19.9282],[93.7287,19.9237],[93.7281,19.9208]]],[[[93.5093,19.9205],[93.4893,19.9219],[93.5041,19.9342],[93.5093,19.9205]]],[[[93.499,19.935],[93.4611,19.9377],[93.4715,19.9409],[93.4858,19.9497],[93.4989,19.9692],[93.499,19.935]]],[[[93.4601,19.9392],[93.4677,19.9663],[93.4892,19.9552],[93.4738,19.9438],[93.4601,19.9392]]],[[[93.4558,19.9972],[93.496,19.9814],[93.4879,19.9594],[93.4558,19.9972]]],[[[93.4603,19.9607],[93.4464,19.975],[93.4434,19.9971],[93.4615,19.9867],[93.4603,19.9607]]]]}},{"type":"Feature","properties":{"name":"Tanitharyi","country":"Myanmar"},"geometry":{"type":"MultiPolygon","coordinates":[[[[97.9111,9.6752],[97.9063,9.6792],[97.9104,9.6816],[97.9111,9.6752]]],[[[98.0971,9.6928],[98.0796,9.702],[98.1112,9.726],[98.1092,9.7042],[98.0971,9.6928]]],[[[98.1481,9.7606],[98.1589,9.7628],[98.1573,9.7533],[98.1481,9.7606]]],[[[98.0284,9.7769],[98.0292,9.7642],[98.0172,9.7671],[98.0284,9.7769]]],[[[98.1154,9.7788],[98.1016,9.7986],[98.106,9.8057],[98.1167,9.7999],[98.1154,9.7788]]],[[[98.1154,9.8267],[98.1083,9.824],[98.1131,9.8324],[98.1154,9.8267]]],[[[98.5181,9.9527],[98.5502,9.9496],[98.5252,9.9252],[98.5181,9.9527]]],[[[98.0102,9.8433],[98.0581,9.8301],[98.0632,9.8037],[98.0401,9.7856],[98.0167,9.7885],[98.0031,9.8069],[98.0102,9.8433]]],[[[98.2341,9.9241],[98.2264,9.9326],[98.2281,9.9396],[98.2341,9.9241]]],[[[98.6974,10.9926],[98.7129,10.9853],[98.7004,10.9673],[98.6893,10.9748],[98.6974,10.9926]]],[[[98.7041,10.9315],[98.6751,10.9306],[98.668,10.9331],[98.6923,10.943],[98.7041,10.9315]]],[[[98.6646,10.9835],[98.6835,10.9853],[98.6688,10.9766],[98.6646,10.9835]]],[[[98.6785,11.0572],[98.6792,11.0114],[98.6612,11.0186],[98.6634,11.0331],[98.6533,11.0154],[98.6409,11.0228],[98.6529,11.0606],[98.6785,11.0572]]],[[[98.5301,11.114],[98.5251,11.124],[98.5267,11.125],[98.5301,11.114]]],[[[98.2491,11.1852],[98.262,11.174],[98.2537,11.1679],[98.2491,11.1852]]],[[[98.3099,11.0384],[98.3186,11.011],[98.3008,11.0092],[98.2932,11.0238],[98.3099,11.0384]]],[[[98.6141,11.06],[98.6253,11.0431],[98.6155,11.0136],[98.5969,11.0292],[98.6141,11.06]]],[[[98.273,11.2589],[98.2589,11.2543],[98.27,11.2414],[98.2583,11.2306],[98.2898,11.2314],[98.2889,11.2116],[98.2436,11.1939],[98.2345,11.2327],[98.2053,11.2412],[98.273,11.2589]]],[[[97.9275,11.2838],[97.9197,11.2784],[97.9256,11.2857],[97.9275,11.2838]]],[[[98.5502,11.2964],[98.5405,11.2685],[98.5248,11.3231],[98.5502,11.2964]]],[[[98.0026,11.314],[98.0203,11.323],[98.024,11.3165],[98.0026,11.314]]],[[[98.008,11.3645],[98.0145,11.3525],[98.0002,11.3603],[98.008,11.3645]]],[[[98.2584,11.3736],[98.2525,11.3541],[98.2411,11.341],[98.2352,11.3638],[98.2584,11.3736]]],[[[98.2727,11.3294],[98.2749,11.2924],[98.2504,11.2991],[98.2586,11.2799],[98.239,11.2601],[98.2106,11.2776],[98.2727,11.3294]]],[[[97.9983,11.3502],[98.0087,11.3439],[97.9999,11.3239],[97.9983,11.3502]]],[[[98.1424,11.4123],[98.1374,11.3636],[98.094,11.4071],[98.1424,11.4123]]],[[[97.999,11.4143],[98.0058,11.3806],[97.9871,11.4013],[97.999,11.4143]]],[[[98.2291,11.387],[98.2178,11.3899],[98.2184,11.3969],[98.2291,11.387]]],[[[98.2709,11.404],[98.267,11.3903],[98.2616,11.3987],[98.2709,11.404]]],[[[97.5234,11.6523],[97.5186,11.6507],[97.5255,11.6608],[97.5234,11.6523]]],[[[97.47,11.8253],[97.4637,11.8161],[97.4669,11.8267],[97.47,11.8253]]],[[[97.4835,11.8078],[97.5191,11.8172],[97.5272,11.7931],[97.4922,11.7841],[97.4858,11.7626],[97.436,11.7908],[97.4429,11.8049],[97.4863,11.7854],[97.4718,11.813],[97.4895,11.8192],[97.4835,11.8078]]],[[[97.9838,12.0299],[97.993,12.0062],[97.9685,12.0206],[97.9838,12.0299]]],[[[98.5452,12.0077],[98.5324,12.0249],[98.5505,12.0346],[98.5563,12.0276],[98.5452,12.0077]]],[[[97.9863,11.9713],[98.0097,11.9588],[98.0033,11.9316],[97.9927,11.9579],[97.9628,11.9584],[97.9863,11.9713]]],[[[98.6764,11.9449],[98.6695,11.954],[98.6188,11.9678],[98.6015,11.9904],[98.6776,11.9792],[98.6764,11.9449]]],[[[98.2521,11.9916],[98.2758,11.9481],[98.2616,11.9275],[98.2243,11.9525],[98.2521,11.9916]]],[[[97.7374,12.0147],[97.7493,11.9919],[97.7387,11.9932],[97.7374,12.0147]]],[[[97.913,12.0],[97.923,11.9843],[97.9113,11.9823],[97.913,12.0]]],[[[98.153,11.993],[98.1376,12.0024],[98.1468,12.0097],[98.153,11.993]]],[[[97.6727,11.8123],[97.663,11.8025],[97.6397,11.8161],[97.6581,11.8218],[97.6727,11.8123]]],[[[97.6845,11.8681],[97.6661,11.8552],[97.6744,11.8265],[97.6486,11.8388],[97.6351,11.8702],[97.6725,11.8997],[97.6845,11.8681]]],[[[98.129,11.4655],[98.1466,11.4486],[98.137,11.4352],[98.1264,11.4347],[98.129,11.4655]]],[[[98.016,11.4692],[98.0057,11.4383],[97.9698,11.4424],[97.9738,11.4534],[98.016,11.4692]]],[[[98.5034,11.4632],[98.5266,11.4171],[98.5091,11.423],[98.4841,11.405],[98.4805,11.418],[98.506,11.4337],[98.5034,11.4632]]],[[[98.847,11.7068],[98.8166,11.6844],[98.8042,11.6976],[98.8275,11.7165],[98.847,11.7068]]],[[[98.6855,11.5077],[98.6793,11.506],[98.6805,11.5157],[98.6855,11.5077]]],[[[98.3116,11.5624],[98.3095,11.5651],[98.3151,11.5761],[98.3116,11.5624]]],[[[98.3103,11.5405],[98.3047,11.5231],[98.3089,11.5409],[98.3103,11.5405]]],[[[98.2895,11.8082],[98.2947,11.7734],[98.3193,11.7233],[98.2851,11.6858],[98.2741,11.4685],[98.2578,11.4808],[98.2571,11.4551],[98.225,11.4848],[98.2171,11.4586],[98.1906,11.4511],[98.2163,11.4358],[98.2097,11.4272],[98.1788,11.4457],[98.1606,11.4366],[98.165,11.4632],[98.1833,11.4484],[98.203,11.4695],[98.1886,11.4859],[98.2031,11.5113],[98.1864,11.5285],[98.2171,11.5589],[98.1919,11.5779],[98.2129,11.6187],[98.2435,11.6339],[98.2209,11.6627],[98.2383,11.6718],[98.2421,11.7247],[98.2567,11.7158],[98.268,11.7291],[98.2534,11.7467],[98.2546,11.7626],[98.2728,11.7635],[98.26,11.7964],[98.2895,11.8082]]],[[[98.5431,11.7805],[98.5345,11.6389],[98.5492,11.612],[98.5213,11.5863],[98.5236,11.5136],[98.4844,11.5653],[98.4525,11.5745],[98.4337,11.5552],[98.4248,11.5635],[98.4289,11.6004],[98.411,11.5871],[98.4096,11.609],[98.4254,11.6194],[98.3757,11.6542],[98.3693,11.6816],[98.3779,11.7043],[98.4002,11.7046],[98.4085,11.7232],[98.422,11.7169],[98.4332,11.7262],[98.4082,11.7259],[98.3972,11.7094],[98.3823,11.7137],[98.3656,11.7367],[98.3821,11.7649],[98.41,11.7601],[98.3664,11.7769],[98.4012,11.791],[98.4402,11.7833],[98.4407,11.7673],[98.4606,11.7799],[98.4724,11.7607],[98.4684,11.7834],[98.4323,11.7964],[98.4444,11.8089],[98.4803,11.7914],[98.5155,11.8102],[98.5431,11.7805]]],[[[98.1116,11.7571],[98.1169,11.7663],[98.1198,11.7655],[98.1116,11.7571]]],[[[98.4387,12.1117],[98.4923,12.0443],[98.5126,11.9822],[98.5315,11.9697],[98.5136,11.993],[98.5462,11.9845],[98.5606,11.9954],[98.6223,11.9583],[98.6691,11.9502],[98.6636,11.9252],[98.5952,11.9117],[98.5183,11.92],[98.5373,11.9083],[98.5076,11.8783],[98.4727,11.8772],[98.4523,11.9258],[98.4694,12.0014],[98.44,11.9884],[98.4374,12.0675],[98.4219,12.0958],[98.4387,12.1117]]],[[[98.0112,11.8553],[98.0144,11.8022],[98.0461,11.7973],[98.0527,11.786],[98.0353,11.7829],[98.0654,11.7748],[98.0473,11.7641],[98.0532,11.726],[98.0701,11.7209],[98.0827,11.7424],[98.088,11.7393],[98.0744,11.7015],[98.0551,11.6992],[98.0751,11.6758],[98.0612,11.6662],[98.0898,11.6497],[98.0888,11.6263],[98.0104,11.6932],[98.0365,11.7199],[98.0119,11.7219],[98.0293,11.7582],[98.008,11.7582],[98.02,11.7801],[97.9908,11.8278],[98.0112,11.8553]]],[[[98.279,11.8516],[98.2854,11.8108],[98.2549,11.8069],[98.253,11.8335],[98.279,11.8516]]],[[[98.4682,11.8256],[98.4551,11.8327],[98.4586,11.8519],[98.4681,11.8445],[98.4682,11.8256]]],[[[98.4785,11.8281],[98.4704,11.8453],[98.4802,11.8594],[98.5,11.8466],[98.4785,11.8281]]],[[[98.0795,11.8316],[98.0709,11.821],[98.0643,11.7834],[98.0457,11.8056],[98.0573,11.8296],[98.0795,11.8316]]],[[[98.4129,11.8642],[98.4417,11.8491],[98.4264,11.8206],[98.4067,11.8409],[98.4129,11.8642]]],[[[98.1894,11.8556],[98.2101,11.8385],[98.1873,11.8488],[98.1894,11.8556]]],[[[98.2095,11.8708],[98.216,11.8552],[98.2063,11.8524],[98.1871,11.8664],[98.2095,11.8708]]],[[[98.27,11.9213],[98.2961,11.8952],[98.2799,11.8914],[98.2757,11.8532],[98.2557,11.8514],[98.2512,11.9143],[98.27,11.9213]]],[[[98.4967,9.9794],[98.4911,9.9714],[98.4894,9.9767],[98.4967,9.9794]]],[[[98.479,9.9967],[98.4963,9.9958],[98.497,9.988],[98.474,9.9806],[98.479,9.9967]]],[[[98.5225,10.0201],[98.5054,10.0079],[98.5017,10.0308],[98.5225,10.0201]]],[[[98.6353,10.1231],[98.6284,10.0954],[98.6217,10.0991],[98.6353,10.1231]]],[[[98.3204,10.1423],[98.3346,10.1281],[98.3157,10.1395],[98.3204,10.1423]]],[[[98.3045,10.1336],[98.3158,10.1326],[98.3091,10.1275],[98.3045,10.1336]]],[[[97.8687,10.2059],[97.8829,10.2],[97.8702,10.1935],[97.8687,10.2059]]],[[[97.9753,10.2209],[97.9658,10.2173],[97.9739,10.2268],[97.9753,10.2209]]],[[[98.2368,10.254],[98.2525,10.2531],[98.2431,10.233],[98.2368,10.254]]],[[[98.1603,10.1448],[98.1407,10.1419],[98.1439,10.1669],[98.1484,10.153],[98.1621,10.1653],[98.1603,10.1448]]],[[[97.9814,10.1377],[97.9749,10.15],[97.9584,10.1278],[97.9795,10.1795],[97.9814,10.1377]]],[[[97.929,10.1679],[97.9149,10.1565],[97.9089,10.1613],[97.929,10.1679]]],[[[98.0432,10.1557],[98.0303,10.1533],[98.0237,10.198],[98.031,10.1745],[98.0432,10.1557]]],[[[97.9654,10.2091],[97.9747,10.1892],[97.9639,10.2083],[97.9654,10.2091]]],[[[97.9778,10.0858],[97.9909,10.0651],[97.9781,10.0716],[97.9778,10.0858]]],[[[97.9909,10.0341],[97.9873,10.0465],[97.9927,10.0566],[97.9954,10.0481],[97.9909,10.0341]]],[[[98.2152,10.058],[98.2176,10.0453],[98.2086,10.052],[98.2152,10.058]]],[[[98.2404,10.0634],[98.2975,10.0521],[98.2653,10.0474],[98.2918,10.0302],[98.2993,10.0388],[98.3037,10.0204],[98.2599,10.0144],[98.25,9.9502],[98.2322,9.9597],[98.2269,9.9396],[98.1676,9.9218],[98.1702,9.9012],[98.1565,9.9019],[98.1702,9.8854],[98.1511,9.8571],[98.1371,9.8401],[98.129,9.8578],[98.1154,9.8469],[98.129,9.8846],[98.1163,9.9078],[98.1257,9.9634],[98.1474,9.9557],[98.1802,10.0291],[98.2179,10.0273],[98.2404,10.0634]]],[[[98.2685,10.1447],[98.2908,10.1194],[98.313,10.1222],[98.3167,10.1046],[98.3017,10.1067],[98.3114,10.0887],[98.2866,10.0855],[98.2826,10.1182],[98.2684,10.117],[98.2685,10.1447]]],[[[98.1787,10.1966],[98.2078,10.1929],[98.2064,10.1695],[98.2303,10.1763],[98.2387,10.1748],[98.2383,10.1658],[98.2293,10.1334],[98.2179,10.1266],[98.2124,10.1392],[98.1904,10.1213],[98.2022,10.0859],[98.1878,10.0741],[98.1948,10.0428],[98.1787,10.0379],[98.1912,10.0984],[98.1668,10.1438],[98.1936,10.183],[98.1822,10.1773],[98.1787,10.1966]]],[[[98.2787,10.4319],[98.2742,10.4334],[98.2836,10.4412],[98.2787,10.4319]]],[[[97.9494,10.3973],[97.9386,10.4068],[97.943,10.4134],[97.9494,10.3973]]],[[[97.9646,10.4207],[97.9494,10.4224],[97.9588,10.4397],[97.9646,10.4207]]],[[[97.6886,10.4601],[97.6792,10.4622],[97.689,10.4666],[97.6886,10.4601]]],[[[98.215,10.47],[98.2201,10.4611],[98.2152,10.4328],[98.215,10.47]]],[[[98.1673,10.4491],[98.1618,10.4509],[98.1646,10.458],[98.1673,10.4491]]],[[[97.9067,10.4652],[97.9359,10.4826],[97.9275,10.4573],[97.9434,10.4554],[97.9462,10.4377],[97.9089,10.4227],[97.9416,10.4184],[97.9366,10.4082],[97.8967,10.3984],[97.8922,10.4695],[97.9039,10.4988],[97.9067,10.4652]]],[[[98.2504,10.4573],[98.2381,10.4625],[98.2402,10.4662],[98.2504,10.4573]]],[[[98.197,10.4639],[98.1839,10.4567],[98.1778,10.4601],[98.1825,10.4676],[98.197,10.4639]]],[[[97.9181,10.5211],[97.9,10.4994],[97.8898,10.5053],[97.9181,10.5211]]],[[[98.1618,10.4812],[98.1731,10.4734],[98.1594,10.4706],[98.1618,10.4812]]],[[[98.2384,10.5286],[98.2366,10.4909],[98.1941,10.4832],[98.1961,10.5252],[98.2384,10.5286]]],[[[98.2368,10.6208],[98.2263,10.6225],[98.2349,10.6276],[98.2368,10.6208]]],[[[98.2625,10.6205],[98.2453,10.6181],[98.2603,10.6324],[98.2625,10.6205]]],[[[98.2715,10.6827],[98.2626,10.6507],[98.2368,10.6517],[98.2442,10.681],[98.2715,10.6827]]],[[[98.617,10.8336],[98.626,10.8434],[98.6194,10.8271],[98.6133,10.8313],[98.6021,10.8277],[98.6013,10.8323],[98.5947,10.8275],[98.6007,10.8409],[98.5884,10.8341],[98.605,10.8532],[98.617,10.8336]]],[[[98.6204,10.8463],[98.6049,10.8574],[98.6116,10.8636],[98.6275,10.8623],[98.6204,10.8463]]],[[[98.0206,10.8775],[98.0095,10.8706],[97.9992,10.892],[98.0146,10.8925],[98.0043,10.8843],[98.0206,10.8775]]],[[[98.492,10.8908],[98.5132,10.8885],[98.5631,10.8552],[98.5436,10.787],[98.5118,10.7746],[98.5112,10.7914],[98.4927,10.7924],[98.5186,10.8185],[98.4995,10.8247],[98.5135,10.8404],[98.4957,10.8563],[98.492,10.8908]]],[[[98.1997,10.8293],[98.1961,10.8165],[98.197,10.8311],[98.1997,10.8293]]],[[[98.1481,10.9843],[98.2191,10.957],[98.2477,10.8527],[98.2698,10.8575],[98.2819,10.7799],[98.3044,10.7845],[98.304,10.7715],[98.2781,10.7744],[98.2989,10.7349],[98.2606,10.6875],[98.2279,10.6928],[98.2561,10.7097],[98.2421,10.7117],[98.2342,10.7483],[98.2572,10.7608],[98.236,10.7782],[98.2492,10.7852],[98.2507,10.8442],[98.2401,10.8329],[98.1909,10.8973],[98.1734,10.8822],[98.1788,10.9025],[98.1566,10.926],[98.1397,10.8953],[98.125,10.9023],[98.0831,10.8725],[98.0829,10.8956],[98.1256,10.9274],[98.1481,10.9843]]],[[[98.1929,10.8626],[98.1918,10.8431],[98.189,10.8224],[98.1763,10.8588],[98.1929,10.8626]]],[[[98.0686,10.8726],[98.0876,10.862],[98.08,10.83],[98.0642,10.8555],[98.0289,10.8564],[98.0746,10.8855],[98.0686,10.8726]]],[[[98.5437,10.8898],[98.5308,10.8792],[98.538,10.8958],[98.5437,10.8898]]],[[[98.2284,10.5645],[98.2316,10.5466],[98.2205,10.5515],[98.2284,10.5645]]],[[[98.0035,10.5892],[98.0338,10.5691],[97.9989,10.5568],[97.9977,10.5384],[97.9389,10.5591],[97.972,10.5735],[98.0005,10.5652],[98.0035,10.5892]]],[[[98.0972,10.5562],[98.0873,10.5781],[98.0876,10.5815],[98.1002,10.5669],[98.0972,10.5562]]],[[[98.0532,10.5799],[98.0372,10.5801],[98.041,10.5899],[98.0532,10.5799]]],[[[97.9966,10.3279],[97.9827,10.3338],[97.9956,10.3669],[97.9966,10.3279]]],[[[97.9649,10.3479],[97.9647,10.3623],[97.9674,10.3674],[97.9712,10.3579],[97.9649,10.3479]]],[[[97.951,10.3768],[97.9428,10.3568],[97.9367,10.3541],[97.9413,10.3707],[97.951,10.3768]]],[[[97.9139,10.9324],[97.9495,10.9272],[97.9348,10.8666],[97.9138,10.8724],[97.9166,10.8599],[97.88,10.8406],[97.8842,10.8642],[97.9,10.8666],[97.8904,10.9073],[97.9139,10.9324]]],[[[98.4687,10.8933],[98.4826,10.8953],[98.4713,10.8789],[98.4687,10.8933]]],[[[98.44,10.9319],[98.4324,10.9318],[98.4372,10.9372],[98.44,10.9319]]],[[[98.1912,10.9903],[98.1962,10.9822],[98.1852,10.9872],[98.1912,10.9903]]],[[[98.458,11.0199],[98.4601,10.9775],[98.4381,10.9614],[98.4353,11.0026],[98.458,11.0199]]],[[[98.5502,11.0148],[98.5405,10.9482],[98.5194,10.9793],[98.5067,10.9375],[98.5052,10.9595],[98.4803,10.952],[98.4884,10.9696],[98.4701,10.9913],[98.4902,11.025],[98.5146,11.0313],[98.5287,11.1002],[98.5502,11.0148]]],[[[97.808,14.8912],[97.8338,14.8801],[97.8362,14.9311],[97.8676,14.9367],[97.8836,15.082],[97.9497,15.0585],[97.9593,15.0845],[98.0177,15.1049],[98.043,15.0793],[98.0489,15.0405],[98.0933,14.9948],[98.2318,14.9688],[98.2515,14.9167],[98.2311,14.8892],[98.2574,14.8633],[98.2551,14.8129],[98.3274,14.7066],[98.3586,14.6932],[98.3671,14.6663],[98.4358,14.6135],[98.4591,14.579],[98.4634,14.5292],[98.4924,14.5387],[98.5661,14.3843],[98.5806,14.3684],[98.5938,14.3779],[98.6049,14.3187],[98.6294,14.3166],[98.6886,14.2718],[98.7145,14.2765],[98.745,14.2271],[98.8318,14.1789],[98.9003,14.1068],[98.9549,14.1027],[98.9719,14.0333],[98.9961,14.0231],[99.0211,13.9454],[99.0512,13.9368],[99.079,13.8954],[99.1093,13.8924],[99.1005,13.8372],[99.1218,13.8108],[99.1194,13.7715],[99.1682,13.7284],[99.1726,13.6284],[99.1613,13.617],[99.179,13.5835],[99.1659,13.5734],[99.1929,13.5463],[99.1851,13.508],[99.2077,13.4685],[99.1973,13.4492],[99.207,13.3411],[99.1878,13.2911],[99.2111,13.2612],[99.1962,13.259],[99.2102,13.2094],[99.2002,13.191],[99.1585,13.2076],[99.1237,13.1929],[99.1315,13.0958],[99.0998,13.0724],[99.1956,12.9897],[99.1942,12.9538],[99.1623,12.9274],[99.182,12.9137],[99.1864,12.8492],[99.2311,12.8125],[99.2395,12.7249],[99.2908,12.7154],[99.2953,12.6784],[99.3328,12.6676],[99.3802,12.6159],[99.4143,12.618],[99.4356,12.5872],[99.419,12.5257],[99.4268,12.4929],[99.399,12.4581],[99.4258,12.4476],[99.4469,12.4041],[99.4357,12.3402],[99.4861,12.2725],[99.4727,12.2343],[99.4998,12.1916],[99.4741,12.1306],[99.5381,12.1583],[99.5637,12.1509],[99.5568,12.0936],[99.5332,12.0524],[99.5371,12.0162],[99.5937,11.9887],[99.5846,11.8826],[99.5714,11.8658],[99.6003,11.8752],[99.6271,11.8486],[99.6279,11.82],[99.6653,11.8225],[99.6404,11.7896],[99.6393,11.7327],[99.5934,11.7008],[99.5652,11.6258],[99.5329,11.6191],[99.4973,11.6347],[99.4683,11.6134],[99.4583,11.5813],[99.4743,11.5319],[99.431,11.478],[99.3977,11.4638],[99.4026,11.3888],[99.3123,11.3164],[99.3248,11.2818],[99.2694,11.2246],[99.2537,11.1664],[99.2254,11.1413],[99.2295,11.1144],[99.1775,11.0803],[99.1713,11.0438],[99.1025,11.0105],[99.0692,10.9383],[99.0501,10.9623],[99.0209,10.9674],[98.9995,10.924],[99.008,10.8513],[98.9641,10.817],[98.925,10.8246],[98.8618,10.7771],[98.7833,10.6813],[98.7724,10.6209],[98.7836,10.6011],[98.8023,10.6036],[98.8035,10.586],[98.8118,10.5929],[98.7996,10.5592],[98.8221,10.5298],[98.8013,10.4841],[98.8088,10.4672],[98.7529,10.3899],[98.7007,10.2301],[98.6746,10.2367],[98.6875,10.2664],[98.6859,10.2753],[98.662,10.3159],[98.6388,10.3293],[98.6819,10.2635],[98.6704,10.2361],[98.698,10.2192],[98.6579,10.1808],[98.6357,10.2126],[98.6465,10.1579],[98.5527,9.9735],[98.5144,10.0521],[98.5248,10.0777],[98.5077,10.0886],[98.5193,10.0976],[98.5148,10.1673],[98.4893,10.1767],[98.4799,10.1986],[98.5159,10.2416],[98.5063,10.3018],[98.519,10.3037],[98.5411,10.3663],[98.5281,10.3974],[98.5039,10.4078],[98.5165,10.4264],[98.4916,10.4514],[98.4842,10.508],[98.4986,10.5212],[98.4749,10.5457],[98.4944,10.5601],[98.4711,10.582],[98.4803,10.6139],[98.4525,10.6252],[98.4622,10.7448],[98.5129,10.729],[98.5521,10.6758],[98.5148,10.7457],[98.5352,10.7595],[98.5639,10.7114],[98.5718,10.7757],[98.5902,10.7639],[98.5845,10.7899],[98.6027,10.8005],[98.5981,10.8242],[98.6225,10.826],[98.6318,10.836],[98.6351,10.8259],[98.6284,10.8683],[98.6063,10.8687],[98.59,10.8531],[98.5729,10.8717],[98.6276,10.8997],[98.6705,10.8711],[98.625,10.907],[98.6437,10.9215],[98.7018,10.8876],[98.6826,10.8511],[98.7066,10.857],[98.7209,10.8921],[98.7092,10.8857],[98.666,10.9166],[98.6939,10.9282],[98.7371,10.9108],[98.7329,10.931],[98.718,10.9208],[98.7089,10.9427],[98.735,10.9551],[98.714,10.9882],[98.7614,10.9881],[98.7707,10.9752],[98.7861,10.9955],[98.6802,10.9984],[98.6986,11.0179],[98.6936,11.0363],[98.7259,11.0327],[98.7008,11.0455],[98.7214,11.0637],[98.6993,11.0695],[98.6982,11.0931],[98.6774,11.0863],[98.6724,11.1166],[98.649,11.1301],[98.667,11.1278],[98.6749,11.1468],[98.6976,11.1346],[98.7384,11.1772],[98.7367,11.2155],[98.762,11.2814],[98.767,11.2815],[98.7767,11.2705],[98.7873,11.2672],[98.7662,11.283],[98.7514,11.2775],[98.7245,11.3149],[98.7181,11.3719],[98.7334,11.3774],[98.7156,11.3893],[98.6983,11.3758],[98.6889,11.3953],[98.7194,11.4592],[98.7742,11.4467],[98.7486,11.4784],[98.7592,11.4809],[98.7584,11.5388],[98.7208,11.5173],[98.7087,11.533],[98.7205,11.554],[98.7119,11.5733],[98.7348,11.5747],[98.7413,11.5943],[98.7242,11.6143],[98.7387,11.6431],[98.7263,11.6588],[98.7808,11.6861],[98.8117,11.6473],[98.8133,11.6805],[98.8382,11.6824],[98.8492,11.7056],[98.8727,11.7027],[98.9129,11.6567],[98.9221,11.6227],[98.9149,11.6056],[98.9156,11.5757],[98.9185,11.5691],[98.9224,11.6076],[98.9786,11.5959],[98.93,11.6109],[98.9001,11.7029],[98.7895,11.731],[98.7812,11.7564],[98.8129,11.7951],[98.8147,11.8486],[98.8005,11.8075],[98.7121,11.7256],[98.7013,11.7234],[98.7052,11.7402],[98.6993,11.7486],[98.6966,11.727],[98.7108,11.6991],[98.6923,11.6725],[98.6042,11.7196],[98.6114,11.7344],[98.59,11.7589],[98.6168,11.7881],[98.6501,11.7733],[98.6716,11.7734],[98.6222,11.7974],[98.6046,11.789],[98.6361,11.8385],[98.6618,11.8165],[98.639,11.8455],[98.5966,11.845],[98.6579,11.856],[98.6768,11.883],[98.7025,11.8662],[98.7276,11.87],[98.7247,11.8774],[98.6809,11.8907],[98.6494,11.8644],[98.5425,11.8778],[98.5557,11.9078],[98.6572,11.9165],[98.6685,11.9214],[98.6715,11.9415],[98.7025,11.9301],[98.6881,11.9426],[98.6921,11.9631],[98.722,11.9548],[98.739,11.9579],[98.7156,11.9648],[98.7015,11.9964],[98.7387,11.9995],[98.6856,12.0267],[98.7102,12.059],[98.7367,12.0701],[98.7469,12.0426],[98.7661,12.0212],[98.7776,12.0182],[98.7368,12.0745],[98.6711,12.0441],[98.6199,12.0987],[98.6597,12.1165],[98.6728,12.0825],[98.6651,12.1207],[98.6332,12.1071],[98.619,12.137],[98.6484,12.1556],[98.7041,12.1475],[98.6433,12.165],[98.6424,12.1767],[98.6753,12.1817],[98.7053,12.204],[98.7374,12.1851],[98.6966,12.2363],[98.6311,12.235],[98.6105,12.1958],[98.6143,12.209],[98.5989,12.1939],[98.5562,12.2],[98.5262,12.2616],[98.5736,12.3048],[98.6712,12.3186],[98.5555,12.3297],[98.5357,12.3529],[98.5477,12.393],[98.5815,12.3964],[98.5581,12.4024],[98.5615,12.4183],[98.5833,12.4028],[98.6018,12.4034],[98.6138,12.3895],[98.6367,12.3857],[98.6928,12.3467],[98.7222,12.3457],[98.625,12.3916],[98.6324,12.4217],[98.6158,12.4097],[98.5942,12.4303],[98.6018,12.4815],[98.6482,12.5039],[98.682,12.5082],[98.7235,12.4832],[98.7559,12.4783],[98.6801,12.5194],[98.7036,12.5427],[98.6686,12.528],[98.6157,12.5529],[98.627,12.5725],[98.6678,12.5687],[98.6753,12.5787],[98.6307,12.5756],[98.6535,12.6365],[98.6664,12.6187],[98.6786,12.6149],[98.6807,12.5915],[98.692,12.6135],[98.6615,12.6344],[98.6799,12.6362],[98.694,12.6479],[98.6497,12.645],[98.6655,12.6887],[98.6951,12.6635],[98.705,12.6738],[98.6935,12.6669],[98.6793,12.7019],[98.6982,12.7255],[98.686,12.7398],[98.6939,12.7403],[98.7031,12.7463],[98.6891,12.749],[98.6826,12.7385],[98.685,12.7156],[98.6612,12.7312],[98.6278,12.7256],[98.6172,12.7577],[98.6328,12.7384],[98.6784,12.7447],[98.6852,12.7689],[98.7135,12.7878],[98.7192,12.8101],[98.7091,12.79],[98.6845,12.7913],[98.6465,12.7688],[98.6496,12.8014],[98.6807,12.7994],[98.6367,12.8134],[98.6395,12.865],[98.591,12.9362],[98.6004,12.9563],[98.6114,12.9513],[98.6199,12.9557],[98.6356,12.9767],[98.6596,12.9768],[98.671,12.9826],[98.6346,12.9824],[98.6167,12.9581],[98.5926,12.9678],[98.6004,13.0001],[98.5826,13.028],[98.5953,13.0666],[98.5752,13.0678],[98.59,13.0862],[98.5714,13.1166],[98.5849,13.1573],[98.5767,13.1886],[98.565,13.1934],[98.5708,13.2234],[98.563,13.2031],[98.5434,13.2023],[98.5371,13.2415],[98.4917,13.2472],[98.5025,13.2978],[98.4767,13.3106],[98.4797,13.2726],[98.4543,13.3663],[98.4787,13.4115],[98.4514,13.3763],[98.411,13.4614],[98.44,13.4792],[98.4209,13.4759],[98.3669,13.5606],[98.3681,13.5986],[98.281,13.6761],[98.2943,13.6942],[98.3108,13.6692],[98.3017,13.6995],[98.2345,13.716],[98.2428,13.9078],[98.2286,13.9712],[98.2048,14.0021],[98.1917,14.0039],[98.2095,13.9757],[98.201,13.9633],[98.2147,13.8858],[98.1732,13.7974],[98.186,13.6544],[98.1527,13.5769],[98.1757,13.5469],[98.1626,13.5362],[98.1589,13.5548],[98.1216,13.5531],[98.1304,13.5718],[98.1166,13.5928],[98.1398,13.6113],[98.1291,13.6358],[98.1529,13.6501],[98.1426,13.6783],[98.1154,13.6918],[98.1055,13.6793],[98.0868,13.7154],[98.1059,13.7228],[98.0677,13.76],[98.0799,13.8058],[98.1018,13.7894],[98.0879,13.8356],[98.0995,13.8907],[98.0729,13.9133],[98.054,14.0346],[98.0763,14.056],[98.0701,14.0878],[98.0761,14.0794],[98.0988,14.1105],[98.0806,14.1638],[98.0819,14.1741],[98.0945,14.1644],[98.0963,14.1998],[98.0837,14.2178],[98.0665,14.2165],[98.0911,14.2024],[98.0763,14.1762],[97.9958,14.2969],[97.9679,14.3619],[97.9694,14.4194],[97.9943,14.4648],[97.9858,14.4643],[98.0022,14.4833],[98.001,14.4892],[97.9624,14.4318],[97.9544,14.4956],[97.9072,14.5682],[97.8743,14.66],[97.9067,14.7184],[97.9351,14.7251],[97.9765,14.6959],[97.9488,14.7369],[97.94,14.7875],[97.9297,14.7394],[97.8958,14.7783],[97.8921,14.7266],[97.8652,14.7055],[97.8335,14.7074],[97.8406,14.7202],[97.789,14.8718],[97.808,14.8912]]],[[[97.6957,12.0484],[97.6576,12.0272],[97.6507,12.0171],[97.6535,12.0436],[97.6733,12.0593],[97.6957,12.0484]]],[[[97.6353,12.055],[97.6572,12.0652],[97.6481,12.0415],[97.6353,12.055]]],[[[97.7464,12.1377],[97.7363,12.1349],[97.7455,12.1309],[97.7201,12.1054],[97.7141,12.1422],[97.7464,12.1377]]],[[[97.8041,12.5043],[97.7952,12.4968],[97.7901,12.5091],[97.8041,12.5043]]],[[[98.0958,12.455],[98.0849,12.4584],[98.0854,12.4613],[98.0958,12.455]]],[[[98.5289,12.4689],[98.524,12.4709],[98.526,12.4757],[98.5289,12.4689]]],[[[98.1563,12.4995],[98.1523,12.4702],[98.144,12.4689],[98.1443,12.4904],[98.1563,12.4995]]],[[[98.4853,12.5487],[98.4762,12.5445],[98.4821,12.556],[98.4853,12.5487]]],[[[98.2588,12.5639],[98.2913,12.5101],[98.267,12.49],[98.2351,12.4906],[98.2265,12.5401],[98.2588,12.5639]]],[[[97.8446,12.603],[97.8808,12.5656],[97.8557,12.5394],[97.8231,12.5816],[97.8279,12.5919],[97.8461,12.5814],[97.8446,12.603]]],[[[97.8644,12.6094],[97.8488,12.6079],[97.8579,12.6166],[97.8644,12.6094]]],[[[97.8786,12.6221],[97.8615,12.6168],[97.8577,12.6201],[97.8651,12.6282],[97.8786,12.6221]]],[[[98.3566,12.7081],[98.341,12.7247],[98.3325,12.7838],[98.3582,12.7293],[98.3566,12.7081]]],[[[98.7005,12.7849],[98.658,12.7544],[98.6474,12.7556],[98.6819,12.7884],[98.7005,12.7849]]],[[[98.645,12.7578],[98.6136,12.7645],[98.6093,12.787],[98.6378,12.78],[98.645,12.7578]]],[[[98.5191,12.7967],[98.5146,12.7816],[98.5165,12.7983],[98.5191,12.7967]]],[[[98.2112,12.6474],[98.2237,12.6371],[98.2101,12.6356],[98.2112,12.6474]]],[[[98.1967,12.6542],[98.1846,12.653],[98.1952,12.6585],[98.1967,12.6542]]],[[[98.2182,12.6602],[98.2079,12.6608],[98.2075,12.6666],[98.2182,12.6602]]],[[[97.8508,12.8281],[97.8794,12.7909],[97.8816,12.7741],[97.8367,12.7781],[97.8306,12.7981],[97.8534,12.8129],[97.8376,12.8218],[97.8508,12.8281]]],[[[98.2252,12.8194],[98.2139,12.8208],[98.2181,12.8247],[98.2252,12.8194]]],[[[98.3252,12.8366],[98.3199,12.8469],[98.3218,12.8464],[98.3252,12.8366]]],[[[98.3129,12.8673],[98.3054,12.8989],[98.3071,12.9085],[98.3167,12.8766],[98.3129,12.8673]]],[[[98.1881,12.9405],[98.1933,12.9078],[98.1798,12.9372],[98.1881,12.9405]]],[[[98.5262,13.1226],[98.5296,13.1436],[98.5215,13.1647],[98.5392,13.1538],[98.5262,13.1226]]],[[[98.5613,13.1924],[98.5775,13.1666],[98.5612,13.1492],[98.5333,13.1811],[98.54,13.1956],[98.5613,13.1924]]],[[[98.5031,13.2427],[98.5364,13.2032],[98.5212,13.1762],[98.493,13.1713],[98.4884,13.2193],[98.5031,13.2427]]],[[[98.3098,13.1217],[98.3052,13.1148],[98.3029,13.1243],[98.3098,13.1217]]],[[[98.3116,13.1323],[98.3032,13.127],[98.3037,13.1338],[98.3116,13.1323]]],[[[98.2945,13.1426],[98.3008,13.1391],[98.2981,13.1244],[98.2945,13.1426]]],[[[98.56,12.9017],[98.5525,12.9131],[98.5539,12.9153],[98.56,12.9017]]],[[[98.3222,13.0197],[98.3124,13.0165],[98.3125,13.0326],[98.3222,13.0197]]],[[[98.5383,12.9344],[98.5524,12.9298],[98.5483,12.9188],[98.5383,12.9344]]],[[[98.257,13.2099],[98.2929,13.0801],[98.306,13.0959],[98.3334,13.0774],[98.2855,13.0475],[98.307,12.911],[98.2357,13.1474],[98.2358,13.215],[98.257,13.2099]]],[[[97.8158,14.2752],[97.7997,14.2762],[97.8043,14.2869],[97.8158,14.2752]]],[[[97.7816,14.3936],[97.7662,14.4011],[97.7821,14.4192],[97.7862,14.4117],[97.7816,14.3936]]],[[[97.7661,14.4423],[97.7745,14.4359],[97.7626,14.4353],[97.7661,14.4423]]],[[[97.9171,13.8871],[97.902,13.9272],[97.9081,13.9425],[97.9166,13.9262],[97.9171,13.8871]]],[[[98.2164,13.9287],[98.2043,13.9628],[98.2124,13.9694],[98.222,13.9495],[98.2164,13.9287]]],[[[97.8001,14.1341],[97.8217,14.1275],[97.8022,14.1086],[97.8001,14.1341]]],[[[97.8224,14.1918],[97.8118,14.1609],[97.7881,14.1386],[97.7842,14.1769],[97.8224,14.1918]]],[[[98.1853,13.6669],[98.1941,13.669],[98.192,13.6564],[98.1853,13.6669]]],[[[98.1986,13.7505],[98.186,13.7837],[98.2195,13.8684],[98.2272,13.8481],[98.1986,13.7505]]],[[[97.9243,13.86],[97.9268,13.8187],[97.9129,13.7846],[97.9064,13.8625],[97.9243,13.86]]],[[[98.2004,13.5965],[98.2046,13.6121],[98.2074,13.6121],[98.2102,13.6044],[98.2004,13.5965]]],[[[98.1896,13.6104],[98.1774,13.6306],[98.1905,13.6491],[98.1984,13.634],[98.1896,13.6104]]],[[[98.4035,12.064],[98.395,12.0572],[98.3907,12.0633],[98.4035,12.064]]],[[[97.993,12.0734],[98.0218,12.076],[98.0192,12.0587],[97.993,12.0734]]],[[[97.7899,12.046],[97.7639,12.0378],[97.7589,12.041],[97.767,12.0509],[97.7899,12.046]]],[[[97.9427,12.0483],[97.9383,12.0491],[97.94,12.0558],[97.9427,12.0483]]],[[[97.9492,12.064],[97.9807,12.0673],[97.9871,12.0569],[97.9613,12.0571],[97.9595,12.0289],[97.9492,12.064]]],[[[98.3908,12.12],[98.3836,12.1188],[98.3814,12.1273],[98.3908,12.12]]],[[[97.9801,12.095],[97.967,12.0922],[97.9768,12.1076],[97.9801,12.095]]],[[[97.997,12.0946],[97.9824,12.1112],[97.9871,12.1166],[97.9981,12.1119],[97.997,12.0946]]],[[[97.9673,12.106],[97.9624,12.1182],[97.975,12.1258],[97.9765,12.1227],[97.9673,12.106]]],[[[98.6635,12.1861],[98.6712,12.1985],[98.6888,12.2016],[98.6843,12.1953],[98.6635,12.1861]]],[[[98.7021,12.2039],[98.6925,12.209],[98.7084,12.2077],[98.7021,12.2039]]],[[[98.6884,12.2116],[98.6359,12.1908],[98.6447,12.2214],[98.6907,12.2319],[98.6884,12.2116]]],[[[98.1863,12.1987],[98.1805,12.2013],[98.1919,12.2124],[98.1863,12.1987]]],[[[98.1381,12.2153],[98.1453,12.199],[98.1277,12.2118],[98.1381,12.2153]]],[[[98.2449,12.204],[98.2434,12.2236],[98.2517,12.2025],[98.2449,12.204]]],[[[98.4712,12.2244],[98.4596,12.2104],[98.4473,12.2341],[98.4572,12.2345],[98.4712,12.2244]]],[[[98.1347,12.2288],[98.126,12.221],[98.1283,12.2303],[98.1347,12.2288]]],[[[98.2201,12.2237],[98.2055,12.2236],[98.2153,12.227],[98.2201,12.2237]]],[[[98.4226,12.2295],[98.4171,12.2227],[98.414,12.2275],[98.4226,12.2295]]],[[[98.1539,12.1816],[98.1552,12.169],[98.148,12.1637],[98.1428,12.1763],[98.1539,12.1816]]],[[[97.9808,12.1153],[97.9768,12.127],[97.9714,12.1281],[97.9741,12.1387],[97.9808,12.1153]]],[[[98.0071,12.1276],[97.9927,12.1292],[97.9927,12.1463],[97.9968,12.1456],[98.0071,12.1276]]],[[[98.3872,12.14],[98.3778,12.1505],[98.3944,12.1794],[98.4048,12.1557],[98.3872,12.14]]],[[[98.0557,12.193],[98.0474,12.1853],[98.0386,12.1904],[98.0397,12.1944],[98.0557,12.193]]],[[[98.4026,12.2197],[98.4206,12.2102],[98.4279,12.1823],[98.4098,12.1722],[98.4026,12.2197]]],[[[98.6288,12.3141],[98.6154,12.3198],[98.6316,12.3174],[98.6288,12.3141]]],[[[98.6141,12.3185],[98.5951,12.3113],[98.5744,12.3192],[98.6141,12.3185]]],[[[98.5,12.3312],[98.4981,12.3429],[98.5102,12.346],[98.5091,12.3391],[98.5,12.3312]]],[[[98.403,12.3338],[98.3931,12.3454],[98.3943,12.3474],[98.3997,12.346],[98.403,12.3338]]],[[[98.0833,12.3399],[98.0809,12.3573],[98.0836,12.3581],[98.0833,12.3399]]],[[[98.1384,12.3707],[98.1302,12.3575],[98.1544,12.3601],[98.1393,12.3454],[98.1589,12.3412],[98.1588,12.3331],[98.0986,12.3316],[98.1008,12.3636],[98.1384,12.3707]]],[[[98.0052,12.3732],[98.0182,12.3694],[98.0139,12.3638],[98.0052,12.3732]]],[[[98.1744,12.3635],[98.1705,12.3528],[98.1638,12.3584],[98.1744,12.3635]]],[[[98.2164,12.3774],[98.236,12.3595],[98.2087,12.3683],[98.2164,12.3774]]],[[[98.472,12.3254],[98.4257,12.3228],[98.424,12.3339],[98.4712,12.3967],[98.4961,12.3678],[98.472,12.3254]]],[[[98.4273,12.3599],[98.4213,12.3788],[98.4375,12.3922],[98.4368,12.3782],[98.4273,12.3599]]],[[[98.4174,12.3808],[98.4113,12.3803],[98.4167,12.3844],[98.4174,12.3808]]],[[[98.5257,12.3161],[98.5213,12.3262],[98.5409,12.3392],[98.5493,12.3269],[98.5257,12.3161]]],[[[98.0765,12.3285],[98.0625,12.3132],[98.075,12.3331],[98.0765,12.3285]]],[[[97.9409,12.2103],[97.9311,12.2347],[97.9401,12.2473],[97.9449,12.2306],[97.9409,12.2103]]],[[[98.0794,12.3042],[98.1373,12.2813],[98.132,12.2356],[98.1042,12.1996],[98.1268,12.2065],[98.1493,12.1912],[98.1342,12.1724],[98.1489,12.1362],[98.1352,12.151],[98.129,12.1401],[98.1183,12.167],[98.0801,12.1636],[98.0669,12.197],[98.0454,12.2068],[98.0631,12.287],[98.0794,12.3042]]],[[[97.8835,12.2428],[97.8763,12.2372],[97.8806,12.2451],[97.8835,12.2428]]],[[[98.4479,12.2449],[98.4362,12.2504],[98.437,12.2525],[98.4479,12.2449]]],[[[97.7727,12.2636],[97.773,12.2857],[97.8004,12.3042],[97.7966,12.2816],[97.7727,12.2636]]],[[[97.875,12.3002],[97.8873,12.2825],[97.865,12.2873],[97.875,12.3002]]],[[[98.5271,12.2735],[98.508,12.2848],[98.5395,12.2927],[98.54,12.2897],[98.5271,12.2735]]],[[[98.1629,12.29],[98.1541,12.2881],[98.16,12.2944],[98.1629,12.29]]],[[[98.5002,12.2702],[98.479,12.2698],[98.501,12.2758],[98.5002,12.2702]]],[[[98.4357,12.2777],[98.4296,12.2717],[98.4281,12.278],[98.4357,12.2777]]],[[[97.9607,12.3033],[97.9546,12.2914],[97.9478,12.2752],[97.9421,12.2909],[97.9607,12.3033]]],[[[97.9661,12.3048],[97.9701,12.2935],[97.9676,12.2901],[97.9635,12.2987],[97.9661,12.3048]]],[[[98.4684,12.3015],[98.4589,12.2946],[98.4585,12.2961],[98.4684,12.3015]]],[[[98.3974,12.317],[98.3851,12.2923],[98.3859,12.2654],[98.3698,12.3144],[98.3974,12.317]]],[[[98.3569,12.2914],[98.3513,12.3048],[98.3609,12.3093],[98.3654,12.299],[98.3569,12.2914]]],[[[98.0425,12.3132],[98.042,12.3032],[98.0349,12.306],[98.0425,12.3132]]],[[[98.2436,12.3492],[98.2587,12.2967],[98.2428,12.2869],[98.2436,12.3492]]],[[[98.0963,12.4334],[98.0981,12.4149],[98.1136,12.4148],[98.1235,12.4012],[98.0936,12.3606],[98.0583,12.3632],[98.0698,12.3486],[98.0484,12.3243],[98.0007,12.3043],[98.0142,12.2635],[97.9788,12.3168],[97.9409,12.3172],[97.9748,12.3471],[97.9678,12.3686],[97.9367,12.3379],[97.943,12.3643],[97.9556,12.3639],[97.9517,12.3845],[97.9759,12.393],[97.973,12.3726],[97.99,12.399],[98.0044,12.3918],[98.0298,12.4168],[98.0255,12.3884],[98.0046,12.3904],[97.9989,12.3695],[98.0128,12.3615],[97.9985,12.3601],[97.9971,12.3464],[98.0236,12.3687],[98.0362,12.3544],[98.0819,12.4315],[98.0963,12.4334]]],[[[97.8343,12.4548],[97.8221,12.4293],[97.8211,12.4734],[97.8343,12.4548]]],[[[98.0125,12.4188],[98.0067,12.4262],[98.0116,12.4282],[98.0125,12.4188]]],[[[98.1468,12.3897],[98.1427,12.3787],[98.1335,12.3799],[98.1468,12.3897]]],[[[98.5052,12.37],[98.4917,12.3866],[98.5164,12.402],[98.5221,12.3988],[98.5052,12.37]]],[[[98.4398,12.4127],[98.4331,12.4115],[98.4399,12.4166],[98.4398,12.4127]]],[[[98.5965,12.4048],[98.5639,12.4193],[98.5637,12.4282],[98.5965,12.4048]]],[[[98.1195,12.4195],[98.1644,12.4236],[98.1629,12.4043],[98.1195,12.4195]]],[[[98.5237,12.4006],[98.5146,12.4239],[98.5012,12.4348],[98.5125,12.4451],[98.5237,12.4006]]],[[[98.5875,12.4298],[98.5738,12.4431],[98.5743,12.4619],[98.5868,12.4552],[98.5875,12.4298]]],[[[98.0278,12.4451],[98.0214,12.429],[98.014,12.4392],[98.0278,12.4451]]],[[[98.449,12.4183],[98.4452,12.431],[98.4588,12.4392],[98.449,12.4183]]],[[[98.5008,12.5144],[98.5192,12.4945],[98.4987,12.4337],[98.5161,12.4122],[98.4894,12.3883],[98.4648,12.4142],[98.4769,12.4942],[98.5008,12.5144]]],[[[98.3055,12.687],[98.3478,12.6622],[98.3602,12.6773],[98.3613,12.6557],[98.382,12.6622],[98.4068,12.6313],[98.3852,12.5758],[98.4085,12.5515],[98.4122,12.5633],[98.41,12.5356],[98.431,12.5229],[98.4219,12.5113],[98.4366,12.5131],[98.4281,12.5462],[98.4522,12.5661],[98.435,12.5867],[98.448,12.5845],[98.4396,12.6068],[98.4579,12.6081],[98.4811,12.5747],[98.4654,12.5513],[98.4607,12.4548],[98.4331,12.4356],[98.363,12.3212],[98.3397,12.3118],[98.304,12.3408],[98.331,12.4384],[98.3147,12.4942],[98.3325,12.5325],[98.311,12.5377],[98.2941,12.6471],[98.3055,12.687]]]]}},{"type":"Feature","properties":{"name":"Bago","country":"Myanmar"},"geometry":{"type":"Polygon","coordinates":[[[95.7483,17.4685],[95.7169,17.52],[95.6772,17.5506],[95.678,17.5867],[95.6548,17.6115],[95.6383,17.6051],[95.6368,17.6218],[95.6168,17.6265],[95.5822,17.6078],[95.5486,17.6409],[95.5035,17.6491],[95.432,17.7206],[95.4317,17.7397],[95.491,17.7893],[95.4746,17.8304],[95.4846,17.884],[95.4574,17.9116],[95.4617,18.0206],[95.3964,18.1623],[95.4204,18.2136],[95.3574,18.2444],[95.3246,18.2956],[95.2716,18.3214],[95.2584,18.3797],[95.189,18.4246],[95.1817,18.4864],[95.1064,18.5099],[95.1122,18.4357],[95.0777,18.3787],[95.0341,18.3695],[95.0069,18.3823],[94.935,18.4532],[94.9249,18.4235],[94.8654,18.4089],[94.8234,18.3595],[94.7982,18.371],[94.7576,18.4569],[94.7339,18.4679],[94.7655,18.5645],[94.7285,18.5736],[94.69,18.6261],[94.7016,18.6546],[94.7466,18.6569],[94.7471,18.6828],[94.6856,18.8027],[94.7119,18.8286],[94.7513,18.8293],[94.762,18.8594],[94.744,18.9003],[94.7016,18.9215],[94.6972,18.9598],[94.7325,18.9602],[94.7631,18.9804],[94.7699,18.9696],[94.8524,18.9767],[94.9269,18.929],[94.9582,18.9393],[94.9891,18.9236],[95.0595,18.8324],[95.0816,18.8641],[95.1373,18.8661],[95.1626,18.8839],[95.1427,18.9081],[95.1641,18.956],[95.2138,18.9642],[95.2558,18.9983],[95.2819,18.9967],[95.2727,19.0682],[95.3164,19.0991],[95.3567,19.0886],[95.3788,19.1023],[95.4284,19.1801],[95.4541,19.1834],[95.4737,19.1668],[95.4888,19.1881],[95.5078,19.1855],[95.6163,19.154],[95.68,19.1683],[95.7046,19.1914],[95.8264,19.1585],[95.825,19.2023],[95.8555,19.2274],[95.8454,19.2444],[95.8586,19.3062],[95.8145,19.3848],[95.814,19.4332],[95.7949,19.4596],[95.8915,19.4365],[95.9059,19.4732],[95.9453,19.4815],[96.0366,19.4533],[96.0536,19.4627],[96.1052,19.4173],[96.1271,19.417],[96.1375,19.4428],[96.1625,19.4429],[96.1796,19.4933],[96.2802,19.4733],[96.3916,19.4739],[96.4184,19.4452],[96.4402,19.4447],[96.4079,19.4112],[96.4575,19.3634],[96.4646,19.3283],[96.4519,19.3028],[96.4682,19.2961],[96.4947,19.2099],[96.5543,19.1735],[96.4919,19.1449],[96.4954,19.1305],[96.5132,19.133],[96.5103,19.0901],[96.5722,19.0379],[96.56,19.0235],[96.5734,18.9931],[96.5647,18.9784],[96.5915,18.9598],[96.5841,18.9372],[96.5997,18.9516],[96.6226,18.9326],[96.6358,18.9498],[96.6746,18.9245],[96.6606,18.9083],[96.6424,18.9154],[96.6371,18.8942],[96.6224,18.9166],[96.6033,18.8954],[96.595,18.8696],[96.629,18.8309],[96.6251,18.811],[96.6548,18.7974],[96.5735,18.7903],[96.5848,18.7348],[96.6496,18.6469],[96.6665,18.6452],[96.6874,18.5991],[96.7284,18.631],[96.8153,18.599],[96.8619,18.6358],[96.9112,18.6513],[96.9478,18.6411],[96.9479,18.6177],[96.9728,18.6013],[96.9665,18.5579],[96.9829,18.552],[96.9561,18.4306],[96.9879,18.3951],[96.9862,18.376],[97.033,18.3743],[97.0383,18.3503],[97.0627,18.3413],[97.0441,18.3247],[97.0553,18.2924],[97.0768,18.2913],[97.0876,18.3272],[97.1075,18.3301],[97.1401,18.2503],[97.1245,18.21],[97.1935,18.1556],[97.1646,18.0446],[97.1176,17.9897],[97.1162,17.9471],[97.1629,17.8739],[97.1588,17.8352],[97.1848,17.8326],[97.1948,17.8062],[97.1558,17.7249],[97.1785,17.6783],[97.171,17.6655],[97.205,17.6263],[97.1934,17.5572],[97.2218,17.5483],[97.2242,17.5334],[97.1424,17.5109],[97.1029,17.4808],[97.0967,17.5369],[97.0192,17.5698],[96.9944,17.6109],[96.9698,17.6068],[96.9452,17.625],[96.9387,17.6122],[96.9095,17.6085],[96.904,17.6213],[96.8763,17.6036],[96.874,17.4362],[96.8964,17.3789],[96.8704,17.3227],[96.8791,17.3022],[96.9332,17.2824],[96.8921,17.2044],[96.9823,17.1138],[96.963,17.115],[96.939,17.1493],[96.9354,17.1288],[96.8978,17.1356],[96.9228,17.1067],[96.9236,17.059],[96.9116,17.0561],[96.8802,16.9244],[96.8664,16.91],[96.838,16.9276],[96.8482,16.9591],[96.83,16.9224],[96.8558,16.8887],[96.8357,16.9052],[96.8253,16.8941],[96.8069,16.9109],[96.7975,16.9073],[96.8514,16.8448],[96.8375,16.8217],[96.8031,16.8543],[96.7952,16.844],[96.7804,16.9179],[96.7564,16.9399],[96.7286,16.931],[96.7063,16.9763],[96.6908,16.9711],[96.6589,16.9965],[96.5968,16.9807],[96.5169,16.9941],[96.4774,16.9646],[96.3782,17.0009],[96.4035,17.0763],[96.3659,17.1495],[96.2969,17.2112],[96.3189,17.2487],[96.2813,17.439],[96.2604,17.4699],[96.2037,17.4867],[96.2047,17.5204],[96.0806,17.7056],[96.0985,17.7415],[96.084,17.7915],[96.0526,17.7961],[95.99,17.7086],[95.9754,17.7192],[95.9767,17.6863],[95.946,17.6654],[95.9406,17.6386],[95.9063,17.6327],[95.8923,17.5737],[95.8326,17.562],[95.7783,17.5018],[95.7837,17.4639],[95.7483,17.4685]]]}},{"type":"Feature","properties":{"name":"Yangon","country":"Myanmar"},"geometry":{"type":"MultiPolygon","coordinates":[[[[93.3626,14.0443],[93.3504,14.1497],[93.3653,14.1581],[93.3789,14.1224],[93.3626,14.0443]]],[[[93.6132,14.8343],[93.6121,14.874],[93.6409,14.9061],[93.6378,14.8735],[93.6132,14.8343]]],[[[96.1441,16.3205],[96.1293,16.3177],[96.1613,16.3308],[96.1441,16.3205]]],[[[95.8362,16.5033],[95.8827,16.5432],[95.8757,16.5682],[95.8501,16.5555],[95.8241,16.6149],[95.8362,16.7046],[95.8687,16.7197],[95.8803,16.7466],[95.8359,16.9067],[95.8527,16.9523],[95.8868,16.9543],[95.8608,16.9698],[95.8659,17.0027],[95.8206,17.0239],[95.8358,17.0626],[95.8251,17.0941],[95.8393,17.0997],[95.826,17.106],[95.8054,17.0777],[95.7983,17.1042],[95.8098,17.1107],[95.7768,17.1501],[95.7839,17.1705],[95.7378,17.2064],[95.7098,17.2024],[95.6903,17.2316],[95.7089,17.2818],[95.6974,17.3319],[95.6616,17.3626],[95.6434,17.3444],[95.618,17.3483],[95.6184,17.3725],[95.6262,17.3874],[95.6852,17.4014],[95.6899,17.4421],[95.7361,17.478],[95.7837,17.4639],[95.7783,17.5018],[95.8326,17.562],[95.8923,17.5737],[95.9063,17.6327],[95.9406,17.6386],[95.946,17.6654],[95.9767,17.6863],[95.9754,17.7192],[95.99,17.7086],[96.0163,17.7618],[96.0563,17.797],[96.072,17.7836],[96.084,17.7915],[96.0985,17.7415],[96.0806,17.7056],[96.2047,17.5204],[96.2037,17.4867],[96.2604,17.4699],[96.2781,17.4473],[96.3189,17.2487],[96.2969,17.2112],[96.3659,17.1495],[96.4035,17.0763],[96.3782,17.0009],[96.4774,16.9646],[96.5169,16.9941],[96.5968,16.9807],[96.6589,16.9965],[96.6908,16.9711],[96.7063,16.9763],[96.7286,16.931],[96.7564,16.9399],[96.7804,16.9179],[96.7952,16.844],[96.8031,16.8543],[96.8375,16.8217],[96.8077,16.756],[96.7802,16.7817],[96.748,16.7509],[96.7273,16.7161],[96.7245,16.6532],[96.6426,16.5534],[96.5135,16.4923],[96.4302,16.4767],[96.3919,16.4847],[96.2874,16.5595],[96.2815,16.5932],[96.3307,16.6298],[96.4081,16.6113],[96.4698,16.6131],[96.3312,16.6335],[96.2827,16.6017],[96.2755,16.5808],[96.2602,16.6079],[96.2618,16.6533],[96.2321,16.6872],[96.2163,16.7527],[96.223,16.7795],[96.3079,16.8283],[96.3158,16.8758],[96.3425,16.9074],[96.3046,16.88],[96.3021,16.8342],[96.2675,16.8104],[96.1994,16.7712],[96.1785,16.7811],[96.19,16.7922],[96.1919,16.8019],[96.187,16.806],[96.1769,16.7802],[96.1962,16.7658],[96.1225,16.7793],[96.1213,16.8109],[96.1127,16.8316],[96.114,16.7813],[96.1298,16.7692],[96.1196,16.757],[96.1368,16.7688],[96.1909,16.7481],[96.2069,16.6814],[96.243,16.652],[96.2329,16.5955],[96.2593,16.5215],[96.3277,16.4569],[96.288,16.3875],[96.1321,16.3234],[96.1067,16.3258],[95.9787,16.4147],[95.8777,16.4197],[95.8665,16.4626],[95.8287,16.4717],[95.8362,16.5033]]]]}},{"type":"Feature","properties":{"name":"Shan","country":"Myanmar"},"geometry":{"type":"Polygon","coordinates":[[[96.31,23.4982],[96.4373,23.6345],[96.4377,23.6951],[96.5073,23.7421],[96.5351,23.8127],[96.5606,23.8327],[96.5536,23.8618],[96.5269,23.8822],[96.5073,24.0057],[96.4687,24.0168],[96.4327,23.9957],[96.3901,24.0279],[96.4567,24.1008],[96.493,24.1113],[96.5192,24.1012],[96.5582,24.1549],[96.6274,24.1457],[96.6657,24.1564],[96.6948,24.1059],[96.6767,24.0741],[96.6988,24.0673],[96.7031,24.0381],[96.6789,23.9999],[96.7452,23.9924],[96.8106,24.0213],[96.8546,24.0151],[96.832,23.9562],[96.8452,23.9441],[96.8392,23.895],[96.8768,23.875],[96.8828,23.8307],[96.853,23.7853],[96.791,23.783],[96.7758,23.7654],[96.7843,23.743],[96.8563,23.7323],[96.8756,23.7146],[96.9746,23.7162],[97.0029,23.702],[97.0147,23.644],[97.0821,23.6337],[97.141,23.6658],[97.14,23.6852],[97.1786,23.6704],[97.219,23.6991],[97.2329,23.6805],[97.2686,23.7125],[97.3036,23.6985],[97.3153,23.7193],[97.3443,23.6945],[97.3457,23.7235],[97.3727,23.7454],[97.4086,23.739],[97.4635,23.7741],[97.4532,23.7986],[97.4755,23.8186],[97.5997,23.8206],[97.6383,23.8632],[97.6478,23.844],[97.6849,23.8813],[97.7109,23.8666],[97.7029,23.8817],[97.7645,23.9094],[97.7941,23.9569],[97.8122,23.9637],[97.8156,23.9467],[97.8201,23.9711],[97.8893,23.9756],[97.8968,24.0154],[97.9761,24.0331],[98.0873,24.0891],[98.2204,24.1162],[98.361,24.0996],[98.3741,24.1158],[98.4414,24.1275],[98.5456,24.1305],[98.5946,24.0825],[98.6467,24.1075],[98.6844,24.1033],[98.7174,24.1307],[98.8515,24.1324],[98.8781,24.1558],[98.8992,24.1133],[98.8637,24.0657],[98.8063,24.025],[98.7734,24.0266],[98.7689,23.9959],[98.7355,23.9711],[98.7007,23.9868],[98.6776,23.9629],[98.7067,23.9374],[98.6826,23.9117],[98.7046,23.8433],[98.6952,23.8152],[98.6736,23.809],[98.6997,23.7859],[98.7191,23.7934],[98.8076,23.7692],[98.8464,23.6404],[98.8909,23.6151],[98.8775,23.5887],[98.803,23.5392],[98.8234,23.4835],[98.875,23.4863],[98.9194,23.4181],[98.9186,23.3528],[98.9023,23.3564],[98.878,23.3305],[98.9065,23.3353],[98.9451,23.3096],[98.926,23.2934],[98.9301,23.2698],[98.8904,23.2136],[98.8861,23.182],[98.9239,23.1876],[99.0027,23.1634],[99.0605,23.1719],[99.0483,23.1233],[99.1064,23.0917],[99.1461,23.1086],[99.175,23.0949],[99.2003,23.1132],[99.2171,23.0927],[99.2599,23.0824],[99.2657,23.1015],[99.3089,23.104],[99.3284,23.1355],[99.3449,23.1367],[99.3855,23.1005],[99.5099,23.0836],[99.5327,23.0518],[99.518,23.033],[99.5213,22.9942],[99.5657,22.9323],[99.56,22.9076],[99.5337,22.8999],[99.4421,22.9417],[99.4357,22.9124],[99.461,22.8457],[99.4001,22.8276],[99.3836,22.7646],[99.3143,22.7381],[99.3591,22.6639],[99.3829,22.5805],[99.358,22.5346],[99.3799,22.495],[99.2993,22.4173],[99.2485,22.3925],[99.2774,22.35],[99.2372,22.3071],[99.2335,22.2495],[99.1765,22.1928],[99.1958,22.1694],[99.1557,22.1627],[99.274,22.1001],[99.2884,22.1119],[99.3257,22.095],[99.4103,22.099],[99.4739,22.1352],[99.5218,22.0974],[99.562,22.1162],[99.5731,22.1009],[99.5924,22.1149],[99.6153,22.096],[99.6517,22.1053],[99.6681,22.0774],[99.6955,22.0729],[99.6899,22.0455],[99.7014,22.0405],[99.7425,22.0725],[99.8537,22.0242],[99.879,22.0399],[99.8619,22.0592],[99.8786,22.0692],[99.9713,22.0581],[99.9612,22.0258],[99.9965,21.9736],[99.9442,21.8609],[99.9455,21.815],[99.9825,21.7172],[100.0322,21.6944],[100.0316,21.6761],[100.0505,21.6671],[100.0711,21.6926],[100.1164,21.7056],[100.1682,21.6657],[100.1712,21.6495],[100.1526,21.6504],[100.1067,21.5934],[100.1259,21.5119],[100.1693,21.4851],[100.1871,21.5197],[100.2472,21.4663],[100.3153,21.4924],[100.3508,21.5308],[100.391,21.5224],[100.4321,21.5405],[100.4859,21.456],[100.5365,21.4718],[100.5745,21.4507],[100.6427,21.4831],[100.6689,21.4796],[100.7,21.5147],[100.7226,21.513],[100.7738,21.571],[100.7906,21.571],[100.8129,21.6214],[100.8417,21.6351],[100.8831,21.6898],[100.9118,21.6835],[101.0131,21.7085],[101.0863,21.7759],[101.1175,21.7781],[101.1157,21.6926],[101.1512,21.6718],[101.1697,21.6065],[101.1391,21.5719],[101.1642,21.528],[101.0875,21.459],[101.0544,21.4502],[101.0001,21.3864],[100.889,21.3512],[100.8465,21.3047],[100.8094,21.293],[100.7232,21.3104],[100.6954,21.1739],[100.6436,21.1024],[100.6364,21.0622],[100.5933,21.0289],[100.5459,21.0231],[100.5537,20.9981],[100.5256,20.9625],[100.5092,20.8887],[100.555,20.8704],[100.6392,20.8982],[100.6475,20.8796],[100.5668,20.8223],[100.3637,20.8249],[100.3275,20.7859],[100.2539,20.7502],[100.1808,20.6489],[100.1266,20.4865],[100.121,20.4041],[100.0845,20.3614],[100.0779,20.3829],[100.0655,20.3769],[100.0704,20.3929],[99.9913,20.4219],[99.9588,20.4661],[99.8684,20.4429],[99.8082,20.3356],[99.7313,20.351],[99.6821,20.317],[99.6454,20.3438],[99.6123,20.3314],[99.4577,20.3924],[99.4566,20.363],[99.5072,20.323],[99.523,20.2333],[99.5647,20.2066],[99.5523,20.177],[99.513,20.1525],[99.4967,20.1159],[99.4364,20.0914],[99.3773,20.0899],[99.3289,20.0642],[99.2122,20.131],[99.1551,20.1301],[99.1266,20.1188],[99.1314,20.104],[99.0785,20.1012],[99.0438,20.0362],[99.055,20.003],[99.032,19.9758],[99.0442,19.9485],[99.0228,19.9065],[99.0361,19.8646],[99.0087,19.7885],[98.932,19.7642],[98.9164,19.7415],[98.8391,19.8145],[98.7834,19.7528],[98.7118,19.7689],[98.6263,19.7262],[98.627,19.7129],[98.572,19.7029],[98.5677,19.6715],[98.5086,19.7158],[98.4397,19.6862],[98.392,19.705],[98.3702,19.6893],[98.337,19.6993],[98.252,19.6754],[98.2315,19.7262],[98.1924,19.7389],[98.1831,19.7609],[98.1388,19.7869],[98.1014,19.7723],[98.0835,19.8094],[98.0483,19.8151],[98.0343,19.8046],[98.0252,19.7237],[98.0476,19.6532],[97.9722,19.6345],[97.961,19.593],[97.8633,19.5748],[97.8486,19.609],[97.8586,19.6354],[97.8307,19.6555],[97.7963,19.6471],[97.7467,19.6757],[97.7359,19.6563],[97.6932,19.6704],[97.676,19.6616],[97.6059,19.687],[97.5929,19.7162],[97.5618,19.7322],[97.5925,19.831],[97.5469,19.8337],[97.5278,19.8654],[97.5405,19.8806],[97.5169,19.8974],[97.4429,19.8797],[97.4322,19.9031],[97.3999,19.9177],[97.3851,19.9564],[97.3352,19.9312],[97.3294,19.8976],[97.2589,19.8918],[97.2218,19.9076],[97.2093,19.9894],[97.1471,19.9924],[97.1571,19.9558],[97.1409,19.9031],[97.1617,19.8355],[97.1469,19.8329],[97.1341,19.7991],[97.1593,19.7679],[97.1161,19.7507],[97.128,19.715],[97.0153,19.6907],[97.0157,19.6497],[96.9687,19.6321],[96.9448,19.5864],[96.8996,19.5582],[96.9087,19.5315],[96.8761,19.5224],[96.8732,19.508],[96.91,19.4806],[96.9087,19.4606],[96.9439,19.4574],[96.9659,19.4271],[96.8887,19.3746],[96.8748,19.3552],[96.8859,19.3377],[96.8593,19.3005],[96.8012,19.4043],[96.7278,19.4485],[96.6853,19.449],[96.6903,19.4695],[96.6479,19.577],[96.5516,19.5924],[96.5455,19.6175],[96.6561,19.695],[96.6312,19.7273],[96.6074,19.7323],[96.5606,19.791],[96.5509,19.8328],[96.5214,19.8581],[96.4535,19.8504],[96.4439,19.877],[96.4552,19.8946],[96.3635,20.013],[96.4026,20.0305],[96.4284,20.0195],[96.443,20.0519],[96.4678,20.056],[96.4758,20.07],[96.4528,20.0893],[96.4409,20.1364],[96.5468,20.2219],[96.4947,20.3195],[96.5003,20.338],[96.4746,20.3696],[96.4613,20.4267],[96.4735,20.4706],[96.4951,20.4795],[96.4924,20.5083],[96.5436,20.5125],[96.5528,20.5975],[96.517,20.5793],[96.5133,20.6019],[96.4723,20.6239],[96.4393,20.6925],[96.4607,20.7034],[96.455,20.7307],[96.4831,20.7537],[96.4786,20.7693],[96.5639,20.7826],[96.5735,20.8714],[96.5497,20.8933],[96.523,20.8868],[96.5075,20.9214],[96.4679,20.9027],[96.4338,20.9181],[96.4277,20.943],[96.3891,20.9295],[96.2458,20.9803],[96.244,21.0018],[96.2183,21.0052],[96.2036,21.071],[96.2302,21.0885],[96.2177,21.1289],[96.2324,21.151],[96.2936,21.1734],[96.3628,21.1596],[96.3774,21.1757],[96.3654,21.2154],[96.3364,21.2407],[96.3132,21.351],[96.2906,21.3571],[96.3057,21.371],[96.2871,21.4633],[96.3178,21.4625],[96.3415,21.4888],[96.3206,21.5355],[96.3408,21.5508],[96.4657,21.5563],[96.5446,21.5989],[96.5809,21.5953],[96.6831,21.7115],[96.704,21.7257],[96.7379,21.7046],[96.7664,21.7158],[96.8067,21.7448],[96.807,21.7743],[96.8492,21.7413],[96.896,21.7428],[96.8757,21.823],[96.8437,21.8463],[96.857,21.8692],[96.7547,22.007],[96.7539,22.0709],[96.7161,22.0901],[96.6558,22.0895],[96.6385,22.1113],[96.5584,22.1103],[96.548,22.1396],[96.4947,22.1428],[96.4801,22.1601],[96.4726,22.2563],[96.4093,22.364],[96.3293,22.3681],[96.3201,22.4537],[96.3337,22.4672],[96.3314,22.504],[96.2896,22.5288],[96.2977,22.5731],[96.2399,22.6393],[96.2417,22.7004],[96.2182,22.6928],[96.2238,22.7113],[96.2042,22.7375],[96.2728,22.7932],[96.2867,22.7801],[96.3557,22.7781],[96.3818,22.8015],[96.3924,22.7919],[96.395,22.8065],[96.4576,22.7848],[96.5397,22.8303],[96.6088,22.8156],[96.6403,22.8241],[96.6651,22.8496],[96.6723,22.8921],[96.7157,22.9367],[96.7135,22.9604],[96.6799,22.9855],[96.6239,22.9796],[96.5441,23.0203],[96.5152,23.0532],[96.4704,23.0226],[96.4547,23.0335],[96.3353,23.0042],[96.237,23.0136],[96.1966,23.0386],[96.1941,23.0907],[96.1532,23.1213],[96.1521,23.1598],[96.1765,23.1898],[96.1828,23.2729],[96.1984,23.2984],[96.1674,23.3175],[96.1702,23.3457],[96.1903,23.3566],[96.2148,23.3318],[96.2337,23.3397],[96.2276,23.3681],[96.2467,23.4024],[96.3036,23.4282],[96.2924,23.4573],[96.3172,23.4766],[96.31,23.4982]]]}}]}