{"type":"FeatureCollection","features":[{"type":"Feature","properties":{"id":"bombay--kanara","name":"Kanara","division":"Bombay","type":"British districts"},"geometry":{"type":"Polygon","coordinates":[[[74.3781,14.2806],[74.3791,14.269],[74.5631,14.2689],[74.5837,14.288],[74.5944,14.3684],[74.6061,14.3981],[74.6698,14.4499],[74.714,14.471],[74.8132,14.4625],[74.8633,14.4654],[74.8858,14.4807],[74.9005,14.5401],[74.9044,14.6472],[74.9182,14.6673],[74.9801,14.6616],[75.0155,14.674],[74.988,14.7496],[74.9968,14.7755],[75.0135,14.7822],[75.0755,14.7793],[75.1644,14.8162],[75.1261,14.9756],[75.1491,15.1472],[75.1418,15.2074],[75.1152,15.2634],[75.0856,15.285],[75.0324,15.2929],[74.9902,15.3237],[74.9762,15.3611],[74.9606,15.468],[74.881,15.5498],[74.8449,15.531],[74.8056,15.5374],[74.7804,15.589],[74.7678,15.5969],[74.7345,15.5904],[74.6835,15.5451],[74.6583,15.5372],[74.6272,15.5465],[74.5923,15.5988],[74.5767,15.6146],[74.5567,15.6188],[74.5301,15.6102],[74.5058,15.5678],[74.4836,15.5641],[74.4636,15.5698],[74.4249,15.6329],[74.3949,15.6641],[74.3548,15.6649],[74.3661,15.6185],[74.3504,15.4893],[74.3556,15.4092],[74.3201,15.3373],[74.2821,15.2846],[74.2812,15.1913],[74.2604,15.129],[74.1891,15.1025],[74.1622,15.0701],[74.1427,15.0258],[74.1016,14.9667],[74.1295,14.9489],[74.1555,14.9153],[74.1424,14.8564],[74.1618,14.8177],[74.2194,14.7835],[74.2763,14.77],[74.2859,14.7457],[74.2909,14.5663],[74.3663,14.494],[74.3907,14.4553],[74.4049,14.3944],[74.4036,14.3298],[74.3781,14.2806]]]}},{"type":"Feature","properties":{"id":"bombay--dharwar","name":"Dharwar","division":"Bombay","type":"British districts"},"geometry":{"type":"Polygon","coordinates":[[[75.8077,15.9974],[75.6714,15.9666],[75.5721,16.0042],[75.49,16.0768],[75.4216,16.0505],[75.3793,16.0283],[75.3554,15.9731],[75.3406,15.958],[75.295,15.9436],[75.3224,15.8883],[75.3268,15.8624],[75.3053,15.8359],[75.2778,15.8273],[75.2044,15.8253],[75.0725,15.8368],[75.0228,15.8225],[74.9976,15.806],[74.968,15.745],[74.9732,15.6682],[74.9636,15.6481],[74.9051,15.6194],[74.8792,15.5892],[74.8755,15.5734],[74.8755,15.5576],[74.8977,15.5261],[74.9606,15.468],[74.9762,15.3611],[74.9902,15.3237],[75.0324,15.2929],[75.0856,15.285],[75.1152,15.2634],[75.1307,15.2383],[75.1491,15.1472],[75.1261,14.9756],[75.1644,14.8162],[75.2181,14.8213],[75.2701,14.7112],[75.2906,14.627],[75.3604,14.5876],[75.3849,14.5493],[75.3946,14.4976],[75.4181,14.4584],[75.4436,14.4354],[75.4956,14.4104],[75.527,14.4275],[75.534,14.4926],[75.5684,14.504],[75.6225,14.5077],[75.6452,14.5717],[75.6788,14.608],[75.6838,14.6587],[75.6712,14.7094],[75.6764,14.7974],[75.6657,14.8386],[75.6748,14.9276],[75.6641,14.9668],[75.674,14.9879],[75.7263,15.0269],[75.7313,15.0441],[75.7089,15.1102],[75.7132,15.1198],[75.581,15.117],[75.511,15.1674],[75.4379,15.1876],[75.4253,15.2235],[75.3796,15.238],[75.356,15.266],[75.3102,15.2783],[75.2288,15.2783],[75.1979,15.3903],[75.2217,15.4035],[75.2349,15.3788],[75.2593,15.3759],[75.2637,15.4046],[75.2793,15.4132],[75.3,15.4117],[75.3266,15.3837],[75.3495,15.3772],[75.4087,15.3793],[75.4619,15.3548],[75.4989,15.3769],[75.5248,15.379],[75.5669,15.3531],[75.6084,15.3917],[75.6262,15.396],[75.6446,15.3902],[75.6741,15.3413],[75.7842,15.3245],[75.8144,15.31],[75.9064,15.2392],[75.9211,15.2642],[75.9225,15.2917],[75.8884,15.3864],[75.9098,15.4939],[75.8954,15.5693],[75.898,15.6064],[75.96,15.685],[75.9565,15.7245],[75.9443,15.7521],[75.9583,15.8333],[75.9509,15.8501],[75.9263,15.8681],[75.8979,15.8707],[75.8077,15.9974]],[[75.4911,15.0816],[75.4622,15.0601],[75.3928,15.0645],[75.3618,15.0517],[75.3434,15.0632],[75.3426,15.084],[75.3627,15.1281],[75.4092,15.1269],[75.4734,15.1125],[75.4911,15.0816]]]}},{"type":"Feature","properties":{"id":"bombay--savanur","name":"Savanur","division":"Bombay","type":"Princely states"},"geometry":{"type":"Polygon","coordinates":[[[75.4622,15.0601],[75.4911,15.0816],[75.4734,15.1125],[75.4092,15.1269],[75.3627,15.1281],[75.3426,15.084],[75.3434,15.0632],[75.3618,15.0517],[75.3928,15.0645],[75.4622,15.0601]]]}},{"type":"Feature","properties":{"id":"mysore--shimoga","name":"Shimoga","division":"Mysore","type":"Princely districts"},"geometry":{"type":"Polygon","coordinates":[[[75.6294,14.5221],[75.6225,14.5077],[75.5684,14.504],[75.534,14.4926],[75.527,14.4275],[75.4956,14.4104],[75.4436,14.4354],[75.4181,14.4584],[75.3946,14.4976],[75.3849,14.5493],[75.3604,14.5876],[75.2906,14.627],[75.2701,14.7112],[75.2181,14.8213],[75.1424,14.8099],[75.0755,14.7793],[75.0135,14.7822],[74.9968,14.7755],[74.988,14.7496],[75.0155,14.674],[74.9801,14.6616],[74.9182,14.6673],[74.9044,14.6472],[74.9005,14.5401],[74.8858,14.4807],[74.8633,14.4654],[74.8132,14.4625],[74.714,14.471],[74.6698,14.4499],[74.6061,14.3981],[74.5944,14.3684],[74.5837,14.288],[74.5724,14.2775],[74.6545,14.1957],[74.6604,14.1536],[74.6909,14.1364],[74.7105,14.0943],[74.7262,14.08],[74.7684,14.0666],[74.8047,14.0724],[74.8488,14.0552],[74.8861,13.9853],[74.9439,13.9203],[74.9498,13.905],[74.9381,13.7854],[74.9577,13.7433],[74.9841,13.72],[75.0729,13.7422],[75.1405,13.7701],[75.1508,13.7888],[75.1361,13.829],[75.1406,13.8462],[75.2772,13.8949],[75.2832,13.9329],[75.2927,13.9422],[75.3148,13.9494],[75.4588,13.9506],[75.5044,13.972],[75.5595,13.9784],[75.6118,13.9962],[75.623,14.0622],[75.6459,14.0944],[75.7062,14.1086],[75.7342,14.1351],[75.7336,14.1817],[75.7065,14.2213],[75.7111,14.2521],[75.7552,14.2606],[75.873,14.2321],[75.8853,14.3531],[75.8443,14.4212],[75.8044,14.5161],[75.7838,14.5228],[75.6806,14.5059],[75.6294,14.5221]]]}},{"type":"Feature","properties":{"id":"madras--south-kanara","name":"South Kanara","division":"Madras","type":"British districts"},"geometry":{"type":"Polygon","coordinates":[[[75.3014,12.5389],[75.2683,12.6648],[75.2512,12.6971],[75.244,12.7294],[75.2476,12.7498],[75.2623,12.7629],[75.2928,12.7665],[75.3829,12.7436],[75.417,12.7543],[75.4305,12.7687],[75.4489,12.8655],[75.4685,12.9014],[75.5027,12.9348],[75.5613,12.9634],[75.5687,12.9861],[75.5627,13.0424],[75.5348,13.0975],[75.5275,13.1429],[75.5838,13.2014],[75.5949,13.2313],[75.5901,13.2552],[75.5657,13.2792],[75.5413,13.2829],[75.4936,13.253],[75.4618,13.2507],[75.4313,13.2711],[75.3959,13.2712],[75.3813,13.2772],[75.3618,13.3286],[75.3386,13.3514],[75.3081,13.3538],[75.2824,13.3455],[75.2482,13.3048],[75.2311,13.3025],[75.1615,13.3564],[75.1481,13.4018],[75.1481,13.4473],[75.1115,13.5035],[75.1162,13.6083],[75.0555,13.6466],[75.034,13.6667],[75.0232,13.6935],[74.9714,13.7308],[74.9449,13.7614],[74.9381,13.7854],[74.94,13.8523],[74.9498,13.905],[74.9282,13.9423],[74.8861,13.9853],[74.8488,14.0552],[74.8047,14.0724],[74.7684,14.0666],[74.7262,14.08],[74.7105,14.0943],[74.6909,14.1364],[74.6604,14.1536],[74.6545,14.1957],[74.5724,14.2775],[74.5631,14.2689],[74.3791,14.269],[74.384,14.212],[74.4166,14.1296],[74.5133,13.9654],[74.5244,13.9131],[74.5292,13.725],[74.5734,13.6605],[74.5801,13.5816],[74.5993,13.522],[74.6272,13.4754],[74.628,13.4151],[74.6633,13.3628],[74.6788,13.2559],[74.7068,13.1935],[74.7193,13.1353],[74.7282,13.0184],[74.7679,12.8174],[74.8082,12.7335],[74.8748,12.5447],[74.9048,12.5218],[74.9438,12.4436],[75.0345,12.4169],[75.1782,12.4372],[75.239,12.467],[75.3014,12.5389]]]}},{"type":"Feature","properties":{"id":"mahe--mahe","name":"Mahe","division":"Mahe","type":"Other foreign territories"},"geometry":{"type":"Polygon","coordinates":[[[75.4565,11.7254],[75.4608,11.7038],[75.4692,11.7015],[75.5198,11.7387],[75.5308,11.7836],[75.5163,11.8321],[75.4599,11.8591],[75.3579,11.8454],[75.3772,11.7944],[75.4565,11.7254]]]}},{"type":"Feature","properties":{"id":"madras--travancore","name":"Travancore","division":"Madras","type":"Princely states"},"geometry":{"type":"Polygon","coordinates":[[[76.1699,9.9049],[76.2051,9.7874],[76.2283,9.5081],[76.2488,9.4795],[76.2569,9.4379],[76.3312,9.2566],[76.3858,9.1596],[76.4068,9.0475],[76.4566,8.9252],[76.5587,8.8279],[76.5639,8.8023],[76.6334,8.7391],[76.752,8.6042],[76.7893,8.5344],[76.8121,8.5218],[76.8314,8.4957],[76.9313,8.4045],[76.9647,8.3491],[77.2198,8.1473],[77.3175,8.09],[77.4472,8.067],[77.5363,8.128],[77.5689,8.1366],[77.5172,8.2937],[77.4531,8.4196],[77.3936,8.5037],[77.2966,8.5461],[77.2823,8.5725],[77.2637,8.6623],[77.204,8.7332],[77.1909,8.7608],[77.1911,8.7871],[77.1961,8.8253],[77.2132,8.8599],[77.2134,8.8982],[77.2039,8.9245],[77.1502,8.9966],[77.1467,9.0169],[77.1591,9.0791],[77.2003,9.1254],[77.1973,9.2211],[77.2241,9.264],[77.232,9.374],[77.2575,9.4168],[77.3107,9.444],[77.3253,9.4618],[77.3137,9.5253],[77.3476,9.5514],[77.3562,9.5776],[77.3542,9.635],[77.3351,9.6614],[77.3027,9.6808],[77.2642,9.6918],[77.2243,9.6765],[77.1628,9.6673],[77.1376,9.6866],[77.1221,9.7202],[77.1211,9.7441],[77.1357,9.7739],[77.2,9.8249],[77.2122,9.8488],[77.2108,10.0018],[77.1507,10.0369],[77.1245,10.0933],[77.1538,10.1373],[77.196,10.1323],[77.2492,10.1498],[77.2602,10.1677],[77.2592,10.1904],[77.2355,10.2647],[77.1611,10.331],[77.09,10.3458],[77.0412,10.2768],[76.9604,10.288],[76.7889,10.2723],[76.6175,10.2983],[76.5643,10.2806],[76.5148,10.2808],[76.4629,10.2918],[76.3553,10.2791],[76.3069,10.2506],[76.2643,10.1671],[76.2597,10.0678],[76.2184,10.0288],[76.2213,10.0135],[76.1992,9.9765],[76.2714,9.8957],[76.3184,9.7977],[76.3184,9.7297],[76.3433,9.6476],[76.3549,9.554],[76.3654,9.5443],[76.4117,9.5314],[76.4214,9.5187],[76.3953,9.4873],[76.3251,9.4833],[76.3002,9.5065],[76.2944,9.5287],[76.2972,9.6362],[76.2779,9.7348],[76.2422,9.8247],[76.2143,9.8634],[76.1699,9.9049]]]}},{"type":"Feature","properties":{"id":"madras--malabar","name":"Malabar","division":"Madras","type":"British districts"},"geometry":{"type":"Polygon","coordinates":[[[75.4692,11.7015],[75.4948,11.689],[75.5078,11.6613],[75.5118,11.6046],[75.5204,11.5865],[75.5625,11.5357],[75.6024,11.4672],[75.608,11.4346],[75.6843,11.3298],[75.7151,11.2731],[75.7839,11.0717],[75.8257,10.8765],[75.8657,10.7739],[75.8862,10.6835],[75.9632,10.5699],[76.0166,10.5787],[76.0419,10.6054],[76.0516,10.6284],[76.0348,10.8189],[76.0718,10.8656],[76.1241,10.8674],[76.1917,10.8327],[76.2381,10.822],[76.308,10.8628],[76.3419,10.8742],[76.3748,10.8702],[76.3951,10.8624],[76.4086,10.8384],[76.3744,10.7716],[76.3433,10.7402],[76.3432,10.7239],[76.3615,10.7009],[76.3969,10.6251],[76.4615,10.5645],[76.4953,10.5519],[76.5185,10.5528],[76.5398,10.5622],[76.5476,10.5842],[76.5313,10.612],[76.5383,10.6484],[76.5982,10.6452],[76.6693,10.5425],[76.7492,10.4817],[76.7651,10.4574],[76.7863,10.5409],[76.834,10.6047],[76.8352,10.6429],[76.8459,10.6698],[76.7803,10.6777],[76.7475,10.6932],[76.7119,10.7278],[76.7014,10.7537],[76.765,10.8749],[76.7912,10.8929],[76.8143,10.8962],[76.8166,11.0822],[76.7898,11.1311],[76.7288,11.1382],[76.7095,11.1574],[76.6952,11.2006],[76.6606,11.2505],[76.6841,11.2839],[76.7579,11.3045],[76.7599,11.3141],[76.6982,11.3823],[76.6879,11.4455],[76.6946,11.4619],[76.6522,11.4735],[76.6153,11.4651],[76.5688,11.472],[76.5029,11.4944],[76.4914,11.5145],[76.5129,11.5431],[76.512,11.5575],[76.4354,11.5598],[76.4067,11.6422],[76.3699,11.6721],[76.3292,11.679],[76.2185,11.6728],[76.2108,11.6824],[76.211,11.7369],[76.1772,11.7801],[76.19,11.8212],[76.2221,11.8392],[76.2542,11.8448],[76.3436,11.8444],[76.3883,11.8605],[76.401,11.8729],[76.3971,11.9187],[76.3815,11.9258],[76.3248,12.0086],[76.2945,12.0231],[76.2483,12.0245],[76.1984,12.0104],[76.1413,12.0118],[76.0418,12.0361],[76.0069,12.1176],[75.9513,12.2051],[75.9209,12.2279],[75.8748,12.2389],[75.7556,12.238],[75.7313,12.2477],[75.6572,12.3112],[75.5661,12.3461],[75.4349,12.4744],[75.346,12.5032],[75.3014,12.5389],[75.239,12.467],[75.1782,12.4372],[75.0345,12.4169],[74.9438,12.4436],[75.0195,12.3251],[75.0363,12.2619],[75.064,12.2139],[75.0684,12.1794],[75.1624,12.0645],[75.2316,11.9948],[75.2804,11.9223],[75.3125,11.905],[75.3579,11.8454],[75.4599,11.8591],[75.5163,11.8321],[75.5308,11.7836],[75.5198,11.7387],[75.4692,11.7015]]]}},{"type":"Feature","properties":{"id":"madras--coimbatore","name":"Coimbatore","division":"Madras","type":"British districts"},"geometry":{"type":"Polygon","coordinates":[[[77.2895,12.4633],[77.1473,12.4722],[77.1216,12.4568],[77.1092,12.4187],[77.0871,12.3925],[77.0578,12.3904],[77.0155,12.4134],[76.9632,12.4258],[76.9133,12.4201],[76.8816,12.4036],[76.868,12.3834],[76.8689,12.332],[76.8881,12.2995],[77.0303,12.2854],[77.0495,12.2601],[77.0493,12.2266],[77.027,12.1778],[76.9989,12.1517],[76.9975,12.129],[77.0623,12.0281],[77.0609,12.0042],[77.0462,11.9839],[77.017,11.9722],[76.9344,11.9764],[76.8605,12.002],[76.8022,11.9952],[76.7862,11.975],[76.7895,11.914],[76.7844,11.8781],[76.7727,11.8564],[76.8501,11.7737],[76.911,11.735],[76.9147,11.7091],[76.8852,11.6548],[76.8929,11.6337],[76.9064,11.6221],[76.905,11.5695],[76.8972,11.561],[76.84,11.569],[76.7659,11.5006],[76.688,11.458],[76.6982,11.3823],[76.7599,11.3141],[76.7579,11.3045],[76.6841,11.2839],[76.6606,11.2505],[76.6952,11.2006],[76.7095,11.1574],[76.7288,11.1382],[76.7898,11.1311],[76.8051,11.111],[76.8203,11.0535],[76.8143,10.8962],[76.8454,10.8955],[76.8676,10.8762],[76.9175,10.8127],[76.926,10.7811],[76.9258,10.7438],[76.8441,10.6678],[76.834,10.6047],[76.7863,10.5409],[76.7651,10.4574],[76.8163,10.38],[76.8368,10.2794],[76.906,10.2788],[76.9604,10.288],[77.0412,10.2768],[77.09,10.3458],[77.1471,10.3339],[77.1785,10.3651],[77.2959,10.4332],[77.3144,10.4531],[77.3204,10.4875],[77.2911,10.5719],[77.3086,10.5928],[77.359,10.6001],[77.3823,10.6219],[77.404,10.6762],[77.4196,10.6905],[77.4584,10.7026],[77.4806,10.6996],[77.5314,10.6437],[77.5612,10.6262],[77.5786,10.627],[77.5992,10.6575],[77.5658,10.7151],[77.5699,10.7361],[77.6269,10.7385],[77.6746,10.7744],[77.7275,10.7367],[77.7503,10.6954],[77.8013,10.6691],[77.84,10.6625],[77.8356,10.7341],[77.7974,10.7813],[77.7757,10.8418],[77.8062,10.8922],[77.8342,10.8938],[77.869,10.883],[77.9029,10.8893],[77.9031,10.918],[77.8908,10.9449],[77.8533,10.9644],[77.844,11.0056],[77.8229,11.0287],[77.7833,11.0281],[77.7517,11.0676],[77.7441,11.0897],[77.7446,11.1384],[77.7584,11.1603],[77.7944,11.1791],[77.9233,11.1922],[77.9284,11.2208],[77.8589,11.2454],[77.8594,11.2913],[77.8509,11.3153],[77.8278,11.327],[77.7492,11.3201],[77.7203,11.3318],[77.7022,11.3702],[77.7015,11.3979],[77.7245,11.4742],[77.7271,11.6415],[77.7393,11.6997],[77.7621,11.7416],[77.7446,11.8412],[77.793,11.9229],[77.7786,11.9403],[77.7573,11.9443],[77.738,11.9598],[77.72,12.003],[77.6739,12.0522],[77.6899,12.1018],[77.7604,12.1537],[77.7597,12.1737],[77.7491,12.1825],[77.6879,12.1869],[77.546,12.1863],[77.2895,12.4633]]]}},{"type":"Feature","properties":{"id":"madras--cochin","name":"Cochin","division":"Madras","type":"Princely states"},"geometry":{"type":"MultiPolygon","coordinates":[[[[76.4086,10.8384],[76.3951,10.8624],[76.3419,10.8742],[76.308,10.8628],[76.2381,10.822],[76.1917,10.8327],[76.1241,10.8674],[76.0951,10.8713],[76.0718,10.8656],[76.0348,10.8189],[76.0516,10.6284],[76.0419,10.6054],[76.0166,10.5787],[75.9632,10.5699],[76.0557,10.41],[76.1056,10.2787],[76.1428,10.2051],[76.1369,10.1944],[76.1725,10.033],[76.1791,10.0844],[76.1649,10.1563],[76.1717,10.1658],[76.1976,10.1207],[76.2184,10.0288],[76.2597,10.0678],[76.2643,10.1671],[76.3069,10.2506],[76.3553,10.2791],[76.4629,10.2918],[76.5148,10.2808],[76.5643,10.2806],[76.6175,10.2983],[76.7889,10.2723],[76.8368,10.2794],[76.8163,10.38],[76.778,10.4433],[76.7492,10.4817],[76.6693,10.5425],[76.5982,10.6452],[76.5383,10.6484],[76.5313,10.612],[76.5476,10.5842],[76.5398,10.5622],[76.5185,10.5528],[76.4953,10.5519],[76.4615,10.5645],[76.3969,10.6251],[76.3615,10.7009],[76.3432,10.7239],[76.3433,10.7402],[76.3744,10.7716],[76.4086,10.8384]]],[[[76.8459,10.6698],[76.9082,10.7219],[76.9258,10.7438],[76.9175,10.8127],[76.8454,10.8955],[76.7912,10.8929],[76.765,10.8749],[76.7014,10.7537],[76.7119,10.7278],[76.7475,10.6932],[76.7803,10.6777],[76.8459,10.6698]]]]}},{"type":"Feature","properties":{"id":"madras--madura","name":"Madura","division":"Madras","type":"British districts"},"geometry":{"type":"Polygon","coordinates":[[[78.3247,10.3638],[78.2715,10.443],[78.2608,10.5311],[78.2459,10.5838],[78.1796,10.7087],[78.1789,10.7355],[78.2011,10.8165],[78.1777,10.8894],[78.182,10.9013],[78.1091,10.8966],[78.0555,10.8608],[78.0265,10.8639],[78.0112,10.8784],[77.9743,10.8673],[77.9617,10.8569],[77.9576,10.8398],[77.9793,10.7812],[77.9713,10.7574],[77.9391,10.7252],[77.9165,10.6881],[77.8748,10.6665],[77.8486,10.661],[77.8013,10.6691],[77.7503,10.6954],[77.7275,10.7367],[77.6746,10.7744],[77.6269,10.7385],[77.5699,10.7361],[77.5658,10.7151],[77.5992,10.6575],[77.5786,10.627],[77.5612,10.6262],[77.5314,10.6437],[77.4806,10.6996],[77.4584,10.7026],[77.4196,10.6905],[77.404,10.6762],[77.3823,10.6219],[77.359,10.6001],[77.3086,10.5928],[77.2911,10.5719],[77.3204,10.4875],[77.3144,10.4531],[77.2959,10.4332],[77.1785,10.3651],[77.1471,10.3339],[77.1611,10.331],[77.2355,10.2647],[77.2557,10.2144],[77.2602,10.1677],[77.2492,10.1498],[77.196,10.1323],[77.1538,10.1373],[77.1245,10.0933],[77.1507,10.0369],[77.2108,10.0018],[77.2122,9.8488],[77.2,9.8249],[77.1357,9.7739],[77.1211,9.7441],[77.1221,9.7202],[77.1376,9.6866],[77.1628,9.6673],[77.2243,9.6765],[77.2642,9.6918],[77.3027,9.6808],[77.3351,9.6614],[77.3535,9.6359],[77.502,9.7308],[77.6314,9.7614],[77.7394,9.7606],[77.9751,9.7175],[78.0138,9.7257],[78.0325,9.7676],[78.0885,9.7843],[78.1132,9.8462],[78.1837,9.8618],[78.216,9.916],[78.2756,9.9021],[78.3057,9.919],[78.335,9.9559],[78.427,9.9942],[78.4251,10.0955],[78.437,10.1231],[78.4373,10.1537],[78.401,10.1865],[78.3297,10.1968],[78.3068,10.2152],[78.305,10.2334],[78.3188,10.2572],[78.324,10.2953],[78.3247,10.3638]]]}},{"type":"Feature","properties":{"id":"madras--trichinopoly","name":"Trichinopoly","division":"Madras","type":"British districts"},"geometry":{"type":"Polygon","coordinates":[[[79.5841,11.1691],[79.5215,11.2727],[79.4473,11.2853],[79.4292,11.3066],[79.3917,11.4494],[79.3736,11.4659],[79.3456,11.4663],[79.3076,11.4516],[79.2445,11.3742],[79.2154,11.3679],[79.1738,11.3723],[79.1337,11.4044],[79.0831,11.3851],[78.9633,11.4698],[78.854,11.4835],[78.8336,11.5222],[78.7963,11.4803],[78.7329,11.4439],[78.6457,11.4412],[78.5559,11.384],[78.4366,11.3644],[78.4025,11.3485],[78.3878,11.3353],[78.3041,11.1327],[78.2146,10.9989],[78.1777,10.8894],[78.2011,10.8165],[78.1789,10.7355],[78.1796,10.7087],[78.2459,10.5838],[78.2608,10.5311],[78.2715,10.443],[78.3247,10.3638],[78.3717,10.3724],[78.483,10.3062],[78.4869,10.38],[78.4693,10.4232],[78.4792,10.4458],[78.5375,10.4798],[78.6354,10.4978],[78.6647,10.5201],[78.6797,10.5641],[78.65,10.6027],[78.6089,10.6044],[78.4889,10.5615],[78.4143,10.5814],[78.4122,10.6042],[78.4501,10.6527],[78.4664,10.7051],[78.4822,10.7145],[78.5679,10.7063],[78.6915,10.7455],[78.7269,10.6746],[78.7485,10.6624],[78.7678,10.6658],[78.7776,10.6752],[78.7965,10.7371],[78.8159,10.75],[78.8397,10.7521],[78.848,10.8018],[78.8589,10.8294],[78.8736,10.8435],[78.8979,10.8566],[79.071,10.8648],[79.1972,10.9137],[79.3056,10.9915],[79.5352,11.0979],[79.5841,11.1691]]]}},{"type":"Feature","properties":{"id":"madras--pudukkottai","name":"Pudukkottai","division":"Madras","type":"Princely states"},"geometry":{"type":"Polygon","coordinates":[[[79.0071,10.1307],[78.9965,10.182],[78.9964,10.2517],[79.0271,10.3134],[79.0481,10.3791],[79.1301,10.5232],[79.1118,10.6007],[79.0694,10.6061],[79.0413,10.5969],[79.0051,10.5563],[78.9799,10.5528],[78.9559,10.5607],[78.9341,10.5896],[78.8993,10.6636],[78.9123,10.6978],[78.873,10.7193],[78.8397,10.7521],[78.8159,10.75],[78.7965,10.7371],[78.7776,10.6752],[78.7485,10.6624],[78.7269,10.6746],[78.6915,10.7455],[78.5679,10.7063],[78.4822,10.7145],[78.4664,10.7051],[78.4501,10.6527],[78.4122,10.6042],[78.4143,10.5814],[78.4889,10.5615],[78.6089,10.6044],[78.65,10.6027],[78.6797,10.5641],[78.6647,10.5201],[78.6354,10.4978],[78.5375,10.4798],[78.4792,10.4458],[78.4693,10.4232],[78.4869,10.38],[78.483,10.3062],[78.5444,10.2774],[78.6036,10.2681],[78.7194,10.2725],[78.7786,10.2647],[78.7988,10.2559],[78.8244,10.2197],[78.8402,10.2109],[78.8893,10.2046],[78.9247,10.1455],[78.9257,10.1096],[78.9795,10.1291],[79.0071,10.1307]]]}},{"type":"Feature","properties":{"id":"madras--ramnad","name":"Ramnad","division":"Madras","type":"British districts"},"geometry":{"type":"Polygon","coordinates":[[[78.2617,9.1424],[78.2983,9.0627],[78.334,9.0864],[78.5245,9.1081],[78.6079,9.1487],[78.8649,9.2378],[78.9264,9.2495],[79.0007,9.2501],[79.0775,9.2388],[79.0711,9.2538],[78.9884,9.2732],[78.9253,9.3258],[78.8927,9.3656],[78.8733,9.4064],[78.8688,9.4351],[78.8902,9.5692],[79.0788,9.8533],[79.0207,9.9602],[79.0244,10.1005],[79.0071,10.1307],[78.9795,10.1291],[78.9257,10.1096],[78.9247,10.1455],[78.8893,10.2046],[78.8244,10.2197],[78.7988,10.2559],[78.7194,10.2725],[78.6036,10.2681],[78.5444,10.2774],[78.4479,10.3214],[78.4279,10.3446],[78.3717,10.3724],[78.3247,10.3638],[78.324,10.2953],[78.3188,10.2572],[78.305,10.2334],[78.3068,10.2152],[78.3297,10.1968],[78.401,10.1865],[78.4373,10.1537],[78.437,10.1231],[78.4251,10.0955],[78.427,9.9942],[78.335,9.9559],[78.3057,9.919],[78.2756,9.9021],[78.216,9.916],[78.1934,9.8694],[78.1547,9.8506],[78.1132,9.8462],[78.0885,9.7843],[78.0325,9.7676],[78.0138,9.7257],[77.9973,9.7173],[77.8885,9.7287],[77.7394,9.7606],[77.6314,9.7614],[77.502,9.7308],[77.3535,9.6359],[77.3523,9.5658],[77.4426,9.517],[77.4971,9.4497],[77.604,9.4499],[77.6633,9.4007],[77.7603,9.3598],[77.893,9.352],[77.9495,9.3104],[77.9735,9.3093],[78.0186,9.3968],[78.0418,9.4081],[78.1034,9.4066],[78.1148,9.3893],[78.1435,9.3719],[78.1744,9.383],[78.2446,9.3776],[78.2577,9.3335],[78.2572,9.1749],[78.2617,9.1424]]]}},{"type":"Feature","properties":{"id":"madras--tinnevelly","name":"Tinnevelly","division":"Madras","type":"British districts"},"geometry":{"type":"Polygon","coordinates":[[[77.6956,8.1786],[77.9567,8.323],[78.0357,8.3988],[78.0685,8.4655],[78.0566,8.5499],[78.0611,8.5899],[78.0827,8.6626],[78.126,8.7417],[78.1116,8.8105],[78.1153,8.8266],[78.1558,8.9266],[78.1858,8.972],[78.2983,9.0627],[78.2617,9.1424],[78.2526,9.303],[78.2577,9.3335],[78.2446,9.3776],[78.1744,9.383],[78.1435,9.3719],[78.1148,9.3893],[78.1034,9.4066],[78.0418,9.4081],[78.0186,9.3968],[77.9735,9.3093],[77.9495,9.3104],[77.893,9.352],[77.7603,9.3598],[77.7142,9.3745],[77.6633,9.4007],[77.604,9.4499],[77.4971,9.4497],[77.4426,9.517],[77.3523,9.5658],[77.3476,9.5514],[77.3137,9.5253],[77.3253,9.4618],[77.3107,9.444],[77.2575,9.4168],[77.232,9.374],[77.2241,9.264],[77.1973,9.2211],[77.2003,9.1254],[77.1591,9.0791],[77.1494,9.054],[77.1502,8.9966],[77.2039,8.9245],[77.2134,8.8982],[77.2132,8.8599],[77.1961,8.8253],[77.1909,8.7608],[77.204,8.7332],[77.2637,8.6623],[77.2823,8.5725],[77.2966,8.5461],[77.3936,8.5037],[77.4531,8.4196],[77.5172,8.2937],[77.5689,8.1366],[77.5958,8.139],[77.6956,8.1786]]]}},{"type":"Feature","properties":{"id":"madras--tanjore","name":"Tanjore","division":"Madras","type":"British districts"},"geometry":{"type":"Polygon","coordinates":[[[79.5124,10.2548],[79.5149,10.2345],[79.5383,10.2325],[79.6646,10.2423],[79.6649,10.2607],[79.6392,10.278],[79.6372,10.2914],[79.743,10.2719],[79.7816,10.2878],[79.7926,10.3057],[79.8012,10.7158],[79.7288,10.7513],[79.6998,10.8701],[79.7218,10.9193],[79.7998,10.9693],[79.7973,11.3226],[79.7391,11.2798],[79.6516,11.2478],[79.6213,11.2254],[79.5352,11.0979],[79.4223,11.0413],[79.3728,11.0277],[79.3056,10.9915],[79.1972,10.9137],[79.1088,10.8777],[79.0255,10.8578],[78.8979,10.8566],[78.8589,10.8294],[78.8409,10.7771],[78.8396,10.7494],[78.873,10.7193],[78.9123,10.6978],[78.8993,10.6636],[78.9341,10.5896],[78.9559,10.5607],[78.9799,10.5528],[79.0051,10.5563],[79.0413,10.5969],[79.0694,10.6061],[79.1118,10.6007],[79.1231,10.5739],[79.1301,10.5232],[79.0481,10.3791],[79.0271,10.3134],[78.9964,10.2517],[78.9965,10.182],[79.0092,10.1208],[79.0244,10.1005],[79.0207,9.9602],[79.0788,9.8533],[79.1464,9.9496],[79.1747,9.9725],[79.1867,9.9933],[79.2074,10.2023],[79.2547,10.2762],[79.2838,10.2894],[79.5374,10.2934],[79.5262,10.287],[79.5271,10.2717],[79.5124,10.2548]]]}},{"type":"Feature","properties":{"id":"karikal--karikal","name":"Karikal","division":"Karikal","type":"British districts"},"geometry":{"type":"Polygon","coordinates":[[[79.7218,10.9193],[79.6998,10.8701],[79.7288,10.7513],[79.8012,10.7158],[79.7998,10.9693],[79.7218,10.9193]]]}},{"type":"Feature","properties":{"id":"madras--south-arcot","name":"South Arcot","division":"Madras","type":"British districts"},"geometry":{"type":"Polygon","coordinates":[[[79.7148,11.3604],[79.7138,11.3869],[79.7474,11.4479],[79.75,11.6453],[79.786,11.7535],[79.8057,11.8463],[79.7483,11.8177],[79.7232,11.8257],[79.699,11.8834],[79.6627,11.9126],[79.644,11.9492],[79.6445,11.9835],[79.6585,12.0043],[79.719,12.03],[79.7773,12.0385],[79.8421,12.0046],[79.8705,12.0904],[79.9144,12.1497],[79.8466,12.2097],[79.7747,12.2567],[79.5869,12.2848],[79.5382,12.3266],[79.3857,12.3778],[79.3566,12.3811],[79.301,12.3658],[79.2733,12.393],[79.2607,12.3951],[79.2322,12.3783],[79.2142,12.3442],[79.175,12.3219],[79.1748,12.3086],[79.2316,12.28],[79.238,12.2532],[79.2378,12.2379],[79.2239,12.22],[79.1787,12.1834],[79.1794,12.1672],[79.2129,12.1399],[79.2242,12.1207],[79.2295,12.0834],[79.2215,12.072],[79.1593,12.0625],[79.1286,12.0219],[79.0897,12.0129],[79.0139,12.0722],[78.9887,12.0726],[78.969,12.0528],[78.9252,12.042],[78.9036,12.028],[78.8564,11.9809],[78.8205,11.9775],[78.7885,11.9808],[78.7635,11.9974],[78.7443,12.0375],[78.6761,11.9443],[78.647,11.8551],[78.6515,11.8276],[78.6754,11.7998],[78.6715,11.7796],[78.6505,11.7524],[78.6552,11.6472],[78.6974,11.6347],[78.7217,11.6392],[78.7633,11.6721],[78.8003,11.7194],[78.8368,11.7308],[78.855,11.7282],[78.8632,11.709],[78.8605,11.6899],[78.8382,11.6544],[78.85,11.6315],[78.8705,11.6241],[78.8812,11.6073],[78.8784,11.581],[78.8303,11.5184],[78.854,11.4835],[78.9633,11.4698],[79.0831,11.3851],[79.1337,11.4044],[79.1738,11.3723],[79.2154,11.3679],[79.2445,11.3742],[79.3076,11.4516],[79.3456,11.4663],[79.3736,11.4659],[79.3917,11.4494],[79.4292,11.3066],[79.4473,11.2853],[79.5215,11.2727],[79.5841,11.1691],[79.6213,11.2254],[79.6516,11.2478],[79.7391,11.2798],[79.7973,11.3226],[79.7907,11.3748],[79.7773,11.3804],[79.742,11.358],[79.7148,11.3604]]]}},{"type":"Feature","properties":{"id":"pondicherry--pondicherry","name":"Pondicherry","division":"Pondicherry","type":"British districts"},"geometry":{"type":"Polygon","coordinates":[[[79.8421,12.0046],[79.7773,12.0385],[79.719,12.03],[79.6585,12.0043],[79.6445,11.9835],[79.644,11.9492],[79.6627,11.9126],[79.699,11.8834],[79.7232,11.8257],[79.7483,11.8177],[79.8057,11.8463],[79.8421,12.0046]]]}},{"type":"Feature","properties":{"id":"madras--chingleput","name":"Chingleput","division":"Madras","type":"British districts"},"geometry":{"type":"Polygon","coordinates":[[[80.3005,13.1225],[80.3253,13.2067],[80.33,13.3232],[80.3399,13.3723],[80.3302,13.3954],[80.2837,13.4092],[80.2343,13.4524],[80.1726,13.4737],[80.1431,13.4944],[80.0892,13.5041],[80.0591,13.5326],[80.051,13.5621],[80.0539,13.5956],[80.0661,13.6168],[80.1044,13.6339],[80.1429,13.621],[80.1607,13.6635],[80.1688,13.6676],[80.1876,13.6594],[80.195,13.6285],[80.2178,13.6015],[80.2709,13.4588],[80.2853,13.4464],[80.3051,13.4531],[80.3061,13.4652],[80.2708,13.521],[80.2504,13.5901],[80.248,13.775],[80.1794,13.7781],[80.0336,13.7489],[79.9769,13.7489],[79.9574,13.7558],[79.9565,13.707],[79.9277,13.6688],[79.8428,13.6639],[79.8204,13.6393],[79.7774,13.5284],[79.6855,13.4662],[79.6725,13.4493],[79.6727,13.4073],[79.684,13.3842],[79.8645,13.3026],[79.8872,13.2659],[79.8923,13.2324],[79.8911,13.2181],[79.8594,13.1939],[79.843,13.198],[79.7932,13.241],[79.7696,13.2319],[79.7691,13.2052],[79.8064,13.1176],[79.7909,13.0712],[79.8034,13.0166],[79.7954,12.9557],[79.7824,12.934],[79.7389,12.8985],[79.7177,12.854],[79.685,12.8212],[79.6625,12.815],[79.5929,12.8391],[79.5724,12.8356],[79.5571,12.7949],[79.5722,12.6591],[79.6202,12.6277],[79.6881,12.6227],[79.7054,12.6091],[79.7089,12.5909],[79.7086,12.5747],[79.6909,12.5616],[79.6248,12.5589],[79.61,12.5449],[79.614,12.4981],[79.6331,12.4825],[79.7056,12.4602],[79.7227,12.4418],[79.7253,12.4255],[79.724,12.4074],[79.7061,12.3839],[79.6598,12.3417],[79.6314,12.2762],[79.7747,12.2567],[79.8466,12.2097],[79.9144,12.1497],[80.0372,12.2985],[80.0518,12.3383],[80.1022,12.3859],[80.1154,12.43],[80.1592,12.4721],[80.1684,12.5334],[80.2113,12.6027],[80.2404,12.7058],[80.2451,12.8644],[80.2844,13.0163],[80.1848,12.9741],[80.1594,12.9782],[80.1392,13.0037],[80.1312,13.0288],[80.1357,13.0705],[80.1422,13.0894],[80.1747,13.1293],[80.3005,13.1225]]]}},{"type":"Feature","properties":{"id":"madras--madras","name":"Madras","division":"Madras","type":"British districts"},"geometry":{"type":"Polygon","coordinates":[[[80.3005,13.1225],[80.1747,13.1293],[80.1422,13.0894],[80.1316,13.0479],[80.1392,13.0037],[80.1594,12.9782],[80.1848,12.9741],[80.2844,13.0163],[80.3005,13.1225]]]}},{"type":"Feature","properties":{"id":"madras--nellore","name":"Nellore","division":"Madras","type":"British districts"},"geometry":{"type":"Polygon","coordinates":[[[80.0824,15.2078],[80.0978,15.2861],[80.0175,15.3167],[79.9536,15.3792],[79.9079,15.4388],[79.8132,15.5144],[79.7976,15.5405],[79.7933,15.5883],[79.7786,15.6222],[79.7841,15.6385],[79.8226,15.6727],[79.9075,15.7016],[79.9964,15.7439],[80.0169,15.7685],[80.0243,15.8291],[80.0217,15.8707],[80.009,15.8974],[79.9931,15.9107],[79.9327,15.9206],[79.8898,15.9502],[79.8676,15.9507],[79.8297,15.9094],[79.8099,15.8555],[79.7941,15.8437],[79.754,15.8352],[79.7386,15.842],[79.6912,15.901],[79.6094,15.975],[79.5902,15.9797],[79.5769,15.9793],[79.4659,15.9101],[79.4106,15.9169],[79.3555,15.9009],[79.3383,15.8604],[79.3455,15.8474],[79.357,15.8329],[79.3899,15.8186],[79.4166,15.8188],[79.4303,15.8056],[79.4396,15.7553],[79.4265,15.7305],[79.4063,15.7216],[79.3287,15.7196],[79.2871,15.7104],[79.255,15.6967],[79.2129,15.6624],[79.1974,15.6255],[79.1922,15.5884],[79.2223,15.5069],[79.217,15.4254],[79.1985,15.3506],[79.1475,15.2312],[79.1359,15.167],[79.1205,15.1322],[79.1183,15.0957],[79.1258,15.0662],[79.162,14.9575],[79.1887,14.9269],[79.2816,14.8607],[79.3255,14.7712],[79.3053,14.6448],[79.3306,14.5856],[79.3808,14.5196],[79.4079,14.3287],[79.4223,14.2754],[79.4457,14.2363],[79.4372,14.1399],[79.4726,13.9494],[79.6683,13.9339],[79.79,13.9611],[79.851,13.8893],[79.8741,13.8755],[79.9234,13.8722],[79.9359,13.8588],[79.9396,13.7723],[79.9485,13.759],[79.9769,13.7489],[80.0942,13.756],[80.1794,13.7781],[80.2374,13.7755],[80.2385,13.8059],[80.2257,13.8371],[80.1944,13.8803],[80.1673,13.9443],[80.123,14.091],[80.1042,14.1954],[80.0818,14.2039],[80.0509,14.1965],[80.0429,14.1995],[80.041,14.216],[80.0434,14.2253],[80.0678,14.2409],[80.1249,14.2605],[80.1631,14.305],[80.1707,14.6434],[80.1298,14.7202],[80.0895,14.7743],[80.0365,14.9711],[80.0513,15.0831],[80.0388,15.1752],[80.0435,15.1851],[80.0824,15.2078]]]}},{"type":"Feature","properties":{"id":"madras--cuddapah","name":"Cuddapah","division":"Madras","type":"British districts"},"geometry":{"type":"Polygon","coordinates":[[[79.1441,15.2156],[79.0696,15.1901],[79.0235,15.1918],[78.9813,15.2499],[78.9559,15.2599],[78.8684,15.2079],[78.8278,15.1934],[78.7462,15.1919],[78.7417,15.1088],[78.7636,15.0636],[78.7924,15.0268],[78.7897,14.9868],[78.7568,14.9606],[78.7292,14.9515],[78.6594,14.9526],[78.6425,14.9404],[78.61,14.9333],[78.5726,14.9301],[78.5521,14.9371],[78.5426,14.9563],[78.5529,14.9868],[78.6118,15.0393],[78.6203,15.0764],[78.5951,15.1026],[78.5776,15.1096],[78.5371,15.1016],[78.4654,15.0435],[78.4197,15.0175],[78.3932,15.0188],[78.3757,15.0324],[78.3287,15.1048],[78.2273,15.0996],[78.1794,15.1203],[78.1087,15.1242],[78.0928,15.1177],[78.0572,15.0961],[78.0825,15.0721],[78.0842,14.9311],[78.0688,14.7999],[78.0952,14.757],[78.1235,14.7301],[78.1232,14.6869],[78.0729,14.6713],[77.9631,14.6832],[77.9404,14.6787],[77.9402,14.6625],[77.9486,14.6308],[77.9834,14.5883],[78.0194,14.5621],[78.0256,14.5161],[78.0524,14.468],[78.3028,14.2869],[78.3839,14.2055],[78.404,14.1116],[78.4036,14.0867],[78.389,14.0674],[78.4198,14.054],[78.51,14.067],[78.5862,14.0602],[78.5958,14.0429],[78.5968,13.9817],[78.6093,13.9691],[78.6521,13.9579],[78.6702,13.9214],[78.6923,13.8981],[78.7297,13.9157],[78.7467,13.9374],[78.7869,13.9425],[78.8827,14.0002],[78.9101,14.0007],[78.9413,13.9954],[78.9613,13.9646],[79.0097,13.9389],[79.1034,13.9288],[79.1867,13.8319],[79.2052,13.8268],[79.2337,13.8406],[79.3104,13.8145],[79.333,13.8179],[79.4726,13.9494],[79.4372,14.1399],[79.4457,14.2363],[79.4223,14.2754],[79.4079,14.3287],[79.3808,14.5196],[79.3306,14.5856],[79.3053,14.6448],[79.3258,14.7511],[79.3087,14.8166],[79.2816,14.8607],[79.1887,14.9269],[79.162,14.9575],[79.1258,15.0662],[79.1183,15.0957],[79.1205,15.1322],[79.1359,15.167],[79.1441,15.2156]]]}},{"type":"Feature","properties":{"id":"madras--anantapur","name":"Anantapur","division":"Madras","type":"British districts"},"geometry":{"type":"Polygon","coordinates":[[[78.0572,15.0961],[77.9832,15.0886],[77.971,15.1279],[77.9574,15.1405],[77.9367,15.1418],[77.8597,15.1189],[77.8322,15.1269],[77.785,15.2039],[77.7616,15.2185],[77.7419,15.2207],[77.6686,15.1862],[77.6332,15.1866],[77.5527,15.2822],[77.4683,15.3099],[77.3511,15.3102],[77.3048,15.3155],[77.2788,15.3301],[77.1991,15.3182],[77.0978,15.2904],[77.0568,15.2502],[77.0367,15.2097],[77.0399,15.1571],[77.1114,15.0512],[77.1712,15.0053],[77.2015,14.9619],[77.2011,14.9213],[77.1898,14.8987],[77.1255,14.8575],[77.0074,14.8466],[76.9483,14.8292],[76.9063,14.8032],[76.8739,14.7592],[76.8568,14.7323],[76.8654,14.7078],[76.8872,14.6777],[76.9092,14.662],[76.9176,14.6392],[76.9138,14.6213],[76.8496,14.5764],[76.8359,14.5573],[76.832,14.5359],[76.8512,14.4843],[76.8447,14.4341],[76.8642,14.4208],[76.988,14.4043],[77.025,14.4267],[77.0511,14.4695],[77.0918,14.4871],[77.115,14.4797],[77.1458,14.489],[77.1948,14.4885],[77.2785,14.3897],[77.3006,14.3931],[77.3222,14.4682],[77.3482,14.4858],[77.3813,14.4891],[77.4094,14.4733],[77.442,14.3128],[77.4381,14.2961],[77.3348,14.2577],[77.3174,14.2399],[77.3146,14.2005],[77.3471,14.144],[77.3529,14.1153],[77.3354,14.0784],[77.3047,14.0691],[77.2777,14.0682],[77.246,14.0816],[77.2123,14.1381],[77.177,14.1635],[77.0706,14.186],[76.9805,14.2477],[76.9389,14.26],[76.9205,14.259],[76.8922,14.2437],[76.8687,14.2259],[76.8632,14.1435],[76.8434,14.1305],[76.8335,14.1114],[76.8791,13.9927],[76.929,13.9564],[76.9717,13.9405],[77.0167,13.9091],[77.0436,13.9065],[77.0807,13.954],[77.0942,13.9575],[77.1199,13.9513],[77.143,13.9307],[77.1808,13.9256],[77.2793,13.9785],[77.3197,13.9769],[77.3354,13.9565],[77.3349,13.9146],[77.3077,13.8778],[77.3024,13.8444],[77.3083,13.8157],[77.3311,13.7748],[77.3652,13.7661],[77.3936,13.7874],[77.4123,13.8194],[77.4405,13.8335],[77.5299,13.8434],[77.5828,13.8631],[77.6013,13.882],[77.6239,13.9296],[77.6765,13.9338],[77.7259,13.9715],[77.7459,14.0059],[77.7446,14.1051],[77.778,14.131],[77.805,14.1331],[77.8342,14.1172],[77.846,14.0848],[77.8629,14.0703],[77.9677,14.0308],[77.9759,14.002],[78.0231,13.9608],[78.0164,13.8862],[78.074,13.8885],[78.1403,13.9441],[78.2314,13.9544],[78.261,13.9664],[78.3687,14.0404],[78.4036,14.0867],[78.396,14.169],[78.3839,14.2055],[78.3028,14.2869],[78.0524,14.468],[78.0256,14.5161],[78.0194,14.5621],[77.9834,14.5883],[77.9486,14.6308],[77.9404,14.6787],[77.9631,14.6832],[78.0729,14.6713],[78.1232,14.6869],[78.1235,14.7301],[78.0952,14.757],[78.0688,14.7999],[78.0842,14.9311],[78.0825,15.0721],[78.0572,15.0961]]]}},{"type":"Feature","properties":{"id":"mysore--kolar","name":"Kolar","division":"Mysore","type":"Princely districts"},"geometry":{"type":"Polygon","coordinates":[[[77.7919,13.0199],[77.8115,13.0289],[77.8976,12.9933],[77.978,12.9936],[78.1016,12.9396],[78.137,12.9427],[78.1616,12.9651],[78.2113,13.041],[78.2445,13.0621],[78.2946,13.0698],[78.3253,13.0861],[78.354,13.1383],[78.3614,13.2338],[78.3765,13.2718],[78.4525,13.2994],[78.4722,13.3135],[78.501,13.3609],[78.5025,13.3812],[78.5016,13.4027],[78.4715,13.4317],[78.4267,13.4562],[78.3761,13.5035],[78.3362,13.5315],[78.2524,13.5613],[78.2249,13.6023],[78.2145,13.6454],[78.2335,13.6965],[78.2365,13.7347],[78.2008,13.8092],[78.1693,13.8311],[78.1339,13.8364],[78.0592,13.731],[78.0312,13.7373],[78.01,13.8021],[78.0231,13.9608],[77.9759,14.002],[77.9677,14.0308],[77.8629,14.0703],[77.846,14.0848],[77.8342,14.1172],[77.805,14.1331],[77.778,14.131],[77.7446,14.1051],[77.7459,14.0059],[77.7259,13.9715],[77.6765,13.9338],[77.6239,13.9296],[77.6013,13.882],[77.5828,13.8631],[77.5299,13.8434],[77.4405,13.8335],[77.4123,13.8194],[77.3936,13.7874],[77.3652,13.7661],[77.3481,13.7705],[77.3307,13.69],[77.3811,13.6607],[77.4101,13.6329],[77.4626,13.6229],[77.4929,13.5998],[77.507,13.5483],[77.519,13.5315],[77.5348,13.5241],[77.5532,13.5275],[77.6023,13.5521],[77.6219,13.5519],[77.6649,13.4666],[77.7181,13.4206],[77.7298,13.3763],[77.7795,13.3494],[77.7963,13.3194],[77.7891,13.2239],[77.7766,13.1953],[77.7568,13.174],[77.7984,13.0792],[77.7919,13.0199]]]}},{"type":"Feature","properties":{"id":"madras--chittoor","name":"Chittoor","division":"Madras","type":"British districts"},"geometry":{"type":"Polygon","coordinates":[[[79.7975,13.0423],[79.7909,13.0712],[79.8064,13.1176],[79.7691,13.2052],[79.7696,13.2319],[79.7932,13.241],[79.843,13.198],[79.8594,13.1939],[79.8911,13.2181],[79.8872,13.2659],[79.8645,13.3026],[79.8472,13.3143],[79.684,13.3842],[79.6727,13.4073],[79.6725,13.4493],[79.6855,13.4662],[79.7774,13.5284],[79.8204,13.6393],[79.8428,13.6639],[79.9277,13.6688],[79.9565,13.707],[79.9574,13.7558],[79.9396,13.7723],[79.9359,13.8588],[79.9234,13.8722],[79.8741,13.8755],[79.851,13.8893],[79.79,13.9611],[79.6683,13.9339],[79.6253,13.9328],[79.4752,13.9518],[79.333,13.8179],[79.3104,13.8145],[79.2337,13.8406],[79.2052,13.8268],[79.1867,13.8319],[79.1034,13.9288],[79.0097,13.9389],[78.9613,13.9646],[78.9413,13.9954],[78.9101,14.0007],[78.8827,14.0002],[78.7869,13.9425],[78.7467,13.9374],[78.7297,13.9157],[78.6923,13.8981],[78.6702,13.9214],[78.6521,13.9579],[78.6093,13.9691],[78.5968,13.9817],[78.5958,14.0429],[78.5862,14.0602],[78.51,14.067],[78.4198,14.054],[78.389,14.0674],[78.3687,14.0404],[78.261,13.9664],[78.2314,13.9544],[78.1403,13.9441],[78.074,13.8885],[78.0164,13.8862],[78.01,13.8021],[78.0312,13.7373],[78.0592,13.731],[78.1339,13.8364],[78.1693,13.8311],[78.2008,13.8092],[78.2365,13.7347],[78.2335,13.6965],[78.2145,13.6454],[78.2249,13.6023],[78.2524,13.5613],[78.3362,13.5315],[78.5016,13.4027],[78.501,13.3609],[78.4722,13.3135],[78.4525,13.2994],[78.3765,13.2718],[78.3614,13.2338],[78.354,13.1383],[78.3276,13.0897],[78.3824,13.0314],[78.4104,12.9587],[78.4052,12.9385],[78.4644,12.8983],[78.51,12.8547],[78.5379,12.8484],[78.5581,12.9006],[78.5852,12.9194],[78.6524,12.9411],[78.6588,12.9578],[78.6299,12.982],[78.6363,13.0035],[78.6224,13.0526],[78.601,13.0851],[78.6037,13.1054],[78.6198,13.1231],[78.6639,13.1428],[78.7821,13.1434],[78.8008,13.1694],[78.857,13.1781],[78.8838,13.1765],[78.8907,13.155],[78.8729,13.1051],[78.8859,13.081],[78.915,13.0758],[79.0333,13.0871],[79.1623,13.0839],[79.1808,13.0943],[79.2181,13.1426],[79.2303,13.1448],[79.2461,13.1386],[79.2615,13.1168],[79.3013,13.0959],[79.3259,13.1086],[79.3656,13.1533],[79.4278,13.1558],[79.4478,13.1829],[79.453,13.2043],[79.4851,13.2252],[79.5144,13.165],[79.5264,13.1541],[79.5507,13.1536],[79.6067,13.2182],[79.6324,13.2285],[79.6615,13.2208],[79.6732,13.1956],[79.6771,13.1454],[79.6902,13.1285],[79.7975,13.0423]]]}},{"type":"Feature","properties":{"id":"madras--north-arcot","name":"North Arcot","division":"Madras","type":"British districts"},"geometry":{"type":"Polygon","coordinates":[[[79.7975,13.0423],[79.6771,13.1454],[79.6732,13.1956],[79.6615,13.2208],[79.6324,13.2285],[79.6067,13.2182],[79.5507,13.1536],[79.5264,13.1541],[79.4851,13.2252],[79.453,13.2043],[79.4478,13.1829],[79.4278,13.1558],[79.3656,13.1533],[79.3259,13.1086],[79.3013,13.0959],[79.2615,13.1168],[79.2461,13.1386],[79.2303,13.1448],[79.2181,13.1426],[79.1808,13.0943],[79.1623,13.0839],[79.0333,13.0871],[78.915,13.0758],[78.8859,13.081],[78.8729,13.1051],[78.8907,13.155],[78.8838,13.1765],[78.8008,13.1694],[78.7821,13.1434],[78.6639,13.1428],[78.6198,13.1231],[78.6037,13.1054],[78.601,13.0851],[78.6224,13.0526],[78.6363,13.0035],[78.6299,12.982],[78.6588,12.9578],[78.6524,12.9411],[78.5852,12.9194],[78.5581,12.9006],[78.5379,12.8484],[78.51,12.8547],[78.4644,12.8983],[78.4052,12.9385],[78.4104,12.9587],[78.3824,13.0314],[78.3276,13.0897],[78.2946,13.0698],[78.2445,13.0621],[78.2113,13.041],[78.1616,12.9651],[78.137,12.9427],[78.1069,12.9401],[78.1987,12.8025],[78.2472,12.7044],[78.3198,12.6787],[78.3468,12.6554],[78.3752,12.5996],[78.3726,12.5471],[78.3792,12.5288],[78.4703,12.4331],[78.4831,12.3718],[78.5129,12.3456],[78.5876,12.3398],[78.6116,12.3204],[78.6223,12.2496],[78.7224,12.1852],[78.7288,12.0839],[78.7493,12.0224],[78.7635,11.9974],[78.7885,11.9808],[78.8205,11.9775],[78.8564,11.9809],[78.9036,12.028],[78.9252,12.042],[78.969,12.0528],[78.9887,12.0726],[79.0139,12.0722],[79.0897,12.0129],[79.1286,12.0219],[79.1593,12.0625],[79.2215,12.072],[79.2295,12.0834],[79.2242,12.1207],[79.2129,12.1399],[79.1794,12.1672],[79.1787,12.1834],[79.2239,12.22],[79.2378,12.2379],[79.238,12.2532],[79.2316,12.28],[79.1748,12.3086],[79.175,12.3219],[79.2142,12.3442],[79.2322,12.3783],[79.2607,12.3951],[79.2733,12.393],[79.301,12.3658],[79.3566,12.3811],[79.3857,12.3778],[79.5382,12.3266],[79.5869,12.2848],[79.6314,12.2762],[79.6598,12.3417],[79.7061,12.3839],[79.724,12.4074],[79.7253,12.4255],[79.7227,12.4418],[79.7056,12.4602],[79.6331,12.4825],[79.614,12.4981],[79.61,12.5449],[79.6248,12.5589],[79.6909,12.5616],[79.7086,12.5747],[79.7089,12.5909],[79.7054,12.6091],[79.6881,12.6227],[79.6202,12.6277],[79.5722,12.6591],[79.5571,12.7949],[79.5724,12.8356],[79.5929,12.8391],[79.6625,12.815],[79.7027,12.8343],[79.7389,12.8985],[79.7824,12.934],[79.7954,12.9557],[79.8034,13.0166],[79.7975,13.0423]]]}},{"type":"Feature","properties":{"id":"madras--salem","name":"Salem","division":"Madras","type":"British districts"},"geometry":{"type":"Polygon","coordinates":[[[78.7443,12.0375],[78.7288,12.0839],[78.7224,12.1852],[78.6223,12.2496],[78.6116,12.3204],[78.5876,12.3398],[78.5129,12.3456],[78.4831,12.3718],[78.4703,12.4331],[78.3792,12.5288],[78.3726,12.5471],[78.3752,12.5996],[78.3468,12.6554],[78.3198,12.6787],[78.2472,12.7044],[78.1987,12.8025],[78.1069,12.9401],[77.978,12.9936],[77.8976,12.9933],[77.8115,13.0289],[77.6757,12.9814],[77.6657,12.9611],[77.6768,12.8547],[77.6596,12.8369],[77.6254,12.8301],[77.5718,12.833],[77.5396,12.7819],[77.5299,12.5394],[77.5076,12.4942],[77.4818,12.4705],[77.4489,12.46],[77.3783,12.4535],[77.2895,12.4633],[77.546,12.1863],[77.6879,12.1869],[77.7491,12.1825],[77.7597,12.1737],[77.7604,12.1537],[77.6899,12.1018],[77.6739,12.0522],[77.72,12.003],[77.738,11.9598],[77.7573,11.9443],[77.7786,11.9403],[77.793,11.9229],[77.7446,11.8412],[77.7621,11.7416],[77.7393,11.6997],[77.7271,11.6415],[77.7245,11.4742],[77.7015,11.3979],[77.7022,11.3702],[77.7203,11.3318],[77.7492,11.3201],[77.8278,11.327],[77.8509,11.3153],[77.8594,11.2913],[77.8589,11.2454],[77.9284,11.2208],[77.9233,11.1922],[77.7944,11.1791],[77.7584,11.1603],[77.7446,11.1384],[77.7441,11.0897],[77.7517,11.0676],[77.7833,11.0281],[77.8229,11.0287],[77.844,11.0056],[77.8533,10.9644],[77.8908,10.9449],[77.9059,10.9046],[77.9029,10.8893],[77.869,10.883],[77.8342,10.8938],[77.8062,10.8922],[77.7757,10.8418],[77.7974,10.7813],[77.8356,10.7341],[77.84,10.6625],[77.8748,10.6665],[77.9165,10.6881],[77.9391,10.7252],[77.9713,10.7574],[77.9793,10.7812],[77.9576,10.8398],[77.9617,10.8569],[77.9743,10.8673],[78.0112,10.8784],[78.0265,10.8639],[78.0555,10.8608],[78.1091,10.8966],[78.182,10.9013],[78.2146,10.9989],[78.3041,11.1327],[78.3878,11.3353],[78.4025,11.3485],[78.4366,11.3644],[78.5559,11.384],[78.6457,11.4412],[78.7329,11.4439],[78.7963,11.4803],[78.8623,11.555],[78.8784,11.581],[78.8812,11.6073],[78.8705,11.6241],[78.85,11.6315],[78.8382,11.6544],[78.8605,11.6899],[78.8632,11.709],[78.855,11.7282],[78.8368,11.7308],[78.8003,11.7194],[78.7633,11.6721],[78.7217,11.6392],[78.6974,11.6347],[78.6552,11.6472],[78.6505,11.7524],[78.6715,11.7796],[78.6754,11.7998],[78.6515,11.8276],[78.647,11.8551],[78.6761,11.9443],[78.7443,12.0375]]]}},{"type":"Feature","properties":{"id":"mysore--bangalore","name":"Bangalore","division":"Mysore","type":"Princely districts"},"geometry":{"type":"Polygon","coordinates":[[[77.7919,13.0199],[77.7984,13.0792],[77.7568,13.174],[77.7766,13.1953],[77.7891,13.2239],[77.7963,13.3194],[77.7795,13.3494],[77.7298,13.3763],[77.7181,13.4206],[77.6649,13.4666],[77.6219,13.5519],[77.6023,13.5521],[77.5532,13.5275],[77.5348,13.5241],[77.519,13.5315],[77.507,13.5483],[77.4929,13.5998],[77.4626,13.6229],[77.4101,13.6329],[77.3811,13.6607],[77.3307,13.69],[77.3151,13.6625],[77.2596,13.614],[77.2421,13.5735],[77.2051,13.538],[77.1011,13.5246],[77.0815,13.508],[77.0823,13.4602],[77.0699,13.4375],[76.9677,13.3415],[76.9392,13.2879],[76.9315,13.2461],[76.9701,13.1873],[76.983,13.119],[76.9863,13.07],[76.9654,13.051],[76.9639,13.0247],[76.9687,13.0055],[77.0061,12.9646],[77.0133,12.943],[76.996,12.9192],[76.9286,12.8626],[76.9679,12.8259],[77.0204,12.8169],[77.0656,12.7936],[77.0725,12.7448],[77.0969,12.6901],[77.1277,12.7027],[77.1408,12.6983],[77.1711,12.6522],[77.2003,12.6519],[77.2204,12.6116],[77.2385,12.5153],[77.2907,12.4632],[77.3783,12.4535],[77.4489,12.46],[77.4818,12.4705],[77.5076,12.4942],[77.5299,12.5394],[77.5396,12.7819],[77.5718,12.833],[77.6254,12.8301],[77.6596,12.8369],[77.6768,12.8547],[77.6657,12.9611],[77.6757,12.9814],[77.7919,13.0199]]]}},{"type":"Feature","properties":{"id":"mysore--mandya","name":"Mandya","division":"Mysore","type":"Princely districts"},"geometry":{"type":"Polygon","coordinates":[[[76.9679,12.8259],[76.8924,12.9054],[76.8314,12.935],[76.8031,12.8976],[76.7383,12.861],[76.7017,12.8576],[76.6772,12.8446],[76.6245,12.7995],[76.5952,12.7913],[76.5611,12.7927],[76.4637,12.8064],[76.4393,12.7982],[76.389,12.7387],[76.3707,12.7337],[76.3807,12.6876],[76.4401,12.5868],[76.5102,12.5879],[76.5671,12.5732],[76.5976,12.5486],[76.6192,12.4882],[76.6626,12.4348],[76.7238,12.4101],[76.7673,12.3667],[76.843,12.3332],[76.8687,12.3331],[76.868,12.3834],[76.8816,12.4036],[76.9133,12.4201],[76.9632,12.4258],[77.0155,12.4134],[77.0578,12.3904],[77.0871,12.3925],[77.1092,12.4187],[77.1216,12.4568],[77.1473,12.4722],[77.2907,12.4632],[77.2385,12.5153],[77.2204,12.6116],[77.2003,12.6519],[77.1711,12.6522],[77.1408,12.6983],[77.1277,12.7027],[77.0969,12.6901],[77.0725,12.7448],[77.0656,12.7936],[77.0204,12.8169],[76.9679,12.8259]]]}},{"type":"Feature","properties":{"id":"madras--nilgiris","name":"Nilgiris","division":"Madras","type":"British districts"},"geometry":{"type":"Polygon","coordinates":[[[76.7727,11.8564],[76.7537,11.8305],[76.7014,11.8069],[76.5957,11.7991],[76.5645,11.8591],[76.5392,11.8915],[76.5186,11.9048],[76.4968,11.9109],[76.4215,11.9077],[76.3971,11.9187],[76.401,11.8729],[76.3883,11.8605],[76.3436,11.8444],[76.2221,11.8392],[76.19,11.8212],[76.1772,11.7801],[76.211,11.7369],[76.2108,11.6824],[76.2185,11.6728],[76.3292,11.679],[76.3699,11.6721],[76.4067,11.6422],[76.4354,11.5598],[76.512,11.5575],[76.5129,11.5431],[76.4914,11.5145],[76.5029,11.4944],[76.5688,11.472],[76.6153,11.4651],[76.6522,11.4735],[76.6946,11.4619],[76.7659,11.5006],[76.84,11.569],[76.8972,11.561],[76.905,11.5695],[76.9064,11.6221],[76.8929,11.6337],[76.8852,11.6548],[76.9147,11.7091],[76.911,11.735],[76.8501,11.7737],[76.7727,11.8564]]]}},{"type":"Feature","properties":{"id":"mysore--mysore","name":"Mysore","division":"Mysore","type":"Princely districts"},"geometry":{"type":"Polygon","coordinates":[[[76.3707,12.7337],[76.3256,12.7246],[76.2928,12.7356],[76.2636,12.7584],[76.2518,12.8231],[76.1957,12.8173],[76.1532,12.857],[76.1227,12.8643],[76.0836,12.8274],[76.0762,12.8023],[76.0818,12.7042],[76.0696,12.6827],[76.0476,12.672],[76.0257,12.6841],[75.9577,12.7501],[75.9051,12.7786],[75.9149,12.7036],[75.9391,12.639],[76.0363,12.5991],[76.052,12.5656],[76.053,12.5022],[76.1227,12.3021],[76.1273,12.2339],[75.9644,12.237],[75.9223,12.2269],[75.9513,12.2051],[76.0069,12.1176],[76.0418,12.0361],[76.1413,12.0118],[76.1984,12.0104],[76.2483,12.0245],[76.2945,12.0231],[76.3248,12.0086],[76.3815,11.9258],[76.4215,11.9077],[76.4968,11.9109],[76.5392,11.8915],[76.5957,11.7991],[76.7014,11.8069],[76.7537,11.8305],[76.7844,11.8781],[76.7862,11.975],[76.8022,11.9952],[76.8605,12.002],[76.972,11.9701],[77.017,11.9722],[77.0462,11.9839],[77.0609,12.0042],[77.0623,12.0281],[76.9975,12.129],[76.9989,12.1517],[77.027,12.1778],[77.0493,12.2266],[77.0495,12.2601],[77.0303,12.2854],[76.8881,12.2995],[76.8687,12.3331],[76.843,12.3332],[76.7673,12.3667],[76.7238,12.4101],[76.6626,12.4348],[76.6192,12.4882],[76.5976,12.5486],[76.5671,12.5732],[76.5102,12.5879],[76.4401,12.5868],[76.3807,12.6876],[76.3707,12.7337]]]}},{"type":"Feature","properties":{"id":"coorg--coorg","name":"Coorg","division":"Coorg","type":"British districts"},"geometry":{"type":"Polygon","coordinates":[[[75.9149,12.7036],[75.9007,12.8125],[75.9352,12.9105],[75.9243,12.944],[75.8562,12.9849],[75.8516,13.0723],[75.8346,13.0998],[75.8054,13.1143],[75.7785,13.112],[75.7382,13.0953],[75.7222,13.0679],[75.7121,12.9435],[75.6889,12.9065],[75.6327,12.8803],[75.5998,12.8816],[75.5613,12.9634],[75.5027,12.9348],[75.4685,12.9014],[75.4489,12.8655],[75.4305,12.7687],[75.417,12.7543],[75.3598,12.7449],[75.2928,12.7665],[75.2623,12.7629],[75.2476,12.7498],[75.244,12.7294],[75.301,12.5392],[75.346,12.5032],[75.4349,12.4744],[75.5661,12.3461],[75.6572,12.3112],[75.7313,12.2477],[75.7556,12.238],[75.8748,12.2389],[75.9223,12.2269],[75.9644,12.237],[76.1273,12.2339],[76.1227,12.3021],[76.1096,12.3548],[76.053,12.5022],[76.052,12.5656],[76.0363,12.5991],[75.9391,12.639],[75.9149,12.7036]]]}},{"type":"Feature","properties":{"id":"mysore--hassan","name":"Hassan","division":"Mysore","type":"Princely districts"},"geometry":{"type":"Polygon","coordinates":[[[76.8314,12.935],[76.8282,12.9859],[76.8081,13.0733],[76.7754,13.1142],[76.7121,13.129],[76.6829,13.1435],[76.6442,13.1928],[76.6113,13.2002],[76.5722,13.2004],[76.483,13.1747],[76.46,13.2154],[76.4542,13.2561],[76.4227,13.3089],[76.356,13.3918],[76.2438,13.4175],[76.1682,13.4454],[76.1181,13.4528],[75.99,13.5101],[75.9058,13.5349],[75.8067,13.4903],[75.6577,13.3663],[75.5737,13.2714],[75.5901,13.2552],[75.5949,13.2313],[75.5704,13.1823],[75.5422,13.1644],[75.5275,13.1429],[75.5348,13.0975],[75.5627,13.0424],[75.5687,12.9861],[75.5613,12.9634],[75.5998,12.8816],[75.6327,12.8803],[75.6889,12.9065],[75.7121,12.9435],[75.7222,13.0679],[75.7382,13.0953],[75.7785,13.112],[75.8054,13.1143],[75.8346,13.0998],[75.8516,13.0723],[75.8562,12.9849],[75.9243,12.944],[75.9352,12.9105],[75.9007,12.8125],[75.9051,12.7786],[75.9577,12.7501],[76.0257,12.6841],[76.0476,12.672],[76.0696,12.6827],[76.0818,12.7042],[76.0762,12.8023],[76.0836,12.8274],[76.1227,12.8643],[76.1532,12.857],[76.1957,12.8173],[76.2518,12.8231],[76.2636,12.7584],[76.2928,12.7356],[76.3256,12.7246],[76.389,12.7387],[76.4173,12.7792],[76.4393,12.7982],[76.4637,12.8064],[76.5611,12.7927],[76.5952,12.7913],[76.6245,12.7995],[76.6772,12.8446],[76.7017,12.8576],[76.7383,12.861],[76.8031,12.8976],[76.8314,12.935]]]}},{"type":"Feature","properties":{"id":"mysore--kadur","name":"Kadur","division":"Mysore","type":"Princely districts"},"geometry":{"type":"Polygon","coordinates":[[[75.873,14.2321],[75.7552,14.2606],[75.7111,14.2521],[75.7065,14.2213],[75.7336,14.1817],[75.7342,14.1351],[75.7062,14.1086],[75.6459,14.0944],[75.623,14.0622],[75.6118,13.9962],[75.5595,13.9784],[75.5044,13.972],[75.4588,13.9506],[75.3148,13.9494],[75.2927,13.9422],[75.2832,13.9329],[75.2772,13.8949],[75.1406,13.8462],[75.1361,13.829],[75.1508,13.7888],[75.1405,13.7701],[75.0729,13.7422],[74.9841,13.72],[75.0232,13.6935],[75.034,13.6667],[75.0555,13.6466],[75.1162,13.6083],[75.1115,13.5035],[75.1481,13.4473],[75.1481,13.4018],[75.1615,13.3564],[75.2311,13.3025],[75.2482,13.3048],[75.2824,13.3455],[75.3081,13.3538],[75.3386,13.3514],[75.3618,13.3286],[75.3813,13.2772],[75.3959,13.2712],[75.4313,13.2711],[75.4618,13.2507],[75.4936,13.253],[75.5413,13.2829],[75.5737,13.2714],[75.6577,13.3663],[75.8067,13.4903],[75.8664,13.5226],[75.9428,13.5434],[76.0398,13.587],[76.1145,13.6527],[76.1866,13.7959],[76.232,13.8588],[76.2351,13.8952],[76.2127,13.9125],[76.1558,13.8917],[76.1077,13.8853],[76.0169,13.9479],[76.0113,14.0053],[75.9625,14.0581],[75.9208,14.1559],[75.8739,14.2202],[75.873,14.2321]]]}},{"type":"Feature","properties":{"id":"mysore--tumkur","name":"Tumkur","division":"Mysore","type":"Princely districts"},"geometry":{"type":"MultiPolygon","coordinates":[[[[76.866,14.1857],[76.7619,14.1727],[76.6786,14.1781],[76.6521,14.1697],[76.6294,14.1488],[76.6085,14.103],[76.5832,13.9827],[76.5017,13.9612],[76.4869,13.9498],[76.471,13.9059],[76.367,13.8692],[76.3374,13.8397],[76.2865,13.8313],[76.2227,13.846],[76.1866,13.7959],[76.1145,13.6527],[76.0398,13.587],[75.9428,13.5434],[75.9058,13.5349],[75.99,13.5101],[76.1181,13.4528],[76.1682,13.4454],[76.2438,13.4175],[76.356,13.3918],[76.4227,13.3089],[76.4542,13.2561],[76.46,13.2154],[76.483,13.1747],[76.5722,13.2004],[76.6113,13.2002],[76.6442,13.1928],[76.6829,13.1435],[76.7121,13.129],[76.7754,13.1142],[76.8081,13.0733],[76.8282,12.9859],[76.8314,12.935],[76.8924,12.9054],[76.9286,12.8626],[76.996,12.9192],[77.0133,12.943],[77.0061,12.9646],[76.9687,13.0055],[76.9639,13.0247],[76.9654,13.051],[76.9863,13.07],[76.983,13.119],[76.9701,13.1873],[76.9315,13.2461],[76.9392,13.2879],[76.9677,13.3415],[77.0699,13.4375],[77.0823,13.4602],[77.0815,13.508],[77.1011,13.5246],[77.2051,13.538],[77.2421,13.5735],[77.2596,13.614],[77.3151,13.6625],[77.3387,13.7041],[77.3481,13.7705],[77.3311,13.7748],[77.3083,13.8157],[77.3024,13.8444],[77.3077,13.8778],[77.3349,13.9146],[77.3354,13.9565],[77.3197,13.9769],[77.2793,13.9785],[77.1808,13.9256],[77.143,13.9307],[77.1199,13.9513],[77.0942,13.9575],[77.0807,13.954],[77.0436,13.9065],[77.0167,13.9091],[76.9717,13.9405],[76.8924,13.9794],[76.8791,13.9927],[76.8335,14.1114],[76.8434,14.1305],[76.8632,14.1435],[76.866,14.1857]]],[[[77.4397,14.3295],[77.4094,14.4733],[77.3813,14.4891],[77.3482,14.4858],[77.3222,14.4682],[77.3006,14.3931],[77.2785,14.3897],[77.1948,14.4885],[77.1458,14.489],[77.115,14.4797],[77.0918,14.4871],[77.0511,14.4695],[77.025,14.4267],[76.988,14.4043],[76.8978,14.4165],[76.9071,14.2517],[76.9389,14.26],[76.9805,14.2477],[77.0706,14.186],[77.177,14.1635],[77.2123,14.1381],[77.246,14.0816],[77.2777,14.0682],[77.3047,14.0691],[77.3354,14.0784],[77.3529,14.1153],[77.3471,14.144],[77.3146,14.2005],[77.3174,14.2399],[77.3348,14.2577],[77.4381,14.2961],[77.4397,14.3295]]]]}},{"type":"Feature","properties":{"id":"madras--sandur","name":"Sandur","division":"Madras","type":"Princely states"},"geometry":{"type":"Polygon","coordinates":[[[76.6175,15.1354],[76.63,15.1545],[76.606,15.2359],[76.5889,15.254],[76.5594,15.265],[76.5202,15.3023],[76.4727,15.3708],[76.4307,15.3726],[76.412,15.3257],[76.4117,15.2863],[76.4507,15.225],[76.4874,15.1949],[76.5019,15.153],[76.5314,15.1384],[76.6175,15.1354]]]}},{"type":"Feature","properties":{"id":"mysore--chitaldrug","name":"Chitaldrug","division":"Mysore","type":"Princely districts"},"geometry":{"type":"Polygon","coordinates":[[[76.8978,14.4165],[76.8642,14.4208],[76.8447,14.4341],[76.8512,14.4843],[76.832,14.5359],[76.8496,14.5764],[76.9138,14.6213],[76.9176,14.6392],[76.9092,14.662],[76.8872,14.6777],[76.8388,14.7546],[76.7825,14.7885],[76.7707,14.8424],[76.7883,14.8937],[76.8157,14.9305],[76.8515,14.9518],[76.8616,14.9768],[76.8489,15.0737],[76.8701,15.1142],[76.8691,15.1393],[76.8595,15.1633],[76.8325,15.1779],[76.8005,15.1805],[76.7326,15.1571],[76.6461,15.1088],[76.6311,15.0778],[76.637,15.0502],[76.6578,15.0357],[76.6748,15.0045],[76.6387,14.9414],[76.6648,14.8193],[76.6487,14.8039],[76.5588,14.783],[76.5532,14.6838],[76.5359,14.6707],[76.4966,14.6734],[76.4599,14.6939],[76.4368,14.7216],[76.4151,14.7851],[76.3956,14.8151],[76.3711,14.8344],[76.3183,14.8395],[76.2485,14.8829],[76.203,14.8796],[76.1758,14.8618],[76.1634,14.8379],[76.1326,14.8189],[76.0883,14.8168],[76.0343,14.8314],[76.0207,14.8278],[75.9985,14.8088],[76.014,14.7023],[76.0016,14.6868],[75.9733,14.6761],[75.9266,14.668],[75.8861,14.6729],[75.8616,14.6933],[75.8581,14.7292],[75.8294,14.7891],[75.7982,14.8179],[75.7576,14.8235],[75.7188,14.811],[75.677,14.7778],[75.6712,14.7094],[75.6837,14.6309],[75.6788,14.608],[75.6452,14.5717],[75.6294,14.5221],[75.6806,14.5059],[75.7838,14.5228],[75.8044,14.5161],[75.8443,14.4212],[75.8853,14.3531],[75.8739,14.2202],[75.9208,14.1559],[75.9625,14.0581],[76.0113,14.0053],[76.0169,13.9479],[76.1077,13.8853],[76.1558,13.8917],[76.2127,13.9125],[76.2234,13.9096],[76.2351,13.8952],[76.236,13.8751],[76.2227,13.846],[76.2865,13.8313],[76.3374,13.8397],[76.367,13.8692],[76.471,13.9059],[76.4869,13.9498],[76.5017,13.9612],[76.5832,13.9827],[76.6085,14.103],[76.6294,14.1488],[76.6521,14.1697],[76.6786,14.1781],[76.7619,14.1727],[76.866,14.1857],[76.8687,14.2259],[76.9071,14.2517],[76.8978,14.4165]]]}},{"type":"Feature","properties":{"id":"madras--bellary","name":"Bellary","division":"Madras","type":"British districts"},"geometry":{"type":"Polygon","coordinates":[[[77.486,15.9707],[77.3769,16.0613],[77.3369,16.0689],[77.255,16.0396],[77.2027,16.0014],[77.1209,15.9779],[77.0186,15.9789],[76.9977,15.9705],[76.9392,15.8907],[76.9345,15.8677],[76.946,15.8303],[76.9278,15.7932],[76.8683,15.7622],[76.8029,15.7412],[76.77,15.6984],[76.7615,15.5766],[76.7464,15.5379],[76.7211,15.5152],[76.6321,15.4943],[76.5063,15.4895],[76.4677,15.4754],[76.3489,15.3972],[76.2848,15.3273],[76.2567,15.3217],[76.1784,15.3265],[76.0835,15.2868],[75.9978,15.2786],[75.922,15.2817],[75.9211,15.2642],[75.905,15.2368],[75.841,15.1452],[75.7395,15.1417],[75.7188,15.1322],[75.7089,15.1102],[75.7313,15.0441],[75.7263,15.0269],[75.674,14.9879],[75.6641,14.9668],[75.6748,14.9276],[75.6657,14.8386],[75.677,14.7778],[75.7188,14.811],[75.7576,14.8235],[75.7982,14.8179],[75.8294,14.7891],[75.8581,14.7292],[75.8616,14.6933],[75.8861,14.6729],[75.9266,14.668],[75.9733,14.6761],[76.0016,14.6868],[76.014,14.7023],[75.9985,14.8088],[76.0207,14.8278],[76.0343,14.8314],[76.0883,14.8168],[76.1326,14.8189],[76.1634,14.8379],[76.1758,14.8618],[76.203,14.8796],[76.2485,14.8829],[76.3183,14.8395],[76.3711,14.8344],[76.3956,14.8151],[76.4151,14.7851],[76.4368,14.7216],[76.4599,14.6939],[76.4966,14.6734],[76.5359,14.6707],[76.5532,14.6838],[76.5588,14.783],[76.6487,14.8039],[76.6648,14.8193],[76.6387,14.9414],[76.6748,15.0045],[76.6578,15.0357],[76.637,15.0502],[76.6311,15.0778],[76.6461,15.1088],[76.7326,15.1571],[76.8005,15.1805],[76.8325,15.1779],[76.8595,15.1633],[76.8701,15.1142],[76.8489,15.0737],[76.8616,14.9768],[76.8515,14.9518],[76.8157,14.9305],[76.7758,14.8687],[76.7707,14.8424],[76.7825,14.7885],[76.8388,14.7546],[76.8568,14.7323],[76.9063,14.8032],[76.9483,14.8292],[77.0074,14.8466],[77.1255,14.8575],[77.1601,14.8763],[77.1898,14.8987],[77.2011,14.9213],[77.2015,14.9619],[77.1712,15.0053],[77.1114,15.0512],[77.0399,15.1571],[77.0367,15.2097],[77.0568,15.2502],[77.0978,15.2904],[77.1991,15.3182],[77.2788,15.3301],[77.278,15.3856],[77.2648,15.4383],[77.3195,15.4865],[77.3588,15.5626],[77.3653,15.6074],[77.3558,15.6419],[77.3118,15.6768],[77.3001,15.6951],[77.3008,15.7487],[77.3705,15.8005],[77.3991,15.804],[77.4469,15.836],[77.4744,15.9007],[77.486,15.9707]],[[76.6175,15.1354],[76.5314,15.1384],[76.5019,15.153],[76.4874,15.1949],[76.4507,15.225],[76.4117,15.2863],[76.412,15.3257],[76.4307,15.3726],[76.4727,15.3708],[76.5202,15.3023],[76.5594,15.265],[76.5889,15.254],[76.606,15.2359],[76.63,15.1545],[76.6175,15.1354]]]}},{"type":"Feature","properties":{"id":"hyderabad--raichur","name":"Raichur","division":"Hyderabad","type":"Princely districts"},"geometry":{"type":"Polygon","coordinates":[[[78.2793,15.9378],[78.2384,15.9597],[78.2005,15.9995],[78.1259,16.0264],[78.0491,16.1756],[77.9994,16.2241],[77.9348,16.268],[77.9232,16.2873],[77.9055,16.4299],[77.9564,16.584],[77.9625,16.6585],[77.9508,16.6758],[77.8363,16.709],[77.7865,16.6953],[77.7461,16.6414],[77.6823,16.6135],[77.6721,16.5984],[77.6699,16.5831],[77.6922,16.5484],[77.7296,16.524],[77.7646,16.4796],[77.7524,16.388],[77.7113,16.3513],[77.4054,16.354],[77.3639,16.3612],[77.3226,16.3817],[77.2923,16.4241],[77.2439,16.4361],[77.1573,16.481],[77.0663,16.5039],[77.0167,16.5015],[76.8215,16.3981],[76.7119,16.3245],[76.534,16.2503],[76.425,16.2424],[76.4113,16.254],[76.3133,16.269],[76.2573,16.2881],[76.2018,16.2721],[76.1942,16.2507],[76.2039,16.2219],[76.2408,16.1846],[76.2813,16.1222],[76.2822,16.0744],[76.2734,16.0565],[76.2536,16.0411],[76.214,16.0377],[76.1427,16.1194],[76.1131,16.1387],[76.0661,16.1425],[76.0377,16.1355],[76.0252,16.114],[76.0262,16.0662],[75.9988,16.034],[75.9494,16.0462],[75.9075,16.0835],[75.8766,16.0956],[75.8197,16.0814],[75.8034,16.0396],[75.8033,16.0074],[75.8143,15.9822],[75.8979,15.8707],[75.9263,15.8681],[75.9509,15.8501],[75.9583,15.8333],[75.9443,15.7521],[75.9565,15.7245],[75.96,15.685],[75.898,15.6064],[75.8954,15.5693],[75.9098,15.4939],[75.8884,15.3864],[75.922,15.2817],[75.9978,15.2786],[76.0835,15.2868],[76.1784,15.3265],[76.2567,15.3217],[76.2848,15.3273],[76.3489,15.3972],[76.4677,15.4754],[76.5063,15.4895],[76.6321,15.4943],[76.7211,15.5152],[76.7464,15.5379],[76.7615,15.5766],[76.77,15.6984],[76.8029,15.7412],[76.8683,15.7622],[76.9278,15.7932],[76.946,15.8303],[76.9345,15.8677],[76.9392,15.8907],[76.9977,15.9705],[77.0186,15.9789],[77.1209,15.9779],[77.2027,16.0014],[77.255,16.0396],[77.2983,16.0592],[77.3369,16.0689],[77.3769,16.0613],[77.4811,15.9726],[77.5076,15.9622],[77.6267,16.001],[77.7852,15.9875],[77.853,15.9622],[77.9833,15.9547],[78.0685,15.9077],[78.0886,15.8673],[78.1149,15.8439],[78.1415,15.8407],[78.2624,15.8977],[78.279,15.9218],[78.2793,15.9378]]]}},{"type":"Feature","properties":{"id":"hyderabad--gulbarga","name":"Gulbarga","division":"Hyderabad","type":"Princely districts"},"geometry":{"type":"Polygon","coordinates":[[[77.0448,17.7425],[76.8616,17.7336],[76.808,17.7592],[76.6532,17.7785],[76.5668,17.7441],[76.533,17.7228],[76.4775,17.7075],[76.3288,17.7243],[76.3382,17.7132],[76.3314,17.6355],[76.3398,17.5913],[76.3046,17.5461],[76.2982,17.521],[76.3155,17.5041],[76.324,17.4754],[76.3161,17.4181],[76.2451,17.4042],[76.1878,17.4033],[76.0983,17.4313],[76.0596,17.4172],[76.0557,17.3957],[76.0851,17.3178],[76.0724,17.2581],[76.0883,17.2245],[76.1181,17.2136],[76.163,17.2337],[76.2006,17.2646],[76.2268,17.2764],[76.2554,17.2774],[76.2702,17.2629],[76.2583,17.1578],[76.2719,17.1362],[76.3016,17.1169],[76.3126,17.0905],[76.3087,17.0666],[76.2687,17.0382],[76.2711,17.019],[76.3081,16.9817],[76.3154,16.9637],[76.3127,16.9291],[76.2777,16.8923],[76.2725,16.8672],[76.2835,16.8348],[76.3586,16.7483],[76.3607,16.6909],[76.3568,16.6634],[76.3279,16.6145],[76.3338,16.5739],[76.3274,16.5368],[76.275,16.4977],[76.2736,16.4702],[76.3028,16.3804],[76.3086,16.3253],[76.301,16.3026],[76.2573,16.2881],[76.3133,16.269],[76.4113,16.254],[76.425,16.2424],[76.534,16.2503],[76.7119,16.3245],[76.8215,16.3981],[77.0167,16.5015],[77.0663,16.5039],[77.1128,16.4958],[77.2439,16.4361],[77.2923,16.4241],[77.2988,16.4145],[77.5091,16.7028],[77.5375,16.7885],[77.5638,16.8426],[77.5789,16.8554],[77.631,16.8576],[77.6547,16.8501],[77.676,16.8254],[77.6901,16.8231],[77.7338,16.8584],[77.7457,16.8582],[77.7823,16.8197],[77.8041,16.8316],[77.7937,16.988],[77.8171,17.0078],[77.8626,17.0114],[77.8784,17.0234],[77.8786,17.0349],[77.8429,17.0855],[77.8438,17.0999],[77.8689,17.1243],[77.852,17.1355],[77.8417,17.1777],[77.8495,17.2349],[77.8733,17.2938],[77.891,17.4685],[77.8786,17.5059],[77.8779,17.5389],[77.7895,17.5499],[77.5518,17.5423],[77.4618,17.5793],[77.429,17.5819],[77.3719,17.5625],[77.2896,17.5584],[77.2613,17.5652],[77.2081,17.616],[77.1963,17.6857],[77.1243,17.7345],[77.0448,17.7425]]]}},{"type":"Feature","properties":{"id":"bombay--bijapur","name":"Bijapur","division":"Bombay","type":"British districts"},"geometry":{"type":"Polygon","coordinates":[[[75.9063,17.4635],[75.758,17.4679],[75.6747,17.4575],[75.6777,17.3974],[75.6525,17.3317],[75.6556,17.312],[75.6951,17.2407],[75.6944,17.2227],[75.6794,17.1821],[75.6366,17.1185],[75.5629,17.0426],[75.582,17.0077],[75.5896,16.8905],[75.5,16.8152],[75.5103,16.7671],[75.5594,16.739],[75.5719,16.7002],[75.5368,16.6393],[75.5314,16.5905],[75.515,16.5676],[75.4971,16.5698],[75.4405,16.6215],[75.4332,16.6001],[75.439,16.519],[75.4084,16.456],[75.4425,16.4106],[75.4445,16.3317],[75.4281,16.3016],[75.442,16.1911],[75.4848,16.0812],[75.5721,16.0042],[75.6714,15.9666],[75.8077,15.9974],[75.8072,16.0612],[75.8197,16.0814],[75.8457,16.0921],[75.8766,16.0956],[75.9075,16.0835],[75.9494,16.0462],[75.9988,16.034],[76.0262,16.0662],[76.0252,16.114],[76.0377,16.1355],[76.0661,16.1425],[76.1131,16.1387],[76.1427,16.1194],[76.214,16.0377],[76.2536,16.0411],[76.2734,16.0565],[76.2822,16.0744],[76.2813,16.1222],[76.2408,16.1846],[76.2039,16.2219],[76.1942,16.2507],[76.2018,16.2721],[76.301,16.3026],[76.3086,16.3253],[76.3028,16.3804],[76.2736,16.4702],[76.275,16.4977],[76.3274,16.5368],[76.3338,16.5739],[76.3279,16.6145],[76.3568,16.6634],[76.3607,16.6909],[76.3586,16.7483],[76.2835,16.8348],[76.2725,16.8672],[76.2777,16.8923],[76.3127,16.9291],[76.3154,16.9637],[76.3081,16.9817],[76.2711,17.019],[76.2687,17.0382],[76.3087,17.0666],[76.3126,17.0905],[76.3016,17.1169],[76.2719,17.1362],[76.2583,17.1578],[76.2702,17.2629],[76.2554,17.2774],[76.2268,17.2764],[76.163,17.2337],[76.1181,17.2136],[76.0883,17.2245],[76.0724,17.2581],[76.0851,17.3178],[76.0557,17.3957],[76.0586,17.4116],[75.9063,17.4635]]]}},{"type":"Feature","properties":{"id":"bombay--akalkot","name":"Akalkot","division":"Bombay","type":"Princely states"},"geometry":{"type":"Polygon","coordinates":[[[76.0586,17.4116],[76.0983,17.4313],[76.1878,17.4033],[76.2451,17.4042],[76.3161,17.4181],[76.324,17.4754],[76.3155,17.5041],[76.2982,17.521],[76.3046,17.5461],[76.3398,17.5913],[76.3314,17.6355],[76.3382,17.7132],[76.3209,17.7336],[76.2426,17.7712],[76.2089,17.7786],[76.1512,17.7311],[76.1146,17.7337],[76.1012,17.6844],[76.08,17.6529],[76.0031,17.6323],[75.9283,17.6298],[75.9102,17.6117],[75.8991,17.5878],[75.9148,17.5198],[75.9063,17.4635],[76.0586,17.4116]]]}},{"type":"Feature","properties":{"id":"hyderabad--osmanabad","name":"Osmanabad","division":"Hyderabad","type":"Princely districts"},"geometry":{"type":"Polygon","coordinates":[[[76.8081,18.4702],[76.5393,18.4859],[76.3803,18.5288],[76.3202,18.5364],[76.1446,18.5892],[76.0426,18.6357],[75.9811,18.6733],[75.8126,18.6827],[75.5731,18.7134],[75.5913,18.6893],[75.5911,18.6333],[75.5654,18.6076],[75.5368,18.5947],[75.4781,18.5935],[75.4359,18.5706],[75.3892,18.5234],[75.3411,18.5306],[75.3231,18.5565],[75.2931,18.6311],[75.2563,18.6806],[75.1832,18.6451],[75.2078,18.6216],[75.2189,18.4949],[75.2439,18.4757],[75.2765,18.4709],[75.3052,18.4015],[75.3677,18.3512],[75.3563,18.2806],[75.3725,18.2184],[75.3924,18.1933],[75.4162,18.186],[75.4737,18.1979],[75.5125,18.193],[75.5312,18.175],[75.5399,18.1379],[75.5785,18.09],[75.5958,18.0493],[75.593,17.9608],[75.6042,17.9392],[75.6391,17.9284],[75.6854,17.9342],[75.7215,17.9006],[75.7902,17.917],[75.8899,17.8676],[75.9398,17.8662],[75.9686,17.8768],[76.0127,17.9387],[76.0377,17.941],[76.0676,17.9277],[76.0936,17.8965],[76.0969,17.8223],[76.088,17.7913],[76.1138,17.7337],[76.1512,17.7311],[76.2089,17.7786],[76.2426,17.7712],[76.3288,17.7243],[76.4775,17.7075],[76.533,17.7228],[76.5668,17.7441],[76.6532,17.7785],[76.808,17.7592],[76.8616,17.7336],[77.0448,17.7425],[77.039,17.7738],[77.0162,17.8056],[76.9491,17.83],[76.9352,17.8631],[76.9211,17.9407],[76.7688,18.0024],[76.7403,18.0715],[76.7142,18.0839],[76.6942,18.1128],[76.7012,18.1435],[76.7976,18.18],[76.8167,18.2113],[76.8169,18.3046],[76.8559,18.3673],[76.8241,18.4164],[76.8081,18.4702]],[[75.6155,18.5259],[75.662,18.5248],[75.734,18.4843],[75.779,18.4684],[75.8121,18.4668],[75.8693,18.4938],[75.91,18.4993],[75.9415,18.4934],[75.958,18.4761],[75.9591,18.4188],[75.8894,18.2971],[75.8796,18.1422],[75.729,18.0223],[75.7095,18.0196],[75.6901,18.0397],[75.6752,18.0728],[75.6678,18.0957],[75.6711,18.166],[75.5662,18.2109],[75.5333,18.2612],[75.493,18.3517],[75.5202,18.3961],[75.5896,18.4705],[75.6155,18.5259]]]}},{"type":"Feature","properties":{"id":"hyderabad--bidar","name":"Bidar","division":"Hyderabad","type":"Princely districts"},"geometry":{"type":"Polygon","coordinates":[[[77.1428,18.8361],[77.046,18.8619],[76.9291,18.8524],[76.8661,18.8256],[76.8354,18.7757],[76.7925,18.7522],[76.791,18.7247],[76.8057,18.6923],[76.8016,18.6601],[76.7691,18.6241],[76.7651,18.5933],[76.799,18.5306],[76.8241,18.4164],[76.8559,18.3673],[76.8169,18.3046],[76.8167,18.2113],[76.8105,18.1942],[76.7976,18.18],[76.7012,18.1435],[76.6942,18.1128],[76.7015,18.0962],[76.7403,18.0715],[76.7688,18.0024],[76.9211,17.9407],[76.9352,17.8631],[76.9491,17.83],[77.0162,17.8056],[77.039,17.7738],[77.0448,17.7425],[77.1243,17.7345],[77.1963,17.6857],[77.2081,17.616],[77.2613,17.5652],[77.2896,17.5584],[77.3719,17.5625],[77.429,17.5819],[77.4618,17.5793],[77.5518,17.5423],[77.7895,17.5499],[77.8779,17.5389],[77.927,17.6008],[77.9343,17.6007],[77.9333,17.6216],[77.916,17.6639],[77.8914,17.6834],[77.8723,17.7372],[77.8408,17.7625],[77.8245,17.8028],[77.8637,17.8864],[77.85,18.028],[77.8957,18.0722],[78.0079,18.0936],[77.968,18.1543],[77.9429,18.2188],[77.8762,18.2454],[77.8283,18.2499],[77.7845,18.2658],[77.769,18.2947],[77.7611,18.3665],[77.7356,18.3975],[77.6313,18.4179],[77.578,18.4563],[77.5461,18.4573],[77.4721,18.4004],[77.4404,18.4169],[77.4185,18.4172],[77.4007,18.3995],[77.3681,18.3927],[77.3564,18.4054],[77.3737,18.4799],[77.3491,18.6033],[77.3633,18.633],[77.3803,18.6411],[77.3784,18.683],[77.371,18.6932],[77.3366,18.6966],[77.2395,18.6548],[77.2019,18.6552],[77.1895,18.6691],[77.1885,18.6859],[77.1924,18.6972],[77.2202,18.713],[77.2211,18.7357],[77.2112,18.7477],[77.1824,18.7546],[77.1676,18.7674],[77.1428,18.8361]]]}},{"type":"Feature","properties":{"id":"hyderabad--nizamabad","name":"Nizamabad","division":"Hyderabad","type":"Princely districts"},"geometry":{"type":"Polygon","coordinates":[[[78.6304,18.9393],[78.5825,18.9413],[78.5624,18.9865],[78.5437,19.0031],[78.5108,19.0133],[78.4785,19.0053],[78.4125,18.9722],[78.3965,18.9725],[78.3668,18.994],[78.297,19.0192],[78.1959,18.9846],[78.1802,18.9988],[78.1426,18.9808],[78.1138,18.9535],[78.0924,18.9121],[78.0511,18.8877],[78.0338,18.8307],[77.9742,18.794],[77.9562,18.7662],[77.8854,18.7363],[77.8467,18.6712],[77.8409,18.5811],[77.8743,18.4891],[77.8971,18.4754],[77.9156,18.4483],[77.9262,18.3641],[77.983,18.2925],[77.9854,18.2533],[77.9669,18.223],[77.9429,18.2188],[77.968,18.1543],[78.0128,18.0867],[78.0552,18.0497],[78.068,18.0428],[78.1064,18.0651],[78.1314,18.0695],[78.1691,18.0536],[78.1921,18.0532],[78.2163,18.0671],[78.4841,18.1265],[78.5346,18.1552],[78.5855,18.1523],[78.6334,18.1341],[78.6247,18.1762],[78.5597,18.2681],[78.5264,18.3528],[78.5373,18.5446],[78.5562,18.633],[78.6407,18.7909],[78.6391,18.9036],[78.6304,18.9393]]]}},{"type":"Feature","properties":{"id":"hyderabad--medak","name":"Medak","division":"Hyderabad","type":"Princely districts"},"geometry":{"type":"Polygon","coordinates":[[[79.0861,17.9276],[79.0692,17.9919],[79.0501,18.0285],[79.042,18.1098],[78.997,18.149],[78.9612,18.1583],[78.8889,18.1388],[78.8133,18.1546],[78.6728,18.1201],[78.5855,18.1523],[78.5346,18.1552],[78.4841,18.1265],[78.2163,18.0671],[78.1921,18.0532],[78.1691,18.0536],[78.1314,18.0695],[78.1064,18.0651],[78.068,18.0428],[78.0079,18.0936],[77.8957,18.0722],[77.85,18.028],[77.8637,17.8864],[77.8245,17.8028],[77.8253,17.7885],[77.8408,17.7625],[77.8723,17.7372],[77.8914,17.6834],[77.916,17.6639],[77.9343,17.6007],[77.9587,17.5946],[78.0387,17.5494],[78.0805,17.5488],[78.1367,17.5708],[78.1589,17.5876],[78.1961,17.6635],[78.2142,17.6718],[78.236,17.6686],[78.2412,17.6217],[78.2342,17.5664],[78.2456,17.5346],[78.2615,17.5325],[78.2746,17.5409],[78.2809,17.5618],[78.2874,17.6448],[78.2975,17.6532],[78.3361,17.6382],[78.3573,17.5968],[78.3827,17.5725],[78.4036,17.5693],[78.4348,17.5859],[78.4461,17.6039],[78.518,17.6169],[78.5695,17.6532],[78.5819,17.675],[78.6765,17.6732],[78.7086,17.6822],[78.7444,17.6815],[78.7832,17.6769],[78.8214,17.6466],[78.9069,17.6468],[78.9148,17.7335],[78.9334,17.7656],[78.9993,17.813],[79.0861,17.9276]]]}},{"type":"Feature","properties":{"id":"hyderabad--atraf-i-balda","name":"Atraf-i-Balda","division":"Hyderabad","type":"Princely districts"},"geometry":{"type":"Polygon","coordinates":[[[78.9069,17.6468],[78.8214,17.6466],[78.7832,17.6769],[78.7444,17.6815],[78.7086,17.6822],[78.6765,17.6732],[78.5819,17.675],[78.5695,17.6532],[78.518,17.6169],[78.4461,17.6039],[78.4348,17.5859],[78.4036,17.5693],[78.3827,17.5725],[78.3573,17.5968],[78.3361,17.6382],[78.2975,17.6532],[78.2874,17.6448],[78.2809,17.5618],[78.2746,17.5409],[78.2615,17.5325],[78.2456,17.5346],[78.2342,17.5664],[78.2412,17.6217],[78.236,17.6686],[78.2142,17.6718],[78.1961,17.6635],[78.1589,17.5876],[78.1367,17.5708],[78.0805,17.5488],[78.0387,17.5494],[77.9587,17.5946],[77.927,17.6008],[77.8792,17.5441],[77.875,17.527],[77.891,17.4685],[77.8733,17.2938],[77.8441,17.2073],[77.8443,17.1519],[77.852,17.1355],[77.8689,17.1243],[77.9657,17.1734],[78.0054,17.1821],[78.0915,17.16],[78.1156,17.131],[78.1586,17.0271],[78.1576,17.0128],[78.1231,16.9954],[78.1182,16.9704],[78.1222,16.9402],[78.1548,16.9304],[78.1891,16.9371],[78.313,16.9953],[78.3901,17.0191],[78.5984,17.0648],[78.5871,17.077],[78.5407,17.095],[78.5314,17.1248],[78.5358,17.1505],[78.5491,17.1703],[78.6152,17.1978],[78.6336,17.2232],[78.653,17.2983],[78.7347,17.4544],[78.8933,17.5678],[78.9051,17.6058],[78.9069,17.6468]]]}},{"type":"Feature","properties":{"id":"hyderabad--baghat","name":"Baghat","division":"Hyderabad","type":"Princely districts"},"geometry":{"type":"Polygon","coordinates":[[[78.9304,16.8663],[78.9856,16.9862],[78.9917,17.178],[78.9466,17.3381],[78.9338,17.4329],[78.9402,17.523],[78.9258,17.5491],[78.8902,17.5655],[78.7347,17.4544],[78.653,17.2983],[78.6336,17.2232],[78.6152,17.1978],[78.5491,17.1703],[78.5358,17.1505],[78.5314,17.1248],[78.5407,17.095],[78.5871,17.077],[78.5984,17.0648],[78.7318,17.0174],[78.7937,16.9847],[78.8456,16.9744],[78.8704,16.9525],[78.9304,16.8663]]]}},{"type":"Feature","properties":{"id":"hyderabad--mahbubnagar","name":"Mahbubnagar","division":"Hyderabad","type":"Princely districts"},"geometry":{"type":"Polygon","coordinates":[[[78.5984,17.0648],[78.3901,17.0191],[78.313,16.9953],[78.1891,16.9371],[78.1548,16.9304],[78.1222,16.9402],[78.1179,16.9554],[78.1231,16.9954],[78.1576,17.0128],[78.1586,17.0271],[78.1156,17.131],[78.0915,17.16],[78.0753,17.1681],[78.0054,17.1821],[77.9657,17.1734],[77.8628,17.1218],[77.8438,17.0999],[77.8429,17.0855],[77.8786,17.0349],[77.8784,17.0234],[77.8626,17.0114],[77.8171,17.0078],[77.7937,16.988],[77.8041,16.8316],[77.7823,16.8197],[77.7457,16.8582],[77.7338,16.8584],[77.6901,16.8231],[77.676,16.8254],[77.6547,16.8501],[77.631,16.8576],[77.5789,16.8554],[77.5638,16.8426],[77.5375,16.7885],[77.5091,16.7028],[77.2988,16.4145],[77.3383,16.3691],[77.4054,16.354],[77.7113,16.3513],[77.7524,16.388],[77.7646,16.4796],[77.7296,16.524],[77.6922,16.5484],[77.6699,16.5831],[77.6823,16.6135],[77.7461,16.6414],[77.7865,16.6953],[77.8124,16.7036],[77.8363,16.709],[77.9508,16.6758],[77.9625,16.6585],[77.9564,16.584],[77.9055,16.4299],[77.9232,16.2873],[77.9348,16.268],[77.9994,16.2241],[78.0491,16.1756],[78.1259,16.0264],[78.2005,15.9995],[78.2384,15.9597],[78.2793,15.9378],[78.2874,15.979],[78.3104,16.0259],[78.3539,16.0596],[78.4179,16.0773],[78.461,16.0794],[78.7448,16.046],[78.8353,16.0487],[78.8978,16.0647],[78.937,16.1027],[78.9955,16.1345],[79.099,16.1269],[79.1216,16.1422],[79.1236,16.1679],[79.1675,16.2114],[79.2914,16.1846],[79.3151,16.1856],[79.3421,16.2008],[79.3394,16.281],[79.2674,16.3798],[79.2644,16.4206],[79.227,16.4565],[79.1195,16.4965],[79.0136,16.5079],[78.8105,16.5568],[78.7974,16.5707],[78.7669,16.6457],[78.726,16.645],[78.7176,16.6738],[78.7265,16.7074],[78.7355,16.7136],[78.78,16.7057],[78.8432,16.7081],[78.8992,16.7221],[78.9255,16.738],[78.9494,16.7798],[78.9403,16.843],[78.9261,16.8762],[78.8704,16.9525],[78.8456,16.9744],[78.7937,16.9847],[78.7318,17.0174],[78.5984,17.0648]]]}},{"type":"Feature","properties":{"id":"madras--banganapalle","name":"Banganapalle","division":"Madras","type":"Princely states"},"geometry":{"type":"Polygon","coordinates":[[[78.3121,15.1032],[78.3509,15.1763],[78.3147,15.2542],[78.3153,15.2924],[78.3921,15.3515],[78.4022,15.3666],[78.4028,15.4077],[78.3863,15.4213],[78.3383,15.4344],[78.3148,15.5055],[78.2894,15.5231],[78.2628,15.5235],[78.2361,15.5143],[78.1189,15.3889],[78.0644,15.3677],[78.0422,15.3307],[78.0507,15.3029],[78.1117,15.303],[78.1352,15.2941],[78.1478,15.2136],[78.166,15.1828],[78.2176,15.1429],[78.2297,15.0995],[78.3121,15.1032]]]}},{"type":"Feature","properties":{"id":"madras--kurnool","name":"Kurnool","division":"Madras","type":"British districts"},"geometry":{"type":"Polygon","coordinates":[[[79.5811,15.9795],[79.5863,16.0444],[79.614,16.1254],[79.5998,16.1493],[79.5613,16.1817],[79.5656,16.2417],[79.5572,16.2948],[79.5426,16.3052],[79.5042,16.3081],[79.4598,16.279],[79.4117,16.2177],[79.3803,16.2027],[79.3421,16.2008],[79.3151,16.1856],[79.2914,16.1846],[79.1675,16.2114],[79.1236,16.1679],[79.1216,16.1422],[79.099,16.1269],[78.9955,16.1345],[78.937,16.1027],[78.8978,16.0647],[78.8353,16.0487],[78.7448,16.046],[78.461,16.0794],[78.4179,16.0773],[78.3539,16.0596],[78.3104,16.0259],[78.2796,15.9547],[78.279,15.9218],[78.2624,15.8977],[78.1415,15.8407],[78.1149,15.8439],[78.0886,15.8673],[78.0685,15.9077],[77.9833,15.9547],[77.853,15.9622],[77.7852,15.9875],[77.7142,15.9985],[77.6267,16.001],[77.5076,15.9622],[77.486,15.9707],[77.4744,15.9007],[77.4469,15.836],[77.3991,15.804],[77.3705,15.8005],[77.3008,15.7487],[77.3001,15.6951],[77.3118,15.6768],[77.3558,15.6419],[77.3653,15.6074],[77.3588,15.5626],[77.3195,15.4865],[77.2648,15.4383],[77.278,15.3856],[77.2745,15.3387],[77.2803,15.3272],[77.3048,15.3155],[77.4683,15.3099],[77.5527,15.2822],[77.6332,15.1866],[77.6686,15.1862],[77.7419,15.2207],[77.7616,15.2185],[77.785,15.2039],[77.8322,15.1269],[77.8597,15.1189],[77.9367,15.1418],[77.9574,15.1405],[77.971,15.1279],[77.9832,15.0886],[78.0522,15.0944],[78.1087,15.1242],[78.1794,15.1203],[78.2297,15.0995],[78.2176,15.1429],[78.166,15.1828],[78.1478,15.2136],[78.1352,15.2941],[78.1117,15.303],[78.0507,15.3029],[78.0422,15.3307],[78.0644,15.3677],[78.1189,15.3889],[78.2361,15.5143],[78.2894,15.5231],[78.3148,15.5055],[78.3383,15.4344],[78.3863,15.4213],[78.4028,15.4077],[78.4045,15.3885],[78.3921,15.3515],[78.3153,15.2924],[78.3147,15.2542],[78.3509,15.1763],[78.3121,15.1032],[78.3287,15.1048],[78.3757,15.0324],[78.3932,15.0188],[78.4197,15.0175],[78.4654,15.0435],[78.5371,15.1016],[78.5776,15.1096],[78.5951,15.1026],[78.6203,15.0764],[78.6118,15.0393],[78.5529,14.9868],[78.5426,14.9563],[78.5521,14.9371],[78.5726,14.9301],[78.6425,14.9404],[78.6594,14.9526],[78.7292,14.9515],[78.7807,14.9754],[78.7939,15.0029],[78.7924,15.0268],[78.7636,15.0636],[78.7417,15.1088],[78.7462,15.1919],[78.8278,15.1934],[78.8684,15.2079],[78.9559,15.2599],[78.9813,15.2499],[79.0235,15.1918],[79.0696,15.1901],[79.1441,15.2156],[79.1985,15.3506],[79.217,15.4254],[79.2223,15.5069],[79.1922,15.5884],[79.1974,15.6255],[79.2129,15.6624],[79.255,15.6967],[79.2871,15.7104],[79.3287,15.7196],[79.4063,15.7216],[79.4265,15.7305],[79.4396,15.7553],[79.4374,15.7919],[79.4166,15.8188],[79.3899,15.8186],[79.357,15.8329],[79.3383,15.8604],[79.3464,15.8896],[79.3682,15.9071],[79.4106,15.9169],[79.4459,15.9091],[79.4845,15.9169],[79.5042,15.9372],[79.5811,15.9795]]]}},{"type":"Feature","properties":{"id":"madras--kistna","name":"Kistna","division":"Madras","type":"British districts"},"geometry":{"type":"MultiPolygon","coordinates":[[[[79.9947,16.8775],[80.0328,16.9124],[80.0578,17.0133],[80.0513,17.0478],[80.0227,17.09],[79.9938,17.1236],[79.9469,17.1543],[79.9076,17.0699],[79.8799,17.0334],[79.8468,17.0184],[79.8445,16.9856],[79.8743,16.9334],[79.9181,16.9008],[79.9483,16.8644],[79.9947,16.8775]]],[[[80.8085,16.9716],[80.7711,17.0112],[80.7262,17.0954],[80.7144,17.1472],[80.6941,17.1635],[80.625,17.1397],[80.6051,17.1202],[80.5674,17.1041],[80.4898,17.0934],[80.4559,17.0514],[80.4795,16.995],[80.5316,16.9479],[80.6628,16.8671],[80.6763,16.821],[80.6236,16.7953],[80.5839,16.7563],[80.5218,16.7623],[80.4999,16.7758],[80.4706,16.8409],[80.3772,17.002],[80.342,17.0201],[80.2811,17.0203],[80.2174,16.9733],[80.1624,16.9733],[80.1198,16.9358],[80.0777,16.8624],[80.0763,16.8124],[80.0819,16.7965],[80.1874,16.7467],[80.1968,16.7093],[80.1957,16.6707],[80.1839,16.6181],[80.1764,16.6118],[80.2057,16.5919],[80.2707,16.5807],[80.3124,16.5863],[80.3907,16.63],[80.4342,16.6318],[80.4675,16.6214],[80.5182,16.5952],[80.6112,16.4955],[80.6414,16.4823],[80.7642,16.4609],[80.8354,16.3979],[80.8887,16.3679],[80.9368,16.2932],[80.9433,16.2473],[80.9848,16.1223],[80.9731,15.9941],[80.9953,15.8144],[80.9905,15.7308],[81.0069,15.755],[81.0184,15.8247],[81.1641,15.9794],[81.181,16.0565],[81.22,16.1064],[81.2692,16.2259],[81.3078,16.2654],[81.3425,16.2877],[81.3261,16.3058],[81.3672,16.3408],[81.316,16.3917],[81.2502,16.4136],[81.2513,16.4493],[81.2656,16.4796],[81.2466,16.5101],[81.2292,16.5192],[81.2032,16.5186],[81.1048,16.4972],[81.0361,16.5706],[81.0292,16.6032],[81.0386,16.62],[81.1277,16.6879],[81.1412,16.7703],[81.126,16.8193],[81.0697,16.8819],[81.021,17.0109],[81.0333,17.0832],[81.0685,17.1394],[80.9577,17.133],[80.9034,17.0146],[80.8691,16.9613],[80.8085,16.9716]]]]}},{"type":"Feature","properties":{"id":"madras--guntur","name":"Guntur","division":"Madras","type":"British districts"},"geometry":{"type":"Polygon","coordinates":[[[80.897,15.7193],[80.9905,15.7308],[80.9957,15.7916],[80.9731,15.9941],[80.9848,16.1223],[80.9257,16.3183],[80.8887,16.3679],[80.8354,16.3979],[80.7642,16.4609],[80.6414,16.4823],[80.6112,16.4955],[80.5182,16.5952],[80.4675,16.6214],[80.4342,16.6318],[80.3907,16.63],[80.3124,16.5863],[80.2707,16.5807],[80.2057,16.5919],[80.1764,16.6118],[80.1308,16.5736],[80.0889,16.5589],[80.0505,16.5642],[80.0184,16.585],[79.9983,16.6098],[79.9556,16.6237],[79.9153,16.6146],[79.8771,16.627],[79.8557,16.6647],[79.829,16.6653],[79.7222,16.6062],[79.5062,16.5709],[79.3596,16.5225],[79.2903,16.4753],[79.2607,16.4129],[79.2674,16.3798],[79.3394,16.281],[79.3421,16.2008],[79.3803,16.2027],[79.4117,16.2177],[79.4598,16.279],[79.487,16.3013],[79.5227,16.3077],[79.5572,16.2948],[79.5656,16.2417],[79.5613,16.1817],[79.5998,16.1493],[79.614,16.1254],[79.5863,16.0444],[79.5811,15.9795],[79.6094,15.975],[79.6912,15.901],[79.7386,15.842],[79.7658,15.835],[79.8099,15.8555],[79.8297,15.9094],[79.8676,15.9507],[79.8898,15.9502],[79.9327,15.9206],[79.9931,15.9107],[80.009,15.8974],[80.0217,15.8707],[80.0243,15.8291],[80.0169,15.7685],[79.9964,15.7439],[79.9075,15.7016],[79.8226,15.6727],[79.7841,15.6385],[79.7786,15.6222],[79.7933,15.5883],[79.8046,15.5246],[79.9079,15.4388],[79.9536,15.3792],[80.0321,15.3087],[80.0978,15.2861],[80.107,15.3238],[80.2212,15.4495],[80.2215,15.4618],[80.1967,15.4974],[80.2434,15.5554],[80.2941,15.6765],[80.335,15.7296],[80.3841,15.7698],[80.487,15.8373],[80.5107,15.8403],[80.5342,15.8604],[80.5804,15.8749],[80.6498,15.8488],[80.6861,15.8793],[80.763,15.8837],[80.8189,15.8529],[80.868,15.7387],[80.897,15.7193]]]}},{"type":"Feature","properties":{"id":"madras--godavari-west","name":"Godavari West","division":"Madras","type":"British districts"},"geometry":{"type":"Polygon","coordinates":[[[81.6467,16.3448],[81.7665,16.3241],[81.7966,16.3374],[81.8141,16.4123],[81.8064,16.5088],[81.826,16.5748],[81.8263,16.7234],[81.7729,16.8155],[81.7617,16.848],[81.7674,16.9048],[81.7889,16.9529],[81.7865,16.9898],[81.6584,17.1736],[81.6257,17.1937],[81.5507,17.2057],[81.4723,17.2308],[81.3496,17.1884],[81.302,17.1351],[81.2602,17.1067],[81.2255,17.1054],[81.1776,17.1164],[81.1666,17.1402],[81.0685,17.1394],[81.0333,17.0832],[81.021,17.0109],[81.0697,16.8819],[81.126,16.8193],[81.1412,16.7703],[81.1277,16.6879],[81.0386,16.62],[81.0292,16.6032],[81.0361,16.5706],[81.1048,16.4972],[81.2032,16.5186],[81.2292,16.5192],[81.2466,16.5101],[81.2656,16.4796],[81.2513,16.4493],[81.2502,16.4136],[81.316,16.3917],[81.3672,16.3408],[81.448,16.371],[81.4961,16.351],[81.6467,16.3448]]]}},{"type":"Feature","properties":{"id":"madras--godavari-east","name":"Godavari East","division":"Madras","type":"British districts"},"geometry":{"type":"Polygon","coordinates":[[[82.3675,16.9792],[82.3696,16.9214],[82.3349,16.8849],[82.2973,16.8877],[82.2622,16.925],[82.2612,16.9357],[82.2844,16.9781],[82.3132,17.0139],[82.4299,17.1345],[82.5032,17.1895],[82.4405,17.24],[82.4244,17.2634],[82.424,17.3873],[82.3946,17.4193],[82.3615,17.4319],[82.2479,17.4385],[82.223,17.4475],[82.1693,17.5283],[82.0811,17.5672],[82.0748,17.5877],[82.0485,17.6136],[81.941,17.6198],[81.8978,17.6914],[81.9385,17.7494],[81.9596,17.7499],[81.975,17.7636],[81.9773,17.8217],[81.9563,17.8745],[81.905,17.8364],[81.778,17.7857],[81.6883,17.7774],[81.5893,17.7846],[81.559,17.8054],[81.4992,17.7822],[81.4011,17.8297],[81.3624,17.8309],[81.3205,17.8266],[81.2076,17.7517],[81.1793,17.7511],[81.142,17.7937],[81.14,17.8238],[81.1632,17.8902],[81.1677,17.9772],[81.1479,18.0092],[81.1247,18.0285],[81.0603,18.0234],[81.0283,18.0458],[81.0561,18.1607],[81.0398,18.2083],[81.0195,18.2247],[80.9243,18.2405],[80.8305,18.3406],[80.8179,18.3667],[80.8191,18.4023],[80.6751,18.531],[80.6379,18.5379],[80.6004,18.5347],[80.4885,18.4275],[80.5146,18.3076],[80.5835,18.2377],[80.6136,18.1677],[80.6425,18.1359],[80.7375,18.1069],[80.7831,18.0543],[80.8359,18.0349],[80.861,18.0019],[80.8664,17.9399],[80.9343,17.8497],[80.9443,17.8149],[80.96,17.6894],[80.9492,17.5959],[80.9611,17.5616],[80.9864,17.5376],[81.0217,17.5347],[81.1632,17.5928],[81.2515,17.5615],[81.276,17.5179],[81.303,17.492],[81.3506,17.4709],[81.416,17.426],[81.4103,17.369],[81.39,17.3548],[81.3243,17.3533],[81.3088,17.3372],[81.2935,17.2865],[81.2346,17.2669],[81.2117,17.2486],[81.1646,17.1358],[81.1776,17.1164],[81.2255,17.1054],[81.2602,17.1067],[81.302,17.1351],[81.3496,17.1884],[81.4723,17.2308],[81.5507,17.2057],[81.6257,17.1937],[81.6584,17.1736],[81.7865,16.9898],[81.7889,16.9529],[81.7674,16.9048],[81.7617,16.848],[81.7729,16.8155],[81.8172,16.7451],[81.8278,16.696],[81.826,16.5748],[81.8064,16.5088],[81.8141,16.4123],[81.7966,16.3374],[81.8369,16.3604],[81.9293,16.387],[81.9856,16.4223],[82.0968,16.4684],[82.1591,16.5178],[82.2753,16.5287],[82.2702,16.5593],[82.2869,16.5801],[82.2993,16.5844],[82.3148,16.5765],[82.3356,16.5846],[82.3312,16.6469],[82.3473,16.6893],[82.3389,16.7525],[82.3625,16.7829],[82.3927,16.9103],[82.3879,16.9624],[82.3765,16.9838],[82.3675,16.9792]]]}},{"type":"Feature","properties":{"id":"central-province-and-berar--bastar","name":"Bastar","division":"Central Province and Berar","type":"Princely states"},"geometry":{"type":"Polygon","coordinates":[[[81.9017,19.9171],[81.8988,19.8972],[81.8775,19.8933],[81.8406,19.9014],[81.7984,19.9239],[81.741,19.9708],[81.6891,19.9804],[81.5523,19.957],[81.5198,19.9744],[81.4531,19.993],[81.3598,19.9755],[81.2297,19.9715],[81.0749,19.9788],[81.0055,19.9288],[80.9558,19.9181],[80.937,19.9264],[80.9207,19.9507],[80.8821,19.9692],[80.8549,19.9691],[80.7997,19.9471],[80.7514,19.9468],[80.6889,19.9745],[80.6034,20.0265],[80.548,19.9809],[80.5241,19.9312],[80.5261,19.8425],[80.4865,19.8046],[80.455,19.7961],[80.4261,19.776],[80.4173,19.7553],[80.4134,19.6677],[80.4241,19.6579],[80.5309,19.6927],[80.5607,19.6794],[80.5967,19.644],[80.6532,19.6508],[80.6758,19.6358],[80.6859,19.6078],[80.6821,19.5289],[80.7039,19.4901],[80.7542,19.4637],[80.7759,19.4258],[80.8124,19.4075],[80.8335,19.3802],[80.8369,19.362],[80.8262,19.3452],[80.7783,19.3238],[80.7725,19.2716],[80.7745,19.2439],[80.8261,19.2004],[80.8343,19.1763],[80.8216,19.1577],[80.7491,19.1771],[80.7141,19.1782],[80.6774,19.1612],[80.663,19.1226],[80.6256,19.1142],[80.5208,19.2156],[80.4949,19.223],[80.4673,19.2058],[80.3369,19.0819],[80.3104,19.0369],[80.3093,19.0026],[80.3427,18.8577],[80.3492,18.7784],[80.3452,18.7137],[80.3207,18.6667],[80.2859,18.6226],[80.3809,18.5783],[80.4783,18.4599],[80.4885,18.4275],[80.6004,18.5347],[80.6379,18.5379],[80.6751,18.531],[80.8191,18.4023],[80.8179,18.3667],[80.8305,18.3406],[80.9243,18.2405],[81.0195,18.2247],[81.0398,18.2083],[81.0561,18.1607],[81.0283,18.0458],[81.0603,18.0234],[81.1247,18.0285],[81.1479,18.0092],[81.1677,17.9772],[81.1632,17.8902],[81.14,17.8238],[81.142,17.7937],[81.1793,17.7511],[81.2076,17.7517],[81.3205,17.8266],[81.4011,17.8297],[81.4992,17.7822],[81.559,17.8054],[81.5602,17.8517],[81.581,17.8888],[81.6168,17.9104],[81.6341,17.9348],[81.6328,18.0968],[81.654,18.1253],[81.7141,18.1568],[81.7752,18.1546],[81.8265,18.1863],[81.8635,18.312],[81.8924,18.363],[81.9049,18.3768],[81.9746,18.3999],[82.0349,18.4326],[82.0704,18.4784],[82.0649,18.5249],[82.0475,18.5377],[81.9892,18.5399],[81.9478,18.5514],[81.9435,18.5915],[81.9585,18.6109],[82.0227,18.6449],[82.1568,18.6676],[82.1761,18.6818],[82.1968,18.7102],[82.1827,18.802],[82.1978,18.8385],[82.2529,18.8677],[82.2719,18.8912],[82.2731,18.9183],[82.2441,19.0092],[82.243,19.0863],[82.2043,19.1291],[82.1963,19.1523],[82.1978,19.185],[82.2297,19.2951],[82.2362,19.3852],[82.2305,19.4246],[82.1876,19.4453],[82.1363,19.4474],[82.1142,19.4589],[82.0913,19.5062],[82.094,19.5679],[82.1678,19.6778],[82.1767,19.7084],[82.1689,19.7301],[82.1355,19.7694],[82.044,19.8277],[81.9578,19.8692],[81.9198,19.9247],[81.9017,19.9171]]]}},{"type":"Feature","properties":{"id":"hyderabad--warangal","name":"Warangal","division":"Hyderabad","type":"Princely districts"},"geometry":{"type":"Polygon","coordinates":[[[80.0813,16.8687],[80.1198,16.9358],[80.1624,16.9733],[80.2174,16.9733],[80.2811,17.0203],[80.342,17.0201],[80.3772,17.002],[80.4706,16.8409],[80.4999,16.7758],[80.5218,16.7623],[80.5839,16.7563],[80.6236,16.7953],[80.6763,16.821],[80.6767,16.8338],[80.6628,16.8671],[80.5316,16.9479],[80.4795,16.995],[80.4559,17.0514],[80.4898,17.0934],[80.5674,17.1041],[80.6051,17.1202],[80.625,17.1397],[80.6941,17.1635],[80.7144,17.1472],[80.7262,17.0954],[80.7711,17.0112],[80.8085,16.9716],[80.8691,16.9613],[80.9034,17.0146],[80.9577,17.133],[81.1666,17.1402],[81.2117,17.2486],[81.2346,17.2669],[81.2935,17.2865],[81.3088,17.3372],[81.3243,17.3533],[81.39,17.3548],[81.4103,17.369],[81.416,17.426],[81.3506,17.4709],[81.303,17.492],[81.276,17.5179],[81.2515,17.5615],[81.1632,17.5928],[81.0217,17.5347],[80.9864,17.5376],[80.9611,17.5616],[80.9492,17.5959],[80.96,17.6894],[80.9443,17.8149],[80.9343,17.8497],[80.8664,17.9399],[80.861,18.0019],[80.8359,18.0349],[80.7831,18.0543],[80.7375,18.1069],[80.6425,18.1359],[80.6136,18.1677],[80.5835,18.2377],[80.5146,18.3076],[80.4999,18.395],[80.4784,18.4596],[80.4422,18.4476],[80.4093,18.4162],[80.4005,18.3926],[80.4059,18.341],[80.4011,18.2811],[80.3683,18.2553],[80.2768,18.295],[80.149,18.2938],[80.0856,18.2773],[80.0327,18.2759],[80.0149,18.284],[79.9726,18.3385],[79.9435,18.3364],[79.9284,18.3292],[79.908,18.2458],[79.9356,18.1983],[80.0071,18.1497],[80.0103,18.122],[79.9958,18.1052],[79.9657,18.0974],[79.9082,18.1084],[79.8195,18.1116],[79.7442,18.0925],[79.6874,18.0605],[79.6564,18.0555],[79.5688,18.0996],[79.5389,18.1003],[79.5177,18.0932],[79.5002,18.0716],[79.4324,18.0323],[79.4349,17.9857],[79.4832,17.9254],[79.5076,17.8657],[79.6094,17.7927],[79.6678,17.7398],[79.7169,17.6761],[79.7443,17.622],[79.8102,17.5546],[79.814,17.3981],[79.8626,17.3197],[79.9402,17.2872],[79.9562,17.2563],[79.9779,17.134],[80.0227,17.09],[80.0513,17.0478],[80.0578,17.0133],[80.0328,16.9124],[80.0209,16.9015],[80.0813,16.8687]]]}},{"type":"Feature","properties":{"id":"hyderabad--nalgonda","name":"Nalgonda","division":"Hyderabad","type":"Princely districts"},"geometry":{"type":"Polygon","coordinates":[[[79.4324,18.0323],[79.3683,18.0274],[79.342,17.9746],[79.3227,17.9578],[79.2012,17.9653],[79.1582,17.9605],[79.0907,17.9333],[78.9993,17.813],[78.9334,17.7656],[78.9148,17.7335],[78.9051,17.6058],[78.8902,17.5655],[78.9258,17.5491],[78.9402,17.523],[78.9338,17.4329],[78.9466,17.3381],[78.9917,17.178],[78.9856,16.9862],[78.9304,16.8663],[78.9472,16.8135],[78.9494,16.7798],[78.9255,16.738],[78.8992,16.7221],[78.8126,16.7051],[78.7355,16.7136],[78.7265,16.7074],[78.7176,16.6738],[78.726,16.645],[78.7669,16.6457],[78.7974,16.5707],[78.8105,16.5568],[79.0136,16.5079],[79.1195,16.4965],[79.227,16.4565],[79.2644,16.4206],[79.2903,16.4753],[79.3596,16.5225],[79.5062,16.5709],[79.7222,16.6062],[79.829,16.6653],[79.8557,16.6647],[79.8771,16.627],[79.9153,16.6146],[79.9556,16.6237],[79.9983,16.6098],[80.0184,16.585],[80.0505,16.5642],[80.0889,16.5589],[80.1308,16.5736],[80.1839,16.6181],[80.1957,16.6707],[80.1968,16.7093],[80.1874,16.7467],[80.0819,16.7965],[80.0739,16.8311],[80.0813,16.8687],[80.0209,16.9015],[79.9947,16.8775],[79.9483,16.8644],[79.8585,16.9523],[79.8445,16.9856],[79.8468,17.0184],[79.8799,17.0334],[79.9076,17.0699],[79.9469,17.1543],[79.9779,17.134],[79.9562,17.2563],[79.9402,17.2872],[79.8732,17.3099],[79.8224,17.3788],[79.814,17.3981],[79.8102,17.5546],[79.7443,17.622],[79.7169,17.6761],[79.6678,17.7398],[79.6094,17.7927],[79.5076,17.8657],[79.4832,17.9254],[79.4349,17.9857],[79.4324,18.0323]]]}},{"type":"Feature","properties":{"id":"hyderabad--karimnagar","name":"Karimnagar","division":"Hyderabad","type":"Princely districts"},"geometry":{"type":"Polygon","coordinates":[[[80.0352,18.8186],[79.9814,18.7914],[79.8723,18.7924],[79.8376,18.8057],[79.8076,18.8045],[79.7865,18.7679],[79.7799,18.6774],[79.7634,18.6588],[79.7068,18.6736],[79.6371,18.6514],[79.6155,18.6663],[79.5994,18.7392],[79.5898,18.7518],[79.476,18.767],[79.4442,18.7792],[79.4051,18.8546],[79.3119,18.8529],[79.1655,18.9345],[79.1008,18.9541],[79.1062,19.0094],[79.097,19.0458],[79.0742,19.0578],[79.0491,19.0574],[78.9801,19.0236],[78.9043,19.0443],[78.8274,19.0211],[78.8151,19.007],[78.7593,18.9852],[78.6677,18.9728],[78.6403,18.958],[78.6298,18.9382],[78.6391,18.9036],[78.6407,18.7909],[78.5562,18.633],[78.5373,18.5446],[78.5264,18.3528],[78.5357,18.3182],[78.5597,18.2681],[78.6247,18.1762],[78.6334,18.1341],[78.6509,18.1272],[78.6728,18.1201],[78.8133,18.1546],[78.8889,18.1388],[78.9612,18.1583],[78.997,18.149],[79.042,18.1098],[79.0501,18.0285],[79.0692,17.9919],[79.0861,17.9276],[79.1582,17.9605],[79.2012,17.9653],[79.3227,17.9578],[79.342,17.9746],[79.3683,18.0274],[79.4324,18.0323],[79.5002,18.0716],[79.5177,18.0932],[79.5389,18.1003],[79.5688,18.0996],[79.6564,18.0555],[79.6874,18.0605],[79.7442,18.0925],[79.8195,18.1116],[79.9082,18.1084],[79.9657,18.0974],[79.9958,18.1052],[80.0103,18.122],[80.0071,18.1497],[79.9356,18.1983],[79.908,18.2458],[79.9284,18.3292],[79.9726,18.3385],[80.0149,18.284],[80.0327,18.2759],[80.0856,18.2773],[80.149,18.2938],[80.2768,18.295],[80.3683,18.2553],[80.4011,18.2811],[80.4059,18.341],[80.4005,18.3926],[80.4093,18.4162],[80.4422,18.4476],[80.4784,18.4596],[80.3809,18.5783],[80.2725,18.6302],[80.1704,18.6414],[80.1209,18.6583],[80.0865,18.6806],[80.06,18.7147],[80.0426,18.7605],[80.0352,18.8186]]]}},{"type":"Feature","properties":{"id":"central-province-and-berar--chanda","name":"Chanda","division":"Central Province and Berar","type":"British districts"},"geometry":{"type":"Polygon","coordinates":[[[80.5166,20.6013],[80.4943,20.6915],[80.444,20.6928],[80.3001,20.6335],[80.2224,20.5835],[80.1862,20.5786],[80.0914,20.6017],[80.0443,20.5745],[80.0273,20.575],[79.9479,20.6077],[79.9047,20.6005],[79.8617,20.5827],[79.8111,20.6062],[79.7908,20.6026],[79.726,20.5566],[79.684,20.5488],[79.6575,20.5502],[79.5942,20.5709],[79.5037,20.5507],[79.4722,20.5574],[79.4267,20.5825],[79.4045,20.5818],[79.3393,20.5376],[79.238,20.5144],[79.2041,20.4801],[79.0913,20.4488],[79.0112,20.3641],[78.9717,20.3537],[78.9367,20.3175],[78.891,20.2887],[78.8344,20.2768],[78.8112,20.2487],[78.8605,20.1697],[78.8803,20.1511],[78.9456,20.1344],[78.9905,20.1105],[79.0366,20.0588],[79.1312,19.8896],[79.1577,19.8212],[79.1788,19.8005],[79.1871,19.828],[79.2266,19.8426],[79.2654,19.8309],[79.3428,19.7575],[79.3789,19.7435],[79.4337,19.7648],[79.4397,19.8004],[79.4682,19.8271],[79.5048,19.8298],[79.5559,19.8082],[79.6244,19.7373],[79.6206,19.6921],[79.5976,19.6366],[79.6226,19.5871],[79.6189,19.5466],[79.5972,19.4899],[79.6118,19.4287],[79.6415,19.4113],[79.6862,19.3922],[79.7214,19.3937],[79.7433,19.4122],[79.7414,19.5613],[79.7518,19.5754],[79.7862,19.5899],[79.8211,19.5783],[79.886,19.5205],[79.9247,19.5099],[79.9987,19.546],[80.0721,19.5213],[80.1042,19.4608],[80.1072,19.3964],[80.1356,19.3014],[80.13,19.2444],[80.1012,19.2035],[80.0228,19.183],[80.0032,19.1573],[79.9996,19.1216],[79.9412,19.0136],[79.9734,18.959],[80.0116,18.9366],[80.0331,18.8621],[80.0426,18.7605],[80.06,18.7147],[80.0865,18.6806],[80.1209,18.6583],[80.1704,18.6414],[80.2725,18.6302],[80.2859,18.6226],[80.3207,18.6667],[80.3452,18.7137],[80.3492,18.7784],[80.3427,18.8577],[80.3093,19.0026],[80.3104,19.0369],[80.3369,19.0819],[80.4673,19.2058],[80.4949,19.223],[80.5208,19.2156],[80.6256,19.1142],[80.663,19.1226],[80.6774,19.1612],[80.7141,19.1782],[80.7491,19.1771],[80.8216,19.1577],[80.8343,19.1763],[80.8261,19.2004],[80.7745,19.2439],[80.7725,19.2716],[80.7783,19.3238],[80.8262,19.3452],[80.8369,19.362],[80.8335,19.3802],[80.8124,19.4075],[80.7759,19.4258],[80.7542,19.4637],[80.7039,19.4901],[80.6821,19.5289],[80.6859,19.6078],[80.6758,19.6358],[80.6532,19.6508],[80.5967,19.644],[80.5607,19.6794],[80.5309,19.6927],[80.4464,19.661],[80.4241,19.6579],[80.4134,19.6677],[80.4173,19.7553],[80.4261,19.776],[80.455,19.7961],[80.4865,19.8046],[80.5261,19.8425],[80.5241,19.9312],[80.548,19.9809],[80.5714,20.0001],[80.5115,20.0326],[80.4783,20.0641],[80.4645,20.1007],[80.4619,20.1723],[80.4694,20.2121],[80.5412,20.2441],[80.5621,20.2654],[80.6005,20.4042],[80.6312,20.4147],[80.6454,20.4457],[80.6264,20.4768],[80.5964,20.4882],[80.5682,20.4891],[80.5352,20.473],[80.4989,20.4742],[80.4859,20.508],[80.4852,20.5451],[80.5166,20.6013]]]}},{"type":"Feature","properties":{"id":"central-province-and-berar--raipur","name":"Raipur","division":"Central Province and Berar","type":"British districts"},"geometry":{"type":"Polygon","coordinates":[[[81.9198,19.9247],[81.9108,19.9709],[81.9213,20.0109],[81.9384,20.0268],[82.0046,20.0456],[82.0571,20.0376],[82.1136,20.008],[82.2083,19.9067],[82.3272,19.8709],[82.4096,19.8069],[82.4818,19.7683],[82.5172,19.7739],[82.552,19.7677],[82.6138,19.7223],[82.6605,19.7274],[82.6773,19.7386],[82.7321,19.8335],[82.7341,19.9011],[82.7202,19.9504],[82.6806,20.0139],[82.6121,20.0513],[82.4521,20.0961],[82.3953,20.1449],[82.3468,20.2099],[82.3431,20.3716],[82.353,20.5505],[82.2693,20.7798],[82.2816,20.8779],[82.3057,20.9054],[82.3161,20.937],[82.3143,20.9775],[82.3017,21.0054],[82.3139,21.0726],[82.3673,21.1285],[82.3731,21.1686],[82.3854,21.1871],[82.4219,21.208],[82.5007,21.2128],[82.5839,21.278],[82.6172,21.286],[82.6693,21.2883],[82.7003,21.275],[82.7776,21.205],[82.8531,21.2193],[82.9378,21.2177],[83.0819,21.1906],[83.1157,21.208],[83.1984,21.28],[83.1079,21.3513],[82.9565,21.3608],[82.9458,21.4161],[82.9247,21.4577],[82.7449,21.4911],[82.7074,21.5498],[82.5071,21.6042],[82.287,21.6233],[82.2256,21.6459],[82.1655,21.6792],[82.0209,21.7168],[81.8309,21.6399],[81.7255,21.62],[81.6663,21.5614],[81.6302,21.5218],[81.6234,21.4989],[81.6295,21.3523],[81.621,21.3063],[81.5656,21.23],[81.5204,21.1841],[81.498,21.1053],[81.4994,21.0803],[81.5274,21.053],[81.5545,20.9782],[81.5469,20.9214],[81.5179,20.8345],[81.5162,20.737],[81.5058,20.7005],[81.4304,20.6213],[81.3588,20.4037],[81.5311,20.3908],[81.599,20.3968],[81.6694,20.3665],[81.7025,20.3395],[81.7764,20.2083],[81.8052,20.1291],[81.7978,20.0514],[81.8065,20.0188],[81.8328,19.9759],[81.886,19.9272],[81.9017,19.9171],[81.9198,19.9247]]]}},{"type":"Feature","properties":{"id":"central-province-and-berar--kanker","name":"Kanker","division":"Central Province and Berar","type":"Princely states"},"geometry":{"type":"Polygon","coordinates":[[[80.6034,20.0265],[80.6889,19.9745],[80.7514,19.9468],[80.7997,19.9471],[80.8549,19.9691],[80.8821,19.9692],[80.9207,19.9507],[80.937,19.9264],[80.9558,19.9181],[81.0055,19.9288],[81.0749,19.9788],[81.2297,19.9715],[81.3598,19.9755],[81.4531,19.993],[81.5198,19.9744],[81.5523,19.957],[81.6891,19.9804],[81.741,19.9708],[81.7984,19.9239],[81.8406,19.9014],[81.8775,19.8933],[81.8988,19.8972],[81.9021,19.9047],[81.9017,19.9171],[81.8328,19.9759],[81.8065,20.0188],[81.7978,20.0514],[81.8052,20.1291],[81.7764,20.2083],[81.7025,20.3395],[81.6694,20.3665],[81.599,20.3968],[81.5311,20.3908],[81.3389,20.4055],[81.256,20.3762],[81.1383,20.3118],[81.0933,20.2962],[81.0497,20.292],[80.8961,20.2068],[80.7267,20.1267],[80.6034,20.0265]]]}},{"type":"Feature","properties":{"id":"central-province-and-berar--drug","name":"Drug","division":"Central Province and Berar","type":"British districts"},"geometry":{"type":"Polygon","coordinates":[[[81.7061,21.7285],[81.6652,21.753],[81.6303,21.7572],[81.5345,21.7354],[81.4562,21.7606],[81.4138,21.7508],[81.394,21.7359],[81.3579,21.6809],[81.3393,21.5866],[81.327,21.5664],[81.3001,21.546],[81.1259,21.5954],[81.1017,21.626],[81.1306,21.7059],[81.1185,21.7525],[81.0328,21.7477],[80.9315,21.6885],[80.8286,21.6903],[80.7864,21.705],[80.7856,21.6851],[80.7624,21.6392],[80.6648,21.5149],[80.6526,21.4896],[80.6827,21.356],[80.8243,21.4381],[80.9636,21.4598],[80.9991,21.4585],[81.0642,21.4311],[81.1456,21.3065],[81.1368,21.094],[81.1549,21.0336],[81.1535,20.9991],[81.1306,20.9666],[80.9996,20.8927],[80.8809,20.7719],[80.7689,20.6899],[80.6274,20.6625],[80.4969,20.667],[80.5166,20.6013],[80.4852,20.5451],[80.4859,20.508],[80.4989,20.4742],[80.5352,20.473],[80.5682,20.4891],[80.5964,20.4882],[80.6264,20.4768],[80.6454,20.4457],[80.6312,20.4147],[80.6005,20.4042],[80.5621,20.2654],[80.5412,20.2441],[80.4694,20.2121],[80.4619,20.1723],[80.4645,20.1007],[80.4783,20.0641],[80.5115,20.0326],[80.5714,20.0001],[80.7267,20.1267],[80.8961,20.2068],[81.0497,20.292],[81.0933,20.2962],[81.1383,20.3118],[81.256,20.3762],[81.3389,20.4055],[81.3588,20.4037],[81.4304,20.6213],[81.5058,20.7005],[81.5162,20.737],[81.5179,20.8345],[81.5469,20.9214],[81.5545,20.9782],[81.5274,21.053],[81.4994,21.0803],[81.498,21.1053],[81.5204,21.1841],[81.5656,21.23],[81.621,21.3063],[81.6295,21.3523],[81.6203,21.4722],[81.6302,21.5218],[81.7255,21.62],[81.7252,21.6963],[81.7061,21.7285]]]}},{"type":"Feature","properties":{"id":"central-province-and-berar--bilaspur","name":"Bilaspur","division":"Central Province and Berar","type":"British districts"},"geometry":{"type":"Polygon","coordinates":[[[82.9247,21.4577],[82.9176,21.5323],[82.9316,21.5829],[82.9315,21.619],[82.9396,21.6376],[82.9999,21.6632],[83.0119,21.6778],[83.0608,21.7892],[83.0135,21.842],[83.0088,21.8574],[82.9576,21.8661],[82.9009,21.8468],[82.8627,21.8465],[82.7771,21.9282],[82.7777,21.9659],[82.8268,22.0533],[82.8631,22.0751],[82.9915,22.0681],[83.0259,22.1426],[83.0653,22.2026],[83.0765,22.2519],[83.0646,22.2845],[83.0219,22.3265],[83.0205,22.3543],[83.0283,22.3839],[83.0742,22.4573],[83.0851,22.5042],[83.0869,22.576],[82.9976,22.621],[82.8799,22.629],[82.7547,22.6814],[82.6567,22.6847],[82.5568,22.7266],[82.5115,22.7551],[82.5017,22.7719],[82.526,22.8777],[82.5116,22.9097],[82.4892,22.9331],[82.4171,22.9325],[82.3899,22.9224],[82.2865,22.8312],[82.2445,22.8131],[82.2159,22.8163],[82.1892,22.8337],[82.179,22.8551],[82.1861,22.9698],[82.1784,23.0027],[82.1037,23.1645],[82.0525,23.1206],[81.8996,23.086],[81.8688,23.0574],[81.8579,23.025],[81.8586,22.9165],[81.8366,22.9075],[81.7497,22.9269],[81.7218,22.9238],[81.7022,22.9004],[81.691,22.7748],[81.678,22.7444],[81.6501,22.7242],[81.6321,22.7276],[81.6266,22.6259],[81.6214,22.6101],[81.5941,22.5886],[81.5021,22.5805],[81.4422,22.5318],[81.3784,22.5236],[81.3119,22.5536],[81.2504,22.553],[81.2228,22.5381],[81.2054,22.4923],[81.1888,22.4793],[81.1648,22.4725],[81.1384,22.4823],[81.1411,22.4203],[81.1591,22.3345],[81.2571,22.2236],[81.2711,22.1934],[81.3269,22.1406],[81.3956,22.0505],[81.4223,21.9917],[81.4146,21.9343],[81.3893,21.883],[81.3366,21.857],[81.3122,21.832],[81.3338,21.8101],[81.3556,21.7545],[81.3877,21.7246],[81.4138,21.7508],[81.4562,21.7606],[81.5345,21.7354],[81.608,21.7553],[81.6652,21.753],[81.7061,21.7285],[81.7252,21.6963],[81.7255,21.62],[81.8309,21.6399],[82.0209,21.7168],[82.1655,21.6792],[82.2256,21.6459],[82.287,21.6233],[82.5071,21.6042],[82.6324,21.5723],[82.7074,21.5498],[82.7449,21.4911],[82.9247,21.4577]]]}},{"type":"Feature","properties":{"id":"central-province-and-berar--kawardha","name":"Kawardha","division":"Central Province and Berar","type":"Princely states"},"geometry":{"type":"Polygon","coordinates":[[[81.1384,22.4823],[81.1144,22.5267],[81.0986,22.532],[81.0862,22.526],[81.0606,22.4525],[81.0637,22.4072],[81.0558,22.3729],[81.0037,22.291],[80.9781,22.2821],[81.0041,22.2278],[81.0024,22.044],[80.9877,22.0103],[80.9182,21.9595],[80.8798,21.919],[80.8523,21.8723],[80.7864,21.705],[80.8286,21.6903],[80.9315,21.6885],[81.0328,21.7477],[81.1185,21.7525],[81.1152,21.7945],[81.1252,21.818],[81.1969,21.8843],[81.25,21.8752],[81.285,21.8584],[81.3122,21.832],[81.3366,21.857],[81.3893,21.883],[81.4146,21.9343],[81.4223,21.9917],[81.3956,22.0505],[81.1591,22.3345],[81.1411,22.4203],[81.1384,22.4823]]]}},{"type":"Feature","properties":{"id":"central-province-and-berar--balaghat","name":"Balaghat","division":"Central Province and Berar","type":"British districts"},"geometry":{"type":"Polygon","coordinates":[[[80.9781,22.2821],[80.9507,22.2798],[80.9062,22.3303],[80.8622,22.3491],[80.8287,22.4063],[80.7659,22.4348],[80.7449,22.423],[80.7135,22.3455],[80.6544,22.3232],[80.6291,22.283],[80.5994,22.2596],[80.5809,22.262],[80.5182,22.2958],[80.4134,22.2999],[80.3944,22.2886],[80.3766,22.291],[80.3576,22.3131],[80.3553,22.3709],[80.3371,22.3799],[80.2686,22.3797],[80.1932,22.3161],[80.153,22.3215],[80.1493,22.3282],[80.1333,22.2972],[80.1175,22.2205],[80.0754,22.161],[80.0352,22.0035],[79.9284,21.8859],[79.7961,21.8026],[79.4816,21.5166],[79.5509,21.355],[79.5933,21.3798],[79.6443,21.4471],[79.662,21.458],[79.7508,21.4641],[79.7685,21.4741],[79.8793,21.4957],[79.9342,21.5237],[80.027,21.5266],[80.0603,21.5437],[80.0786,21.5431],[80.1129,21.5335],[80.1676,21.4946],[80.2666,21.4744],[80.3271,21.4286],[80.4222,21.3312],[80.4494,21.2941],[80.454,21.2549],[80.4712,21.2393],[80.5287,21.247],[80.6166,21.2857],[80.6707,21.2773],[80.6737,21.3327],[80.6827,21.356],[80.6526,21.4896],[80.6648,21.5149],[80.7624,21.6392],[80.7856,21.6851],[80.7866,21.7089],[80.8029,21.735],[80.8163,21.7888],[80.8798,21.919],[80.9182,21.9595],[80.9877,22.0103],[81.0024,22.044],[81.0041,22.2278],[80.9781,22.2821]]]}},{"type":"Feature","properties":{"id":"central-province-and-berar--khairagarh","name":"Khairagarh","division":"Central Province and Berar","type":"Princely states"},"geometry":{"type":"MultiPolygon","coordinates":[[[[80.9375,21.3366],[80.985,21.348],[81.056,21.3451],[81.0474,21.2898],[81.0085,21.1769],[80.982,21.1481],[80.984,21.073],[80.9784,21.0601],[80.8772,21.0018],[80.7868,20.9906],[80.7453,20.9682],[80.6735,20.9456],[80.5073,20.9439],[80.4654,20.9567],[80.4861,21.0454],[80.6161,21.1822],[80.6653,21.2454],[80.6707,21.2773],[80.8806,21.2875],[80.9375,21.3366]],[[80.8806,21.2875],[80.8084,21.2209],[80.7786,21.2064],[80.7755,21.1922],[80.7976,21.1403],[80.8239,21.1298],[80.9032,21.1771],[80.9247,21.2382],[80.9255,21.2596],[80.911,21.2768],[80.8806,21.2875]]],[[[81.114,21.7648],[81.1252,21.818],[81.1969,21.8843],[81.25,21.8752],[81.285,21.8584],[81.3338,21.8101],[81.346,21.7791],[81.2792,21.7642],[81.1769,21.7557],[81.1185,21.7525],[81.114,21.7648]]]]}},{"type":"Feature","properties":{"id":"central-province-and-berar--chhuikhadan","name":"Chhuikhadan","division":"Central Province and Berar","type":"Princely states"},"geometry":{"type":"Polygon","coordinates":[[[81.1103,21.3607],[81.0642,21.4311],[80.9991,21.4585],[80.9636,21.4598],[80.8243,21.4381],[80.6828,21.3562],[80.6737,21.3327],[80.6707,21.2773],[80.8806,21.2875],[80.9375,21.3366],[80.985,21.348],[81.0496,21.3433],[81.1103,21.3607]]]}},{"type":"Feature","properties":{"id":"central-province-and-berar--nandgaon","name":"Nandgaon","division":"Central Province and Berar","type":"Princely states"},"geometry":{"type":"MultiPolygon","coordinates":[[[[80.8239,21.1298],[80.9032,21.1771],[80.9247,21.2382],[80.9255,21.2596],[80.911,21.2768],[80.8806,21.2875],[80.8084,21.2209],[80.7786,21.2064],[80.7755,21.1922],[80.7976,21.1403],[80.8239,21.1298]]],[[[80.9996,20.8927],[81.1306,20.9666],[81.1535,20.9991],[81.1549,21.0336],[81.1368,21.094],[81.1456,21.3065],[81.1103,21.3607],[81.056,21.3451],[81.0474,21.2898],[81.0085,21.1769],[80.982,21.1481],[80.984,21.073],[80.9784,21.0601],[80.8772,21.0018],[80.7868,20.9906],[80.7453,20.9682],[80.6735,20.9456],[80.5073,20.9439],[80.4654,20.9567],[80.4097,20.925],[80.4061,20.9089],[80.4106,20.8658],[80.4706,20.7858],[80.4911,20.7375],[80.4969,20.667],[80.6274,20.6625],[80.7689,20.6899],[80.8809,20.7719],[80.9996,20.8927]]],[[[81.327,21.5664],[81.3462,21.6042],[81.3579,21.6809],[81.3877,21.7246],[81.3556,21.7545],[81.346,21.7791],[81.2792,21.7642],[81.1185,21.7525],[81.1306,21.7059],[81.1017,21.626],[81.1259,21.5954],[81.3001,21.546],[81.327,21.5664]]]]}},{"type":"Feature","properties":{"id":"central-province-and-berar--bhandara","name":"Bhandara","division":"Central Province and Berar","type":"British districts"},"geometry":{"type":"Polygon","coordinates":[[[80.6707,21.2773],[80.6166,21.2857],[80.5287,21.247],[80.4712,21.2393],[80.454,21.2549],[80.4494,21.2941],[80.4222,21.3312],[80.3271,21.4286],[80.2666,21.4744],[80.1676,21.4946],[80.1129,21.5335],[80.0786,21.5431],[80.0603,21.5437],[80.027,21.5266],[79.9342,21.5237],[79.8793,21.4957],[79.7685,21.4741],[79.7508,21.4641],[79.662,21.458],[79.6443,21.4471],[79.6091,21.3946],[79.5267,21.332],[79.5172,21.2884],[79.5311,21.2441],[79.5509,21.2255],[79.5652,21.1631],[79.5944,21.1213],[79.5799,21.0787],[79.5974,21.0515],[79.6131,20.9681],[79.6732,20.9092],[79.6802,20.8413],[79.6683,20.7825],[79.5811,20.6151],[79.5803,20.5703],[79.6181,20.5679],[79.6355,20.5561],[79.684,20.5488],[79.726,20.5566],[79.7908,20.6026],[79.8111,20.6062],[79.8617,20.5827],[79.9047,20.6005],[79.9479,20.6077],[80.0273,20.575],[80.0443,20.5745],[80.0914,20.6017],[80.1862,20.5786],[80.2224,20.5835],[80.3001,20.6335],[80.4074,20.6796],[80.444,20.6928],[80.4943,20.6915],[80.4911,20.7375],[80.4706,20.7858],[80.4106,20.8658],[80.4097,20.925],[80.4688,20.9593],[80.4713,21.0011],[80.4861,21.0454],[80.6161,21.1822],[80.6653,21.2454],[80.6707,21.2773]]]}},{"type":"Feature","properties":{"id":"central-province-and-berar--chhindwara","name":"Chhindwara","division":"Central Province and Berar","type":"British districts"},"geometry":{"type":"Polygon","coordinates":[[[79.916,22.9416],[79.8827,22.9423],[79.7257,22.867],[79.6407,22.9115],[79.5794,22.9256],[79.5344,22.9236],[79.5315,22.906],[79.5132,22.8915],[79.4702,22.8749],[79.4148,22.8335],[79.3993,22.8053],[79.3765,22.7208],[79.2924,22.5971],[79.1833,22.5842],[79.1372,22.5869],[79.0882,22.5724],[79.0163,22.4589],[78.998,22.4386],[78.9724,22.43],[78.891,22.4384],[78.8444,22.4524],[78.7903,22.4472],[78.7494,22.4711],[78.73,22.4945],[78.6946,22.4967],[78.5954,22.4746],[78.5538,22.4154],[78.5451,22.3168],[78.4974,22.2863],[78.3974,22.2877],[78.351,22.2772],[78.3038,22.2509],[78.3348,22.1665],[78.3099,22.0696],[78.3129,22.0209],[78.3397,21.9859],[78.361,21.975],[78.3845,21.9755],[78.4457,22.0057],[78.4579,22.0016],[78.4668,21.9909],[78.4787,21.9324],[78.4995,21.9043],[78.5031,21.8851],[78.4969,21.8394],[78.5178,21.7721],[78.5334,21.6601],[78.528,21.6487],[78.5095,21.6415],[78.4328,21.6364],[78.4221,21.6194],[78.4427,21.4538],[78.4914,21.4541],[78.6762,21.3988],[78.7414,21.358],[78.7847,21.3582],[78.8112,21.4187],[78.83,21.4348],[78.8492,21.4379],[78.9123,21.4243],[78.9575,21.4561],[79.0274,21.4666],[79.0429,21.4741],[79.0732,21.5192],[79.1371,21.5584],[79.1553,21.5809],[79.2327,21.6104],[79.2481,21.5607],[79.2628,21.5417],[79.2802,21.5341],[79.3007,21.5307],[79.3491,21.5609],[79.3729,21.5653],[79.4232,21.5346],[79.4883,21.5222],[79.7961,21.8026],[79.9284,21.8859],[80.0426,22.0162],[80.0754,22.161],[80.1175,22.2205],[80.1333,22.2972],[80.1493,22.3282],[80.1205,22.3791],[80.0808,22.378],[80.0631,22.3863],[80.0598,22.3995],[80.0815,22.4495],[80.0707,22.4898],[79.9836,22.5282],[79.9737,22.5548],[80.0059,22.5949],[80.0163,22.6154],[80.019,22.6541],[80.0445,22.6849],[80.0899,22.6971],[80.1808,22.6894],[80.1818,22.7162],[80.1606,22.7491],[80.1667,22.7751],[80.1883,22.803],[80.1899,22.8286],[80.1891,22.8393],[80.1654,22.8603],[80.1475,22.8627],[80.1261,22.8408],[80.0872,22.8301],[80.0727,22.8568],[80.0663,22.8915],[80.0708,22.9087],[80.0294,22.9201],[79.998,22.8883],[79.916,22.9416]]]}},{"type":"Feature","properties":{"id":"central-province-and-berar--betul","name":"Betul","division":"Central Province and Berar","type":"British districts"},"geometry":{"type":"Polygon","coordinates":[[[78.3038,22.2509],[78.2872,22.2477],[78.2237,22.2977],[78.1532,22.2747],[78.0091,22.2818],[77.9644,22.2769],[77.9021,22.2458],[77.8333,22.2642],[77.7116,22.224],[77.6449,22.2373],[77.5833,22.2361],[77.5111,22.2],[77.476,22.2156],[77.4367,22.2126],[77.425,22.2035],[77.4306,22.174],[77.4694,22.1483],[77.4812,22.0779],[77.5376,22.0032],[77.5444,21.9566],[77.5322,21.918],[77.5106,21.9126],[77.3274,21.9318],[77.2888,21.9195],[77.2647,21.9005],[77.2467,21.8792],[77.2128,21.7729],[77.1813,21.7238],[77.1762,21.6881],[77.196,21.6366],[77.2383,21.6002],[77.2993,21.5764],[77.335,21.5778],[77.4292,21.6462],[77.4508,21.6545],[77.5315,21.6524],[77.5729,21.623],[77.5803,21.5809],[77.5653,21.3642],[77.5727,21.3259],[77.5926,21.2921],[77.6411,21.2704],[77.7192,21.3064],[77.8039,21.3107],[77.8464,21.2909],[77.8934,21.2997],[77.9552,21.3311],[78.0177,21.3424],[78.2076,21.3551],[78.3187,21.4446],[78.4394,21.4807],[78.4221,21.6194],[78.4328,21.6364],[78.5095,21.6415],[78.528,21.6487],[78.5334,21.6601],[78.5178,21.7721],[78.4969,21.8394],[78.5031,21.8851],[78.4995,21.9043],[78.4787,21.9324],[78.4668,21.9909],[78.4579,22.0016],[78.4457,22.0057],[78.3845,21.9755],[78.361,21.975],[78.3397,21.9859],[78.3129,22.0209],[78.3099,22.0696],[78.3348,22.1665],[78.3038,22.2509]]]}},{"type":"Feature","properties":{"id":"central-province-and-berar--amraoti","name":"Amraoti","division":"Central Province and Berar","type":"British districts"},"geometry":{"type":"Polygon","coordinates":[[[78.4394,21.4807],[78.3187,21.4446],[78.2076,21.3551],[78.0177,21.3424],[77.9552,21.3311],[77.8934,21.2997],[77.8464,21.2909],[77.8039,21.3107],[77.7192,21.3064],[77.6411,21.2704],[77.5926,21.2921],[77.5727,21.3259],[77.5653,21.3642],[77.5803,21.5809],[77.5729,21.623],[77.5315,21.6524],[77.4508,21.6545],[77.4292,21.6462],[77.335,21.5778],[77.2993,21.5764],[77.2611,21.587],[77.199,21.6337],[77.1603,21.6134],[76.8812,21.526],[76.8431,21.5025],[76.8089,21.3834],[76.7127,21.2678],[76.7121,21.2161],[76.731,21.1652],[76.8491,21.2625],[76.8991,21.2667],[76.9775,21.2582],[77.0323,21.2384],[77.085,21.2148],[77.1262,21.1761],[77.1567,21.17],[77.218,21.1806],[77.2332,21.1737],[77.2574,21.1572],[77.2621,21.1361],[77.2346,21.0629],[77.2311,21.0342],[77.2318,21.0122],[77.2635,20.9564],[77.2671,20.9258],[77.2567,20.9135],[77.1963,20.8865],[77.1891,20.878],[77.1909,20.8608],[77.2536,20.839],[77.3632,20.8298],[77.5334,20.7911],[77.5742,20.801],[77.6026,20.7977],[77.6237,20.7878],[77.6382,20.7398],[77.7382,20.6542],[77.7918,20.5903],[77.936,20.5392],[78.0282,20.5347],[78.0812,20.5481],[78.2086,20.6298],[78.259,20.6399],[78.1747,20.7331],[78.1415,20.7827],[78.1142,20.8751],[78.1115,20.9289],[78.0697,21.0598],[78.0801,21.1198],[78.0974,21.1424],[78.1546,21.1786],[78.2269,21.2002],[78.3232,21.2012],[78.3336,21.1929],[78.3614,21.2435],[78.3929,21.3288],[78.4375,21.4062],[78.4394,21.4807]]]}},{"type":"Feature","properties":{"id":"central-province-and-berar--nagpur","name":"Nagpur","division":"Central Province and Berar","type":"British districts"},"geometry":{"type":"Polygon","coordinates":[[[79.4883,21.5222],[79.4232,21.5346],[79.3729,21.5653],[79.3491,21.5609],[79.3007,21.5307],[79.2802,21.5341],[79.2628,21.5417],[79.2481,21.5607],[79.2327,21.6104],[79.1553,21.5809],[79.1371,21.5584],[79.0732,21.5192],[79.0429,21.4741],[79.0274,21.4666],[78.9575,21.4561],[78.9123,21.4243],[78.8492,21.4379],[78.83,21.4348],[78.8112,21.4187],[78.7847,21.3582],[78.7414,21.358],[78.6762,21.3988],[78.4914,21.4541],[78.4427,21.4538],[78.4375,21.4062],[78.3929,21.3288],[78.3614,21.2435],[78.3336,21.1929],[78.4044,21.1127],[78.4883,21.0585],[78.6231,21.005],[78.658,21.003],[78.6811,20.984],[78.7352,20.913],[78.7439,20.8812],[78.785,20.8475],[78.8624,20.8219],[78.9054,20.8161],[78.9308,20.7678],[78.986,20.7182],[79.0567,20.682],[79.1722,20.641],[79.2119,20.612],[79.231,20.5668],[79.2358,20.5124],[79.3393,20.5376],[79.4045,20.5818],[79.4267,20.5825],[79.4722,20.5574],[79.5037,20.5507],[79.5476,20.5585],[79.5803,20.5703],[79.5811,20.6151],[79.6683,20.7825],[79.6802,20.8413],[79.6732,20.9092],[79.6131,20.9681],[79.6057,20.9912],[79.5974,21.0515],[79.5799,21.0787],[79.5944,21.1213],[79.5652,21.1631],[79.5509,21.2255],[79.5176,21.2703],[79.5267,21.332],[79.5509,21.355],[79.495,21.4798],[79.4816,21.5166],[79.4883,21.5222]]]}},{"type":"Feature","properties":{"id":"central-province-and-berar--wardha","name":"Wardha","division":"Central Province and Berar","type":"British districts"},"geometry":{"type":"Polygon","coordinates":[[[78.4044,21.1127],[78.3232,21.2012],[78.2269,21.2002],[78.1546,21.1786],[78.0974,21.1424],[78.0801,21.1198],[78.0697,21.0598],[78.1115,20.9289],[78.1142,20.8751],[78.1415,20.7827],[78.1747,20.7331],[78.259,20.6399],[78.2779,20.641],[78.3859,20.5701],[78.4361,20.5032],[78.5286,20.4278],[78.7,20.3087],[78.8112,20.2487],[78.8344,20.2768],[78.891,20.2887],[78.9367,20.3175],[78.9717,20.3537],[79.0112,20.3641],[79.0913,20.4488],[79.2041,20.4801],[79.2358,20.5124],[79.231,20.5668],[79.2119,20.612],[79.1722,20.641],[79.0567,20.682],[78.986,20.7182],[78.9308,20.7678],[78.9054,20.8161],[78.8624,20.8219],[78.785,20.8475],[78.7439,20.8812],[78.7352,20.913],[78.6811,20.984],[78.658,21.003],[78.6231,21.005],[78.4883,21.0585],[78.4044,21.1127]]]}},{"type":"Feature","properties":{"id":"central-province-and-berar--yeotmal","name":"Yeotmal","division":"Central Province and Berar","type":"British districts"},"geometry":{"type":"Polygon","coordinates":[[[79.1788,19.8005],[79.1577,19.8212],[79.1312,19.8896],[79.0366,20.0588],[78.9905,20.1105],[78.9456,20.1344],[78.8803,20.1511],[78.8439,20.1939],[78.8179,20.2451],[78.7,20.3087],[78.5286,20.4278],[78.4361,20.5032],[78.3859,20.5701],[78.2779,20.641],[78.2086,20.6298],[78.0812,20.5481],[78.0282,20.5347],[77.9774,20.5346],[77.9109,20.5466],[77.8957,20.5094],[77.8434,20.4565],[77.7159,20.3767],[77.6984,20.3519],[77.6904,20.3275],[77.6975,20.3],[77.7516,20.2454],[77.7474,20.2216],[77.7295,20.2111],[77.7209,20.1927],[77.7627,20.1252],[77.7619,20.1114],[77.7509,20.1009],[77.6896,20.0994],[77.6749,20.0913],[77.6611,20.0616],[77.6401,20.0512],[77.6105,20.0588],[77.583,20.0777],[77.5463,20.0723],[77.4894,20.0331],[77.4201,19.9647],[77.4002,19.9322],[77.4489,19.9308],[77.461,19.8936],[77.4647,19.81],[77.4932,19.7713],[77.5281,19.7446],[77.5452,19.7121],[77.5453,19.6356],[77.5535,19.5985],[77.5822,19.5825],[77.6496,19.6174],[77.694,19.6334],[77.7142,19.632],[77.744,19.6088],[77.7511,19.5812],[77.792,19.54],[77.815,19.4154],[77.8435,19.3851],[77.887,19.3581],[77.9201,19.3791],[77.9319,19.4052],[77.9383,19.4779],[77.9554,19.5195],[77.996,19.5343],[78.0324,19.5289],[78.0534,19.5083],[78.0988,19.3762],[78.1271,19.3422],[78.1824,19.3425],[78.2016,19.3577],[78.2136,19.3921],[78.2021,19.4484],[78.1776,19.4811],[78.1858,19.5156],[78.2212,19.5245],[78.2863,19.503],[78.308,19.5193],[78.3111,19.5443],[78.3038,19.5612],[78.2593,19.6002],[78.2116,19.6106],[78.1811,19.6589],[78.1509,19.6654],[78.0789,19.6583],[78.0538,19.6635],[78.0301,19.6759],[78.0116,19.6977],[78.0037,19.748],[78.0192,19.7656],[78.0752,19.7897],[78.0773,19.8351],[78.0866,19.8588],[78.1097,19.8775],[78.1362,19.8794],[78.1849,19.8511],[78.2062,19.8471],[78.2332,19.8705],[78.2465,19.9049],[78.276,19.9247],[78.3154,19.9383],[78.3469,19.9365],[78.4228,19.8825],[78.443,19.8833],[78.4839,19.9088],[78.5102,19.8963],[78.534,19.835],[78.5537,19.8131],[78.5713,19.8068],[78.5942,19.8171],[78.6509,19.8684],[78.7558,19.8782],[78.7787,19.8323],[78.7938,19.7771],[78.806,19.7613],[78.8323,19.7548],[78.8792,19.7657],[78.9102,19.7937],[78.9395,19.8062],[78.9843,19.7837],[79.0543,19.7094],[79.1233,19.6517],[79.1573,19.6497],[79.1919,19.674],[79.1775,19.7507],[79.1788,19.8005]]]}},{"type":"Feature","properties":{"id":"hyderabad--adilabad","name":"Adilabad","division":"Hyderabad","type":"Princely districts"},"geometry":{"type":"Polygon","coordinates":[[[80.0352,18.8186],[80.0256,18.904],[80.0116,18.9366],[79.9734,18.959],[79.9412,19.0136],[79.9996,19.1216],[80.0032,19.1573],[80.0228,19.183],[80.1012,19.2035],[80.13,19.2444],[80.1356,19.3014],[80.1072,19.3964],[80.1084,19.4357],[80.0926,19.4921],[80.0721,19.5213],[79.9987,19.546],[79.9247,19.5099],[79.886,19.5205],[79.8211,19.5783],[79.7862,19.5899],[79.7518,19.5754],[79.7414,19.5613],[79.7433,19.4122],[79.7214,19.3937],[79.6862,19.3922],[79.6118,19.4287],[79.5972,19.4899],[79.6189,19.5466],[79.6226,19.5871],[79.5976,19.6366],[79.6206,19.6921],[79.6244,19.7373],[79.5559,19.8082],[79.5048,19.8298],[79.4682,19.8271],[79.4397,19.8004],[79.4337,19.7648],[79.3789,19.7435],[79.3428,19.7575],[79.2654,19.8309],[79.2266,19.8426],[79.1871,19.828],[79.179,19.8079],[79.1775,19.7507],[79.1919,19.674],[79.1573,19.6497],[79.1233,19.6517],[79.0543,19.7094],[78.9843,19.7837],[78.9395,19.8062],[78.9102,19.7937],[78.8792,19.7657],[78.8323,19.7548],[78.806,19.7613],[78.7938,19.7771],[78.7787,19.8323],[78.7558,19.8782],[78.6509,19.8684],[78.5942,19.8171],[78.5713,19.8068],[78.5537,19.8131],[78.534,19.835],[78.5102,19.8963],[78.4839,19.9088],[78.443,19.8833],[78.4228,19.8825],[78.3469,19.9365],[78.3154,19.9383],[78.2465,19.9049],[78.2332,19.8705],[78.2062,19.8471],[78.1849,19.8511],[78.1362,19.8794],[78.1097,19.8775],[78.0866,19.8588],[78.0773,19.8351],[78.0752,19.7897],[78.0192,19.7656],[78.0037,19.748],[78.0032,19.7205],[78.0301,19.6759],[78.0789,19.6583],[78.1169,19.666],[78.1811,19.6589],[78.2116,19.6106],[78.2593,19.6002],[78.3038,19.5612],[78.3111,19.5443],[78.308,19.5193],[78.2863,19.503],[78.2212,19.5245],[78.1858,19.5156],[78.1776,19.4811],[78.2105,19.4268],[78.2136,19.3921],[78.2016,19.3577],[78.1824,19.3425],[78.1271,19.3422],[78.1044,19.3693],[78.0897,19.3246],[78.0884,19.3094],[78.1097,19.2651],[78.1235,19.1941],[78.1662,19.1676],[78.17,19.157],[78.1699,19.0414],[78.181,18.9954],[78.1959,18.9846],[78.297,19.0192],[78.3668,18.994],[78.3965,18.9725],[78.4125,18.9722],[78.4785,19.0053],[78.5108,19.0133],[78.5437,19.0031],[78.5624,18.9865],[78.5825,18.9413],[78.6304,18.9393],[78.6403,18.958],[78.6677,18.9728],[78.7593,18.9852],[78.8151,19.007],[78.8274,19.0211],[78.9043,19.0443],[78.9801,19.0236],[79.0491,19.0574],[79.0742,19.0578],[79.097,19.0458],[79.1062,19.0094],[79.1008,18.9541],[79.1655,18.9345],[79.3119,18.8529],[79.4051,18.8546],[79.4442,18.7792],[79.476,18.767],[79.5898,18.7518],[79.5994,18.7392],[79.6155,18.6663],[79.6371,18.6514],[79.7068,18.6736],[79.7634,18.6588],[79.7799,18.6774],[79.7865,18.7679],[79.8076,18.8045],[79.8376,18.8057],[79.8723,18.7924],[79.9814,18.7914],[80.0352,18.8186]]]}},{"type":"Feature","properties":{"id":"hyderabad--nander","name":"Nander","division":"Hyderabad","type":"Princely districts"},"geometry":{"type":"Polygon","coordinates":[[[78.1044,19.3693],[78.0656,19.4842],[78.0324,19.5289],[77.996,19.5343],[77.9554,19.5195],[77.9383,19.4779],[77.9319,19.4052],[77.9201,19.3791],[77.887,19.3581],[77.8435,19.3851],[77.815,19.4154],[77.792,19.54],[77.7511,19.5812],[77.744,19.6088],[77.7142,19.632],[77.694,19.6334],[77.5822,19.5825],[77.5535,19.5985],[77.5453,19.6396],[77.5306,19.6271],[77.5008,19.5308],[77.499,19.4179],[77.4792,19.3931],[77.4378,19.3626],[77.3478,19.3202],[77.3406,19.2593],[77.2838,19.1979],[77.2436,19.2038],[77.2018,19.2288],[77.1848,19.2266],[77.171,19.1772],[77.1963,19.1404],[77.1992,19.0801],[77.1578,18.9856],[77.1427,18.8358],[77.1676,18.7674],[77.1824,18.7546],[77.2112,18.7477],[77.2211,18.7357],[77.2202,18.713],[77.1924,18.6972],[77.1885,18.6859],[77.1895,18.6691],[77.2019,18.6552],[77.2395,18.6548],[77.3366,18.6966],[77.371,18.6932],[77.3784,18.683],[77.3803,18.6411],[77.3633,18.633],[77.3491,18.6033],[77.3737,18.4799],[77.3564,18.4054],[77.3681,18.3927],[77.4007,18.3995],[77.4185,18.4172],[77.4404,18.4169],[77.4721,18.4004],[77.5461,18.4573],[77.578,18.4563],[77.6313,18.4179],[77.7356,18.3975],[77.7611,18.3665],[77.769,18.2947],[77.7845,18.2658],[77.8283,18.2499],[77.8762,18.2454],[77.9368,18.2177],[77.9669,18.223],[77.9854,18.2533],[77.983,18.2925],[77.9262,18.3641],[77.9156,18.4483],[77.8971,18.4754],[77.8743,18.4891],[77.8545,18.5379],[77.8409,18.5811],[77.8413,18.6474],[77.8467,18.6712],[77.8854,18.7363],[77.9562,18.7662],[77.9742,18.794],[78.0338,18.8307],[78.0511,18.8877],[78.0924,18.9121],[78.1138,18.9535],[78.1426,18.9808],[78.1802,18.9988],[78.1663,19.0663],[78.1742,19.113],[78.17,19.157],[78.1662,19.1676],[78.1235,19.1941],[78.1097,19.2651],[78.0884,19.3094],[78.1044,19.3693]]]}},{"type":"Feature","properties":{"id":"central-province-and-berar--akola","name":"Akola","division":"Central Province and Berar","type":"British districts"},"geometry":{"type":"Polygon","coordinates":[[[77.9109,20.5466],[77.7918,20.5903],[77.7382,20.6542],[77.6382,20.7398],[77.6237,20.7878],[77.6026,20.7977],[77.5742,20.801],[77.5334,20.7911],[77.3632,20.8298],[77.2536,20.839],[77.1909,20.8608],[77.1891,20.878],[77.1963,20.8865],[77.2567,20.9135],[77.2671,20.9258],[77.2635,20.9564],[77.2318,21.0122],[77.2346,21.0629],[77.2598,21.1189],[77.2574,21.1572],[77.218,21.1806],[77.1567,21.17],[77.1262,21.1761],[77.085,21.2148],[76.9775,21.2582],[76.8991,21.2667],[76.8491,21.2625],[76.731,21.1652],[76.8412,21.0217],[76.8488,20.9786],[76.8258,20.9311],[76.8245,20.9072],[76.8314,20.8851],[76.8636,20.857],[76.8775,20.833],[76.8769,20.7804],[76.8613,20.7538],[76.8588,20.7185],[76.8677,20.6964],[76.899,20.6798],[76.9179,20.6471],[76.9081,20.5927],[76.8773,20.5634],[76.8625,20.5158],[76.8172,20.4599],[76.7775,20.4488],[76.763,20.4279],[76.7513,20.3764],[76.7805,20.356],[76.8492,20.341],[76.8504,20.1832],[76.8267,20.151],[76.7464,20.1164],[76.7256,20.0698],[76.6462,20.0275],[76.6398,19.9932],[76.6456,19.9692],[76.7507,19.8915],[76.7716,19.9198],[76.7994,19.9255],[76.9556,19.882],[77.0013,19.8982],[77.0398,19.9503],[77.0804,19.963],[77.122,19.9554],[77.1344,19.9337],[77.1595,19.925],[77.2233,19.9685],[77.2398,19.9718],[77.2923,19.9317],[77.3275,19.9229],[77.4002,19.9322],[77.4201,19.9647],[77.4894,20.0331],[77.5463,20.0723],[77.583,20.0777],[77.6105,20.0588],[77.6401,20.0512],[77.6611,20.0616],[77.6749,20.0913],[77.6896,20.0994],[77.7509,20.1009],[77.7619,20.1114],[77.7627,20.1252],[77.7209,20.1927],[77.7295,20.2111],[77.7474,20.2216],[77.7516,20.2454],[77.6975,20.3],[77.6904,20.3275],[77.6984,20.3519],[77.7159,20.3767],[77.8434,20.4565],[77.8957,20.5094],[77.9109,20.5466]]]}},{"type":"Feature","properties":{"id":"central-province-and-berar--buldana","name":"Buldana","division":"Central Province and Berar","type":"British districts"},"geometry":{"type":"Polygon","coordinates":[[[76.8412,21.0217],[76.7239,21.1808],[76.6644,21.1345],[76.537,21.0884],[76.45,21.092],[76.4037,21.1025],[76.4029,21.0854],[76.3529,21.0488],[76.3224,21.0478],[76.1928,21.0811],[76.1163,21.0756],[76.0958,21.0578],[76.0842,21.028],[76.0707,20.9265],[76.0956,20.8487],[76.0941,20.8164],[76.0799,20.783],[76.0491,20.7474],[76.0134,20.7249],[75.9864,20.6712],[75.9823,20.6318],[75.9909,20.5947],[76.0211,20.5539],[76.059,20.5298],[76.0752,20.4866],[76.1522,20.43],[76.1856,20.327],[76.3093,20.2699],[76.3394,20.2314],[76.3456,20.2182],[76.339,20.1872],[76.3135,20.1611],[76.2703,20.1471],[76.256,20.0922],[76.2593,20.0336],[76.2313,20.0123],[76.2096,19.9826],[76.2145,19.9634],[76.2724,19.9283],[76.3025,19.8994],[76.3411,19.8406],[76.3902,19.8187],[76.424,19.8246],[76.4668,19.8688],[76.5018,19.8785],[76.5412,19.8796],[76.5682,19.8464],[76.6558,19.8155],[76.6923,19.828],[76.7507,19.8915],[76.6456,19.9692],[76.6398,19.9932],[76.6462,20.0275],[76.7256,20.0698],[76.7464,20.1164],[76.8267,20.151],[76.8504,20.1832],[76.8492,20.341],[76.7805,20.356],[76.7513,20.3764],[76.763,20.4279],[76.7775,20.4488],[76.8172,20.4599],[76.8625,20.5158],[76.8773,20.5634],[76.9081,20.5927],[76.9179,20.6471],[76.899,20.6798],[76.8677,20.6964],[76.8588,20.7185],[76.8613,20.7538],[76.8769,20.7804],[76.8775,20.833],[76.8636,20.857],[76.8314,20.8851],[76.8245,20.9072],[76.8258,20.9311],[76.8488,20.9786],[76.8412,21.0217]]]}},{"type":"Feature","properties":{"id":"hyderabad--parbhani","name":"Parbhani","division":"Hyderabad","type":"Princely districts"},"geometry":{"type":"Polygon","coordinates":[[[77.5453,19.6396],[77.5452,19.7121],[77.5281,19.7446],[77.4932,19.7713],[77.4647,19.81],[77.461,19.8936],[77.4489,19.9308],[77.4174,19.9361],[77.3275,19.9229],[77.2923,19.9317],[77.2398,19.9718],[77.2233,19.9685],[77.1595,19.925],[77.1344,19.9337],[77.122,19.9554],[77.0804,19.963],[77.0398,19.9503],[77.0013,19.8982],[76.9556,19.882],[76.7994,19.9255],[76.7716,19.9198],[76.7183,19.8493],[76.6923,19.828],[76.6558,19.8155],[76.5682,19.8464],[76.5412,19.8796],[76.4668,19.8688],[76.424,19.8246],[76.3902,19.8187],[76.341,19.8408],[76.3202,19.8005],[76.3138,19.7585],[76.3532,19.6473],[76.3385,19.5737],[76.2563,19.515],[76.2376,19.4435],[76.3365,19.329],[76.3603,19.2781],[76.4403,19.2192],[76.4624,19.2152],[76.4704,19.2027],[76.4765,19.1003],[76.508,19.0274],[76.539,19.008],[76.5809,18.9971],[76.605,18.9962],[76.6444,19.0224],[76.6926,19.0148],[76.754,18.8959],[76.8098,18.8365],[76.8539,18.8065],[76.8661,18.8256],[76.9291,18.8524],[77.046,18.8619],[77.1428,18.8361],[77.1578,18.9856],[77.1992,19.0801],[77.1963,19.1404],[77.171,19.1772],[77.1848,19.2266],[77.2018,19.2288],[77.2436,19.2038],[77.2838,19.1979],[77.3406,19.2593],[77.3478,19.3202],[77.4378,19.3626],[77.4792,19.3931],[77.499,19.4179],[77.5008,19.5308],[77.5306,19.6271],[77.5453,19.6396]]]}},{"type":"Feature","properties":{"id":"hyderabad--bir","name":"Bir","division":"Hyderabad","type":"Princely districts"},"geometry":{"type":"Polygon","coordinates":[[[76.3631,19.276],[76.3534,19.265],[76.3054,19.264],[76.2702,19.2719],[76.211,19.3048],[76.0559,19.3029],[76.0298,19.326],[75.991,19.3998],[75.9277,19.4289],[75.8893,19.4224],[75.8124,19.3596],[75.7771,19.3435],[75.7388,19.3437],[75.4659,19.4096],[75.4275,19.4106],[75.4403,19.4031],[75.4493,19.3758],[75.4476,19.3084],[75.415,19.2693],[75.3319,19.242],[75.318,19.2061],[75.3858,19.1354],[75.3908,19.1163],[75.3844,19.0924],[75.2322,19.0604],[75.2084,19.0891],[75.1858,19.1489],[75.143,19.1752],[75.0537,19.1825],[75.0222,19.1717],[75.0034,19.1526],[74.9858,19.0749],[74.9631,19.0533],[74.8802,19.0449],[74.8689,19.0222],[74.8689,18.9875],[74.8802,18.9577],[74.9506,18.886],[74.9933,18.8047],[75.0184,18.7784],[75.115,18.7281],[75.1552,18.6958],[75.1832,18.6451],[75.2563,18.6806],[75.247,18.693],[75.2471,18.7638],[75.2968,18.7942],[75.3793,18.8319],[75.4984,18.8244],[75.5224,18.7999],[75.5237,18.7426],[75.5568,18.731],[75.5731,18.7134],[75.8126,18.6827],[75.9811,18.6733],[76.0426,18.6357],[76.1446,18.5892],[76.3202,18.5364],[76.3803,18.5288],[76.5393,18.4859],[76.8081,18.4702],[76.799,18.5306],[76.7694,18.5754],[76.7652,18.607],[76.7791,18.642],[76.8016,18.6601],[76.8057,18.6923],[76.791,18.7247],[76.7925,18.7522],[76.8354,18.7757],[76.8539,18.8065],[76.8098,18.8365],[76.754,18.8959],[76.6926,19.0148],[76.6444,19.0224],[76.605,18.9962],[76.5809,18.9971],[76.539,19.008],[76.508,19.0274],[76.4765,19.1003],[76.4704,19.2027],[76.4624,19.2152],[76.4403,19.2192],[76.3631,19.276]]]}},{"type":"Feature","properties":{"id":"bombay--east-khandesh","name":"East Khandesh","division":"Bombay","type":"British districts"},"geometry":{"type":"Polygon","coordinates":[[[74.87,20.2799],[74.9106,20.2816],[74.9319,20.3031],[74.9669,20.3648],[75.0475,20.372],[75.0566,20.382],[75.0643,20.4394],[75.1632,20.448],[75.1587,20.4953],[75.1237,20.5613],[75.1253,20.5986],[75.139,20.6416],[75.1756,20.6646],[75.2335,20.6659],[75.3309,20.5582],[75.3598,20.5423],[75.4116,20.5724],[75.4483,20.6096],[75.4879,20.608],[75.5503,20.592],[75.5853,20.5948],[75.6342,20.6204],[75.7179,20.5929],[75.7755,20.5395],[75.8165,20.5322],[75.841,20.5407],[75.8884,20.5792],[76.0127,20.5653],[75.9909,20.5947],[75.9823,20.6318],[75.9864,20.6712],[76.0134,20.7249],[76.0491,20.7474],[76.0799,20.783],[76.0941,20.8164],[76.0956,20.8487],[76.0707,20.9265],[76.0842,21.028],[76.0958,21.0578],[76.1163,21.0756],[76.1928,21.0811],[76.3224,21.0478],[76.3529,21.0488],[76.4029,21.0854],[76.4045,21.1189],[76.3934,21.1572],[76.3592,21.1766],[76.3235,21.1781],[76.2512,21.2181],[76.1596,21.2295],[76.1342,21.25],[76.1205,21.2955],[76.1233,21.3218],[76.1786,21.3811],[76.169,21.4553],[76.1398,21.4806],[76.0683,21.4799],[76.0183,21.4638],[76.011,21.4192],[75.9479,21.3708],[75.8896,21.3496],[75.8406,21.3369],[75.6553,21.3421],[75.5618,21.308],[75.4869,21.3355],[75.4288,21.3686],[75.3967,21.3744],[75.2757,21.346],[75.2435,21.3475],[75.1751,21.4013],[75.1664,21.357],[75.1419,21.3044],[75.0949,21.2662],[74.9694,21.1955],[74.944,21.1668],[74.9328,21.1381],[74.9369,21.0214],[74.9552,20.9899],[74.9593,20.9621],[74.9502,20.812],[74.9319,20.7508],[74.8943,20.6915],[74.9117,20.637],[74.9117,20.6016],[74.87,20.2799]]]}},{"type":"Feature","properties":{"id":"central-province-and-berar--nimar","name":"Nimar","division":"Central Province and Berar","type":"British districts"},"geometry":{"type":"MultiPolygon","coordinates":[[[[75.9502,21.9507],[75.9632,21.9829],[75.9674,22.0259],[75.8948,22.0944],[75.8231,22.1139],[75.7588,22.1065],[75.7331,22.0749],[75.7278,22.0486],[75.7571,22.015],[75.812,21.9813],[75.8619,21.9571],[75.9502,21.9507]]],[[[76.6267,22.3082],[76.5047,22.4217],[76.42,22.4344],[76.3838,22.4216],[76.3201,22.3361],[76.2838,22.3077],[76.1504,22.3254],[76.0733,22.3116],[76.0268,22.2761],[76.015,22.2546],[76.0195,22.159],[76.0127,22.1077],[76.0292,22.0848],[76.0587,22.0847],[76.1129,22.1261],[76.1488,22.1259],[76.1728,22.0863],[76.1714,22.0612],[76.1622,22.0409],[76.081,21.9829],[75.9816,21.8724],[75.975,21.845],[75.9863,21.809],[76.0129,21.779],[76.1023,21.7498],[76.12,21.7245],[76.1131,21.6589],[76.0951,21.6434],[75.9749,21.6346],[75.9504,21.6085],[75.9412,21.5631],[75.946,21.5248],[75.9967,21.4648],[76.0286,21.4634],[76.0683,21.4799],[76.1398,21.4806],[76.1589,21.4685],[76.169,21.4553],[76.1786,21.3811],[76.1233,21.3218],[76.1205,21.2955],[76.1342,21.25],[76.1596,21.2295],[76.222,21.2267],[76.3235,21.1781],[76.3592,21.1766],[76.3934,21.1572],[76.4037,21.1025],[76.45,21.092],[76.537,21.0884],[76.6644,21.1345],[76.7239,21.1808],[76.7121,21.2161],[76.7127,21.2678],[76.8089,21.3834],[76.8431,21.5025],[76.8812,21.526],[77.1603,21.6134],[77.199,21.6337],[77.1762,21.6881],[77.1813,21.7238],[77.2128,21.7729],[77.2467,21.8792],[77.2619,21.8971],[77.1769,21.9387],[77.1166,21.9311],[77.0834,21.9375],[76.9956,21.9745],[76.9125,21.9862],[76.8619,22.037],[76.8208,22.133],[76.8074,22.1881],[76.7873,22.217],[76.6843,22.3169],[76.6549,22.3019],[76.6267,22.3082]]]]}},{"type":"Feature","properties":{"id":"central-province-and-berar--makrai","name":"Makrai","division":"Central Province and Berar","type":"Princely states"},"geometry":{"type":"Polygon","coordinates":[[[77.1619,21.9389],[77.1698,21.9615],[77.2081,21.9839],[77.2364,22.0237],[77.2475,22.077],[77.2361,22.1345],[77.2099,22.1655],[77.1565,22.1633],[77.1337,22.1502],[77.0764,22.1598],[77.043,22.1543],[77.0236,22.1402],[77.0156,22.1223],[77.0326,22.0552],[76.9983,21.9732],[77.0834,21.9375],[77.1166,21.9311],[77.1619,21.9389]]]}},{"type":"Feature","properties":{"id":"central-india-agency--dhar","name":"Dhar","division":"Central India Agency","type":"Princely states"},"geometry":{"type":"MultiPolygon","coordinates":[[[[75.0195,22.1858],[75.032,22.1906],[74.9705,22.2575],[74.9609,22.2285],[74.9209,22.1725],[74.8454,22.1538],[74.7777,22.1566],[74.7714,22.1494],[74.8776,22.0105],[74.9286,22.0164],[75.0017,22.0444],[74.9889,22.087],[75.0195,22.1858]]],[[[76.3196,22.555],[76.2468,22.5881],[76.1747,22.6584],[76.1415,22.6349],[76.1229,22.5657],[76.1087,22.5527],[76.0506,22.5363],[76.017,22.5114],[76.0156,22.4971],[76.0372,22.4623],[76.0872,22.4476],[76.1038,22.4296],[76.1396,22.3235],[76.2838,22.3077],[76.3201,22.3361],[76.3838,22.4216],[76.4309,22.4323],[76.4404,22.4791],[76.446,22.5776],[76.3968,22.5544],[76.3196,22.555]]],[[[75.1825,23.0848],[75.1232,23.1195],[75.0986,23.1207],[75.0676,23.0908],[75.0637,23.0478],[75.0273,23.0058],[75.0226,22.9728],[75.0443,22.8896],[75.0436,22.8505],[75.0613,22.8408],[75.0953,22.7691],[75.1895,22.693],[75.1956,22.6572],[75.1785,22.574],[75.2046,22.4736],[75.1953,22.4449],[75.1459,22.4048],[75.1458,22.3486],[75.2818,22.3484],[75.3293,22.3376],[75.3523,22.3017],[75.3612,22.261],[75.3495,22.2097],[75.3212,22.1846],[75.2049,22.1509],[75.2107,22.0784],[75.1962,22.054],[75.2166,22.0328],[75.2398,22.046],[75.2829,22.0411],[75.3443,21.9855],[75.3667,21.9243],[75.3933,21.9223],[75.4118,21.9328],[75.4191,21.9643],[75.4314,21.9729],[75.4888,21.9661],[75.5083,21.9861],[75.5597,22.0012],[75.5638,22.0108],[75.5587,22.028],[75.4715,22.0969],[75.4626,22.1172],[75.4744,22.1925],[75.5017,22.2701],[75.5005,22.3095],[75.4868,22.4245],[75.456,22.4315],[75.438,22.4519],[75.4214,22.4866],[75.4165,22.5535],[75.4393,22.6044],[75.4745,22.6214],[75.467,22.6657],[75.4132,22.746],[75.3969,22.8094],[75.3812,22.7962],[75.3425,22.8063],[75.3287,22.825],[75.3133,22.8939],[75.2871,22.9355],[75.2795,23.0058],[75.2378,23.0776],[75.24,23.1062],[75.1825,23.0848]]]]}},{"type":"Feature","properties":{"id":"gwalior--sardarpur","name":"Sardarpur","division":"Gwalior","type":"Princely districts"},"geometry":{"type":"MultiPolygon","coordinates":[[[[75.0722,22.014],[75.1748,22.0391],[75.2056,22.0605],[75.2107,22.0784],[75.2044,22.1561],[75.1557,22.1813],[75.0633,22.2029],[75.0195,22.1858],[74.9889,22.087],[75.0132,22.0212],[75.0722,22.014]]],[[[75.5344,22.4492],[75.6649,22.5706],[75.6624,22.6017],[75.6291,22.6186],[75.5763,22.6307],[75.4772,22.6227],[75.4393,22.6044],[75.4165,22.5535],[75.4214,22.4866],[75.438,22.4519],[75.456,22.4315],[75.4932,22.4231],[75.5344,22.4492]]],[[[75.1458,22.3345],[75.1459,22.4048],[75.1953,22.4449],[75.2046,22.4736],[75.1785,22.574],[75.1956,22.6572],[75.1895,22.693],[75.0953,22.7691],[75.0613,22.8408],[75.035,22.8552],[74.9894,22.8477],[74.9824,22.8193],[74.9406,22.7476],[74.8696,22.683],[74.8248,22.6213],[74.8094,22.5898],[74.8049,22.4894],[74.7648,22.4735],[74.6846,22.4705],[74.6554,22.4289],[74.6926,22.3529],[74.6972,22.3286],[74.6911,22.3114],[74.6465,22.2912],[74.611,22.2897],[74.588,22.2695],[74.585,22.2423],[74.6329,22.1764],[74.6499,22.1306],[74.687,22.0991],[74.7147,22.0948],[74.7777,22.1566],[74.8454,22.1538],[74.9209,22.1725],[74.9609,22.2285],[74.984,22.2973],[75.0009,22.3131],[75.0503,22.3231],[75.1134,22.3145],[75.1397,22.3202],[75.1458,22.3345]]]]}},{"type":"Feature","properties":{"id":"central-india-agency--jobat","name":"Jobat","division":"Central India Agency","type":"Princely states"},"geometry":{"type":"Polygon","coordinates":[[[74.6555,22.4282],[74.5286,22.4599],[74.5016,22.434],[74.5005,22.3969],[74.5263,22.3468],[74.5342,22.3002],[74.5497,22.2835],[74.589,22.2705],[74.611,22.2897],[74.6465,22.2912],[74.6911,22.3114],[74.6972,22.3286],[74.6926,22.3529],[74.6555,22.4282]]]}},{"type":"Feature","properties":{"id":"central-india-agency--kukshi-indore","name":"Kukshi (Indore)","division":"Central India Agency","type":"Princely states"},"geometry":{"type":"Polygon","coordinates":[[[74.7714,22.1494],[74.7147,22.0948],[74.687,22.0991],[74.6499,22.1306],[74.6237,22.189],[74.5975,22.1845],[74.5642,22.1485],[74.5338,22.0146],[74.5305,21.9691],[74.6007,21.9418],[74.6699,21.9396],[74.7749,21.9685],[74.8776,22.0105],[74.7714,22.1494]]]}},{"type":"Feature","properties":{"id":"central-india-agency--barbani","name":"Barbani","division":"Central India Agency","type":"Princely states"},"geometry":{"type":"Polygon","coordinates":[[[75.2166,22.0328],[75.1962,22.054],[75.1748,22.0391],[75.0722,22.014],[75.0132,22.0212],[75.0017,22.0444],[74.9286,22.0164],[74.8825,22.0128],[74.7288,21.9541],[74.6302,21.9359],[74.5378,21.968],[74.4532,21.9773],[74.4255,21.9733],[74.4217,21.8769],[74.4516,21.8602],[74.484,21.823],[74.5011,21.77],[74.4965,21.7528],[74.4536,21.7211],[74.4462,21.6608],[74.4708,21.6322],[74.5799,21.5852],[74.6475,21.5466],[74.8376,21.5211],[74.9495,21.5324],[74.9641,21.5824],[75.008,21.6646],[75.0152,21.7296],[75.0449,21.7813],[75.1073,21.7774],[75.1647,21.8089],[75.2179,21.806],[75.2487,21.8289],[75.257,21.87],[75.2458,21.9178],[75.2386,21.9389],[75.212,21.959],[75.2039,21.9858],[75.2166,22.0328]]]}},{"type":"Feature","properties":{"id":"bombay--west-khandesh","name":"West Khandesh","division":"Bombay","type":"British districts"},"geometry":{"type":"Polygon","coordinates":[[[75.1751,21.4013],[75.1395,21.4093],[75.1088,21.3949],[75.0843,21.3935],[75.0614,21.405],[75.0399,21.4351],[75.0399,21.5298],[75.0231,21.537],[74.8376,21.5211],[74.7625,21.5268],[74.6475,21.5466],[74.5799,21.5852],[74.4708,21.6322],[74.4462,21.6608],[74.4476,21.6838],[74.4536,21.7211],[74.4965,21.7528],[74.4963,21.8001],[74.4516,21.8602],[74.43,21.8745],[74.4054,21.8816],[74.3839,21.8758],[74.2997,21.8037],[74.2492,21.7805],[74.1679,21.7672],[74.1309,21.7814],[74.0551,21.8699],[74.0336,21.8698],[73.9923,21.8494],[73.8237,21.8053],[73.8299,21.7659],[73.8667,21.6725],[73.8633,21.6151],[73.8418,21.5911],[73.8393,21.5767],[73.8591,21.4992],[73.8519,21.4429],[73.8676,21.3869],[73.86,21.3483],[73.87,21.336],[73.8753,21.2485],[73.8388,21.2239],[73.7488,21.1888],[73.6724,21.1854],[73.6435,21.1651],[73.63,21.1406],[73.6333,21.1162],[73.6747,21.0951],[73.7529,21.0713],[73.7837,21.0443],[73.794,20.9818],[73.8484,20.9507],[73.8772,20.9089],[73.916,20.8842],[74.0849,20.8843],[74.2659,20.9024],[74.2975,20.8977],[74.322,20.8825],[74.3507,20.8348],[74.368,20.8215],[74.3833,20.8263],[74.4197,20.8714],[74.4319,20.8762],[74.6049,20.8748],[74.6599,20.8462],[74.659,20.808],[74.6671,20.7869],[74.7069,20.7497],[74.7161,20.7201],[74.7354,20.6991],[74.898,20.6962],[74.9319,20.7508],[74.9502,20.812],[74.9593,20.9621],[74.9552,20.9899],[74.9369,21.0214],[74.9328,21.1381],[74.944,21.1668],[74.9898,21.2098],[75.0296,21.2251],[75.1419,21.3044],[75.1664,21.357],[75.1751,21.4013]]]}},{"type":"Feature","properties":{"id":"bombay--dangs","name":"Dangs","division":"Bombay","type":"Princely states"},"geometry":{"type":"Polygon","coordinates":[[[73.9538,20.8843],[73.916,20.8842],[73.8956,20.8956],[73.8772,20.9089],[73.8484,20.9507],[73.794,20.9818],[73.7646,20.9509],[73.7173,20.9462],[73.5919,20.9625],[73.5691,20.9551],[73.5451,20.9162],[73.52,20.8299],[73.4778,20.8039],[73.5051,20.7612],[73.756,20.578],[73.81,20.6335],[73.8384,20.6481],[73.8725,20.7009],[73.8985,20.7632],[73.9389,20.7921],[73.9489,20.8161],[73.9538,20.8843]]]}},{"type":"Feature","properties":{"id":"bombay--sankheda-mewas","name":"Sankheda Mewas","division":"Bombay","type":"Princely states"},"geometry":{"type":"Polygon","coordinates":[[[74.0445,21.9148],[73.9596,21.9215],[73.9429,21.9298],[73.8654,22.0045],[73.8384,22.0139],[73.793,22.0451],[73.7257,22.0095],[73.5694,22.0046],[73.5336,21.9971],[73.5107,21.9814],[73.5161,21.9005],[73.6487,21.895],[73.8237,21.8053],[73.9923,21.8494],[74.0336,21.8698],[74.0547,21.8699],[74.0445,21.9148]]]}},{"type":"Feature","properties":{"id":"central-india-agency--mathwar","name":"Mathwar","division":"Central India Agency","type":"Princely states"},"geometry":{"type":"Polygon","coordinates":[[[74.4255,21.9733],[74.3546,21.9674],[74.3174,21.9732],[74.261,21.9933],[74.2428,22.0326],[74.2145,22.0456],[74.1201,22.066],[74.1123,22.0062],[74.0486,21.9491],[74.0436,21.9186],[74.0547,21.8699],[74.1309,21.7814],[74.1679,21.7672],[74.2492,21.7805],[74.2997,21.8037],[74.3839,21.8758],[74.4054,21.8816],[74.4217,21.8769],[74.4255,21.9733]]]}},{"type":"Feature","properties":{"id":"central-india-agency--ali-rajpur","name":"Ali Rajpur","division":"Central India Agency","type":"Princely states"},"geometry":{"type":"Polygon","coordinates":[[[74.5286,22.4599],[74.5169,22.4627],[74.4962,22.5128],[74.3771,22.6197],[74.2723,22.5293],[74.212,22.5015],[74.0603,22.4935],[74.0334,22.4766],[74.022,22.4586],[74.0183,22.4287],[74.0185,22.4036],[74.0289,22.3834],[74.0688,22.3717],[74.16,22.3757],[74.1909,22.3651],[74.2117,22.3342],[74.2312,22.2787],[74.2238,22.2398],[74.1874,22.2056],[74.0978,22.1579],[74.0962,22.1185],[74.1201,22.066],[74.2145,22.0456],[74.2428,22.0326],[74.261,21.9933],[74.3174,21.9732],[74.3546,21.9674],[74.4532,21.9773],[74.5305,21.9691],[74.5338,22.0146],[74.5642,22.1485],[74.5975,22.1845],[74.6237,22.189],[74.585,22.2423],[74.589,22.2705],[74.5497,22.2835],[74.5342,22.3002],[74.5263,22.3468],[74.5005,22.3969],[74.4991,22.4172],[74.5016,22.434],[74.5286,22.4599]]]}},{"type":"Feature","properties":{"id":"bombay--chota-udepur","name":"Chota Udepur","division":"Bombay","type":"Princely states"},"geometry":{"type":"Polygon","coordinates":[[[74.0184,22.4174],[73.947,22.4114],[73.8915,22.4325],[73.8607,22.4275],[73.8056,22.4068],[73.7853,22.3863],[73.7639,22.3312],[73.78,22.2105],[73.8065,22.1571],[73.8085,22.0651],[73.793,22.0451],[73.8384,22.0139],[73.8654,22.0045],[73.9429,21.9298],[73.9596,21.9215],[74.0445,21.9148],[74.0486,21.9491],[74.1123,22.0062],[74.1186,22.0242],[74.1189,22.075],[74.0962,22.1185],[74.0978,22.1579],[74.1874,22.2056],[74.2238,22.2398],[74.2312,22.2787],[74.2117,22.3342],[74.1909,22.3651],[74.16,22.3757],[74.0688,22.3717],[74.0289,22.3834],[74.0184,22.4174]]]}},{"type":"Feature","properties":{"id":"baroda--baroda","name":"Baroda","division":"Baroda","type":"Princely districts"},"geometry":{"type":"Polygon","coordinates":[[[73.3276,22.5185],[73.2481,22.4973],[73.2136,22.4778],[73.1807,22.4404],[73.157,22.3876],[73.1574,22.3517],[73.1385,22.3276],[73.1066,22.3141],[73.0821,22.3222],[73.0689,22.3423],[73.0539,22.4114],[73.0421,22.4233],[72.9911,22.3987],[72.9679,22.402],[72.9523,22.4162],[72.9464,22.4651],[73.0031,22.547],[72.9884,22.5827],[72.9228,22.583],[72.897,22.5922],[72.8758,22.629],[72.8603,22.6312],[72.8029,22.6017],[72.8081,22.5134],[72.7773,22.4306],[72.7805,22.3936],[72.8291,22.3262],[72.8871,22.2681],[73.0661,21.9406],[73.1302,21.8397],[73.1612,21.8186],[73.1932,21.813],[73.308,21.8429],[73.3602,21.8661],[73.4855,21.884],[73.5161,21.9005],[73.5107,21.9814],[73.5336,21.9971],[73.5694,22.0046],[73.7257,22.0095],[73.7959,22.047],[73.8085,22.0651],[73.8065,22.1571],[73.7791,22.2118],[73.7442,22.2355],[73.7056,22.2459],[73.5913,22.2485],[73.5641,22.2734],[73.5548,22.302],[73.5574,22.4251],[73.4651,22.5198],[73.3276,22.5185]]]}},{"type":"Feature","properties":{"id":"bombay--broach-and-panch-mahals","name":"Broach and Panch Mahals","division":"Bombay","type":"British districts"},"geometry":{"type":"MultiPolygon","coordinates":[[[[73.0897,21.9002],[72.8871,22.2681],[72.842,22.2019],[72.783,22.1642],[72.7547,22.1592],[72.605,22.2012],[72.5766,22.1989],[72.5377,22.1765],[72.5265,22.1555],[72.531,22.0316],[72.5118,21.9694],[72.5295,21.9417],[72.5431,21.9387],[72.5622,21.9636],[72.5926,21.9802],[72.6985,21.9896],[72.7136,21.9805],[72.7148,21.9694],[72.6735,21.9172],[72.5976,21.867],[72.5792,21.8012],[72.5542,21.755],[72.5156,21.7317],[72.4988,21.6742],[72.5476,21.6565],[72.5875,21.6629],[72.6597,21.6923],[72.7513,21.7083],[72.7887,21.6951],[72.83,21.6936],[72.8443,21.6676],[72.8014,21.6384],[72.754,21.5578],[72.6316,21.5013],[72.6206,21.4933],[72.6219,21.4811],[72.7519,21.4655],[72.7644,21.4569],[72.763,21.4401],[72.7996,21.4322],[72.961,21.4213],[72.99,21.4788],[73.0016,21.4792],[73.0545,21.5328],[73.1233,21.5365],[73.1147,21.6157],[73.0951,21.6279],[73.0875,21.6651],[73.1216,21.7104],[73.158,21.8207],[73.1302,21.8397],[73.0897,21.9002]]],[[[73.9452,23.0364],[73.9058,23.0272],[73.8129,23.0227],[73.7686,23.0347],[73.6655,22.9671],[73.5463,22.9144],[73.5046,22.9103],[73.4742,22.8086],[73.453,22.7711],[73.3856,22.716],[73.3756,22.6939],[73.3643,22.6613],[73.4041,22.6434],[73.4494,22.5668],[73.4576,22.5203],[73.5574,22.4251],[73.5548,22.302],[73.5641,22.2734],[73.5913,22.2485],[73.7056,22.2459],[73.7442,22.2355],[73.78,22.2105],[73.7639,22.3312],[73.7853,22.3863],[73.8005,22.4017],[73.7232,22.4301],[73.7091,22.5662],[73.737,22.607],[73.8129,22.6729],[73.8271,22.6949],[73.8309,22.7342],[73.8432,22.7476],[73.911,22.7653],[73.9407,22.7894],[73.9476,22.8411],[73.9866,22.8662],[74.0114,22.9052],[73.9891,22.9427],[73.9507,22.9749],[73.9433,22.9931],[73.9452,23.0364]]],[[[74.3033,22.5565],[74.3953,22.6397],[74.4091,22.7402],[74.4051,22.7581],[74.3844,22.7831],[74.3184,22.8402],[74.3181,22.8916],[74.3423,22.9526],[74.3577,22.9579],[74.3109,22.9885],[74.2703,23.0342],[74.2487,23.1188],[74.1146,23.0132],[74.1044,22.9826],[74.1077,22.9587],[74.094,22.9387],[74.1641,22.8567],[74.225,22.6572],[74.3033,22.5565]]]]}},{"type":"Feature","properties":{"id":"bombay--cambay","name":"Cambay","division":"Bombay","type":"Princely states"},"geometry":{"type":"Polygon","coordinates":[[[72.4687,22.2769],[72.4752,22.2472],[72.5604,22.2449],[72.6324,22.2653],[72.6973,22.253],[72.7244,22.2385],[72.8232,22.2674],[72.8688,22.2726],[72.8776,22.2628],[72.8871,22.2681],[72.8291,22.3262],[72.7805,22.3936],[72.7773,22.4306],[72.805,22.5008],[72.7656,22.5448],[72.6845,22.552],[72.6463,22.6052],[72.6102,22.6091],[72.5788,22.5459],[72.5246,22.4677],[72.5142,22.4059],[72.4782,22.3487],[72.4687,22.2769]]]}},{"type":"Feature","properties":{"id":"bombay--ahmedabad","name":"Ahmedabad","division":"Bombay","type":"British districts"},"geometry":{"type":"MultiPolygon","coordinates":[[[[72.1062,21.7259],[72.0441,21.7611],[72.0063,21.7633],[71.9871,21.7486],[71.9756,21.713],[71.9822,21.6893],[72.0285,21.6271],[72.0379,21.568],[72.0644,21.5207],[72.1374,21.4933],[72.1638,21.5005],[72.1822,21.5495],[72.1758,21.6153],[72.1866,21.6403],[72.2246,21.6587],[72.1904,21.726],[72.1595,21.7192],[72.1062,21.7259]]],[[[73.4977,23.2988],[73.5192,23.3177],[73.5142,23.3506],[73.4527,23.436],[73.4074,23.4499],[73.3577,23.4494],[73.297,23.4176],[73.2916,23.3999],[73.3091,23.3628],[73.3844,23.2991],[73.4466,23.2883],[73.4977,23.2988]]],[[[72.2188,23.4012],[72.12,23.4257],[72.0921,23.455],[72.0861,23.4908],[72.0472,23.4455],[72.1048,22.926],[72.1398,22.8793],[72.1556,22.7908],[72.1528,22.7019],[72.0972,22.5533],[72.0496,22.4708],[72.021,22.4373],[71.9454,22.3743],[71.7748,22.2893],[71.6328,22.2392],[71.6335,22.212],[71.654,22.1909],[71.6941,22.186],[71.752,22.2086],[71.7769,22.1977],[71.823,22.1327],[71.86,22.1291],[71.9442,22.145],[72.0271,22.0778],[72.1168,22.0443],[72.1243,22.0666],[72.1813,22.0934],[72.2114,22.1285],[72.2169,22.1527],[72.2032,22.2078],[72.2769,22.2799],[72.2692,22.3721],[72.3206,22.3637],[72.3475,22.3462],[72.3528,22.2517],[72.3782,22.2202],[72.4322,22.2126],[72.452,22.236],[72.4749,22.2471],[72.4687,22.2769],[72.4782,22.3487],[72.5142,22.4059],[72.5246,22.4677],[72.5788,22.5459],[72.6101,22.6087],[72.6429,22.7231],[72.6708,22.763],[72.7242,22.8003],[72.9583,22.9131],[72.9744,22.9757],[73.0175,23.0321],[72.998,23.042],[72.9316,22.9952],[72.8813,22.9924],[72.7783,23.0397],[72.7069,23.0938],[72.6541,23.1468],[72.6261,23.1564],[72.597,23.1359],[72.5865,23.1121],[72.5476,23.0793],[72.5176,23.0681],[72.4671,23.0766],[72.4143,23.0435],[72.3544,23.059],[72.3416,23.0809],[72.3394,23.1554],[72.3134,23.2023],[72.2898,23.2186],[72.2881,23.2365],[72.2936,23.2879],[72.3442,23.3401],[72.3476,23.3653],[72.3355,23.3877],[72.3131,23.4065],[72.2188,23.4012]]],[[[72.9773,23.2079],[73.0298,23.2243],[73.0434,23.2474],[73.0665,23.2621],[73.164,23.2761],[73.19,23.3037],[73.1943,23.3295],[73.191,23.3453],[73.1737,23.3623],[73.0684,23.4513],[72.9511,23.5043],[72.9455,23.5162],[72.9016,23.4566],[72.8706,23.3587],[72.8921,23.273],[72.9773,23.2079]]]]}},{"type":"Feature","properties":{"id":"bombay--surat","name":"Surat","division":"Bombay","type":"British districts"},"geometry":{"type":"MultiPolygon","coordinates":[[[[72.961,21.4213],[72.763,21.4401],[72.7566,21.4275],[72.7464,21.4257],[72.6271,21.4242],[72.6118,21.4215],[72.6048,21.4085],[72.6053,21.3961],[72.6336,21.3926],[72.6689,21.3554],[72.6579,21.3383],[72.6057,21.3046],[72.5975,21.2905],[72.6017,21.2454],[72.6345,21.2025],[72.6232,21.1755],[72.631,21.1531],[72.652,21.1334],[72.6895,21.1307],[72.7175,21.0963],[72.7473,21.097],[72.7647,21.1082],[72.8152,21.1006],[72.9223,21.1255],[72.9433,21.153],[72.9191,21.2488],[72.9291,21.2948],[72.9608,21.3296],[72.9551,21.404],[72.961,21.4213]]],[[[73.4615,21.4297],[73.4198,21.4566],[73.3507,21.4731],[73.2504,21.4614],[73.2873,21.4135],[73.2877,21.3719],[73.2788,21.3503],[73.2469,21.3342],[73.207,21.3367],[73.1782,21.3163],[73.1556,21.1698],[73.1288,21.1093],[72.9871,20.9686],[72.9537,20.9524],[72.8073,20.933],[72.7782,20.8899],[72.8061,20.8229],[72.8173,20.8202],[72.8298,20.8546],[72.8511,20.8554],[72.8668,20.8461],[72.8811,20.8098],[72.9447,20.7644],[72.9236,20.7421],[72.8545,20.7134],[72.8455,20.701],[72.8463,20.6843],[72.8861,20.6594],[72.9425,20.6695],[72.9908,20.6641],[73.0178,20.6393],[73.0283,20.612],[73.0138,20.558],[72.9824,20.5302],[72.9232,20.4996],[72.8671,20.4973],[72.8365,20.4362],[72.9654,20.3509],[72.9911,20.3545],[73.0557,20.3364],[73.0869,20.389],[73.1065,20.4447],[73.1197,20.5261],[73.1132,20.5585],[73.0924,20.5984],[73.0982,20.6224],[73.1102,20.6416],[73.1344,20.6572],[73.1648,20.6594],[73.214,20.6818],[73.2635,20.8285],[73.2189,20.8815],[73.169,20.9699],[73.1716,21.0029],[73.1837,21.0174],[73.2034,21.0233],[73.2616,21.0139],[73.3072,21.0344],[73.3017,21.1147],[73.3283,21.1895],[73.3449,21.2155],[73.3904,21.2475],[73.413,21.2749],[73.4411,21.367],[73.4738,21.4011],[73.4615,21.4297]]]]}},{"type":"Feature","properties":{"id":"bombay--rajpipla","name":"Rajpipla","division":"Bombay","type":"Princely states"},"geometry":{"type":"Polygon","coordinates":[[[73.4738,21.4011],[73.6904,21.3963],[73.7518,21.3796],[73.8315,21.3716],[73.86,21.3483],[73.8676,21.3869],[73.8519,21.4429],[73.8591,21.4992],[73.8393,21.5767],[73.8418,21.5911],[73.8633,21.6151],[73.8667,21.6725],[73.8299,21.7659],[73.8237,21.8053],[73.6487,21.895],[73.5193,21.9023],[73.4855,21.884],[73.4421,21.874],[73.3602,21.8661],[73.2417,21.8218],[73.1932,21.813],[73.158,21.8207],[73.1216,21.7104],[73.0875,21.6651],[73.0951,21.6279],[73.1147,21.6157],[73.1233,21.5365],[73.1433,21.5367],[73.1695,21.5212],[73.2504,21.4614],[73.3507,21.4731],[73.4198,21.4566],[73.4615,21.4297],[73.4738,21.4011]]]}},{"type":"Feature","properties":{"id":"baroda--navsari","name":"Navsari","division":"Baroda","type":"Princely districts"},"geometry":{"type":"MultiPolygon","coordinates":[[[[73.6904,21.3963],[73.4702,21.4014],[73.4411,21.367],[73.413,21.2749],[73.3904,21.2475],[73.3449,21.2155],[73.3283,21.1895],[73.3017,21.1147],[73.3072,21.0344],[73.2616,21.0139],[73.2034,21.0233],[73.1837,21.0174],[73.1716,21.0029],[73.169,20.9699],[73.2189,20.8815],[73.2699,20.8218],[73.2898,20.8177],[73.3246,20.841],[73.3566,20.8456],[73.3888,20.8287],[73.4043,20.8031],[73.4486,20.7934],[73.52,20.8299],[73.5451,20.9162],[73.5691,20.9551],[73.5919,20.9625],[73.676,20.9488],[73.7646,20.9509],[73.7948,20.9827],[73.7837,21.0443],[73.7529,21.0713],[73.6747,21.0951],[73.6333,21.1162],[73.63,21.1406],[73.6435,21.1651],[73.6724,21.1854],[73.7488,21.1888],[73.8388,21.2239],[73.8753,21.2485],[73.87,21.336],[73.8315,21.3716],[73.7518,21.3796],[73.6904,21.3963]]],[[[73.2788,21.3503],[73.2877,21.3719],[73.2873,21.4135],[73.2406,21.4704],[73.1433,21.5367],[73.0545,21.5328],[73.0016,21.4792],[72.99,21.4788],[72.9551,21.404],[72.9608,21.3296],[72.9291,21.2948],[72.9191,21.2488],[72.9433,21.153],[72.9223,21.1255],[72.8152,21.1006],[72.8275,21.0931],[72.821,21.0252],[72.8001,21.0171],[72.7259,21.0216],[72.7205,20.9663],[72.7915,20.9754],[72.808,20.9577],[72.8073,20.933],[72.9537,20.9524],[72.9871,20.9686],[73.1288,21.1093],[73.1453,21.1353],[73.1643,21.2086],[73.1782,21.3163],[73.207,21.3367],[73.2469,21.3342],[73.2788,21.3503]]]]}},{"type":"Feature","properties":{"id":"bombay--surgana","name":"Surgana","division":"Bombay","type":"Princely states"},"geometry":{"type":"Polygon","coordinates":[[[73.756,20.578],[73.5253,20.7459],[73.503,20.6598],[73.4627,20.627],[73.4264,20.6094],[73.4267,20.5773],[73.4788,20.5468],[73.5331,20.4928],[73.6359,20.4563],[73.7028,20.4626],[73.7169,20.4732],[73.756,20.578]]]}},{"type":"Feature","properties":{"id":"bombay--bansda","name":"Bansda","division":"Bombay","type":"Princely states"},"geometry":{"type":"Polygon","coordinates":[[[73.4778,20.8039],[73.4486,20.7934],[73.4043,20.8031],[73.3888,20.8287],[73.3566,20.8456],[73.3246,20.841],[73.2898,20.8177],[73.2635,20.8285],[73.2132,20.6886],[73.2166,20.659],[73.227,20.6429],[73.282,20.6205],[73.3324,20.5694],[73.367,20.562],[73.4114,20.5787],[73.4267,20.5773],[73.4264,20.6094],[73.4627,20.627],[73.503,20.6598],[73.5253,20.7459],[73.5051,20.7612],[73.4778,20.8039]]]}},{"type":"Feature","properties":{"id":"bombay--dharampur","name":"Dharampur","division":"Bombay","type":"Princely states"},"geometry":{"type":"Polygon","coordinates":[[[73.4267,20.5773],[73.4114,20.5787],[73.367,20.562],[73.3324,20.5694],[73.282,20.6205],[73.227,20.6429],[73.214,20.6818],[73.1648,20.6594],[73.1344,20.6572],[73.1102,20.6416],[73.0982,20.6224],[73.0924,20.5984],[73.1132,20.5585],[73.1197,20.5261],[73.1065,20.4447],[73.0869,20.389],[73.0557,20.3364],[73.1226,20.2929],[73.1973,20.2258],[73.2082,20.1777],[73.3447,20.1808],[73.3531,20.2257],[73.3936,20.2709],[73.3914,20.3619],[73.4003,20.3792],[73.4259,20.4052],[73.5138,20.4419],[73.5425,20.4694],[73.5495,20.4834],[73.4921,20.5278],[73.4788,20.5468],[73.4267,20.5773]]]}},{"type":"Feature","properties":{"id":"daman--daman","name":"Daman","division":"Daman","type":"Other foreign territories"},"geometry":{"type":"Polygon","coordinates":[[[73.0557,20.3364],[72.9911,20.3545],[72.9657,20.3542],[72.954,20.2387],[73.0617,20.1383],[73.152,20.1144],[73.1973,20.133],[73.2091,20.1714],[73.1973,20.2258],[73.1226,20.2929],[73.0557,20.3364]]]}},{"type":"Feature","properties":{"id":"bombay--jawhar","name":"Jawhar","division":"Bombay","type":"Princely states"},"geometry":{"type":"MultiPolygon","coordinates":[[[[72.8788,19.9255],[72.9298,19.9644],[72.9336,19.9883],[72.9192,20.0072],[72.8927,20.0203],[72.863,20.0176],[72.8337,19.9737],[72.8494,19.9347],[72.8788,19.9255]]],[[[73.4573,19.8982],[73.4669,19.9212],[73.4658,19.9556],[73.4465,19.9892],[73.4363,20.0335],[73.4131,20.0719],[73.3631,20.0666],[73.3041,20.0424],[73.2577,19.9889],[73.1725,19.9443],[73.1631,19.904],[73.164,19.8875],[73.2147,19.8307],[73.2398,19.8216],[73.2836,19.8392],[73.3119,19.879],[73.3308,19.8906],[73.4573,19.8982]]]]}},{"type":"Feature","properties":{"id":"daman--daman-2","name":"Daman","division":"Daman","type":"Other foreign territories"},"geometry":{"type":"Polygon","coordinates":[[[72.8799,20.6001],[72.8807,20.5428],[72.8671,20.4973],[72.9232,20.4996],[72.9824,20.5302],[73.0138,20.558],[73.0283,20.612],[73.0178,20.6393],[72.9908,20.6641],[72.9425,20.6695],[72.8861,20.6594],[72.8886,20.6288],[72.8799,20.6001]]]}},{"type":"Feature","properties":{"id":"bombay--bombay-suburban","name":"Bombay Suburban","division":"Bombay","type":"British districts"},"geometry":{"type":"Polygon","coordinates":[[[72.8191,19.0193],[72.8399,18.9775],[72.8477,18.9723],[72.8715,18.9774],[72.8726,19.0384],[72.9501,19.1047],[72.9907,19.1814],[72.9595,19.2259],[72.8345,19.2834],[72.8416,19.2734],[72.8556,19.1283],[72.8191,19.0193]]]}},{"type":"Feature","properties":{"id":"bombay--thana","name":"Thana","division":"Bombay","type":"British districts"},"geometry":{"type":"Polygon","coordinates":[[[73.4131,20.0719],[73.4959,20.0678],[73.5271,20.0544],[73.5379,20.0409],[73.5895,20.0341],[73.5921,20.0026],[73.5646,19.9393],[73.564,19.917],[73.5849,19.8691],[73.6163,19.8364],[73.6765,19.8003],[73.6775,19.7673],[73.6621,19.7019],[73.671,19.6346],[73.681,19.616],[73.7046,19.599],[73.7531,19.5936],[73.7729,19.5786],[73.7652,19.4932],[73.7714,19.4746],[73.8333,19.4014],[73.7246,19.3206],[73.6565,19.2409],[73.6219,19.2192],[73.6137,19.2073],[73.6147,19.1904],[73.5905,19.2157],[73.5663,19.2222],[73.506,19.2102],[73.475,19.1889],[73.4043,19.1051],[73.3533,19.0808],[73.2508,19.0665],[73.2158,19.0527],[73.1422,18.9765],[73.0794,18.9385],[73.0269,18.9184],[72.9605,18.9378],[72.9556,18.9483],[72.9608,18.9641],[72.9921,18.986],[73.0266,19.0427],[73.0141,19.164],[72.9979,19.183],[72.9907,19.1814],[72.9595,19.2259],[72.8345,19.2834],[72.79,19.3305],[72.8058,19.3571],[72.8948,19.4065],[72.9055,19.4333],[72.9014,19.4423],[72.874,19.4483],[72.8054,19.4487],[72.7758,19.4617],[72.7667,19.4757],[72.7616,19.4915],[72.8277,19.5982],[72.8263,19.6154],[72.8058,19.6341],[72.7805,19.6323],[72.7445,19.6065],[72.7072,19.6015],[72.6953,19.761],[72.6454,19.8858],[72.6466,19.9285],[72.6919,19.9988],[72.7127,20.0975],[72.7712,20.2187],[72.753,20.2867],[72.7557,20.3098],[72.8365,20.4362],[72.9654,20.3509],[72.954,20.2387],[73.0617,20.1383],[73.152,20.1144],[73.1973,20.133],[73.2082,20.1542],[73.2082,20.1777],[73.3447,20.1808],[73.3655,20.129],[73.4131,20.0719]],[[73.3631,20.0666],[73.3041,20.0424],[73.2577,19.9889],[73.1725,19.9443],[73.1644,19.9248],[73.164,19.8875],[73.2147,19.8307],[73.2398,19.8216],[73.267,19.8283],[73.3308,19.8906],[73.4573,19.8982],[73.4669,19.9212],[73.4658,19.9556],[73.4465,19.9892],[73.4363,20.0335],[73.4131,20.0719],[73.3631,20.0666]],[[72.8788,19.9255],[72.9298,19.9644],[72.9336,19.9883],[72.9192,20.0072],[72.8927,20.0203],[72.863,20.0176],[72.8337,19.9737],[72.8494,19.9347],[72.8788,19.9255]]]}},{"type":"Feature","properties":{"id":"bombay--nasik","name":"Nasik","division":"Bombay","type":"British districts"},"geometry":{"type":"Polygon","coordinates":[[[74.687,20.0588],[74.7254,20.1236],[74.7617,20.2542],[74.8073,20.2858],[74.87,20.2799],[74.9117,20.637],[74.898,20.6962],[74.7354,20.6991],[74.7161,20.7201],[74.7069,20.7497],[74.6671,20.7869],[74.659,20.808],[74.6599,20.8462],[74.6049,20.8748],[74.4319,20.8762],[74.4197,20.8714],[74.3833,20.8263],[74.368,20.8215],[74.3507,20.8348],[74.3343,20.8701],[74.2975,20.8977],[74.2659,20.9024],[74.0849,20.8843],[73.9538,20.8843],[73.9489,20.8161],[73.9389,20.7921],[73.8985,20.7632],[73.8725,20.7009],[73.8384,20.6481],[73.81,20.6335],[73.7516,20.5729],[73.7169,20.4732],[73.7028,20.4626],[73.6359,20.4563],[73.5495,20.4834],[73.5138,20.4419],[73.4259,20.4052],[73.3914,20.3619],[73.3936,20.2709],[73.3531,20.2257],[73.345,20.1955],[73.3445,20.1704],[73.3655,20.129],[73.4131,20.0719],[73.4959,20.0678],[73.5271,20.0544],[73.5379,20.0409],[73.5895,20.0341],[73.5921,20.0026],[73.5646,19.9393],[73.564,19.917],[73.5849,19.8691],[73.6163,19.8364],[73.6765,19.8003],[73.6775,19.7673],[73.6621,19.7019],[73.671,19.6346],[73.681,19.616],[73.7046,19.599],[73.7531,19.5936],[73.7729,19.5786],[73.7705,19.5161],[73.8106,19.5127],[73.8389,19.5219],[73.8519,19.5593],[73.8464,19.625],[73.8576,19.6395],[73.9242,19.6781],[73.9455,19.7057],[74.0059,19.7348],[74.1081,19.7449],[74.1713,19.7308],[74.2585,19.7264],[74.2874,19.7397],[74.3087,19.7804],[74.3045,19.8725],[74.3131,19.9406],[74.3344,19.9718],[74.3622,19.9898],[74.3975,20.0103],[74.4898,20.0094],[74.5896,20.0503],[74.6415,20.0623],[74.687,20.0588]]]}},{"type":"Feature","properties":{"id":"hyderabad--aurangabad","name":"Aurangabad","division":"Hyderabad","type":"Princely districts"},"geometry":{"type":"Polygon","coordinates":[[[76.341,19.8408],[76.3025,19.8994],[76.2724,19.9283],[76.2145,19.9634],[76.2096,19.9826],[76.2313,20.0123],[76.2593,20.0336],[76.256,20.0922],[76.2703,20.1471],[76.3135,20.1611],[76.339,20.1872],[76.3456,20.2182],[76.3093,20.2699],[76.1856,20.327],[76.1522,20.43],[76.0752,20.4866],[76.059,20.5298],[76.0127,20.5653],[75.8884,20.5792],[75.841,20.5407],[75.8165,20.5322],[75.7755,20.5395],[75.7179,20.5929],[75.6342,20.6204],[75.5853,20.5948],[75.5503,20.592],[75.4879,20.608],[75.4483,20.6096],[75.4116,20.5724],[75.3598,20.5423],[75.3309,20.5582],[75.2335,20.6659],[75.1756,20.6646],[75.139,20.6416],[75.1299,20.6187],[75.1237,20.5613],[75.1587,20.4953],[75.1632,20.448],[75.0643,20.4394],[75.0566,20.382],[75.0475,20.372],[74.9669,20.3648],[74.9319,20.3031],[74.9106,20.2816],[74.8073,20.2858],[74.7617,20.2542],[74.7133,20.0963],[74.627,19.9958],[74.6225,19.9757],[74.6211,19.9527],[74.6348,19.9226],[74.7168,19.8683],[74.72,19.7922],[74.7322,19.7492],[74.7473,19.7291],[74.7822,19.7148],[74.8398,19.7135],[74.8792,19.7035],[74.9292,19.6734],[74.9458,19.626],[74.967,19.6059],[75.0791,19.6274],[75.1381,19.6231],[75.2077,19.59],[75.3016,19.6028],[75.3243,19.587],[75.3346,19.465],[75.3452,19.4478],[75.4275,19.4106],[75.4659,19.4096],[75.7388,19.3437],[75.7771,19.3435],[75.8124,19.3596],[75.8893,19.4224],[75.9277,19.4289],[75.991,19.3998],[76.0298,19.326],[76.0559,19.3029],[76.211,19.3048],[76.2702,19.2719],[76.3054,19.264],[76.3534,19.265],[76.3631,19.276],[76.3365,19.329],[76.2376,19.4435],[76.2563,19.515],[76.3385,19.5737],[76.3532,19.6473],[76.3138,19.7585],[76.3202,19.8005],[76.341,19.8408]]]}},{"type":"Feature","properties":{"id":"bombay--ahmednagar","name":"Ahmednagar","division":"Bombay","type":"British districts"},"geometry":{"type":"MultiPolygon","coordinates":[[[[75.4043,18.5434],[75.4781,18.5935],[75.5368,18.5947],[75.5654,18.6076],[75.5911,18.6333],[75.5913,18.6893],[75.5568,18.731],[75.5237,18.7426],[75.5224,18.7999],[75.4984,18.8244],[75.3793,18.8319],[75.2471,18.7638],[75.247,18.693],[75.2931,18.6311],[75.3231,18.5565],[75.3411,18.5306],[75.3892,18.5234],[75.4043,18.5434]]],[[[74.627,19.9958],[74.687,20.0588],[74.6415,20.0623],[74.5896,20.0503],[74.4898,20.0094],[74.3975,20.0103],[74.3622,19.9898],[74.3344,19.9718],[74.3131,19.9406],[74.3045,19.8725],[74.3087,19.7804],[74.2874,19.7397],[74.2585,19.7264],[74.1713,19.7308],[74.1081,19.7449],[74.0059,19.7348],[73.9455,19.7057],[73.9242,19.6781],[73.8576,19.6395],[73.8464,19.625],[73.8519,19.5593],[73.8389,19.5219],[73.8106,19.5127],[73.7705,19.5161],[73.7652,19.4932],[73.7714,19.4746],[73.8333,19.4014],[73.8649,19.4255],[73.9415,19.457],[74.0159,19.4551],[74.1397,19.4043],[74.2207,19.3257],[74.2598,19.3032],[74.3292,19.2855],[74.3557,19.2581],[74.3609,19.2151],[74.3408,19.2055],[74.2351,19.2003],[74.2139,19.1691],[74.1699,19.1498],[74.1764,19.1235],[74.2169,19.0627],[74.3216,18.9723],[74.4021,18.9474],[74.4688,18.9189],[74.5028,18.8951],[74.523,18.8605],[74.556,18.7339],[74.5976,18.6395],[74.668,18.5595],[74.7345,18.519],[74.811,18.4904],[74.8537,18.4354],[74.8712,18.3864],[74.8849,18.3734],[74.9156,18.415],[75.0349,18.4829],[75.076,18.5575],[75.1815,18.6468],[75.1552,18.6958],[75.115,18.7281],[75.0184,18.7784],[74.9933,18.8047],[74.9506,18.886],[74.8802,18.9577],[74.8689,18.9875],[74.8689,19.0222],[74.8802,19.0449],[74.9631,19.0533],[74.9858,19.0749],[75.0034,19.1526],[75.0222,19.1717],[75.0537,19.1825],[75.143,19.1752],[75.1858,19.1489],[75.2084,19.0891],[75.2322,19.0604],[75.3844,19.0924],[75.3908,19.1163],[75.3858,19.1354],[75.318,19.2061],[75.3319,19.242],[75.415,19.2693],[75.4289,19.2812],[75.4522,19.3256],[75.4493,19.3758],[75.4403,19.4031],[75.3452,19.4478],[75.3346,19.465],[75.3243,19.587],[75.3016,19.6028],[75.2077,19.59],[75.1381,19.6231],[75.0791,19.6274],[74.967,19.6059],[74.9458,19.626],[74.9292,19.6734],[74.8792,19.7035],[74.8398,19.7135],[74.7822,19.7148],[74.7473,19.7291],[74.7322,19.7492],[74.72,19.7922],[74.7168,19.8683],[74.6348,19.9226],[74.6211,19.9527],[74.627,19.9958]]]]}},{"type":"Feature","properties":{"id":"bombay--poona","name":"Poona","division":"Bombay","type":"British districts"},"geometry":{"type":"Polygon","coordinates":[[[74.8849,18.3734],[74.8712,18.3864],[74.8537,18.4354],[74.811,18.4904],[74.7345,18.519],[74.668,18.5595],[74.5976,18.6395],[74.556,18.7339],[74.523,18.8605],[74.5028,18.8951],[74.4688,18.9189],[74.4021,18.9474],[74.3216,18.9723],[74.2169,19.0627],[74.1764,19.1235],[74.1699,19.1498],[74.2139,19.1691],[74.2351,19.2003],[74.3408,19.2055],[74.3609,19.2151],[74.3557,19.2581],[74.3292,19.2855],[74.2598,19.3032],[74.2207,19.3257],[74.1397,19.4043],[74.1106,19.4209],[74.0159,19.4551],[73.9415,19.457],[73.8649,19.4255],[73.7246,19.3206],[73.6565,19.2409],[73.6137,19.2073],[73.6127,19.1452],[73.5915,19.1271],[73.5842,19.0948],[73.5443,19.0622],[73.5234,19.0107],[73.4849,18.9578],[73.4679,18.8931],[73.4683,18.8524],[73.4823,18.831],[73.4838,18.8],[73.431,18.68],[73.4237,18.6453],[73.434,18.6191],[73.5489,18.4918],[73.6048,18.5116],[73.6321,18.5465],[73.6733,18.5659],[73.7247,18.5675],[73.8003,18.5022],[73.8433,18.4463],[73.9874,18.4376],[74.0151,18.4102],[74.0417,18.3673],[74.0206,18.3313],[74.022,18.2967],[74.0697,18.2682],[74.1596,18.1808],[74.1861,18.1971],[74.2762,18.1965],[74.3594,18.1633],[74.3954,18.1596],[74.4764,18.1828],[74.5424,18.1925],[74.6165,18.1927],[74.6735,18.1727],[74.6986,18.1489],[74.7736,18.1509],[74.8107,18.1289],[74.8397,18.0878],[74.8928,18.0754],[74.9398,18.0333],[74.9758,18.0161],[75.0748,18.0218],[75.1008,18.0314],[75.1138,18.0677],[75.0928,18.1395],[75.1019,18.2638],[75.0929,18.2992],[75.0819,18.3117],[75.0559,18.3127],[75.0018,18.2954],[74.9327,18.2945],[74.8836,18.349],[74.8849,18.3734]],[[73.6976,18.6701],[73.6326,18.6362],[73.5962,18.6419],[73.542,18.6761],[73.5343,18.6928],[73.5869,18.7488],[73.6491,18.7654],[73.6831,18.7525],[73.6973,18.7048],[73.6976,18.6701]]]}},{"type":"Feature","properties":{"id":"bombay--bhor","name":"Bhor","division":"Bombay","type":"Princely states"},"geometry":{"type":"MultiPolygon","coordinates":[[[[73.6326,18.6362],[73.6976,18.6701],[73.6973,18.7048],[73.6831,18.7525],[73.6491,18.7654],[73.5869,18.7488],[73.5343,18.6928],[73.542,18.6761],[73.5962,18.6419],[73.6326,18.6362]]],[[[73.5489,18.4918],[73.434,18.6191],[73.4237,18.6453],[73.431,18.68],[73.4838,18.8],[73.4823,18.831],[73.4682,18.8587],[73.4337,18.8605],[73.3829,18.7908],[73.3554,18.7774],[73.2908,18.7134],[73.2776,18.6524],[73.2987,18.5438],[73.3859,18.474],[73.5528,18.4798],[73.58,18.4027],[73.6985,18.2899],[73.7416,18.2205],[73.8371,18.1628],[74.0332,18.1591],[74.1272,18.1653],[74.1596,18.1808],[74.0697,18.2682],[74.022,18.2967],[74.0206,18.3313],[74.0417,18.3673],[74.0151,18.4102],[73.9874,18.4376],[73.8433,18.4463],[73.8003,18.5022],[73.7247,18.5675],[73.6733,18.5659],[73.6321,18.5465],[73.6048,18.5116],[73.5489,18.4918]]]]}},{"type":"Feature","properties":{"id":"bombay--phaltan","name":"Phaltan","division":"Bombay","type":"Princely states"},"geometry":{"type":"Polygon","coordinates":[[[74.7112,18.1489],[74.6986,18.1489],[74.6735,18.1727],[74.6165,18.1927],[74.5424,18.1925],[74.4764,18.1828],[74.3954,18.1596],[74.3594,18.1633],[74.3313,18.1795],[74.2712,18.1968],[74.2426,18.1325],[74.2416,18.0906],[74.2806,18.0322],[74.4205,18.0362],[74.4594,17.9981],[74.4844,17.9958],[74.6356,18.0033],[74.683,18.0177],[74.6805,18.0392],[74.7029,18.0895],[74.7112,18.1489]]]}},{"type":"Feature","properties":{"id":"bombay--satara","name":"Satara","division":"Bombay","type":"British districts"},"geometry":{"type":"Polygon","coordinates":[[[74.2712,18.1968],[74.1861,18.1971],[74.1272,18.1653],[73.8581,18.161],[73.813,18.1732],[73.7416,18.2205],[73.7307,18.2118],[73.7172,18.1419],[73.722,18.0282],[73.6668,17.9207],[73.6996,17.8738],[73.7127,17.7896],[73.736,17.7557],[73.8056,17.7029],[73.8114,17.6796],[73.8091,17.6443],[73.7673,17.5586],[73.7582,17.5179],[73.7576,17.4223],[73.7755,17.359],[73.7758,17.3141],[73.9503,17.302],[73.9842,17.2936],[74.0002,17.2774],[74.0304,17.2134],[74.1322,17.1441],[74.1424,17.1011],[74.1733,17.0792],[74.2271,17.0612],[74.2817,17.0748],[74.3275,17.0769],[74.4419,17.0648],[74.4838,17.0443],[74.5157,17.0877],[74.5388,17.1057],[74.6231,17.1065],[74.6872,17.1404],[74.7312,17.1498],[74.7416,17.1584],[74.7557,17.2065],[74.8259,17.2274],[74.8714,17.2561],[74.8826,17.3551],[74.8893,17.3695],[74.9088,17.3771],[74.8949,17.4062],[74.841,17.4492],[74.819,17.4884],[74.806,17.5582],[74.774,17.6022],[74.779,17.6137],[74.8229,17.6233],[74.8568,17.6405],[74.8837,17.6884],[75.0054,17.7223],[74.9845,17.7728],[74.9495,17.814],[74.9326,17.858],[74.9026,17.8761],[74.8277,17.8751],[74.8087,17.8885],[74.7896,17.922],[74.7846,17.9707],[74.7596,17.9937],[74.6772,18.0155],[74.6356,18.0033],[74.4844,17.9958],[74.4594,17.9981],[74.4205,18.0362],[74.2806,18.0322],[74.2416,18.0906],[74.2402,18.1133],[74.2712,18.1968]]]}},{"type":"Feature","properties":{"id":"bombay--aundh","name":"Aundh","division":"Bombay","type":"Princely states"},"geometry":{"type":"Polygon","coordinates":[[[75.0692,17.4233],[75.0693,17.4942],[75.1072,17.5334],[75.1212,17.587],[75.0853,17.6396],[75.0813,17.6712],[75.1073,17.7094],[75.1013,17.7238],[75.0813,17.7343],[75.0254,17.7276],[74.8837,17.6884],[74.8568,17.6405],[74.8229,17.6233],[74.779,17.6137],[74.774,17.6022],[74.806,17.5582],[74.819,17.4884],[74.841,17.4492],[74.8949,17.4062],[74.9088,17.3771],[74.9296,17.3681],[74.9967,17.3645],[75.012,17.3908],[75.0581,17.4248],[75.0692,17.4233]]]}},{"type":"Feature","properties":{"id":"bombay--sholapur","name":"Sholapur","division":"Bombay","type":"British districts"},"geometry":{"type":"MultiPolygon","coordinates":[[[[75.6155,18.5259],[75.5896,18.4705],[75.5202,18.3961],[75.493,18.3517],[75.5333,18.2612],[75.5662,18.2109],[75.6711,18.166],[75.6678,18.0957],[75.6752,18.0728],[75.6901,18.0397],[75.7095,18.0196],[75.729,18.0223],[75.8796,18.1422],[75.8894,18.2971],[75.9591,18.4188],[75.958,18.4761],[75.9415,18.4934],[75.91,18.4993],[75.8693,18.4938],[75.8121,18.4668],[75.779,18.4684],[75.734,18.4843],[75.662,18.5248],[75.6155,18.5259]]],[[[75.3563,18.2806],[75.3677,18.3512],[75.3052,18.4015],[75.2765,18.4709],[75.2439,18.4757],[75.2189,18.4949],[75.2078,18.6216],[75.1815,18.6468],[75.076,18.5575],[75.0349,18.4829],[74.9156,18.415],[74.8816,18.3662],[74.8926,18.3346],[74.9327,18.2945],[75.0018,18.2954],[75.0559,18.3127],[75.0819,18.3117],[75.0929,18.2992],[75.1019,18.2638],[75.0928,18.1395],[75.1138,18.0677],[75.1008,18.0314],[75.0748,18.0218],[74.9758,18.0161],[74.9398,18.0333],[74.8928,18.0754],[74.8397,18.0878],[74.8107,18.1289],[74.7736,18.1509],[74.7566,18.1518],[74.7112,18.1489],[74.7129,18.1266],[74.6772,18.0155],[74.7746,17.986],[74.7846,17.9707],[74.7946,17.9095],[74.8277,17.8751],[74.9026,17.8761],[74.9326,17.858],[74.9495,17.814],[74.9845,17.7728],[75.0054,17.7223],[75.0813,17.7343],[75.1013,17.7238],[75.1073,17.7094],[75.0813,17.6712],[75.0853,17.6396],[75.1212,17.587],[75.1072,17.5334],[75.0693,17.4942],[75.0692,17.4233],[75.0836,17.4212],[75.1483,17.3787],[75.2174,17.3733],[75.2723,17.3876],[75.2872,17.3864],[75.3133,17.3672],[75.3289,17.3702],[75.3576,17.3898],[75.3826,17.4346],[75.4805,17.4573],[75.462,17.4812],[75.3734,17.5532],[75.3557,17.6326],[75.4487,17.7262],[75.4836,17.7337],[75.5096,17.7279],[75.5384,17.7078],[75.5713,17.6665],[75.6102,17.6846],[75.673,17.6461],[75.6808,17.6078],[75.6566,17.5276],[75.6552,17.4726],[75.6717,17.4662],[75.6747,17.4575],[75.758,17.4679],[75.9063,17.4635],[75.9148,17.5198],[75.8991,17.5878],[75.9102,17.6117],[75.9283,17.6298],[76.044,17.6388],[76.08,17.6529],[76.1012,17.6844],[76.1146,17.7337],[76.088,17.7913],[76.0969,17.8223],[76.0936,17.8965],[76.0676,17.9277],[76.0377,17.941],[76.0127,17.9387],[75.9686,17.8768],[75.9398,17.8662],[75.8899,17.8676],[75.7902,17.917],[75.7215,17.9006],[75.6854,17.9342],[75.6391,17.9284],[75.6042,17.9392],[75.593,17.9608],[75.5958,18.0493],[75.5785,18.09],[75.5399,18.1379],[75.5312,18.175],[75.5125,18.193],[75.4737,18.1979],[75.4162,18.186],[75.3924,18.1933],[75.3725,18.2184],[75.3563,18.2806]]]]}},{"type":"Feature","properties":{"id":"bombay--jath","name":"Jath","division":"Bombay","type":"Princely states"},"geometry":{"type":"Polygon","coordinates":[[[75.6717,17.4662],[75.6226,17.4884],[75.5914,17.4915],[75.5247,17.4672],[75.3826,17.4346],[75.3576,17.3898],[75.3289,17.3702],[75.3133,17.3672],[75.2872,17.3864],[75.2723,17.3876],[75.2157,17.3733],[75.2206,17.3374],[75.2086,17.3001],[75.1342,17.2055],[75.126,17.1693],[75.0513,17.0918],[75.0677,17.0559],[75.1154,17.0064],[75.2251,16.9963],[75.2772,16.9704],[75.2974,16.9797],[75.3326,17.0621],[75.352,17.0836],[75.4214,17.0914],[75.4818,17.0762],[75.5019,17.0376],[75.5648,17.0432],[75.6366,17.1185],[75.6794,17.1821],[75.6944,17.2227],[75.6951,17.2407],[75.6556,17.312],[75.6525,17.3317],[75.6688,17.3633],[75.6777,17.4123],[75.6717,17.4662]]]}},{"type":"Feature","properties":{"id":"bombay--miraj","name":"Miraj","division":"Bombay","type":"Princely states"},"geometry":{"type":"MultiPolygon","coordinates":[[[[74.9251,17.0353],[74.9392,17.0762],[74.9549,17.0866],[74.9288,17.0884],[74.8721,17.1092],[74.8497,17.1336],[74.8407,17.1522],[74.8305,17.2295],[74.7557,17.2065],[74.7355,17.1533],[74.7437,17.1134],[74.717,17.0373],[74.6463,16.9475],[74.6098,16.9309],[74.5643,16.9268],[74.5727,16.8566],[74.5624,16.839],[74.5676,16.8038],[74.5811,16.783],[74.6139,16.7573],[74.6519,16.7473],[74.7144,16.756],[74.733,16.779],[74.7553,16.8594],[74.756,16.8988],[74.7984,16.9283],[74.8081,16.9556],[74.7648,17.0093],[74.77,17.0316],[74.8453,17.0252],[74.8685,16.9205],[74.9087,16.9083],[75.0459,16.9026],[75.0861,16.9083],[75.0906,16.9219],[75.0817,16.9478],[74.9527,16.9801],[74.9333,16.9951],[74.9251,17.0353]]],[[[75.1483,17.3787],[75.0836,17.4212],[75.0581,17.4248],[75.012,17.3908],[74.9967,17.3645],[75.0955,17.3142],[75.1342,17.2055],[75.2086,17.3001],[75.2206,17.3374],[75.2157,17.3733],[75.1483,17.3787]]]]}},{"type":"Feature","properties":{"id":"bombay--belgaum","name":"Belgaum","division":"Bombay","type":"British districts"},"geometry":{"type":"Polygon","coordinates":[[[75.5019,17.0376],[75.4818,17.0762],[75.4214,17.0914],[75.352,17.0836],[75.3326,17.0621],[75.2974,16.9797],[75.2772,16.9704],[75.2251,16.9963],[75.1154,17.0064],[75.0528,17.0782],[75.0556,17.098],[74.9549,17.0866],[74.9392,17.0762],[74.9281,17.0554],[74.9243,17.0145],[74.9333,16.9951],[74.9527,16.9801],[75.0817,16.9478],[75.0906,16.9219],[75.0861,16.9083],[75.0459,16.9026],[74.9087,16.9083],[74.8685,16.9205],[74.8453,17.0252],[74.77,17.0316],[74.7648,17.0093],[74.8081,16.9556],[74.7984,16.9283],[74.756,16.8988],[74.7456,16.8091],[74.7144,16.756],[74.6519,16.7473],[74.6139,16.7573],[74.5811,16.783],[74.5676,16.8038],[74.5624,16.839],[74.529,16.8383],[74.5151,16.8354],[74.5004,16.7588],[74.4281,16.7012],[74.4242,16.6773],[74.4748,16.5929],[74.4731,16.5373],[74.4812,16.5182],[74.493,16.5068],[74.5662,16.4813],[74.5792,16.4556],[74.5824,16.4209],[74.5516,16.3425],[74.5325,16.3162],[74.4836,16.2886],[74.418,16.2788],[74.3958,16.2668],[74.3742,16.2494],[74.3478,16.1854],[74.3206,16.1661],[74.2822,16.1756],[74.2201,16.2304],[74.1854,16.2452],[74.1119,16.2228],[74.0877,16.2245],[74.0539,16.2562],[74.0295,16.2442],[74.0024,16.2178],[73.9878,16.1747],[73.9928,16.1365],[74.0278,16.1194],[74.0472,16.093],[74.0732,16.0752],[74.1654,16.0332],[74.1842,15.9931],[74.1857,15.9723],[74.1679,15.9026],[74.1847,15.9097],[74.2243,15.9003],[74.259,15.8693],[74.3087,15.7953],[74.3548,15.6649],[74.3949,15.6641],[74.4249,15.6329],[74.4636,15.5698],[74.5058,15.5678],[74.5301,15.6102],[74.5567,15.6188],[74.5767,15.6146],[74.6272,15.5465],[74.6428,15.5401],[74.6835,15.5451],[74.7345,15.5904],[74.7678,15.5969],[74.7804,15.589],[74.8056,15.5374],[74.8449,15.531],[74.881,15.5498],[74.8755,15.5734],[74.8918,15.6072],[74.9636,15.6481],[74.9732,15.6682],[74.968,15.745],[74.9976,15.806],[75.0228,15.8225],[75.0962,15.839],[75.2044,15.8253],[75.2778,15.8273],[75.3053,15.8359],[75.3238,15.8552],[75.3224,15.8883],[75.3009,15.9213],[75.2943,15.9479],[75.2536,15.9895],[75.1994,15.9867],[75.1883,15.9975],[75.1817,16.0657],[75.1335,16.0901],[75.1135,16.1446],[75.1083,16.197],[75.1194,16.2243],[75.1863,16.2551],[75.196,16.329],[75.2147,16.357],[75.2303,16.4093],[75.1991,16.4431],[75.1769,16.484],[75.1814,16.5924],[75.1718,16.6211],[75.1458,16.6555],[75.1518,16.7165],[75.1362,16.7782],[75.166,16.8055],[75.2412,16.8133],[75.2979,16.8412],[75.3285,16.8699],[75.3368,16.9258],[75.3555,16.9459],[75.3846,16.9609],[75.4599,16.9801],[75.5019,17.0376]],[[74.995,16.7538],[75.0285,16.7425],[75.0639,16.703],[75.0775,16.6384],[75.0651,16.584],[74.9343,16.4764],[74.9114,16.4632],[74.8754,16.4722],[74.8587,16.4907],[74.7904,16.624],[74.7865,16.6987],[74.8057,16.7292],[74.8355,16.7507],[74.9088,16.7442],[74.9485,16.7538],[74.995,16.7538]],[[74.6646,16.0868],[74.6863,16.0782],[74.7061,16.0821],[74.7872,16.1511],[74.8228,16.1588],[74.8516,16.1425],[74.8585,16.1243],[74.8596,16.0315],[74.8319,15.9875],[74.7292,15.8745],[74.654,15.8763],[74.5649,15.9383],[74.5371,15.9919],[74.5539,16.0101],[74.5925,16.0226],[74.5954,16.0408],[74.5874,16.0628],[74.5221,16.0789],[74.4913,16.1305],[74.4932,16.1448],[74.5199,16.1841],[74.5465,16.2043],[74.5723,16.211],[74.7332,16.3239],[74.7751,16.3194],[74.7989,16.3013],[74.799,16.2621],[74.7713,16.2228],[74.7258,16.2036],[74.6605,16.1509],[74.6546,16.1069],[74.6646,16.0868]]]}},{"type":"Feature","properties":{"id":"bombay--sangli","name":"Sangli","division":"Bombay","type":"Princely states"},"geometry":{"type":"MultiPolygon","coordinates":[[[[75.6446,15.3902],[75.6262,15.396],[75.6084,15.3917],[75.5669,15.3531],[75.5248,15.379],[75.4989,15.3769],[75.4562,15.3566],[75.4469,15.2751],[75.4246,15.2278],[75.4379,15.1876],[75.4984,15.1731],[75.5442,15.1479],[75.5685,15.122],[75.6017,15.1148],[75.7132,15.1198],[75.7188,15.1322],[75.7395,15.1417],[75.841,15.1452],[75.9064,15.2392],[75.8144,15.31],[75.7842,15.3245],[75.6741,15.3413],[75.6446,15.3902]]],[[[74.6646,16.0868],[74.6546,16.1069],[74.6605,16.1509],[74.7258,16.2036],[74.7713,16.2228],[74.799,16.2621],[74.7989,16.3013],[74.7751,16.3194],[74.7332,16.3239],[74.5723,16.211],[74.5465,16.2043],[74.5199,16.1841],[74.4932,16.1448],[74.4913,16.1305],[74.5221,16.0789],[74.5874,16.0628],[74.5954,16.0408],[74.5925,16.0226],[74.5539,16.0101],[74.5371,15.9919],[74.5649,15.9383],[74.654,15.8763],[74.7292,15.8745],[74.8319,15.9875],[74.8596,16.0315],[74.8585,16.1243],[74.8516,16.1425],[74.8228,16.1588],[74.7872,16.1511],[74.7061,16.0821],[74.6863,16.0782],[74.6646,16.0868]]],[[[74.6098,16.9309],[74.6463,16.9475],[74.717,17.0373],[74.7437,17.1134],[74.7355,17.1533],[74.6872,17.1404],[74.6231,17.1065],[74.5388,17.1057],[74.5157,17.0877],[74.4838,17.0443],[74.5256,16.9828],[74.5545,16.9608],[74.5643,16.9268],[74.6098,16.9309]]],[[[74.9296,17.3681],[74.9132,17.3774],[74.8893,17.3695],[74.8714,17.2561],[74.8305,17.2295],[74.8407,17.1522],[74.8721,17.1092],[74.9288,17.0884],[75.0556,17.098],[75.1058,17.1456],[75.1342,17.1901],[75.0955,17.3142],[74.9991,17.3645],[74.9296,17.3681]]],[[[75.5713,17.6665],[75.5384,17.7078],[75.5096,17.7279],[75.4836,17.7337],[75.4487,17.7262],[75.3557,17.6326],[75.3734,17.5532],[75.462,17.4812],[75.4805,17.4573],[75.5914,17.4915],[75.6226,17.4884],[75.6552,17.4726],[75.6566,17.5276],[75.6808,17.6078],[75.6789,17.6356],[75.673,17.6461],[75.6102,17.6846],[75.5713,17.6665]]]]}},{"type":"Feature","properties":{"id":"bombay--mudhol","name":"Mudhol","division":"Bombay","type":"Princely states"},"geometry":{"type":"Polygon","coordinates":[[[75.4405,16.6215],[75.414,16.6439],[75.1677,16.6265],[75.1814,16.5924],[75.1769,16.484],[75.2299,16.4044],[75.3168,16.4051],[75.3518,16.4331],[75.4046,16.4516],[75.439,16.519],[75.4332,16.6001],[75.4405,16.6215]]]}},{"type":"Feature","properties":{"id":"bombay--jamkhandi","name":"Jamkhandi","division":"Bombay","type":"Princely states"},"geometry":{"type":"MultiPolygon","coordinates":[[[[75.3266,15.3837],[75.3,15.4117],[75.2793,15.4132],[75.2637,15.4046],[75.2593,15.3759],[75.2349,15.3788],[75.2217,15.4035],[75.1979,15.3903],[75.2288,15.2783],[75.3382,15.2739],[75.356,15.266],[75.3796,15.238],[75.4253,15.2235],[75.4469,15.2751],[75.4562,15.3566],[75.4087,15.3793],[75.3495,15.3772],[75.3266,15.3837]]],[[[75.5428,16.6529],[75.5719,16.7002],[75.5697,16.7189],[75.5594,16.739],[75.5103,16.7671],[75.4992,16.8001],[75.5112,16.8295],[75.5896,16.8905],[75.582,17.0077],[75.5629,17.0426],[75.5019,17.0376],[75.4599,16.9801],[75.3846,16.9609],[75.3555,16.9459],[75.3368,16.9258],[75.3285,16.8699],[75.2979,16.8412],[75.2412,16.8133],[75.166,16.8055],[75.1362,16.7782],[75.1518,16.7165],[75.1458,16.6555],[75.1677,16.6265],[75.414,16.6439],[75.4971,16.5698],[75.515,16.5676],[75.5314,16.5905],[75.5428,16.6529]]]]}},{"type":"Feature","properties":{"id":"bombay--ramdurg","name":"Ramdurg","division":"Bombay","type":"Princely states"},"geometry":{"type":"Polygon","coordinates":[[[75.49,16.0768],[75.4523,16.1509],[75.442,16.1911],[75.4281,16.3016],[75.4445,16.3317],[75.4461,16.3819],[75.4343,16.4293],[75.4084,16.456],[75.3853,16.4409],[75.3518,16.4331],[75.3168,16.4051],[75.2299,16.4044],[75.2147,16.357],[75.196,16.329],[75.1863,16.2551],[75.1194,16.2243],[75.1083,16.197],[75.1209,16.1116],[75.1335,16.0901],[75.1817,16.0657],[75.1883,15.9975],[75.1994,15.9867],[75.2536,15.9895],[75.295,15.9436],[75.3406,15.958],[75.3554,15.9731],[75.3793,16.0283],[75.49,16.0768]]]}},{"type":"Feature","properties":{"id":"goa--goa","name":"Goa","division":"Goa","type":"Other foreign territories"},"geometry":{"type":"Polygon","coordinates":[[[73.8807,15.4549],[73.8919,15.4314],[73.8843,15.4227],[73.8428,15.4146],[73.9029,15.3687],[73.9253,15.3372],[73.9432,15.2885],[73.9349,15.2757],[73.9533,15.2505],[73.9271,15.1655],[73.9345,15.1325],[73.9784,15.0574],[74.0495,15.0189],[74.0725,14.9853],[74.1016,14.9667],[74.1427,15.0258],[74.1622,15.0701],[74.1891,15.1025],[74.2604,15.129],[74.2812,15.1913],[74.2821,15.2846],[74.3201,15.3373],[74.3556,15.4092],[74.3504,15.4893],[74.3661,15.6185],[74.3573,15.658],[74.3087,15.7953],[74.259,15.8693],[74.2243,15.9003],[74.1847,15.9097],[74.038,15.8386],[74.0158,15.8349],[73.9911,15.8431],[73.9326,15.9086],[73.9139,15.942],[73.8583,15.9441],[73.8347,15.9631],[73.805,15.9629],[73.7755,15.9508],[73.7548,15.8981],[73.7326,15.886],[73.6823,15.8921],[73.6988,15.858],[73.6831,15.81],[73.759,15.713],[73.774,15.6826],[73.7807,15.59],[73.7944,15.5685],[73.8984,15.4896],[73.9109,15.4651],[73.8807,15.4549]]]}},{"type":"Feature","properties":{"id":"bombay--sawantwadi","name":"Sawantwadi","division":"Bombay","type":"Princely states"},"geometry":{"type":"Polygon","coordinates":[[[74.0539,16.2562],[74.036,16.3014],[73.9838,16.3406],[73.9904,16.3735],[74.0261,16.4197],[74.0191,16.4519],[73.9874,16.4859],[73.9511,16.4989],[73.9194,16.55],[73.8399,16.5289],[73.7679,16.4567],[73.7075,16.3071],[73.6781,16.2582],[73.5898,16.1428],[73.5262,16.1133],[73.5368,16.0664],[73.6069,15.9488],[73.6744,15.908],[73.6823,15.8921],[73.7326,15.886],[73.7548,15.8981],[73.7755,15.9508],[73.805,15.9629],[73.8347,15.9631],[73.8583,15.9441],[73.9139,15.942],[73.9326,15.9086],[73.9911,15.8431],[74.0158,15.8349],[74.038,15.8386],[74.1679,15.9026],[74.1857,15.9723],[74.1842,15.9931],[74.1654,16.0332],[74.0732,16.0752],[74.0472,16.093],[74.0278,16.1194],[73.9928,16.1365],[73.9878,16.1747],[74.0024,16.2178],[74.0295,16.2442],[74.0539,16.2562]]]}},{"type":"Feature","properties":{"id":"bombay--kolhapur","name":"Kolhapur","division":"Bombay","type":"Princely states"},"geometry":{"type":"MultiPolygon","coordinates":[[[[74.995,16.7538],[74.9485,16.7538],[74.9088,16.7442],[74.8355,16.7507],[74.8057,16.7292],[74.7865,16.6987],[74.7904,16.624],[74.8587,16.4907],[74.8754,16.4722],[74.9114,16.4632],[74.9343,16.4764],[75.0651,16.584],[75.0775,16.6384],[75.0639,16.703],[75.0285,16.7425],[74.995,16.7538]]],[[[74.2271,17.0612],[74.1424,17.1011],[74.1322,17.1441],[74.0304,17.2134],[74.0002,17.2774],[73.9842,17.2936],[73.9503,17.302],[73.7758,17.3141],[73.7762,17.2586],[73.785,17.2365],[73.8063,17.2103],[73.9419,17.1112],[73.955,17.094],[73.9589,17.0629],[73.9971,17.0219],[74.0015,17.0045],[74.0029,16.9764],[73.9938,16.9611],[73.9512,16.9389],[73.902,16.9291],[73.8868,16.9074],[73.9011,16.8315],[73.9696,16.7491],[73.955,16.6868],[73.9805,16.653],[73.9846,16.632],[73.9704,16.598],[73.9432,16.5796],[73.928,16.5523],[73.9194,16.55],[73.9511,16.4989],[73.9874,16.4859],[74.0191,16.4519],[74.026,16.4305],[74.0261,16.4197],[73.9904,16.3735],[73.9838,16.3406],[74.036,16.3014],[74.0535,16.2566],[74.0877,16.2245],[74.1119,16.2228],[74.1854,16.2452],[74.2201,16.2304],[74.2822,16.1756],[74.3206,16.1661],[74.3478,16.1854],[74.3742,16.2494],[74.3958,16.2668],[74.418,16.2788],[74.4836,16.2886],[74.5325,16.3162],[74.5516,16.3425],[74.5824,16.4209],[74.5792,16.4556],[74.5662,16.4813],[74.493,16.5068],[74.4812,16.5182],[74.4731,16.5373],[74.4748,16.5929],[74.4232,16.685],[74.437,16.7127],[74.4657,16.7262],[74.5004,16.7588],[74.5151,16.8354],[74.5677,16.8393],[74.5676,16.9082],[74.5545,16.9608],[74.5256,16.9828],[74.4767,17.0515],[74.4419,17.0648],[74.3275,17.0769],[74.2817,17.0748],[74.2271,17.0612]]]]}},{"type":"Feature","properties":{"id":"bombay--ratnagiri","name":"Ratnagiri","division":"Bombay","type":"British districts"},"geometry":{"type":"Polygon","coordinates":[[[73.2572,17.684],[73.2486,17.6159],[73.2698,17.5415],[73.27,17.5133],[73.2448,17.437],[73.2414,17.3839],[73.2571,17.3559],[73.2967,17.3237],[73.2953,17.3093],[73.2776,17.2853],[73.2791,17.2613],[73.2943,17.2089],[73.3262,17.1485],[73.3437,16.8555],[73.3679,16.7495],[73.3809,16.6219],[73.3617,16.5386],[73.422,16.3817],[73.5182,16.2428],[73.5262,16.1133],[73.5898,16.1428],[73.6781,16.2582],[73.7075,16.3071],[73.7679,16.4567],[73.8399,16.5289],[73.928,16.5523],[73.9432,16.5796],[73.9704,16.598],[73.9837,16.6215],[73.9805,16.653],[73.955,16.6868],[73.9696,16.7491],[73.9011,16.8315],[73.8868,16.9074],[73.902,16.9291],[73.9512,16.9389],[73.9938,16.9611],[74.0029,16.9764],[74.0015,17.0045],[73.9971,17.0219],[73.9589,17.0629],[73.955,17.094],[73.9419,17.1112],[73.8063,17.2103],[73.7762,17.2586],[73.7755,17.359],[73.7556,17.4479],[73.7582,17.5179],[73.7673,17.5586],[73.8091,17.6443],[73.8056,17.7029],[73.7228,17.7729],[73.7127,17.7896],[73.6996,17.8738],[73.6668,17.9207],[73.6154,17.9471],[73.532,18.0086],[73.4386,18.0586],[73.3881,18.1098],[73.3459,18.1343],[73.3221,18.114],[73.252,18.1258],[73.215,18.1217],[73.1673,18.0906],[73.1116,18.0843],[73.138,17.9945],[73.1885,17.8874],[73.205,17.7886],[73.2375,17.732],[73.2811,17.708],[73.2572,17.684]]]}},{"type":"Feature","properties":{"id":"bombay--janjira","name":"Janjira","division":"Bombay","type":"Princely states"},"geometry":{"type":"Polygon","coordinates":[[[72.9589,18.5195],[72.9653,18.4937],[72.9883,18.4591],[73.047,18.4047],[73.0709,18.3703],[73.071,18.3577],[73.0627,18.3551],[72.973,18.3658],[72.9862,18.3386],[73.0306,18.2994],[73.0456,18.2565],[73.054,18.1777],[73.0961,18.126],[73.1116,18.0843],[73.1673,18.0906],[73.215,18.1217],[73.252,18.1258],[73.3221,18.114],[73.3459,18.1343],[73.316,18.2746],[73.2942,18.3234],[73.2728,18.3448],[73.2325,18.3659],[73.1811,18.3762],[73.1343,18.4199],[73.1118,18.5261],[73.0398,18.5839],[73.005,18.6588],[72.9657,18.6723],[72.9589,18.5195]]]}},{"type":"Feature","properties":{"id":"bombay--kolaba","name":"Kolaba","division":"Bombay","type":"British districts"},"geometry":{"type":"Polygon","coordinates":[[[72.9054,18.8028],[72.9657,18.6723],[73.005,18.6588],[73.0398,18.5839],[73.1118,18.5261],[73.1343,18.4199],[73.1811,18.3762],[73.2325,18.3659],[73.2728,18.3448],[73.2942,18.3234],[73.316,18.2746],[73.3459,18.1343],[73.3881,18.1098],[73.4386,18.0586],[73.532,18.0086],[73.6154,17.9471],[73.6668,17.9207],[73.722,18.0282],[73.7172,18.1419],[73.7307,18.2118],[73.7416,18.2205],[73.6985,18.2899],[73.58,18.4027],[73.5528,18.4798],[73.3859,18.474],[73.2987,18.5438],[73.2776,18.6524],[73.2908,18.7134],[73.3554,18.7774],[73.3829,18.7908],[73.4337,18.8605],[73.4682,18.8587],[73.4679,18.8931],[73.4849,18.9578],[73.5234,19.0107],[73.5443,19.0622],[73.5842,19.0948],[73.5915,19.1271],[73.6127,19.1452],[73.6147,19.1904],[73.5905,19.2157],[73.5663,19.2222],[73.506,19.2102],[73.475,19.1889],[73.4043,19.1051],[73.3533,19.0808],[73.2508,19.0665],[73.2158,19.0527],[73.1422,18.9765],[73.0794,18.9385],[73.0269,18.9184],[73.0263,18.8526],[73.0185,18.8425],[72.9699,18.8677],[72.9407,18.8679],[72.9208,18.855],[72.9054,18.8028]]]}},{"type":"Feature","properties":{"id":"western-india-state-agency--bantwa","name":"Bantwa","division":"Western India State Agency","type":"Princely states"},"geometry":{"type":"MultiPolygon","coordinates":[[[[70.6836,21.2785],[70.7101,21.345],[70.6814,21.3538],[70.6687,21.3697],[70.6584,21.4076],[70.6012,21.4128],[70.5348,21.4653],[70.516,21.4659],[70.5001,21.4521],[70.4888,21.4213],[70.4997,21.3319],[70.5087,21.3054],[70.5492,21.2435],[70.5807,21.2463],[70.6307,21.2762],[70.6836,21.2785]]],[[[70.3238,21.6354],[70.3047,21.6813],[70.2729,21.701],[70.27,21.6337],[70.254,21.6237],[70.1643,21.622],[70.1463,21.6129],[70.1307,21.5905],[70.1291,21.5781],[70.1631,21.5362],[70.1872,21.4844],[70.2333,21.4476],[70.3809,21.4823],[70.3779,21.6008],[70.3617,21.5985],[70.3238,21.6354]]]]}},{"type":"Feature","properties":{"id":"western-india-state-agency--junagadh","name":"Junagadh","division":"Western India State Agency","type":"Princely states"},"geometry":{"type":"Polygon","coordinates":[[[71.0338,20.8261],[71.1473,20.8509],[71.2566,20.8982],[71.2338,20.9296],[71.2343,20.9496],[71.2575,20.9988],[71.3494,21.0257],[71.4088,21.0088],[71.4327,20.9864],[71.469,21.0221],[71.5982,21.0498],[71.5828,21.0916],[71.5476,21.1196],[71.514,21.1189],[71.4374,21.0858],[71.3468,21.0886],[71.3131,21.1041],[71.2536,21.1026],[71.1578,21.1708],[71.1217,21.1879],[71.0182,21.2058],[70.9883,21.2278],[70.98,21.2514],[70.9943,21.2982],[70.9849,21.3084],[70.9791,21.3519],[71.0059,21.4356],[71.003,21.4856],[70.9506,21.5252],[70.9313,21.5311],[70.8658,21.5209],[70.8382,21.4988],[70.8036,21.5051],[70.8041,21.5659],[70.7801,21.6011],[70.7278,21.6355],[70.6509,21.6486],[70.6159,21.6875],[70.4864,21.6699],[70.4391,21.6429],[70.3779,21.6008],[70.3809,21.4823],[70.2333,21.4476],[70.1872,21.4844],[70.1631,21.5362],[70.1291,21.5781],[70.1307,21.5905],[70.1463,21.6129],[70.1643,21.622],[70.254,21.6237],[70.27,21.6337],[70.2729,21.701],[70.2136,21.7259],[70.1907,21.7467],[70.1457,21.8371],[70.0568,21.7927],[70.0193,21.7866],[70.0353,21.7508],[70.0146,21.6859],[70.0172,21.654],[70.0735,21.4998],[70.0804,21.4284],[70.109,21.3187],[70.0605,21.2144],[70.4601,20.8913],[70.5301,20.8673],[70.6577,20.8082],[70.71,20.879],[70.7542,21.0061],[70.7848,21.0355],[70.8662,21.0356],[70.913,21.0692],[70.9495,21.072],[70.9801,21.0317],[70.9983,20.9214],[71.0338,20.8261]],[[70.7101,21.345],[70.6836,21.2785],[70.6307,21.2762],[70.5807,21.2463],[70.5492,21.2435],[70.5087,21.3054],[70.4997,21.3319],[70.4888,21.4213],[70.5001,21.4521],[70.516,21.4659],[70.5348,21.4653],[70.6012,21.4128],[70.6584,21.4076],[70.6687,21.3697],[70.6814,21.3538],[70.7101,21.345]]]}},{"type":"Feature","properties":{"id":"western-india-state-agency--jafrabad","name":"Jafrabad","division":"Western India State Agency","type":"Princely states"},"geometry":{"type":"Polygon","coordinates":[[[71.2414,20.9126],[71.2566,20.8982],[71.4182,20.9298],[71.4309,20.9546],[71.4327,20.9864],[71.4088,21.0088],[71.3494,21.0257],[71.2575,20.9988],[71.2343,20.9496],[71.2414,20.9126]]]}},{"type":"Feature","properties":{"id":"western-india-state-agency--palitana","name":"Palitana","division":"Western India State Agency","type":"Princely states"},"geometry":{"type":"Polygon","coordinates":[[[71.5406,21.568],[71.5351,21.544],[71.5502,21.509],[71.5616,21.5016],[71.5942,21.5022],[71.6204,21.5152],[71.6561,21.5608],[71.7122,21.5628],[71.7391,21.55],[71.7893,21.4927],[71.8486,21.4432],[71.9029,21.4318],[71.918,21.391],[71.9633,21.3699],[71.9886,21.3837],[72.007,21.4777],[71.9867,21.5251],[71.9546,21.5474],[71.9158,21.5954],[71.911,21.6297],[71.8461,21.6533],[71.7544,21.6429],[71.7018,21.685],[71.6872,21.675],[71.6424,21.6675],[71.6254,21.6547],[71.5406,21.568]]]}},{"type":"Feature","properties":{"id":"baroda--amreli","name":"Amreli","division":"Baroda","type":"Princely districts"},"geometry":{"type":"MultiPolygon","coordinates":[[[[70.9495,21.072],[70.913,21.0692],[70.8662,21.0356],[70.7848,21.0355],[70.7542,21.0061],[70.71,20.879],[70.6577,20.8082],[70.7573,20.7751],[70.7972,20.7855],[70.8525,20.8295],[71.0321,20.8261],[70.9983,20.9214],[70.9801,21.0317],[70.9495,21.072]]],[[[71.3131,21.1041],[71.3487,21.1178],[71.3582,21.1455],[71.3648,21.2387],[71.354,21.3136],[71.3634,21.3461],[71.4461,21.4039],[71.4774,21.481],[71.482,21.5539],[71.462,21.5893],[71.4058,21.6442],[71.3317,21.6939],[71.3008,21.7051],[71.2463,21.7096],[71.1816,21.6726],[71.14,21.6072],[71.1366,21.5403],[71.1449,21.42],[71.1245,21.3741],[71.0983,21.3509],[71.0102,21.313],[70.9878,21.2922],[70.98,21.2514],[70.9883,21.2278],[71.0182,21.2058],[71.1217,21.1879],[71.1578,21.1708],[71.2536,21.1026],[71.3131,21.1041]]]]}},{"type":"Feature","properties":{"id":"western-india-state-agency--bagsra","name":"Bagsra","division":"Western India State Agency","type":"Princely states"},"geometry":{"type":"Polygon","coordinates":[[[71.1383,21.5874],[70.9888,21.5848],[70.9509,21.5906],[70.8884,21.6145],[70.8752,21.5973],[70.8047,21.5551],[70.8036,21.5051],[70.8382,21.4988],[70.8658,21.5209],[70.9313,21.5311],[70.9506,21.5252],[71.003,21.4856],[71.0059,21.4356],[70.9791,21.3519],[70.9849,21.3084],[70.9943,21.2982],[71.0102,21.313],[71.0983,21.3509],[71.1245,21.3741],[71.1449,21.42],[71.1383,21.5874]]]}},{"type":"Feature","properties":{"id":"western-india-state-agency--kotda-sanghani","name":"Kotda Sanghani","division":"Western India State Agency","type":"Princely states"},"geometry":{"type":"Polygon","coordinates":[[[71.0599,22.1364],[71.0384,22.1619],[71.0009,22.1849],[70.9337,22.1698],[70.9238,22.1572],[70.935,22.1212],[71.0333,21.9776],[70.9963,21.8383],[70.9954,21.7944],[71.0389,21.7381],[71.0883,21.7231],[71.1249,21.7325],[71.156,21.7533],[71.1896,21.798],[71.1869,21.8228],[71.1441,21.8552],[71.1411,21.8895],[71.1539,21.9079],[71.1771,21.9199],[71.2088,21.9206],[71.247,21.9062],[71.3206,21.9089],[71.342,21.9344],[71.2904,21.9577],[71.2389,22.009],[71.219,22.0668],[71.2203,22.1053],[71.194,22.1378],[71.1306,22.126],[71.0599,22.1364]]]}},{"type":"Feature","properties":{"id":"western-india-state-agency--lathi","name":"Lathi","division":"Western India State Agency","type":"Princely states"},"geometry":{"type":"Polygon","coordinates":[[[71.545,21.9871],[71.4945,21.9957],[71.4706,22.0086],[71.4021,22.0042],[71.3749,21.9874],[71.3564,21.9517],[71.3206,21.9089],[71.247,21.9062],[71.2088,21.9206],[71.1771,21.9199],[71.1539,21.9079],[71.1395,21.8723],[71.1441,21.8552],[71.1869,21.8228],[71.1896,21.798],[71.1769,21.7748],[71.1249,21.7325],[71.0883,21.7231],[71.0389,21.7381],[71.0007,21.7881],[70.9216,21.7512],[70.9045,21.7348],[70.9128,21.7099],[70.8831,21.6414],[70.8884,21.6145],[70.9509,21.5906],[70.9888,21.5848],[71.1383,21.5874],[71.1533,21.6349],[71.1816,21.6726],[71.2463,21.7096],[71.3008,21.7051],[71.3317,21.6939],[71.4058,21.6442],[71.462,21.5893],[71.4821,21.5507],[71.5381,21.5571],[71.5406,21.568],[71.6254,21.6547],[71.6424,21.6675],[71.6872,21.675],[71.7018,21.685],[71.6318,21.7284],[71.545,21.9871]]]}},{"type":"Feature","properties":{"id":"western-india-state-agency--bhavnagar","name":"Bhavnagar","division":"Western India State Agency","type":"Princely states"},"geometry":{"type":"Polygon","coordinates":[[[71.5828,21.0916],[71.5982,21.0498],[71.809,21.1132],[71.9918,21.2006],[72.0321,21.2361],[72.0284,21.33],[72.1447,21.4233],[72.1798,21.469],[72.2057,21.574],[72.2296,21.6122],[72.2333,21.6354],[72.2246,21.6587],[72.1866,21.6403],[72.1758,21.6153],[72.1822,21.5495],[72.1638,21.5005],[72.1374,21.4933],[72.0644,21.5207],[72.0379,21.568],[72.0285,21.6271],[71.9822,21.6893],[71.9756,21.713],[71.9871,21.7486],[72.0063,21.7633],[72.0441,21.7611],[72.1062,21.7259],[72.1595,21.7192],[72.1904,21.726],[72.1656,21.7599],[72.1327,21.783],[72.07,21.7833],[71.9701,21.8091],[71.921,21.8328],[71.9092,21.8588],[71.9224,21.8681],[71.99,21.8804],[72.0174,21.9001],[72.0358,21.9038],[72.057,21.8909],[72.0815,21.8573],[72.1096,21.8528],[72.1261,21.8626],[72.1169,21.9021],[72.0802,21.9357],[72.0441,21.9541],[72.0398,21.968],[72.0467,21.9866],[72.0986,22.0137],[72.1168,22.0443],[72.0271,22.0778],[71.9442,22.145],[71.86,22.1291],[71.823,22.1327],[71.7769,22.1977],[71.752,22.2086],[71.6941,22.186],[71.654,22.1909],[71.6335,22.212],[71.6329,22.2376],[71.5455,22.2434],[71.5427,22.203],[71.5748,22.1034],[71.5779,22.0605],[71.5437,21.992],[71.6318,21.7284],[71.7544,21.6429],[71.8461,21.6533],[71.911,21.6297],[71.9158,21.5954],[71.9546,21.5474],[71.9867,21.5251],[72.007,21.4777],[71.9886,21.3837],[71.9633,21.3699],[71.918,21.391],[71.9029,21.4318],[71.8486,21.4432],[71.7893,21.4927],[71.7391,21.55],[71.7122,21.5628],[71.6561,21.5608],[71.6204,21.5152],[71.5942,21.5022],[71.5616,21.5016],[71.5502,21.509],[71.5351,21.544],[71.5381,21.5571],[71.4821,21.5507],[71.4774,21.481],[71.4461,21.4039],[71.3634,21.3461],[71.354,21.3136],[71.3648,21.2387],[71.3582,21.1455],[71.3487,21.1178],[71.3131,21.1041],[71.3468,21.0886],[71.4374,21.0858],[71.514,21.1189],[71.5476,21.1196],[71.5828,21.0916]]]}},{"type":"Feature","properties":{"id":"western-india-state-agency--jasdan","name":"Jasdan","division":"Western India State Agency","type":"Princely states"},"geometry":{"type":"Polygon","coordinates":[[[71.5455,22.2434],[71.5025,22.2518],[71.4318,22.2474],[71.4097,22.2307],[71.3511,22.1568],[71.2609,22.1195],[71.2092,22.1167],[71.2203,22.1053],[71.2249,22.0374],[71.2612,21.98],[71.2904,21.9577],[71.342,21.9344],[71.3749,21.9874],[71.4021,22.0042],[71.4706,22.0086],[71.4945,21.9957],[71.545,21.9871],[71.5779,22.0605],[71.5748,22.1034],[71.5427,22.203],[71.5455,22.2434]]]}},{"type":"Feature","properties":{"id":"western-india-state-agency--wankaner","name":"Wankaner","division":"Western India State Agency","type":"Princely states"},"geometry":{"type":"Polygon","coordinates":[[[71.3205,22.6519],[71.3217,22.725],[71.2766,22.764],[71.2377,22.7739],[71.2139,22.7991],[71.1844,22.812],[71.1511,22.7293],[71.0881,22.7213],[71.0699,22.708],[71.0503,22.6646],[71.0509,22.618],[70.9936,22.6016],[70.9787,22.5826],[70.9715,22.5373],[70.9779,22.4847],[70.994,22.4785],[71.01,22.4595],[71.0152,22.4403],[71.0156,22.343],[71.0531,22.2136],[71.0599,22.1364],[71.1306,22.126],[71.194,22.1378],[71.1844,22.1825],[71.1857,22.3021],[71.2298,22.4649],[71.2394,22.4731],[71.2404,22.5334],[71.2929,22.5904],[71.3205,22.6519]]]}},{"type":"Feature","properties":{"id":"western-india-state-agency--dhrol","name":"Dhrol","division":"Western India State Agency","type":"Princely states"},"geometry":{"type":"Polygon","coordinates":[[[70.8096,22.3539],[70.8004,22.3867],[70.7599,22.4353],[70.684,22.5669],[70.6134,22.6556],[70.5915,22.6655],[70.57,22.6601],[70.551,22.6129],[70.4983,22.5914],[70.4911,22.5587],[70.5596,22.408],[70.6436,22.3473],[70.6625,22.3106],[70.8096,22.3539]]]}},{"type":"Feature","properties":{"id":"western-india-state-agency--khairasara","name":"Khairasara","division":"Western India State Agency","type":"Princely states"},"geometry":{"type":"Polygon","coordinates":[[[70.817,22.2099],[70.8033,22.2208],[70.7974,22.2464],[70.8096,22.3539],[70.6625,22.3106],[70.6811,22.2634],[70.6782,22.2242],[70.6549,22.2159],[70.5818,22.2254],[70.5617,22.2144],[70.5574,22.1885],[70.5637,22.1505],[70.5232,22.1036],[70.5225,22.0921],[70.5322,22.0752],[70.5909,22.0644],[70.6,22.037],[70.6021,21.9687],[70.6284,21.9786],[70.7248,21.9687],[70.754,21.9857],[70.7795,22.0217],[70.7789,22.0417],[70.7887,22.0582],[70.8378,22.0938],[70.8505,22.1151],[70.8197,22.1868],[70.817,22.2099]]]}},{"type":"Feature","properties":{"id":"western-india-state-agency--rajkot","name":"Rajkot","division":"Western India State Agency","type":"Princely states"},"geometry":{"type":"Polygon","coordinates":[[[71.0151,22.3619],[70.8096,22.3539],[70.7974,22.2464],[70.8033,22.2208],[70.817,22.2099],[70.8398,22.2341],[70.8762,22.2513],[71.0373,22.2652],[71.0151,22.3619]]]}},{"type":"Feature","properties":{"id":"western-india-state-agency--jetpur","name":"Jetpur","division":"Western India State Agency","type":"Princely states"},"geometry":{"type":"Polygon","coordinates":[[[70.8255,21.768],[70.7943,21.7728],[70.6691,21.7593],[70.6518,21.7194],[70.6159,21.6875],[70.6509,21.6486],[70.7278,21.6355],[70.7801,21.6011],[70.7959,21.5836],[70.8047,21.5551],[70.8891,21.611],[70.8831,21.6414],[70.9128,21.7099],[70.9045,21.7348],[70.8927,21.7256],[70.8669,21.7336],[70.8389,21.7501],[70.8255,21.768]]]}},{"type":"Feature","properties":{"id":"western-india-state-agency--gondal","name":"Gondal","division":"Western India State Agency","type":"Princely states"},"geometry":{"type":"MultiPolygon","coordinates":[[[[70.6156,21.77],[70.5614,21.8049],[70.485,21.9123],[70.4628,21.9596],[70.4522,22.0051],[70.4199,22.0543],[70.3614,22.0591],[70.344,22.0522],[70.336,22.0369],[70.1991,22.0244],[70.1857,22.0118],[70.186,21.9818],[70.2094,21.9245],[70.198,21.8984],[70.1576,21.8686],[70.1457,21.8371],[70.1697,21.7797],[70.2136,21.7259],[70.3047,21.6813],[70.3238,21.6354],[70.3617,21.5985],[70.3717,21.5966],[70.4864,21.6699],[70.6116,21.6833],[70.6518,21.7194],[70.6691,21.7593],[70.6156,21.77]]],[[[71.0531,22.2136],[71.0373,22.2652],[70.8762,22.2513],[70.8398,22.2341],[70.814,22.2067],[70.8505,22.1151],[70.8378,22.0938],[70.7887,22.0582],[70.7686,22.0038],[70.8183,21.9902],[70.827,21.9723],[70.835,21.9095],[70.8227,21.8415],[70.8255,21.768],[70.8389,21.7501],[70.8669,21.7336],[70.8927,21.7256],[70.9216,21.7512],[71.0007,21.7881],[70.9963,21.8383],[71.0333,21.9776],[70.935,22.1212],[70.9238,22.1572],[70.9337,22.1698],[71.0009,22.1849],[71.0384,22.1619],[71.0599,22.1364],[71.0531,22.2136]]]]}},{"type":"Feature","properties":{"id":"western-india-state-agency--virpur","name":"Virpur","division":"Western India State Agency","type":"Princely states"},"geometry":{"type":"Polygon","coordinates":[[[70.8255,21.768],[70.8227,21.8415],[70.835,21.9095],[70.8183,21.9902],[70.7686,22.0038],[70.7248,21.9687],[70.6284,21.9786],[70.593,21.9652],[70.5116,21.8785],[70.5614,21.8049],[70.6156,21.77],[70.6599,21.7588],[70.7943,21.7728],[70.8255,21.768]]]}},{"type":"Feature","properties":{"id":"western-india-state-agency--navanagar","name":"Navanagar","division":"Western India State Agency","type":"Princely states"},"geometry":{"type":"Polygon","coordinates":[[[69.2679,21.9674],[69.4139,21.8408],[69.5202,21.919],[69.562,21.9199],[69.5941,21.8823],[69.6219,21.8756],[69.6398,21.8881],[69.6615,21.9236],[69.7096,21.9338],[69.7352,21.9741],[69.7742,21.9578],[69.7941,21.9574],[69.816,21.9734],[69.83,21.9962],[69.8565,21.9971],[69.879,21.9849],[69.8875,21.9599],[69.8785,21.8991],[69.887,21.8736],[69.9099,21.8624],[69.9388,21.8833],[69.9714,21.8848],[69.984,21.8747],[69.9961,21.8221],[70.0193,21.7866],[70.0568,21.7927],[70.1464,21.8376],[70.1576,21.8686],[70.198,21.8984],[70.2068,21.9101],[70.2089,21.9381],[70.1912,21.9648],[70.1848,21.9946],[70.1857,22.0118],[70.1991,22.0244],[70.3124,22.0312],[70.336,22.0369],[70.344,22.0522],[70.3614,22.0591],[70.389,22.0599],[70.4199,22.0543],[70.4522,22.0051],[70.472,21.9348],[70.5116,21.8785],[70.6021,21.9687],[70.6,22.037],[70.5909,22.0644],[70.5322,22.0752],[70.5225,22.0921],[70.5232,22.1036],[70.5637,22.1505],[70.5574,22.1885],[70.5617,22.2144],[70.5818,22.2254],[70.6549,22.2159],[70.6782,22.2242],[70.6826,22.2453],[70.6436,22.3473],[70.5596,22.408],[70.4911,22.5587],[70.4983,22.5914],[70.551,22.6129],[70.57,22.6601],[70.5915,22.6655],[70.6134,22.6556],[70.684,22.5669],[70.7599,22.4353],[70.8004,22.3867],[70.8096,22.3539],[71.0151,22.3619],[71.01,22.4595],[70.994,22.4785],[70.9779,22.4847],[70.9584,22.4575],[70.925,22.4417],[70.8729,22.4339],[70.8523,22.4534],[70.8308,22.528],[70.7718,22.5923],[70.7565,22.6399],[70.7522,22.8029],[70.7059,22.9498],[70.6652,23.0152],[70.6117,23.0624],[70.5887,23.0271],[70.5326,22.8988],[70.5043,22.868],[70.4643,22.8411],[70.439,22.8354],[70.4129,22.8525],[70.4128,22.879],[70.4057,22.8852],[70.3752,22.8729],[70.3184,22.7725],[70.3144,22.7101],[70.2793,22.6762],[70.2321,22.5925],[70.2017,22.5802],[70.0864,22.566],[70.0532,22.5469],[69.9765,22.5379],[69.9254,22.4605],[69.8836,22.4232],[69.7709,22.4226],[69.6842,22.3747],[69.52,22.3667],[69.4835,22.3342],[69.3791,22.3208],[69.2734,22.2879],[69.2601,22.2708],[69.2732,22.0768],[69.2679,21.9674]]]}},{"type":"Feature","properties":{"id":"baroda--okhamandal","name":"Okhamandal","division":"Baroda","type":"Princely districts"},"geometry":{"type":"Polygon","coordinates":[[[69.2601,22.2708],[69.2414,22.2397],[69.2215,22.2612],[69.1746,22.2462],[69.1587,22.2598],[69.1447,22.3234],[69.154,22.3488],[69.1631,22.3508],[69.1925,22.3947],[69.1362,22.4098],[69.0797,22.4454],[69.0904,22.4957],[69.0833,22.5167],[69.0687,22.5244],[69.0216,22.4876],[68.9777,22.4074],[68.9906,22.2858],[69.0399,22.2083],[69.2679,21.9674],[69.2732,22.0768],[69.2601,22.2708]]]}},{"type":"Feature","properties":{"id":"western-india-state-agency--porbandar","name":"Porbandar","division":"Western India State Agency","type":"Princely states"},"geometry":{"type":"Polygon","coordinates":[[[70.0353,21.7508],[69.9961,21.8221],[69.984,21.8747],[69.9714,21.8848],[69.9388,21.8833],[69.9099,21.8624],[69.887,21.8736],[69.8785,21.8991],[69.8896,21.9457],[69.879,21.9849],[69.8396,21.9989],[69.7941,21.9574],[69.7742,21.9578],[69.7352,21.9741],[69.7096,21.9338],[69.6615,21.9236],[69.6398,21.8881],[69.6219,21.8756],[69.5941,21.8823],[69.562,21.9199],[69.544,21.924],[69.5202,21.919],[69.4139,21.8408],[69.5352,21.7211],[69.5915,21.688],[69.6755,21.6092],[69.7491,21.5179],[70.0605,21.2144],[70.109,21.3187],[70.0804,21.4284],[70.0735,21.4998],[70.0172,21.654],[70.0146,21.6859],[70.0353,21.7508]]]}},{"type":"Feature","properties":{"id":"western-india-state-agency--cutch","name":"Cutch","division":"Western India State Agency","type":"Princely states"},"geometry":{"type":"Polygon","coordinates":[[[68.7071,23.7951],[68.6527,23.7466],[68.5393,23.7014],[68.4571,23.6567],[68.4433,23.6175],[68.4687,23.5523],[68.4309,23.4952],[68.446,23.4695],[68.5533,23.4256],[68.5619,23.3947],[68.5527,23.3623],[68.6029,23.3047],[68.6206,23.2471],[68.6304,23.2362],[68.7276,23.1826],[68.7967,23.0936],[68.9686,22.981],[69.2172,22.876],[69.2848,22.8584],[69.4607,22.8561],[69.6165,22.8347],[69.734,22.8479],[69.9538,22.9129],[70.0825,22.9621],[70.2145,23.0727],[70.2628,23.1299],[70.3549,23.1942],[70.4394,23.2124],[70.5123,23.2102],[70.6142,23.1945],[70.6662,23.2058],[70.6743,23.2237],[70.8268,23.323],[70.9258,23.4043],[71.0108,23.4409],[71.0586,23.4772],[71.0694,23.5068],[71.0709,23.5612],[71.0632,23.5839],[71.0099,23.6506],[71.0102,23.6914],[71.0156,23.7202],[71.0419,23.7745],[71.0959,23.8146],[71.1282,23.8562],[70.9154,23.8664],[70.8029,23.9278],[70.7803,23.9286],[70.6339,23.8844],[70.6342,23.873],[70.6902,23.7917],[70.6546,23.7149],[70.602,23.6777],[70.4544,23.6048],[70.3049,23.4978],[70.3731,23.395],[70.3489,23.3674],[70.3317,23.3603],[70.2927,23.3675],[70.2177,23.4058],[70.2178,23.4576],[70.1989,23.4785],[70.1664,23.4656],[70.149,23.4829],[70.0882,23.5025],[70.09,23.5433],[70.0701,23.5779],[70.0024,23.5901],[70.0196,23.6555],[70.024,23.7312],[70.002,23.8049],[70.0314,23.8273],[70.0347,23.8438],[69.997,23.9134],[69.9372,23.9114],[69.9198,23.918],[69.9052,23.9354],[69.8444,23.9169],[69.8189,23.9325],[69.7979,23.9339],[69.7339,23.901],[69.6776,23.9084],[69.6513,23.9246],[69.6071,23.9202],[69.5153,23.8855],[69.4244,23.8107],[69.2355,23.7266],[69.2018,23.666],[69.1777,23.6487],[69.1504,23.6513],[68.992,23.7402],[68.9203,23.7488],[68.7743,23.8141],[68.7071,23.7951]],[[69.3889,23.598],[69.4791,23.6037],[69.5268,23.5768],[69.562,23.5685],[69.6621,23.5231],[69.75,23.5213],[69.7609,23.5062],[69.76,23.4905],[69.6879,23.433],[69.6352,23.4526],[69.562,23.4436],[69.5121,23.4883],[69.4209,23.5015],[69.3029,23.5601],[69.274,23.5819],[69.2623,23.6015],[69.2644,23.6127],[69.3889,23.598]]]}},{"type":"Feature","properties":{"id":"rann-of-kutch--rann-of-kutch","name":"Rann of Kutch","division":"Rann of Kutch","type":"Boundaries not demarcated for minor states"},"geometry":{"type":"Polygon","coordinates":[[[69.3889,23.598],[69.2644,23.6127],[69.2623,23.6015],[69.274,23.5819],[69.3029,23.5601],[69.4209,23.5015],[69.5121,23.4883],[69.562,23.4436],[69.6352,23.4526],[69.6879,23.433],[69.76,23.4905],[69.7609,23.5062],[69.75,23.5213],[69.6621,23.5231],[69.562,23.5685],[69.5268,23.5768],[69.4791,23.6037],[69.3889,23.598]]]}},{"type":"Feature","properties":{"id":"rann-of-kutch--rann-of-kutch-2","name":"Rann of Kutch","division":"Rann of Kutch","type":"Boundaries not demarcated for minor states"},"geometry":{"type":"Polygon","coordinates":[[[71.3805,24.5393],[71.2987,24.5749],[71.3132,24.6139],[71.403,24.6504],[71.4286,24.684],[71.3424,24.6862],[71.2722,24.6759],[71.2119,24.6472],[71.1326,24.6744],[71.1334,24.65],[71.0349,24.568],[71.017,24.5425],[71.0069,24.5136],[71.0058,24.4763],[71.0111,24.455],[71.0287,24.4419],[71.1508,24.4121],[71.1599,24.3973],[71.1503,24.377],[71.1305,24.3615],[70.9723,24.3001],[70.9518,24.2795],[70.935,24.244],[70.897,24.2107],[70.7613,24.187],[70.7284,24.1904],[70.5923,24.2624],[70.5652,24.3035],[70.5565,24.3427],[70.5621,24.3755],[70.4767,24.3605],[70.329,24.3195],[70.2707,24.312],[70.1793,24.2741],[70.155,24.2569],[70.1448,24.2379],[70.1331,24.1753],[70.0963,24.1599],[70.0192,24.138],[69.8838,24.1336],[69.8336,24.1226],[69.7922,24.1262],[69.7495,24.1411],[69.6496,24.2399],[69.6108,24.2521],[69.3765,24.2629],[69.2944,24.2348],[69.254,24.2304],[69.2204,24.2327],[69.1725,24.258],[69.1366,24.2588],[69.0827,24.2281],[69.0078,24.2207],[68.9302,24.1819],[68.8669,24.268],[68.8388,24.2697],[68.8099,24.2542],[68.803,24.2368],[68.8011,23.9868],[68.7749,23.95],[68.7442,23.9416],[68.4491,23.9407],[68.317,23.9278],[68.2676,23.9023],[68.2507,23.8781],[68.2428,23.8302],[68.2704,23.787],[68.2748,23.7428],[68.2119,23.651],[68.2145,23.6387],[68.2638,23.625],[68.3258,23.626],[68.3723,23.6357],[68.4482,23.7267],[68.6102,23.8024],[68.6565,23.8423],[68.7266,23.8617],[68.7806,23.8674],[68.7967,23.8562],[68.7898,23.8431],[68.7996,23.8246],[68.7743,23.8141],[68.9203,23.7488],[68.992,23.7402],[69.1504,23.6513],[69.1777,23.6487],[69.2018,23.666],[69.2355,23.7266],[69.4244,23.8107],[69.5153,23.8855],[69.6318,23.9261],[69.7012,23.902],[69.7339,23.901],[69.7979,23.9339],[69.8189,23.9325],[69.8444,23.9169],[69.9052,23.9354],[69.9198,23.918],[69.9372,23.9114],[69.997,23.9134],[70.0347,23.8438],[70.0314,23.8273],[70.002,23.8049],[70.024,23.7312],[70.0196,23.6555],[70.0024,23.5901],[70.0701,23.5779],[70.09,23.5433],[70.0882,23.5025],[70.149,23.4829],[70.1664,23.4656],[70.1989,23.4785],[70.2178,23.4576],[70.2177,23.4058],[70.2927,23.3675],[70.3317,23.3603],[70.3489,23.3674],[70.3731,23.395],[70.3049,23.4978],[70.4544,23.6048],[70.602,23.6777],[70.6546,23.7149],[70.6902,23.7917],[70.6342,23.873],[70.6339,23.8844],[70.7803,23.9286],[70.8029,23.9278],[70.9154,23.8664],[71.1282,23.8562],[71.0959,23.8146],[71.0419,23.7745],[71.0156,23.7202],[71.0102,23.6914],[71.0099,23.6506],[71.0632,23.5839],[71.0709,23.5612],[71.066,23.4888],[71.0108,23.4409],[70.9258,23.4043],[70.8268,23.323],[70.6743,23.2237],[70.6662,23.2058],[70.7081,23.2114],[70.7479,23.2003],[70.7442,23.1654],[70.7944,23.1084],[70.8067,23.107],[70.8383,23.1275],[70.908,23.1478],[71.0388,23.1756],[71.2236,23.1891],[71.2534,23.2083],[71.337,23.1709],[71.4025,23.21],[71.4275,23.2148],[71.491,23.1828],[71.5345,23.1712],[71.644,23.1825],[71.7281,23.1736],[71.7441,23.181],[71.7268,23.306],[71.684,23.3391],[71.6374,23.4163],[71.6291,23.5465],[71.6184,23.5577],[71.5616,23.5536],[71.5417,23.5608],[71.4881,23.5901],[71.4794,23.6071],[71.4444,23.6378],[71.3709,23.6695],[71.2851,23.6618],[71.2179,23.621],[71.1916,23.6356],[71.1832,23.7805],[71.202,23.8125],[71.2845,23.867],[71.3895,24.0108],[71.4425,24.0464],[71.4666,24.0785],[71.4941,24.1774],[71.4514,24.3273],[71.4613,24.4211],[71.4023,24.517],[71.3805,24.5393]]]}},{"type":"Feature","properties":{"id":"western-india-state-agency--tharad","name":"Tharad","division":"Western India State Agency","type":"Princely states"},"geometry":{"type":"Polygon","coordinates":[[[71.8627,24.3076],[71.9096,24.3724],[71.9112,24.4354],[71.8302,24.548],[71.7261,24.5855],[71.6833,24.5846],[71.577,24.551],[71.5816,24.5211],[71.6338,24.4039],[71.6638,24.2938],[71.6461,24.2543],[71.5914,24.1967],[71.5836,24.1765],[71.5855,24.1422],[71.6118,24.1322],[71.6243,24.1698],[71.6812,24.2255],[71.8159,24.2942],[71.8627,24.3076]]]}},{"type":"Feature","properties":{"id":"western-india-state-agency--wao","name":"Wao","division":"Western India State Agency","type":"Princely states"},"geometry":{"type":"Polygon","coordinates":[[[71.5855,24.1422],[71.5836,24.1765],[71.5914,24.1967],[71.6461,24.2543],[71.6638,24.2938],[71.6338,24.4039],[71.5816,24.5211],[71.577,24.551],[71.5135,24.533],[71.4759,24.5322],[71.4213,24.5461],[71.3774,24.547],[71.4613,24.4211],[71.4514,24.3273],[71.4941,24.1774],[71.4755,24.1237],[71.5347,24.1279],[71.5855,24.1422]]]}},{"type":"Feature","properties":{"id":"western-india-state-agency--suigam","name":"Suigam","division":"Western India State Agency","type":"Princely states"},"geometry":{"type":"Polygon","coordinates":[[[71.4755,24.1237],[71.4666,24.0785],[71.4524,24.0596],[71.4969,24.0332],[71.565,23.9345],[71.6032,23.9067],[71.6059,23.8972],[71.6423,23.9195],[71.6172,24.0474],[71.6118,24.1322],[71.5855,24.1422],[71.5347,24.1279],[71.4755,24.1237]]]}},{"type":"Feature","properties":{"id":"western-india-state-agency--deodar","name":"Deodar","division":"Western India State Agency","type":"Princely states"},"geometry":{"type":"Polygon","coordinates":[[[71.9514,24.1159],[71.9043,24.2032],[71.8639,24.2583],[71.857,24.2853],[71.8627,24.3076],[71.8159,24.2942],[71.6812,24.2255],[71.6243,24.1698],[71.6118,24.1323],[71.6172,24.0474],[71.6423,23.9195],[71.7277,23.9095],[71.7533,23.9272],[71.8194,24.025],[71.9514,24.1159]]]}},{"type":"Feature","properties":{"id":"western-india-state-agency--radhanpur","name":"Radhanpur","division":"Western India State Agency","type":"Princely states"},"geometry":{"type":"Polygon","coordinates":[[[71.9492,23.7738],[71.9092,23.8343],[71.8905,23.8349],[71.8715,23.8469],[71.8054,23.921],[71.7695,23.9478],[71.7277,23.9095],[71.6485,23.9211],[71.6059,23.8972],[71.6344,23.8225],[71.6638,23.6866],[71.6669,23.6064],[71.624,23.5519],[71.6294,23.5224],[71.7243,23.4644],[71.8297,23.4284],[71.9115,23.3832],[71.9734,23.3902],[72.0225,23.4188],[72.0861,23.4908],[72.08,23.5348],[72.0508,23.5677],[71.9632,23.603],[71.9212,23.7359],[71.9322,23.7659],[71.9492,23.7738]]]}},{"type":"Feature","properties":{"id":"western-india-state-agency--wardhi","name":"Wardhi","division":"Western India State Agency","type":"Princely states"},"geometry":{"type":"Polygon","coordinates":[[[71.624,23.5519],[71.6669,23.6064],[71.6638,23.6866],[71.6344,23.8225],[71.6059,23.8972],[71.5151,23.8227],[71.4718,23.6966],[71.4665,23.621],[71.4881,23.5901],[71.5417,23.5608],[71.5616,23.5536],[71.6184,23.5577],[71.624,23.5519]]]}},{"type":"Feature","properties":{"id":"western-india-state-agency--santalpur","name":"Santalpur","division":"Western India State Agency","type":"Princely states"},"geometry":{"type":"Polygon","coordinates":[[[71.6059,23.8972],[71.6032,23.9067],[71.565,23.9345],[71.4969,24.0332],[71.4524,24.0596],[71.3895,24.0108],[71.2845,23.867],[71.202,23.8125],[71.1832,23.7805],[71.1916,23.6356],[71.2179,23.621],[71.2851,23.6618],[71.3709,23.6695],[71.4665,23.621],[71.4718,23.6966],[71.5151,23.8227],[71.6059,23.8972]]]}},{"type":"Feature","properties":{"id":"western-india-state-agency--morvi","name":"Morvi","division":"Western India State Agency","type":"Princely states"},"geometry":{"type":"Polygon","coordinates":[[[70.8001,23.1078],[70.7442,23.1654],[70.7264,23.1468],[70.6263,23.0846],[70.6117,23.0624],[70.6652,23.0152],[70.7059,22.9498],[70.7522,22.8029],[70.7565,22.6399],[70.7718,22.5923],[70.8308,22.528],[70.8523,22.4534],[70.8729,22.4339],[70.8853,22.4321],[70.9584,22.4575],[70.9786,22.4781],[70.9715,22.5373],[70.9787,22.5826],[70.9936,22.6016],[71.0509,22.618],[71.0503,22.6646],[71.0699,22.708],[71.0881,22.7213],[71.1511,22.7293],[71.1844,22.812],[71.1604,22.835],[71.1568,22.8507],[71.1656,22.9225],[71.1386,22.9497],[71.1027,22.9596],[71.086,22.9778],[71.0865,23.0266],[71.0345,23.0249],[71.0234,23.0354],[70.9908,23.0382],[70.8737,23.0244],[70.8311,23.0491],[70.8001,23.1078]]]}},{"type":"Feature","properties":{"id":"western-india-state-agency--malia","name":"Malia","division":"Western India State Agency","type":"Princely states"},"geometry":{"type":"Polygon","coordinates":[[[71.0865,23.0266],[71.0905,23.0366],[71.197,23.0986],[71.2138,23.1363],[71.221,23.189],[71.0388,23.1756],[70.908,23.1478],[70.8383,23.1275],[70.8001,23.1078],[70.8311,23.0491],[70.8737,23.0244],[70.9908,23.0382],[71.0234,23.0354],[71.0345,23.0249],[71.0865,23.0266]]]}},{"type":"Feature","properties":{"id":"western-india-state-agency--eastern-kathiawar-agency","name":"Eastern Kathiawar Agency","division":"Western India State Agency","type":"Princely states"},"geometry":{"type":"Polygon","coordinates":[[[71.9115,23.3832],[71.8297,23.4284],[71.7243,23.4644],[71.6294,23.5224],[71.6374,23.4163],[71.684,23.3391],[71.7268,23.306],[71.7397,23.1785],[71.7681,23.1313],[71.7894,23.0486],[71.7938,22.9971],[71.7823,22.9604],[71.7792,22.8923],[71.7533,22.8445],[71.6951,22.7924],[71.6734,22.7626],[71.6488,22.7585],[71.6156,22.7879],[71.5884,22.7952],[71.5479,22.7478],[71.5041,22.6458],[71.4858,22.6376],[71.4635,22.6363],[71.4569,22.652],[71.3985,22.6967],[71.3979,22.7303],[71.3816,22.7335],[71.3246,22.7014],[71.3205,22.6519],[71.2929,22.5904],[71.2404,22.5334],[71.2394,22.4731],[71.2298,22.4649],[71.1857,22.3021],[71.1865,22.1618],[71.2092,22.1167],[71.2609,22.1195],[71.3511,22.1568],[71.4097,22.2307],[71.4318,22.2474],[71.5025,22.2518],[71.6329,22.2376],[71.8586,22.3268],[71.9454,22.3743],[72.021,22.4373],[72.072,22.507],[72.0972,22.5533],[72.1528,22.7019],[72.1556,22.7908],[72.1398,22.8793],[72.1048,22.926],[72.0472,23.4455],[72.0225,23.4188],[71.9734,23.3902],[71.9115,23.3832]]]}},{"type":"Feature","properties":{"id":"western-india-state-agency--dharangadhra","name":"Dharangadhra","division":"Western India State Agency","type":"Princely states"},"geometry":{"type":"Polygon","coordinates":[[[71.7397,23.1785],[71.7281,23.1736],[71.644,23.1825],[71.5345,23.1712],[71.491,23.1828],[71.4275,23.2148],[71.4025,23.21],[71.337,23.1709],[71.2534,23.2083],[71.221,23.189],[71.2138,23.1363],[71.197,23.0986],[71.0905,23.0366],[71.082,23.0099],[71.086,22.9778],[71.1027,22.9596],[71.1386,22.9497],[71.1656,22.9225],[71.1568,22.8507],[71.1723,22.821],[71.2139,22.7991],[71.2377,22.7739],[71.2766,22.764],[71.3217,22.725],[71.3246,22.7014],[71.3816,22.7335],[71.3979,22.7303],[71.3985,22.6967],[71.4569,22.652],[71.4635,22.6363],[71.4858,22.6376],[71.5041,22.6458],[71.5479,22.7478],[71.5884,22.7952],[71.6156,22.7879],[71.6488,22.7585],[71.6734,22.7626],[71.6951,22.7924],[71.7533,22.8445],[71.7792,22.8923],[71.7932,23.0229],[71.7681,23.1313],[71.7397,23.1785]]]}},{"type":"Feature","properties":{"id":"western-india-state-agency--thara","name":"Thara","division":"Western India State Agency","type":"Princely states"},"geometry":{"type":"Polygon","coordinates":[[[71.9492,23.7738],[72.0706,23.8403],[72.2173,23.9958],[72.1884,24.0669],[72.1563,24.1064],[72.0066,24.1007],[71.9514,24.1159],[71.8194,24.025],[71.7993,23.9959],[71.7695,23.9478],[71.8054,23.921],[71.8715,23.8469],[71.8905,23.8349],[71.9092,23.8343],[71.9492,23.7738]]]}},{"type":"Feature","properties":{"id":"rajputana-agency--palanpur","name":"Palanpur","division":"Rajputana Agency","type":"Princely states"},"geometry":{"type":"Polygon","coordinates":[[[72.8377,24.1917],[72.7848,24.2224],[72.6769,24.3153],[72.6231,24.3499],[72.5905,24.3637],[72.4568,24.372],[72.4168,24.3914],[72.4025,24.4274],[72.4352,24.514],[72.4335,24.5455],[72.415,24.5873],[72.3592,24.576],[72.2809,24.5727],[72.2346,24.5394],[72.1777,24.5183],[72.0776,24.5135],[71.9883,24.4946],[71.9096,24.5121],[71.8302,24.548],[71.9112,24.4354],[71.9096,24.3724],[71.8612,24.3055],[71.857,24.2853],[71.8639,24.2583],[71.9043,24.2032],[71.9517,24.1154],[72.0066,24.1007],[72.1563,24.1064],[72.1884,24.0669],[72.2165,23.9958],[72.3065,24.016],[72.3442,24.0023],[72.3857,23.9586],[72.4942,23.9117],[72.6189,23.9123],[72.6842,23.9219],[72.7153,23.9155],[72.7293,23.9222],[72.717,23.9347],[72.7228,23.9597],[72.7464,23.9791],[72.7553,24.0012],[72.7442,24.045],[72.757,24.0863],[72.8214,24.1512],[72.8377,24.1917]]]}},{"type":"Feature","properties":{"id":"baroda--mehsana","name":"Mehsana","division":"Baroda","type":"Princely districts"},"geometry":{"type":"Polygon","coordinates":[[[72.7153,23.9155],[72.6842,23.9219],[72.6189,23.9123],[72.4942,23.9117],[72.3857,23.9586],[72.3442,24.0023],[72.3065,24.016],[72.2723,24.0125],[72.2383,23.9962],[72.2173,23.9958],[72.0706,23.8403],[71.9322,23.7659],[71.9212,23.7359],[71.9632,23.603],[72.0508,23.5677],[72.08,23.5348],[72.0921,23.455],[72.12,23.4257],[72.2188,23.4012],[72.3131,23.4065],[72.3355,23.3877],[72.3476,23.3653],[72.3442,23.3401],[72.2936,23.2879],[72.2881,23.2365],[72.2898,23.2186],[72.3134,23.2023],[72.3394,23.1554],[72.3416,23.0809],[72.3544,23.059],[72.4143,23.0435],[72.4671,23.0766],[72.5176,23.0681],[72.5476,23.0793],[72.5865,23.1121],[72.597,23.1359],[72.6261,23.1564],[72.6541,23.1468],[72.7069,23.0938],[72.8002,23.0257],[72.8813,22.9924],[72.9316,22.9952],[72.998,23.042],[72.9772,23.2064],[72.8921,23.273],[72.8706,23.3587],[72.9016,23.4566],[72.9455,23.5162],[72.9203,23.5827],[72.8705,23.7769],[72.8324,23.8223],[72.7153,23.9155]]]}},{"type":"Feature","properties":{"id":"rajputana-agency--danta","name":"Danta","division":"Rajputana Agency","type":"Princely states"},"geometry":{"type":"Polygon","coordinates":[[[73.0124,23.9464],[72.9826,24.2361],[72.903,24.1925],[72.8377,24.1917],[72.8214,24.1512],[72.757,24.0863],[72.7442,24.045],[72.7553,24.0012],[72.7464,23.9791],[72.7228,23.9597],[72.717,23.9347],[72.7293,23.9222],[72.7498,23.9319],[73.0012,23.9039],[73.0124,23.9464]]]}},{"type":"Feature","properties":{"id":"western-india-state-agency--idar","name":"Idar","division":"Western India State Agency","type":"Princely states"},"geometry":{"type":"Polygon","coordinates":[[[73.2282,24.0111],[73.1975,24.0325],[73.1831,24.0538],[73.184,24.0997],[73.1962,24.1242],[73.27,24.2067],[73.2837,24.2356],[73.2326,24.3138],[73.2077,24.4124],[73.1887,24.428],[73.1324,24.4258],[73.1092,24.4055],[73.0929,24.348],[73.0713,24.3247],[73.0355,24.3171],[72.9782,24.282],[73.0124,23.9464],[73.0367,23.9287],[73.0529,23.8917],[73.0693,23.8345],[73.0746,23.7749],[73.048,23.728],[72.9758,23.6996],[72.9028,23.6455],[72.9511,23.5043],[73.0684,23.4513],[73.1346,23.3937],[73.2709,23.437],[73.3167,23.4279],[73.3577,23.4494],[73.4074,23.4499],[73.4308,23.4427],[73.5206,23.5262],[73.5028,23.534],[73.4713,23.5681],[73.4765,23.6569],[73.4317,23.6559],[73.3693,23.6696],[73.3117,23.7084],[73.2469,23.7984],[73.2181,23.914],[73.2173,23.9689],[73.2282,24.0111]]]}},{"type":"Feature","properties":{"id":"western-india-state-agency--vijayanagar","name":"Vijayanagar","division":"Western India State Agency","type":"Princely states"},"geometry":{"type":"Polygon","coordinates":[[[73.5259,23.7005],[73.5318,23.7292],[73.5237,23.7564],[73.5047,23.7849],[73.4932,23.8307],[73.5012,23.9469],[73.4823,23.9624],[73.4418,23.9606],[73.3959,23.8899],[73.3462,23.8722],[73.3007,23.8917],[73.2873,23.9618],[73.2745,23.9903],[73.2282,24.0111],[73.2173,23.9689],[73.2181,23.914],[73.2469,23.7984],[73.3117,23.7084],[73.3693,23.6696],[73.4317,23.6559],[73.4765,23.6569],[73.5259,23.7005]]]}},{"type":"Feature","properties":{"id":"western-india-state-agency--sabarkantha-agency","name":"Sabarkantha Agency","division":"Western India State Agency","type":"Princely states"},"geometry":{"type":"MultiPolygon","coordinates":[[[[73.7662,23.4718],[73.7111,23.5402],[73.6736,23.5613],[73.6395,23.5525],[73.5638,23.5073],[73.5206,23.5262],[73.4308,23.4427],[73.4527,23.436],[73.5,23.3734],[73.5142,23.3506],[73.5192,23.3177],[73.4977,23.2988],[73.4466,23.2883],[73.3844,23.2991],[73.3091,23.3628],[73.2916,23.3999],[73.297,23.4176],[73.3167,23.4279],[73.2709,23.437],[73.1346,23.3937],[73.191,23.3453],[73.19,23.3037],[73.164,23.2761],[73.0665,23.2621],[73.0434,23.2474],[73.0298,23.2243],[72.9773,23.2079],[72.9984,23.039],[73.1507,23.0022],[73.2328,23.0017],[73.2894,23.0539],[73.3776,23.0677],[73.451,23.1545],[73.5157,23.1852],[73.5416,23.2314],[73.6021,23.2319],[73.6762,23.2741],[73.727,23.3176],[73.7935,23.3448],[73.7662,23.4718]]],[[[73.0367,23.9287],[73.0124,23.9464],[73.0012,23.9039],[72.7498,23.9319],[72.7153,23.9155],[72.8324,23.8223],[72.8705,23.7769],[72.9028,23.6455],[72.9758,23.6996],[73.048,23.728],[73.062,23.7472],[73.0746,23.7749],[73.0742,23.8011],[73.0529,23.8917],[73.0367,23.9287]]]]}},{"type":"Feature","properties":{"id":"bombay--balasinor","name":"Balasinor","division":"Bombay","type":"Princely states"},"geometry":{"type":"Polygon","coordinates":[[[73.5046,22.9103],[73.509,22.9303],[73.4802,23.0141],[73.4796,23.0638],[73.4978,23.0994],[73.5566,23.1085],[73.5594,23.1391],[73.6212,23.1617],[73.6181,23.2415],[73.6021,23.2319],[73.5416,23.2314],[73.5157,23.1852],[73.451,23.1545],[73.3776,23.0677],[73.3336,23.0608],[73.3407,23.0228],[73.3894,22.9456],[73.4452,22.9163],[73.5046,22.9103]]]}},{"type":"Feature","properties":{"id":"bombay--kaira","name":"Kaira","division":"Bombay","type":"British districts"},"geometry":{"type":"Polygon","coordinates":[[[73.5046,22.9103],[73.4452,22.9163],[73.3894,22.9456],[73.3407,23.0228],[73.3336,23.0608],[73.2894,23.0539],[73.2328,23.0017],[73.1507,23.0022],[73.0175,23.0321],[72.9744,22.9757],[72.9583,22.9131],[72.7242,22.8003],[72.6708,22.763],[72.6429,22.7231],[72.6102,22.6091],[72.6463,22.6052],[72.6845,22.552],[72.7656,22.5448],[72.805,22.5008],[72.8029,22.6017],[72.8271,22.6176],[72.8603,22.6312],[72.8758,22.629],[72.897,22.5922],[72.9228,22.583],[72.9884,22.5827],[73.0031,22.547],[72.9464,22.4651],[72.9523,22.4162],[72.9679,22.402],[72.9911,22.3987],[73.0421,22.4233],[73.0539,22.4114],[73.0689,22.3423],[73.0821,22.3222],[73.1066,22.3141],[73.1385,22.3276],[73.1574,22.3517],[73.157,22.3876],[73.1807,22.4404],[73.2136,22.4778],[73.2481,22.4973],[73.2953,22.5099],[73.2941,22.5334],[73.3141,22.5833],[73.3557,22.6363],[73.3856,22.716],[73.453,22.7711],[73.4742,22.8086],[73.5046,22.9103]]]}},{"type":"Feature","properties":{"id":"bombay--pandu-mehwas","name":"Pandu Mehwas","division":"Bombay","type":"Princely states"},"geometry":{"type":"Polygon","coordinates":[[[73.4576,22.5203],[73.4494,22.5668],[73.4041,22.6434],[73.3643,22.6613],[73.3425,22.6152],[73.3141,22.5833],[73.2941,22.5334],[73.2953,22.5099],[73.3276,22.5185],[73.4576,22.5203]]]}},{"type":"Feature","properties":{"id":"bombay--baria","name":"Baria","division":"Bombay","type":"Princely states"},"geometry":{"type":"Polygon","coordinates":[[[74.3033,22.5565],[74.252,22.6153],[74.2115,22.6849],[74.1956,22.7622],[74.1641,22.8567],[74.094,22.9387],[74.0439,22.9296],[74.0131,22.9075],[73.9866,22.8662],[73.9476,22.8411],[73.9407,22.7894],[73.911,22.7653],[73.8432,22.7476],[73.8309,22.7342],[73.8271,22.6949],[73.8129,22.6729],[73.737,22.607],[73.7091,22.5662],[73.7232,22.4301],[73.8005,22.4017],[73.8607,22.4275],[73.8915,22.4325],[73.947,22.4114],[74.0184,22.4174],[74.022,22.4586],[74.0334,22.4766],[74.0603,22.4935],[74.212,22.5015],[74.2723,22.5293],[74.3033,22.5565]]]}},{"type":"Feature","properties":{"id":"bombay--sanjeli","name":"Sanjeli","division":"Bombay","type":"Princely states"},"geometry":{"type":"Polygon","coordinates":[[[74.1185,23.0162],[74.0824,23.0408],[73.9924,23.0526],[73.9452,23.0364],[73.9433,22.9931],[73.9507,22.9749],[73.9891,22.9427],[74.0114,22.9052],[74.0439,22.9296],[74.0985,22.9395],[74.1077,22.9587],[74.1044,22.9826],[74.1185,23.0162]]]}},{"type":"Feature","properties":{"id":"bombay--lunawada","name":"Lunawada","division":"Bombay","type":"Princely states"},"geometry":{"type":"Polygon","coordinates":[[[73.8902,23.2059],[73.8464,23.2065],[73.8166,23.2158],[73.6897,23.2879],[73.6181,23.2415],[73.6212,23.1617],[73.5594,23.1391],[73.5566,23.1085],[73.4978,23.0994],[73.4796,23.0638],[73.4802,23.0141],[73.509,22.9303],[73.5046,22.9103],[73.5463,22.9144],[73.6655,22.9671],[73.764,23.03],[73.85,23.1205],[73.8888,23.18],[73.8902,23.2059]]]}},{"type":"Feature","properties":{"id":"bombay--kadana","name":"Kadana","division":"Bombay","type":"Princely states"},"geometry":{"type":"Polygon","coordinates":[[[74.0079,23.3011],[73.9692,23.3107],[73.8776,23.3087],[73.795,23.3453],[73.727,23.3176],[73.6897,23.2879],[73.8166,23.2158],[73.8839,23.2044],[73.9342,23.2167],[73.9625,23.2396],[74.0079,23.3011]]]}},{"type":"Feature","properties":{"id":"bombay--sunth","name":"Sunth","division":"Bombay","type":"Princely states"},"geometry":{"type":"Polygon","coordinates":[[[74.0423,23.2926],[74.0079,23.3011],[73.9625,23.2396],[73.9342,23.2167],[73.8902,23.2059],[73.8888,23.18],[73.85,23.1205],[73.7686,23.0347],[73.8129,23.0227],[73.9058,23.0272],[73.9924,23.0526],[74.0824,23.0408],[74.1185,23.0162],[74.2487,23.1188],[74.2309,23.1502],[74.1873,23.1858],[74.0923,23.2427],[74.0423,23.2926]]]}},{"type":"Feature","properties":{"id":"rajputana-agency--kushalgarh-chiefship","name":"Kushalgarh (chiefship)","division":"Rajputana Agency","type":"Princely states"},"geometry":{"type":"Polygon","coordinates":[[[74.3577,22.9579],[74.3913,22.9695],[74.4249,22.9686],[74.5135,23.011],[74.5774,23.0609],[74.6062,23.1059],[74.6101,23.1575],[74.5946,23.1766],[74.5397,23.2128],[74.5125,23.2595],[74.4415,23.2394],[74.2464,23.1233],[74.2655,23.0729],[74.2703,23.0342],[74.3109,22.9885],[74.3577,22.9579]]]}},{"type":"Feature","properties":{"id":"central-india-agency--bori","name":"Bori","division":"Central India Agency","type":"Princely states"},"geometry":{"type":"MultiPolygon","coordinates":[[[[74.7153,22.4729],[74.7648,22.4735],[74.8049,22.4894],[74.8081,22.5639],[74.7623,22.6091],[74.7185,22.6209],[74.6928,22.6137],[74.6749,22.5635],[74.6749,22.5432],[74.7153,22.4729]]],[[[74.8765,22.9773],[74.8494,22.9832],[74.8068,22.9712],[74.7203,22.9795],[74.7069,22.9619],[74.6675,22.9387],[74.6586,22.8993],[74.6625,22.8802],[74.6922,22.8456],[74.7193,22.8337],[74.7954,22.8278],[74.8444,22.8769],[74.874,22.8876],[74.883,22.9032],[74.892,22.9199],[74.8933,22.9594],[74.8765,22.9773]]]]}},{"type":"Feature","properties":{"id":"central-india-agency--jhabua","name":"Jhabua","division":"Central India Agency","type":"Princely states"},"geometry":{"type":"Polygon","coordinates":[[[74.76,23.16],[74.6043,23.1647],[74.6101,23.1575],[74.6062,23.1059],[74.5774,23.0609],[74.5135,23.011],[74.4249,22.9686],[74.3913,22.9695],[74.3423,22.9526],[74.3181,22.8916],[74.3184,22.8402],[74.3844,22.7831],[74.4051,22.7581],[74.4091,22.7402],[74.3953,22.6397],[74.3771,22.6197],[74.4962,22.5128],[74.5169,22.4627],[74.6555,22.4282],[74.6846,22.4705],[74.7153,22.4729],[74.6749,22.5432],[74.6749,22.5635],[74.6928,22.6137],[74.7185,22.6209],[74.7623,22.6091],[74.8081,22.5639],[74.8094,22.5898],[74.8248,22.6213],[74.8696,22.683],[74.9406,22.7476],[74.9824,22.8193],[74.9894,22.8477],[75.035,22.8552],[75.0436,22.8505],[75.0443,22.8896],[75.0245,22.9861],[74.936,23.0717],[74.8648,23.0466],[74.8248,23.0441],[74.8054,23.0525],[74.7899,23.068],[74.7756,23.1385],[74.76,23.16]],[[74.8765,22.9773],[74.8933,22.9594],[74.892,22.9199],[74.883,22.9032],[74.874,22.8876],[74.8444,22.8769],[74.7954,22.8278],[74.7193,22.8337],[74.6922,22.8456],[74.6625,22.8802],[74.6586,22.8993],[74.6675,22.9387],[74.7069,22.9619],[74.7203,22.9795],[74.8068,22.9712],[74.8494,22.9832],[74.8765,22.9773]]]}},{"type":"Feature","properties":{"id":"central-india-agency--ratlam","name":"Ratlam","division":"Central India Agency","type":"Princely states"},"geometry":{"type":"Polygon","coordinates":[[[75.24,23.1062],[75.2658,23.142],[75.2659,23.1621],[75.2287,23.1837],[75.1667,23.1938],[75.1419,23.2139],[75.1316,23.3502],[75.0621,23.4477],[74.9844,23.4405],[74.8788,23.5413],[74.8538,23.5107],[74.802,23.481],[74.6922,23.4541],[74.6012,23.3802],[74.5516,23.3639],[74.5093,23.3131],[74.5137,23.25],[74.5397,23.2128],[74.6043,23.1647],[74.7436,23.1605],[74.7548,23.1851],[74.8078,23.221],[74.8465,23.2258],[74.8698,23.2175],[74.8931,23.1601],[74.9448,23.1566],[74.9655,23.1434],[74.972,23.1052],[74.936,23.0717],[75.0245,22.9861],[75.0417,23.0287],[75.0637,23.0478],[75.0676,23.0908],[75.0986,23.1207],[75.1232,23.1195],[75.1825,23.0848],[75.24,23.1062]]]}},{"type":"Feature","properties":{"id":"central-india-agency--sailana","name":"Sailana","division":"Central India Agency","type":"Princely states"},"geometry":{"type":"Polygon","coordinates":[[[74.936,23.0717],[74.972,23.1052],[74.9655,23.1434],[74.9448,23.1566],[74.8931,23.1601],[74.8698,23.2175],[74.8465,23.2258],[74.8078,23.221],[74.7548,23.1851],[74.7436,23.1605],[74.76,23.16],[74.7756,23.1385],[74.7899,23.068],[74.8054,23.0525],[74.8248,23.0441],[74.8648,23.0466],[74.936,23.0717]]]}},{"type":"Feature","properties":{"id":"rajputana-agency--partabgarh","name":"Partabgarh","division":"Rajputana Agency","type":"Princely states"},"geometry":{"type":"Polygon","coordinates":[[[74.7436,24.1538],[74.6356,24.1299],[74.6032,24.1346],[74.5313,24.166],[74.5042,24.1659],[74.4865,24.1515],[74.4826,24.0817],[74.4942,24.0454],[74.5433,24.0169],[74.5382,23.9633],[74.5499,23.9108],[74.5416,23.8974],[74.4709,23.8895],[74.417,23.8549],[74.3932,23.8207],[74.4047,23.8137],[74.4571,23.7136],[74.5126,23.5799],[74.5242,23.5302],[74.5544,23.4883],[74.5908,23.4654],[74.6727,23.4382],[74.6922,23.4541],[74.802,23.481],[74.8538,23.5107],[74.867,23.5269],[74.841,23.7535],[74.8222,23.8108],[74.8564,23.9026],[74.886,23.9443],[74.8797,23.9959],[74.8672,24.0317],[74.8312,24.0862],[74.7608,24.1233],[74.7436,24.1538]]]}},{"type":"Feature","properties":{"id":"central-india-agency--sitamau","name":"Sitamau","division":"Central India Agency","type":"Princely states"},"geometry":{"type":"Polygon","coordinates":[[[75.4507,23.8078],[75.4417,23.8619],[75.4272,23.8811],[75.3608,23.9204],[75.2984,23.9187],[75.2651,23.9063],[75.239,23.8872],[75.2099,23.8366],[75.2212,23.7716],[75.2742,23.7571],[75.321,23.7534],[75.3833,23.7652],[75.4507,23.8078]]]}},{"type":"Feature","properties":{"id":"central-india-agency--jaora","name":"Jaora","division":"Central India Agency","type":"Princely states"},"geometry":{"type":"MultiPolygon","coordinates":[[[[75.3777,23.6051],[75.3857,23.6792],[75.4161,23.7859],[75.3833,23.7652],[75.3285,23.7548],[75.33,23.7127],[75.3039,23.6805],[75.2079,23.6504],[75.2188,23.6148],[75.2147,23.5947],[75.1991,23.5881],[75.1628,23.591],[75.0798,23.6369],[75.0051,23.6341],[74.974,23.6178],[74.8788,23.5413],[74.9844,23.4405],[75.0621,23.4477],[75.1316,23.3502],[75.1358,23.376],[75.1514,23.3917],[75.2166,23.3916],[75.24,23.4031],[75.2509,23.4446],[75.2649,23.4604],[75.2991,23.4704],[75.4035,23.4678],[75.3944,23.5572],[75.3777,23.6051]]],[[[75.0646,23.9916],[75.3515,24.0001],[75.3366,24.0966],[75.2914,24.1182],[75.2664,24.1397],[75.2618,24.1914],[75.2384,24.2072],[75.2072,24.2058],[75.179,24.1915],[75.0773,24.074],[75.0646,23.9916]]]]}},{"type":"Feature","properties":{"id":"central-india-agency--rampura-indore","name":"Rampura (Indore)","division":"Central India Agency","type":"Princely states"},"geometry":{"type":"Polygon","coordinates":[[[75.3515,24.0001],[75.4266,24.0025],[75.5358,23.9907],[75.567,23.9953],[75.6405,24.0282],[75.6432,24.0447],[75.6704,24.08],[75.6831,24.1077],[75.6729,24.1555],[75.6255,24.257],[75.6246,24.2857],[75.6498,24.3171],[75.7585,24.351],[75.7711,24.3768],[75.7559,24.4428],[75.7311,24.5003],[75.6803,24.5569],[75.6534,24.6172],[75.6211,24.6308],[75.5845,24.6338],[75.5016,24.5662],[75.3813,24.5331],[75.2631,24.4712],[75.2109,24.4713],[75.1399,24.4905],[75.0657,24.4504],[74.9916,24.4285],[74.9822,24.329],[74.9926,24.2057],[74.9624,24.1168],[74.9593,24.0872],[74.9635,24.0585],[75.002,24.0069],[75.0353,23.9916],[75.0646,23.9916],[75.0773,24.074],[75.1117,24.117],[75.179,24.1915],[75.2072,24.2058],[75.2384,24.2072],[75.2618,24.1914],[75.2664,24.1397],[75.2914,24.1182],[75.3366,24.0966],[75.3515,24.0001]]]}},{"type":"Feature","properties":{"id":"gwalior--mandsaur","name":"Mandsaur","division":"Gwalior","type":"Princely districts"},"geometry":{"type":"Polygon","coordinates":[[[75.1399,24.4905],[75.1159,24.6124],[75.1159,24.6454],[75.1317,24.6683],[75.1678,24.6898],[75.2337,24.7126],[75.2636,24.7312],[75.2668,24.7484],[75.2606,24.7814],[75.2339,24.7972],[75.1836,24.7801],[75.1239,24.7873],[75.1114,24.8088],[75.1224,24.8361],[75.168,24.8762],[75.1743,24.9005],[75.1587,24.9264],[75.1414,24.9364],[75.1005,24.9307],[75.058,24.9135],[75.0297,24.915],[74.981,24.968],[74.9684,25.0024],[74.9416,25.0383],[74.9117,25.0483],[74.8755,25.0339],[74.8095,24.9751],[74.7639,24.9693],[74.742,24.9363],[74.7468,24.9047],[74.7751,24.8761],[74.827,24.8604],[74.926,24.8547],[74.9543,24.8447],[74.9842,24.8204],[75.0014,24.7931],[75.0014,24.7673],[74.9795,24.7501],[74.8413,24.7558],[74.8099,24.7471],[74.8052,24.7256],[74.8162,24.6984],[74.9026,24.6225],[74.9058,24.5766],[74.8509,24.5622],[74.7945,24.5607],[74.7506,24.5692],[74.6754,24.5619],[74.6473,24.4973],[74.6476,24.4085],[74.6602,24.3769],[74.7057,24.334],[74.7434,24.2696],[74.7436,24.1506],[74.7608,24.1233],[74.8312,24.0862],[74.8672,24.0317],[74.8797,23.9959],[74.886,23.9443],[74.8564,23.9026],[74.8222,23.8108],[74.841,23.7535],[74.867,23.5269],[74.8859,23.5499],[75.0051,23.6341],[75.0798,23.6369],[75.1628,23.591],[75.1991,23.5881],[75.2147,23.5947],[75.2188,23.6148],[75.1889,23.6952],[75.2212,23.7716],[75.2099,23.8366],[75.239,23.8872],[75.2651,23.9063],[75.2984,23.9187],[75.3608,23.9204],[75.4324,23.8742],[75.6269,23.8986],[75.6446,23.9166],[75.648,23.9635],[75.6405,24.0282],[75.567,23.9953],[75.5358,23.9907],[75.4266,24.0025],[75.0353,23.9916],[75.002,24.0069],[74.9635,24.0585],[74.9593,24.0872],[74.9624,24.1168],[74.9926,24.2057],[74.9822,24.329],[74.9916,24.4285],[75.0657,24.4504],[75.1399,24.4905]]]}},{"type":"Feature","properties":{"id":"rajputana-agency--banswara","name":"Banswara","division":"Rajputana Agency","type":"Princely states"},"geometry":{"type":"Polygon","coordinates":[[[74.6727,23.4382],[74.5908,23.4654],[74.5544,23.4883],[74.5242,23.5302],[74.5126,23.5799],[74.4571,23.7136],[74.4047,23.8137],[74.3932,23.8207],[74.3251,23.7379],[74.2547,23.6984],[74.1645,23.6893],[74.1201,23.6556],[74.0619,23.5148],[74.0643,23.4689],[74.0226,23.3606],[74.0239,23.2971],[74.0423,23.2926],[74.0923,23.2427],[74.1873,23.1858],[74.2309,23.1502],[74.2464,23.1233],[74.4415,23.2394],[74.5125,23.2595],[74.5093,23.3131],[74.5237,23.338],[74.5516,23.3639],[74.6012,23.3802],[74.6727,23.4382]]]}},{"type":"Feature","properties":{"id":"rajputana-agency--dungarpur","name":"Dungarpur","division":"Rajputana Agency","type":"Princely states"},"geometry":{"type":"Polygon","coordinates":[[[74.3932,23.8207],[74.3558,23.8432],[74.3027,23.8496],[74.1937,23.8376],[74.1583,23.8461],[74.128,23.8669],[74.0583,23.8713],[73.9838,23.8364],[73.8687,23.805],[73.7238,23.7513],[73.5716,23.7146],[73.5285,23.7133],[73.5259,23.7005],[73.4765,23.657],[73.4713,23.5681],[73.5028,23.534],[73.5638,23.5073],[73.6395,23.5525],[73.6736,23.5613],[73.7111,23.5402],[73.7662,23.4718],[73.7935,23.3448],[73.8776,23.3087],[73.9692,23.3107],[74.0239,23.2971],[74.0226,23.3606],[74.0643,23.4689],[74.0619,23.5148],[74.1201,23.6556],[74.1645,23.6893],[74.2547,23.6984],[74.3251,23.7379],[74.3932,23.8207]]]}},{"type":"Feature","properties":{"id":"rajputana-agency--mewar","name":"Mewar","division":"Rajputana Agency","type":"Princely states"},"geometry":{"type":"Polygon","coordinates":[[[74.702,24.5673],[74.8509,24.5622],[74.9058,24.5766],[74.9026,24.6225],[74.8162,24.6984],[74.8052,24.7256],[74.8099,24.7471],[74.8413,24.7558],[74.9795,24.7501],[75.0014,24.7673],[75.0014,24.7931],[74.9842,24.8204],[74.9543,24.8447],[74.926,24.8547],[74.827,24.8604],[74.7751,24.8761],[74.7468,24.9047],[74.742,24.9363],[74.7639,24.9693],[74.8095,24.9751],[74.8755,25.0339],[74.9117,25.0483],[74.9416,25.0383],[74.9684,25.0024],[74.981,24.968],[75.0297,24.915],[75.058,24.9135],[75.1005,24.9307],[75.1414,24.9364],[75.1587,24.9264],[75.1743,24.9005],[75.168,24.8762],[75.1224,24.8361],[75.1114,24.8088],[75.1239,24.7873],[75.1836,24.7801],[75.2339,24.7972],[75.2606,24.7814],[75.2636,24.7312],[75.2337,24.7126],[75.1678,24.6898],[75.1317,24.6683],[75.1159,24.6454],[75.1159,24.6124],[75.1399,24.4905],[75.2109,24.4713],[75.2631,24.4712],[75.3813,24.5331],[75.5016,24.5662],[75.5845,24.6338],[75.6211,24.6308],[75.6534,24.6172],[75.6803,24.5569],[75.7024,24.5315],[75.7872,24.6866],[75.7799,24.7748],[75.7667,24.8],[75.6775,24.8563],[75.6622,24.9417],[75.6498,24.9697],[75.6236,24.999],[75.5946,24.9748],[75.5512,24.9548],[75.5205,24.9535],[75.4695,24.968],[75.4177,25.0105],[75.4119,25.1338],[75.3712,25.2256],[75.3792,25.278],[75.3384,25.3225],[75.325,25.3576],[75.3236,25.3964],[75.3521,25.44],[75.3459,25.4924],[75.3595,25.5368],[75.3509,25.5834],[75.3196,25.6269],[75.2579,25.6025],[75.1778,25.6103],[75.1593,25.6231],[75.1107,25.5852],[75.0624,25.5057],[75.0379,25.4842],[74.9992,25.4698],[74.9092,25.4655],[74.8737,25.4533],[74.8453,25.4332],[74.8169,25.4274],[74.7932,25.4346],[74.7916,25.4503],[74.816,25.5048],[74.8112,25.5478],[74.7811,25.5772],[74.766,25.6087],[74.7675,25.6675],[74.7263,25.7786],[74.5552,25.7856],[74.479,25.8293],[74.386,25.8423],[74.3375,25.8306],[74.2786,25.7921],[74.1848,25.6272],[74.0867,25.4852],[73.9031,25.3062],[73.8177,25.2444],[73.7286,25.1194],[73.5999,24.9902],[73.5796,24.9346],[73.5537,24.9057],[73.4603,24.835],[73.3076,24.7406],[73.309,24.682],[73.2866,24.6397],[73.2537,24.5237],[73.2476,24.5093],[73.1971,24.4686],[73.1823,24.4277],[73.2077,24.4124],[73.2326,24.3138],[73.2837,24.2356],[73.27,24.2067],[73.1962,24.1242],[73.184,24.0997],[73.1831,24.0538],[73.2211,24.0141],[73.2745,23.9903],[73.2873,23.9618],[73.3007,23.8917],[73.3462,23.8722],[73.3959,23.8899],[73.4418,23.9606],[73.4823,23.9624],[73.5012,23.9469],[73.4932,23.8307],[73.5047,23.7849],[73.5237,23.7564],[73.5318,23.7292],[73.5285,23.7133],[73.5716,23.7146],[73.7238,23.7513],[73.8687,23.805],[73.9838,23.8364],[74.0583,23.8713],[74.128,23.8669],[74.1583,23.8461],[74.1937,23.8376],[74.3027,23.8496],[74.3558,23.8432],[74.3932,23.8207],[74.417,23.8549],[74.4709,23.8895],[74.5416,23.8974],[74.5499,23.9108],[74.5382,23.9633],[74.5433,24.0169],[74.4942,24.0454],[74.4826,24.0817],[74.4865,24.1515],[74.5042,24.1659],[74.5313,24.166],[74.6032,24.1346],[74.6356,24.1299],[74.7436,24.1538],[74.7434,24.2696],[74.7057,24.334],[74.6602,24.3769],[74.6475,24.4209],[74.6209,24.4111],[74.6054,24.3776],[74.5675,24.3954],[74.5479,24.3894],[74.5168,24.3475],[74.4436,24.3783],[74.3956,24.3184],[74.3618,24.3051],[74.3422,24.3122],[74.3317,24.3325],[74.3009,24.4745],[74.2655,24.5054],[74.2536,24.5268],[74.2587,24.5472],[74.2717,24.5652],[74.286,24.57],[74.3855,24.5251],[74.4534,24.5277],[74.486,24.5433],[74.4897,24.6007],[74.5001,24.6115],[74.687,24.5929],[74.702,24.5673]]]}},{"type":"Feature","properties":{"id":"rajputana-agency--shahpura","name":"Shahpura","division":"Rajputana Agency","type":"Princely states"},"geometry":{"type":"Polygon","coordinates":[[[75.1593,25.6231],[75.0977,25.6792],[75.0851,25.727],[75.083,25.7748],[75.0345,25.7958],[74.7263,25.7786],[74.7675,25.6675],[74.766,25.6087],[74.7811,25.5772],[74.8112,25.5478],[74.8159,25.5285],[74.816,25.5048],[74.7916,25.4503],[74.7932,25.4346],[74.8287,25.4274],[74.9092,25.4655],[74.9992,25.4698],[75.0379,25.4842],[75.0624,25.5057],[75.1107,25.5852],[75.1593,25.6231]]]}},{"type":"Feature","properties":{"id":"almer-marwara--ajmer-merwara","name":"Ajmer Merwara","division":"Almer Marwara","type":"British districts"},"geometry":{"type":"MultiPolygon","coordinates":[[[[75.3592,25.6424],[75.3916,25.6676],[75.4002,25.6962],[75.394,25.7402],[75.3606,25.8817],[75.3124,26.0252],[75.2726,26.0476],[75.2228,26.0097],[75.1253,25.8626],[75.083,25.7748],[75.0851,25.727],[75.0977,25.6792],[75.1335,25.6409],[75.1778,25.6103],[75.2579,25.6025],[75.3592,25.6424]]],[[[74.8819,26.3367],[74.8352,26.3729],[74.8224,26.392],[74.8011,26.4856],[74.7691,26.5143],[74.7203,26.5256],[74.6799,26.5084],[74.6652,26.4758],[74.6419,26.4547],[74.5527,26.4469],[74.5189,26.4123],[74.4936,26.3702],[74.4619,26.3433],[74.4068,26.3259],[74.3093,26.3274],[74.2902,26.3216],[74.2354,26.2735],[74.2207,26.2486],[74.2208,26.2333],[74.2463,26.22],[74.2888,26.2145],[74.3016,26.1993],[74.3017,26.1802],[74.2766,26.1323],[74.2324,26.0843],[74.1798,26.0439],[74.1653,26.0036],[74.1573,25.9386],[73.9875,25.7636],[73.9673,25.6583],[73.9298,25.6122],[73.7878,25.4811],[73.7692,25.4466],[73.759,25.4083],[73.8001,25.2978],[73.827,25.2511],[73.9031,25.3062],[74.0867,25.4852],[74.1848,25.6272],[74.2786,25.7921],[74.3375,25.8306],[74.386,25.8423],[74.479,25.8293],[74.5552,25.7856],[74.6101,25.78],[74.8846,25.7843],[75.0239,25.795],[75.0239,25.8493],[75.0113,25.9009],[74.988,25.943],[74.9753,26.201],[74.8819,26.3367]]]]}},{"type":"Feature","properties":{"id":"rajputana-agency--sirohi","name":"Sirohi","division":"Rajputana Agency","type":"Princely states"},"geometry":{"type":"Polygon","coordinates":[[[73.0784,25.0847],[73.0541,25.0987],[73.0311,25.0917],[73.0178,25.0724],[72.9719,25.0546],[72.89,25.0621],[72.8592,25.0244],[72.8532,24.9469],[72.8353,24.8912],[72.7253,24.775],[72.6744,24.758],[72.5856,24.7518],[72.5288,24.7145],[72.5276,24.6658],[72.4646,24.6285],[72.415,24.5873],[72.4335,24.5455],[72.4352,24.514],[72.4025,24.4274],[72.4168,24.3914],[72.4568,24.372],[72.5905,24.3637],[72.6231,24.3499],[72.6769,24.3153],[72.7848,24.2224],[72.829,24.1943],[72.8718,24.1892],[72.903,24.1925],[72.9826,24.2361],[72.9782,24.282],[73.0355,24.3171],[73.0713,24.3247],[73.0929,24.348],[73.1092,24.4055],[73.1324,24.4258],[73.1823,24.4277],[73.1971,24.4686],[73.2476,24.5093],[73.2537,24.5237],[73.2866,24.6397],[73.309,24.682],[73.3076,24.7406],[73.2821,24.7728],[73.2134,24.8179],[73.2129,24.8552],[73.2534,24.956],[73.2466,24.9903],[73.2296,25.0016],[73.2066,25.0032],[73.1879,24.9915],[73.1687,24.9416],[73.1487,24.9471],[73.0784,25.0847]],[[72.7471,24.4109],[72.724,24.3926],[72.6979,24.3934],[72.6833,24.404],[72.6827,24.4398],[72.7038,24.4629],[72.7321,24.4489],[72.7427,24.4359],[72.7471,24.4109]]]}},{"type":"Feature","properties":{"id":"rajputana-agency--abu","name":"Abu","division":"Rajputana Agency","type":"Princely states"},"geometry":{"type":"Polygon","coordinates":[[[72.7471,24.4109],[72.7427,24.4359],[72.7321,24.4489],[72.7038,24.4629],[72.6827,24.4398],[72.6833,24.404],[72.6979,24.3934],[72.724,24.3926],[72.7471,24.4109]]]}},{"type":"Feature","properties":{"id":"rajputana-agency--marwar","name":"Marwar","division":"Rajputana Agency","type":"Princely states"},"geometry":{"type":"Polygon","coordinates":[[[71.3805,24.5393],[71.3774,24.547],[71.3888,24.5501],[71.4759,24.5322],[71.5135,24.533],[71.6833,24.5846],[71.7261,24.5855],[71.9096,24.5121],[71.9883,24.4946],[72.0776,24.5135],[72.1777,24.5183],[72.2346,24.5394],[72.2809,24.5727],[72.4102,24.5836],[72.4646,24.6285],[72.5276,24.6658],[72.5288,24.7145],[72.5555,24.736],[72.5856,24.7518],[72.6744,24.758],[72.7253,24.775],[72.7757,24.8235],[72.8353,24.8912],[72.8532,24.9469],[72.8592,25.0244],[72.89,25.0621],[72.9719,25.0546],[73.0178,25.0724],[73.0311,25.0917],[73.0541,25.0987],[73.0784,25.0847],[73.1487,24.9471],[73.1687,24.9416],[73.1879,24.9915],[73.2066,25.0032],[73.2296,25.0016],[73.2466,24.9903],[73.2534,24.956],[73.2129,24.8552],[73.2134,24.8179],[73.2821,24.7728],[73.3076,24.7406],[73.4603,24.835],[73.5537,24.9057],[73.5796,24.9346],[73.5999,24.9902],[73.7286,25.1194],[73.827,25.2511],[73.8001,25.2978],[73.759,25.4083],[73.7692,25.4466],[73.7878,25.4811],[73.9298,25.6122],[73.9673,25.6583],[73.9875,25.7636],[74.1573,25.9386],[74.1653,26.0036],[74.1798,26.0439],[74.2324,26.0843],[74.2766,26.1323],[74.3017,26.1802],[74.3016,26.1993],[74.2888,26.2145],[74.2463,26.22],[74.2208,26.2333],[74.2207,26.2486],[74.2354,26.2735],[74.2902,26.3216],[74.3093,26.3274],[74.4068,26.3259],[74.4619,26.3433],[74.4936,26.3702],[74.5189,26.4123],[74.5527,26.4469],[74.6419,26.4547],[74.6652,26.4758],[74.6799,26.5084],[74.7285,26.5237],[74.7302,26.548],[74.8299,26.637],[74.8734,26.7259],[74.9255,26.7957],[74.9457,26.8693],[74.966,26.8865],[74.9947,26.8884],[75.02,26.8705],[75.0821,26.8891],[75.1663,26.8718],[75.1919,26.8966],[75.208,26.9549],[75.2656,26.9739],[75.302,27.0053],[75.2882,27.0522],[75.1869,27.0724],[75.1474,27.0906],[75.1432,27.1116],[75.1656,27.1498],[75.1667,27.1709],[75.123,27.1948],[75.1005,27.2187],[75.1006,27.2569],[75.0824,27.2741],[75.0514,27.2856],[75.0225,27.2856],[74.9391,27.2608],[74.8932,27.2349],[74.8803,27.2435],[74.8407,27.3333],[74.7774,27.3934],[74.7323,27.4535],[74.7355,27.4784],[74.7955,27.5559],[74.5052,27.5656],[74.4482,27.5489],[74.4065,27.5308],[74.3929,27.515],[74.3819,27.4626],[74.3089,27.4465],[74.2913,27.4357],[74.2789,27.3654],[74.2431,27.3179],[74.2031,27.2991],[74.1325,27.3044],[74.0994,27.3364],[74.0749,27.3807],[74.054,27.3863],[73.9555,27.3669],[73.8375,27.3667],[73.8175,27.3608],[73.7913,27.3362],[73.7836,27.3075],[73.7573,27.2929],[73.6375,27.314],[73.6201,27.2909],[73.6371,27.1492],[73.6336,27.1084],[73.6131,27.0859],[73.5618,27.0897],[73.5214,27.0571],[73.4978,27.0231],[73.4348,27.0117],[73.369,27.0239],[73.3456,27.0365],[73.3228,27.0649],[73.3094,27.1063],[73.2819,27.1224],[73.2393,27.1305],[73.1852,27.1592],[73.1405,27.198],[72.9997,27.2784],[72.8941,27.3528],[72.8538,27.3608],[72.7471,27.3598],[72.6625,27.3799],[72.6272,27.3793],[72.5576,27.3454],[72.5099,27.2777],[72.4853,27.134],[72.457,27.0638],[72.4208,27.0164],[72.3365,26.9718],[72.2763,26.9506],[72.1956,26.9414],[72.1167,26.9427],[71.9889,26.982],[71.9485,26.9773],[71.9264,26.9673],[71.8611,26.9009],[71.888,26.7594],[71.8852,26.742],[71.7744,26.6864],[71.7708,26.6738],[71.7885,26.6325],[71.7864,26.6151],[71.7348,26.5841],[71.7203,26.5587],[71.7465,26.4752],[71.7145,26.4572],[71.6969,26.4244],[71.7039,26.4045],[71.7574,26.3656],[71.7646,26.3372],[71.7605,26.3127],[71.6577,26.2946],[71.455,26.2239],[71.2584,26.1659],[71.1939,26.0998],[71.1398,26.0583],[70.8597,26.0033],[70.7322,25.9366],[70.5849,25.9808],[70.4409,25.9406],[70.395,25.9392],[70.3484,25.9577],[70.1151,25.99],[70.1329,25.8913],[70.2012,25.7677],[70.355,25.6265],[70.4274,25.6234],[70.5933,25.6728],[70.6266,25.6716],[70.644,25.6525],[70.673,25.6547],[70.7097,25.6291],[70.7235,25.536],[70.7104,25.4326],[70.7122,25.3811],[70.7263,25.3376],[70.7576,25.2851],[70.9221,25.1211],[70.9535,25.0511],[70.9667,24.914],[71.0584,24.7919],[71.1326,24.6744],[71.2119,24.6472],[71.2722,24.6759],[71.3424,24.6862],[71.4286,24.684],[71.403,24.6504],[71.3132,24.6139],[71.2987,24.5749],[71.3805,24.5393]]]}},{"type":"Feature","properties":{"id":"rajputana-agency--kishangarh","name":"Kishangarh","division":"Rajputana Agency","type":"Princely states"},"geometry":{"type":"Polygon","coordinates":[[[75.02,26.8705],[74.9947,26.8884],[74.966,26.8865],[74.9457,26.8693],[74.9255,26.7957],[74.8734,26.7259],[74.8299,26.637],[74.7302,26.548],[74.7285,26.5237],[74.7691,26.5143],[74.8011,26.4856],[74.8224,26.392],[74.8352,26.3729],[74.8819,26.3367],[74.9753,26.201],[74.988,25.943],[75.0113,25.9009],[75.0239,25.8493],[75.0239,25.795],[75.083,25.7748],[75.1253,25.8626],[75.2228,26.0097],[75.2726,26.0476],[75.2098,26.1722],[75.21,26.307],[75.1698,26.3787],[75.172,26.4322],[75.1912,26.5],[75.1764,26.5421],[75.084,26.5842],[75.066,26.6005],[75.0607,26.6846],[74.9958,26.7754],[75.02,26.8705]]]}},{"type":"Feature","properties":{"id":"rajputana-agency--bikaner","name":"Bikaner","division":"Rajputana Agency","type":"Princely states"},"geometry":{"type":"Polygon","coordinates":[[[75.5827,28.3462],[75.5659,28.3789],[75.5634,28.4123],[75.5759,28.4851],[75.4391,28.7292],[75.4532,28.8498],[75.4289,28.8857],[75.3924,28.9157],[75.349,28.9349],[75.318,28.9911],[75.2692,29.0533],[75.2434,29.0641],[75.1904,29.063],[75.1184,29.0475],[75.0328,29.044],[74.9512,29.1013],[74.8369,29.1609],[74.6941,29.1511],[74.6575,29.1331],[74.5704,29.1317],[74.4844,29.2066],[74.4745,29.271],[74.4988,29.3189],[74.606,29.4231],[74.6045,29.4565],[74.5853,29.4935],[74.5293,29.4945],[74.4627,29.4548],[74.4381,29.4571],[74.4203,29.4738],[74.4212,29.5406],[74.4388,29.5849],[74.4659,29.6113],[74.484,29.6586],[74.4656,29.7202],[74.4327,29.7386],[74.2308,29.7348],[74.1651,29.7458],[74.083,29.7453],[74.0339,29.7234],[73.9394,29.6597],[73.8935,29.655],[73.8129,29.6744],[73.7895,29.7143],[73.7921,29.7673],[73.8715,29.898],[73.8683,29.9653],[73.8399,30.0032],[73.7851,29.9657],[73.7113,29.9423],[73.5022,29.9031],[73.4505,29.8774],[73.3287,29.79],[73.2993,29.7491],[73.2906,29.5353],[73.2603,29.4728],[73.1832,29.3596],[73.1799,29.3154],[72.9744,29.0271],[72.8708,28.9145],[72.5681,28.7483],[72.4205,28.6942],[72.3286,28.6327],[72.2637,28.5288],[72.1919,28.3149],[72.2552,28.1933],[72.5612,28.1836],[72.6087,28.1653],[72.6579,28.134],[72.7017,28.1013],[72.7266,28.0683],[72.7421,28.0375],[72.7516,27.9684],[72.7465,27.8872],[72.7251,27.8212],[72.6606,27.7477],[72.6317,27.6919],[72.6392,27.6452],[72.6365,27.5726],[72.6217,27.5121],[72.6932,27.4723],[72.7033,27.4495],[72.7048,27.4285],[72.6779,27.3741],[72.7471,27.3598],[72.8538,27.3608],[72.8941,27.3528],[72.9997,27.2784],[73.1405,27.198],[73.1852,27.1592],[73.2393,27.1305],[73.2819,27.1224],[73.3094,27.1063],[73.3228,27.0649],[73.3456,27.0365],[73.369,27.0239],[73.4348,27.0117],[73.4978,27.0231],[73.5214,27.0571],[73.5618,27.0897],[73.6131,27.0859],[73.6336,27.1084],[73.6371,27.1492],[73.6201,27.2909],[73.6375,27.314],[73.7573,27.2929],[73.7836,27.3075],[73.7913,27.3362],[73.8175,27.3608],[73.8375,27.3667],[73.9555,27.3669],[74.054,27.3863],[74.0749,27.3807],[74.0994,27.3364],[74.1325,27.3044],[74.2031,27.2991],[74.2431,27.3179],[74.2789,27.3654],[74.2913,27.4357],[74.3089,27.4465],[74.3819,27.4626],[74.3929,27.515],[74.4065,27.5308],[74.4482,27.5489],[74.5052,27.5656],[74.7955,27.5559],[74.7984,27.6285],[74.8123,27.6457],[74.8465,27.7327],[74.8325,27.7738],[74.8281,27.8311],[74.8464,27.8598],[74.913,27.9143],[74.928,27.9429],[74.9441,28.0203],[74.9667,28.0347],[75.0819,28.0633],[75.1024,28.0776],[75.1424,28.1607],[75.219,28.1855],[75.2341,28.2112],[75.2311,28.3125],[75.2781,28.3454],[75.4628,28.342],[75.5421,28.3317],[75.5827,28.3462]]]}},{"type":"Feature","properties":{"id":"punjab--hissar","name":"Hissar","division":"Punjab","type":"British districts"},"geometry":{"type":"Polygon","coordinates":[[[76.1758,29.1391],[76.0322,29.2269],[75.9893,29.2623],[75.9505,29.3106],[75.8765,29.4501],[75.8675,29.5483],[75.8579,29.5677],[75.8105,29.5916],[75.7613,29.5869],[75.6833,29.5594],[75.653,29.5617],[75.6106,29.5963],[75.5819,29.6007],[75.5565,29.5951],[75.5202,29.5594],[75.4817,29.5545],[75.4137,29.5641],[75.3842,29.5506],[75.3677,29.5284],[75.361,29.489],[75.329,29.4698],[75.3763,29.4045],[75.3639,29.3722],[75.3385,29.3652],[75.2291,29.4356],[75.171,29.4507],[75.1375,29.5425],[75.0991,29.6012],[75.0622,29.6364],[74.9212,29.6779],[74.8546,29.7194],[74.8078,29.7716],[74.7067,29.7829],[74.6853,29.8129],[74.6843,29.8796],[74.6928,29.9039],[74.6441,29.8732],[74.5489,29.8586],[74.5019,29.8212],[74.4923,29.7858],[74.4544,29.7265],[74.4723,29.7058],[74.484,29.6586],[74.4659,29.6113],[74.4388,29.5849],[74.4212,29.5406],[74.4203,29.4738],[74.4381,29.4571],[74.4627,29.4548],[74.5293,29.4945],[74.5853,29.4935],[74.6045,29.4565],[74.606,29.4231],[74.4988,29.3189],[74.4745,29.271],[74.4844,29.2066],[74.5704,29.1317],[74.6575,29.1331],[74.6941,29.1511],[74.8369,29.1609],[74.9512,29.1013],[75.0328,29.044],[75.1184,29.0475],[75.1904,29.063],[75.2434,29.0641],[75.2692,29.0533],[75.318,28.9911],[75.349,28.9349],[75.3924,28.9157],[75.4289,28.8857],[75.4532,28.8498],[75.4391,28.7292],[75.4928,28.624],[75.5718,28.4951],[75.7437,28.4453],[75.7815,28.4236],[75.8618,28.4559],[76.0196,28.5609],[76.0491,28.5941],[76.0916,28.6186],[76.1274,28.625],[76.3309,28.6267],[76.3238,28.7184],[76.277,28.8168],[76.2777,28.9097],[76.2563,28.9184],[76.2259,28.966],[76.229,29.0189],[76.2118,29.0814],[76.1758,29.1391]]]}},{"type":"Feature","properties":{"id":"rajputana-agency--jaisalmer","name":"Jaisalmer","division":"Rajputana Agency","type":"Princely states"},"geometry":{"type":"Polygon","coordinates":[[[71.4016,27.7274],[71.2673,27.6952],[71.0783,27.6231],[70.9274,27.577],[70.8595,27.5667],[70.8284,27.5753],[70.798,27.5994],[70.7353,27.6297],[70.6907,27.702],[70.6785,27.7098],[70.6146,27.8428],[70.593,27.8708],[70.5051,27.8883],[70.4367,27.8872],[70.3893,27.8654],[70.3205,27.813],[70.1702,27.6958],[70.0919,27.6203],[70.0774,27.5566],[70.041,27.4719],[69.9911,27.3938],[69.8144,27.2337],[69.729,27.178],[69.6061,27.0757],[69.5614,27.0222],[69.5034,26.8399],[69.528,26.7336],[69.66,26.6251],[69.7754,26.5673],[69.9418,26.549],[70.0813,26.5517],[70.1429,26.5331],[70.1676,26.5036],[70.1726,26.4724],[70.2005,26.4562],[70.2082,26.4221],[70.2101,26.2734],[70.184,26.1371],[70.1258,26.0646],[70.1128,26.0203],[70.1151,25.99],[70.3484,25.9577],[70.395,25.9392],[70.4409,25.9406],[70.5849,25.9808],[70.7322,25.9366],[70.8597,26.0033],[71.1398,26.0583],[71.1939,26.0998],[71.2584,26.1659],[71.455,26.2239],[71.6577,26.2946],[71.7605,26.3127],[71.7646,26.3372],[71.7574,26.3656],[71.7039,26.4045],[71.6969,26.4244],[71.7145,26.4572],[71.7465,26.4752],[71.7203,26.5587],[71.7348,26.5841],[71.7864,26.6151],[71.7885,26.6325],[71.7708,26.6738],[71.7744,26.6864],[71.8852,26.742],[71.888,26.7594],[71.8611,26.9009],[71.89,26.935],[71.9264,26.9673],[71.9889,26.982],[72.1488,26.9385],[72.2763,26.9506],[72.3365,26.9718],[72.4208,27.0164],[72.457,27.0638],[72.4853,27.134],[72.5099,27.2777],[72.5347,27.3173],[72.5576,27.3454],[72.6025,27.3717],[72.6272,27.3793],[72.6779,27.3741],[72.7048,27.4285],[72.7033,27.4495],[72.6932,27.4723],[72.6217,27.5121],[72.6365,27.5726],[72.6392,27.6452],[72.6317,27.6919],[72.6606,27.7477],[72.7251,27.8212],[72.7378,27.8536],[72.7525,27.9243],[72.7421,28.0375],[72.7017,28.1013],[72.6087,28.1653],[72.5612,28.1836],[72.2552,28.1933],[72.1919,28.3149],[72.129,28.211],[72.0194,28.1323],[71.9921,28.0995],[71.9486,28.0174],[71.9021,27.9531],[71.8533,27.8279],[71.7863,27.7774],[71.7176,27.7436],[71.6134,27.7267],[71.471,27.7342],[71.4016,27.7274]]]}},{"type":"Feature","properties":{"id":"punjab--gurdaspur","name":"Gurdaspur","division":"Punjab","type":"British districts"},"geometry":{"type":"Polygon","coordinates":[[[75.1763,32.0064],[75.0671,31.9552],[75.0377,31.9314],[74.9509,31.9421],[74.9047,31.9385],[74.6427,31.8171],[74.4831,31.7076],[74.6821,31.652],[74.7709,31.6181],[74.8295,31.5917],[75.0119,31.4794],[75.0604,31.4729],[75.1789,31.4126],[75.3327,31.3892],[75.4148,31.4398],[75.4484,31.4753],[75.4322,31.544],[75.4108,31.5871],[75.4103,31.6455],[75.4378,31.7015],[75.4393,31.7308],[75.4684,31.8154],[75.5415,31.882],[75.5119,31.9584],[75.5211,31.9975],[75.6403,32.0709],[75.6912,32.1265],[75.7122,32.1568],[75.718,32.1873],[75.7138,32.214],[75.7038,32.2361],[75.6612,32.2487],[75.6116,32.279],[75.2924,32.1382],[75.231,32.0554],[75.2024,32.0444],[75.1763,32.0064]]]}},{"type":"Feature","properties":{"id":"punjab--ferozepur","name":"Ferozepur","division":"Punjab","type":"British districts"},"geometry":{"type":"Polygon","coordinates":[[[74.7916,30.9138],[74.5982,30.9429],[74.4076,30.8653],[74.2866,30.7549],[74.2251,30.6793],[74.1135,30.4912],[74.0562,30.4347],[73.9353,30.4015],[73.9067,30.3726],[73.875,30.2566],[73.9199,30.1782],[73.9356,30.1234],[73.9278,30.078],[73.8399,30.0032],[73.8683,29.9653],[73.8715,29.898],[73.7921,29.7673],[73.7895,29.7143],[73.8129,29.6744],[73.8935,29.655],[73.9394,29.6597],[74.0339,29.7234],[74.083,29.7453],[74.1651,29.7458],[74.2308,29.7348],[74.4097,29.74],[74.4327,29.7386],[74.4544,29.7265],[74.4923,29.7858],[74.5019,29.8212],[74.5489,29.8586],[74.6441,29.8732],[74.6928,29.9039],[74.6972,29.9412],[74.6733,29.9648],[74.6681,30.0371],[74.6549,30.0636],[74.6193,30.1029],[74.6001,30.168],[74.576,30.1994],[74.5364,30.2179],[74.5056,30.2801],[74.4774,30.3058],[74.4227,30.3278],[74.4019,30.3671],[74.3926,30.3921],[74.3949,30.4294],[74.4475,30.4719],[74.4657,30.4791],[74.5426,30.4687],[74.5673,30.4931],[74.607,30.4975],[74.6792,30.4368],[74.7651,30.4363],[74.8107,30.4041],[74.9157,30.2725],[75.0139,30.2875],[75.056,30.2868],[75.1253,30.2645],[75.2392,30.2594],[75.2524,30.2629],[75.3062,30.3187],[75.3063,30.3523],[75.2876,30.434],[75.3144,30.54],[75.3103,30.5615],[75.246,30.6848],[75.2436,30.7145],[75.1947,30.7135],[75.0477,30.7614],[74.7916,30.9138]]]}},{"type":"Feature","properties":{"id":"punjab--amritsar","name":"Amritsar","division":"Punjab","type":"British districts"},"geometry":{"type":"Polygon","coordinates":[[[74.4356,31.6691],[74.4003,31.6242],[74.3921,31.5963],[74.3952,31.5686],[74.4094,31.547],[74.4433,31.5245],[74.4812,31.5178],[74.5206,31.4942],[74.5884,31.4177],[74.5985,31.3779],[74.5609,31.325],[74.5578,31.3064],[74.4681,31.2176],[74.4505,31.1826],[74.4316,31.1038],[74.4388,31.0773],[74.4614,31.0474],[74.4866,31.0332],[74.5536,31.028],[74.6065,31.0396],[74.6525,31.0401],[74.6665,31.0294],[74.6694,31.0113],[74.6209,30.984],[74.5982,30.9429],[74.7916,30.9138],[74.8961,30.9327],[74.9373,31.0007],[74.998,31.1661],[75.0505,31.2514],[75.1206,31.2964],[75.3327,31.3892],[75.209,31.404],[75.0604,31.4729],[75.0119,31.4794],[74.8295,31.5917],[74.6821,31.652],[74.4831,31.7076],[74.4356,31.6691]]]}},{"type":"Feature","properties":{"id":"punjab--kapurthala","name":"Kapurthala","division":"Punjab","type":"Princely states"},"geometry":{"type":"MultiPolygon","coordinates":[[[[75.8586,30.9961],[75.9176,31.0272],[75.9935,31.0341],[75.9357,31.0955],[75.8878,31.1681],[75.7977,31.2404],[75.7033,31.1307],[75.6996,31.0887],[75.7765,30.9938],[75.8053,30.9888],[75.8586,30.9961]]],[[[75.0843,30.8546],[75.1192,30.8667],[75.2207,30.9626],[75.2974,31.0183],[75.3756,31.2472],[75.456,31.3272],[75.5252,31.3577],[75.4747,31.4024],[75.4491,31.4491],[75.4484,31.4753],[75.4148,31.4398],[75.3118,31.3763],[75.1206,31.2964],[75.0647,31.265],[74.998,31.1661],[74.9373,31.0007],[74.8961,30.9327],[74.9653,30.9019],[75.0165,30.8672],[75.0569,30.8546],[75.0843,30.8546]]]]}},{"type":"Feature","properties":{"id":"punjab--jullundur","name":"Jullundur","division":"Punjab","type":"British districts"},"geometry":{"type":"Polygon","coordinates":[[[75.7977,31.2404],[75.765,31.259],[75.6887,31.2773],[75.6368,31.3092],[75.5709,31.3298],[75.5252,31.3577],[75.456,31.3272],[75.4075,31.2858],[75.3756,31.2472],[75.2974,31.0183],[75.2207,30.9626],[75.1192,30.8667],[75.0843,30.8546],[75.0569,30.8546],[75.0165,30.8672],[74.9653,30.9019],[74.8905,30.9352],[74.7916,30.9138],[75.0477,30.7614],[75.1947,30.7135],[75.2378,30.7134],[75.469,30.7472],[75.6426,30.7579],[76.064,30.7609],[76.1195,30.7833],[76.1801,30.8297],[75.9935,31.0341],[75.9176,31.0272],[75.8586,30.9961],[75.8053,30.9888],[75.7765,30.9938],[75.7633,31.0062],[75.6996,31.0887],[75.701,31.1174],[75.719,31.1545],[75.7977,31.2404]]]}},{"type":"Feature","properties":{"id":"punjab--faridkot","name":"Faridkot","division":"Punjab","type":"Princely states"},"geometry":{"type":"Polygon","coordinates":[[[75.1182,30.2669],[75.056,30.2868],[75.0139,30.2875],[74.9157,30.2725],[74.8107,30.4041],[74.7651,30.4363],[74.6792,30.4368],[74.607,30.4975],[74.5673,30.4931],[74.5426,30.4687],[74.4657,30.4791],[74.3949,30.4294],[74.3926,30.3921],[74.4227,30.3278],[74.4774,30.3058],[74.5056,30.2801],[74.5364,30.2179],[74.576,30.1994],[74.6001,30.168],[74.6193,30.1029],[74.6549,30.0636],[74.6681,30.0371],[74.6733,29.9648],[74.6972,29.9412],[74.6928,29.9039],[74.7541,29.9353],[74.8125,29.9476],[74.8619,29.9319],[74.9244,29.9326],[74.9647,29.9248],[75.0354,29.899],[75.0823,29.924],[75.1042,29.9219],[75.1119,29.9498],[75.1078,29.9827],[75.0955,30.0057],[75.0725,30.0257],[75.0692,30.0694],[75.0248,30.1046],[75.0248,30.1311],[75.0281,30.1475],[75.0767,30.154],[75.1064,30.1683],[75.118,30.184],[75.1263,30.2277],[75.1182,30.2669]]]}},{"type":"Feature","properties":{"id":"punjab--ludhiana","name":"Ludhiana","division":"Punjab","type":"British districts"},"geometry":{"type":"Polygon","coordinates":[[[76.3381,30.7554],[76.2581,30.7729],[76.1801,30.8297],[76.1195,30.7833],[76.064,30.7609],[75.6426,30.7579],[75.469,30.7472],[75.2436,30.7145],[75.246,30.6848],[75.3103,30.5615],[75.3144,30.54],[75.2876,30.434],[75.3041,30.3601],[75.403,30.3771],[75.489,30.4017],[75.597,30.407],[75.6214,30.4307],[75.6777,30.4448],[75.7956,30.4355],[75.8672,30.5621],[75.8939,30.5838],[75.9457,30.6032],[75.9656,30.5757],[75.9693,30.505],[75.979,30.4877],[75.9652,30.4267],[76.0036,30.4111],[76.0658,30.4508],[76.1351,30.4445],[76.1762,30.4708],[76.2369,30.475],[76.2613,30.4844],[76.3726,30.5587],[76.3589,30.6066],[76.3557,30.7618],[76.3381,30.7554]]]}},{"type":"Feature","properties":{"id":"punjab--malerkotla","name":"Malerkotla","division":"Punjab","type":"Princely states"},"geometry":{"type":"Polygon","coordinates":[[[75.7801,30.4356],[75.6777,30.4448],[75.6214,30.4307],[75.6068,30.4165],[75.6385,30.3428],[75.6251,30.318],[75.6205,30.2865],[75.6522,30.2606],[75.6859,30.1983],[75.7056,30.1801],[75.7264,30.1742],[75.7795,30.2093],[75.793,30.2512],[75.8571,30.2852],[75.8464,30.3282],[75.7876,30.4002],[75.7801,30.4356]]]}},{"type":"Feature","properties":{"id":"punjab--hoshiarpur","name":"Hoshiarpur","division":"Punjab","type":"British districts"},"geometry":{"type":"Polygon","coordinates":[[[76.5104,30.837],[76.4942,30.8658],[76.4977,30.962],[76.4623,30.9813],[76.4241,31.0209],[76.3744,31.1093],[76.3618,31.1581],[76.371,31.1779],[76.3191,31.2172],[75.988,31.6061],[75.9216,31.6615],[75.8737,31.6719],[75.822,31.6971],[75.8033,31.7239],[75.7754,31.8038],[75.7437,31.825],[75.7047,31.8372],[75.5935,31.8449],[75.5483,31.8685],[75.5415,31.882],[75.5134,31.8624],[75.4684,31.8154],[75.4393,31.7308],[75.4378,31.7015],[75.4103,31.6455],[75.4108,31.5871],[75.448,31.4938],[75.4491,31.4491],[75.4747,31.4024],[75.501,31.3749],[75.5709,31.3298],[75.6368,31.3092],[75.6887,31.2773],[75.765,31.259],[75.8245,31.2216],[75.8878,31.1681],[75.9357,31.0955],[76.1711,30.837],[76.2581,30.7729],[76.3381,30.7554],[76.3651,30.7653],[76.3973,30.7936],[76.4819,30.8052],[76.5104,30.837]]]}},{"type":"Feature","properties":{"id":"punjab--nalagarh","name":"Nalagarh","division":"Punjab","type":"Princely states"},"geometry":{"type":"Polygon","coordinates":[[[76.6905,30.687],[76.8152,30.8058],[76.8004,30.9034],[76.7549,31.0164],[76.6489,31.0049],[76.5486,30.9708],[76.4977,30.962],[76.4942,30.8658],[76.5104,30.837],[76.5696,30.8062],[76.6905,30.687]]]}},{"type":"Feature","properties":{"id":"punjab--bilaspur","name":"Bilaspur","division":"Punjab","type":"Princely states"},"geometry":{"type":"Polygon","coordinates":[[[76.658,31.2681],[76.6064,31.3071],[76.5584,31.3148],[76.542,31.2934],[76.5425,31.1696],[76.4896,31.138],[76.4721,31.1374],[76.4491,31.1578],[76.3967,31.1648],[76.371,31.1779],[76.3618,31.1581],[76.3744,31.1093],[76.4241,31.0209],[76.4843,30.9668],[76.5063,30.9589],[76.6489,31.0049],[76.7844,31.0183],[76.8251,31.0588],[76.7816,31.1043],[76.7638,31.1637],[76.658,31.2681]]]}},{"type":"Feature","properties":{"id":"punjab--mandi","name":"Mandi","division":"Punjab","type":"Princely states"},"geometry":{"type":"Polygon","coordinates":[[[77.2156,31.237],[77.208,31.2458],[77.2061,31.3074],[77.2254,31.4195],[77.1737,31.4604],[77.1746,31.5342],[77.1406,31.5827],[77.0983,31.5977],[77.0369,31.5822],[77.0161,31.5883],[76.9498,31.6552],[76.9097,31.6608],[76.8849,31.6755],[76.8314,31.7658],[76.8047,31.7733],[76.7304,31.7858],[76.5542,31.7759],[76.5244,31.7505],[76.5197,31.7212],[76.548,31.7094],[76.5669,31.6877],[76.5666,31.6684],[76.5452,31.64],[76.4994,31.6047],[76.5108,31.4807],[76.5462,31.4459],[76.5584,31.3148],[76.6064,31.3071],[76.658,31.2681],[76.809,31.3226],[76.8336,31.327],[76.8568,31.3209],[76.8907,31.2908],[76.964,31.179],[77.0168,31.1562],[77.1554,31.1969],[77.2156,31.237]]]}},{"type":"Feature","properties":{"id":"punjab--suket","name":"Suket","division":"Punjab","type":"Princely states"},"geometry":{"type":"Polygon","coordinates":[[[77.2156,31.237],[77.1554,31.1969],[77.0168,31.1562],[76.964,31.179],[76.8907,31.2908],[76.8568,31.3209],[76.8336,31.327],[76.809,31.3226],[76.658,31.2681],[76.7638,31.1637],[76.7816,31.1043],[76.8203,31.0638],[77.1297,31.0427],[77.1854,31.0551],[77.2777,31.1108],[77.32,31.1482],[77.2156,31.237]]]}},{"type":"Feature","properties":{"id":"punjab--simla","name":"Simla","division":"Punjab","type":"British districts"},"geometry":{"type":"MultiPolygon","coordinates":[[[[76.9838,30.7584],[76.9957,30.7754],[76.9863,30.7984],[76.9271,30.8076],[76.8982,30.7897],[76.8994,30.7668],[76.9139,30.7451],[76.9502,30.7388],[76.9838,30.7584]]],[[[77.0855,30.8613],[77.106,30.8896],[77.1064,30.9054],[77.09,30.9142],[77.0294,30.9152],[77.0067,30.9027],[77.0081,30.8898],[77.0259,30.8709],[77.0522,30.8561],[77.0855,30.8613]]],[[[77.533,30.8347],[77.5328,30.8934],[77.4449,30.9447],[77.3874,30.9191],[77.3736,30.8993],[77.3781,30.8792],[77.3928,30.8689],[77.5092,30.8151],[77.533,30.8347]]]]}},{"type":"Feature","properties":{"id":"himachal--shimla","name":"Shimla","division":"Himachal","type":null},"geometry":{"type":"Polygon","coordinates":[[[77.5113,31.1717],[77.3853,31.1388],[77.3511,31.138],[77.32,31.1482],[77.2777,31.1108],[77.1854,31.0551],[77.1297,31.0427],[76.8203,31.0638],[76.8251,31.0588],[76.7844,31.0183],[76.7549,31.0164],[76.8004,30.9034],[76.8152,30.8058],[76.6905,30.687],[76.7249,30.628],[76.7643,30.5929],[76.7702,30.5391],[76.7865,30.5258],[76.8209,30.5205],[76.9109,30.5395],[76.9777,30.5707],[77.045,30.6258],[77.0624,30.6649],[77.1083,30.6821],[77.2171,30.7872],[77.3066,30.7856],[77.3321,30.7513],[77.4279,30.7321],[77.52,30.7662],[77.6641,30.7633],[77.7059,30.7347],[77.7391,30.7928],[77.7407,30.8176],[77.7329,30.8936],[77.7109,30.9385],[77.7046,30.9861],[77.5843,31.085],[77.5113,31.1717]],[[77.3874,30.9191],[77.4449,30.9447],[77.5328,30.8934],[77.533,30.8347],[77.5092,30.8151],[77.3928,30.8689],[77.3781,30.8792],[77.3736,30.8993],[77.3874,30.9191]],[[77.1064,30.9054],[77.106,30.8896],[77.0855,30.8613],[77.0522,30.8561],[77.0259,30.8709],[77.0081,30.8898],[77.0067,30.9027],[77.0294,30.9152],[77.09,30.9142],[77.1064,30.9054]],[[76.9838,30.7584],[76.9502,30.7388],[76.9139,30.7451],[76.8994,30.7668],[76.8982,30.7897],[76.9271,30.8076],[76.9863,30.7984],[76.9957,30.7754],[76.9838,30.7584]]]}},{"type":"Feature","properties":{"id":"punjab--ambala","name":"Ambala","division":"Punjab","type":"British districts"},"geometry":{"type":"Polygon","coordinates":[[[76.9535,30.5595],[76.8804,30.5316],[76.8209,30.5205],[76.7865,30.5258],[76.7702,30.5391],[76.7643,30.5929],[76.7249,30.628],[76.6955,30.6809],[76.6603,30.7232],[76.5696,30.8062],[76.5104,30.837],[76.4819,30.8052],[76.3973,30.7936],[76.3557,30.7618],[76.3541,30.7281],[76.4027,30.709],[76.4364,30.6714],[76.4498,30.6015],[76.4417,30.5806],[76.4304,30.5731],[76.4768,30.4923],[76.519,30.474],[76.5466,30.4435],[76.5631,30.4441],[76.5884,30.4194],[76.6902,30.4325],[76.7243,30.4287],[76.7443,30.3902],[76.7481,30.2195],[76.7311,30.1887],[76.618,30.1092],[76.5993,30.0758],[76.5173,30.0409],[76.5137,30.0252],[76.5386,29.9805],[76.5426,29.9351],[76.6131,29.9361],[76.715,29.9835],[76.7752,29.9928],[76.8387,29.9518],[76.916,29.955],[76.9412,29.9367],[77.0011,29.9308],[77.0678,29.8603],[77.1326,29.8528],[77.17,29.8017],[77.2048,29.8363],[77.2528,29.9608],[77.2796,29.9926],[77.2259,30.0797],[77.2266,30.1105],[77.2634,30.1371],[77.2948,30.1423],[77.3513,30.1269],[77.3966,30.0948],[77.4476,30.1603],[77.3739,30.2124],[77.2832,30.209],[77.2467,30.1996],[77.1662,30.2146],[77.1427,30.23],[77.0875,30.314],[77.0759,30.3991],[77.0338,30.4953],[76.9873,30.5418],[76.9535,30.5595]]]}},{"type":"Feature","properties":{"id":"punjab--kalsia","name":"Kalsia","division":"Punjab","type":"Princely states"},"geometry":{"type":"Polygon","coordinates":[[[77.3966,30.0948],[77.3513,30.1269],[77.2948,30.1423],[77.2409,30.126],[77.2266,30.1105],[77.2259,30.0797],[77.2796,29.9926],[77.3731,30.0638],[77.3966,30.0948]]]}},{"type":"Feature","properties":{"id":"united-province--saharanpur","name":"Saharanpur","division":"United Province","type":"British districts"},"geometry":{"type":"Polygon","coordinates":[[[78.1664,29.8687],[78.1028,29.9234],[78.0855,29.9817],[78.0451,30.0273],[77.9663,30.0751],[77.7887,30.1261],[77.7503,30.1508],[77.7221,30.1758],[77.7044,30.2048],[77.6823,30.2775],[77.643,30.3246],[77.5665,30.2725],[77.4426,30.1556],[77.3731,30.0638],[77.2796,29.9926],[77.2528,29.9608],[77.2048,29.8363],[77.1447,29.7765],[77.0922,29.6854],[77.0799,29.6156],[77.1273,29.6135],[77.2194,29.6292],[77.3497,29.6145],[77.472,29.5693],[77.5046,29.5162],[77.5423,29.4964],[77.6185,29.5321],[77.713,29.5551],[77.8769,29.6356],[77.9414,29.638],[78.0294,29.619],[78.0442,29.6254],[78.1015,29.677],[78.165,29.8473],[78.1664,29.8687]]]}},{"type":"Feature","properties":{"id":"punjab--sirmoor","name":"Sirmoor","division":"Punjab","type":"Princely states"},"geometry":{"type":"Polygon","coordinates":[[[77.4476,30.1603],[77.5665,30.2725],[77.7236,30.3875],[77.7168,30.4902],[77.6739,30.5959],[77.5228,30.5525],[77.4911,30.5636],[77.45,30.5987],[77.3901,30.6285],[77.349,30.6665],[77.3313,30.7088],[77.3314,30.7594],[77.3066,30.7856],[77.2171,30.7872],[77.1083,30.6821],[77.0624,30.6649],[77.045,30.6258],[76.9777,30.5707],[76.9535,30.5595],[76.9873,30.5418],[77.0338,30.4953],[77.0759,30.3991],[77.0875,30.314],[77.1427,30.23],[77.1662,30.2146],[77.2467,30.1996],[77.2832,30.209],[77.3739,30.2124],[77.4476,30.1603]]]}},{"type":"Feature","properties":{"id":"punjab--jubbal","name":"Jubbal","division":"Punjab","type":"Princely states"},"geometry":{"type":"Polygon","coordinates":[[[77.7059,30.7347],[77.6641,30.7633],[77.52,30.7662],[77.4279,30.7321],[77.3321,30.7513],[77.3313,30.7088],[77.349,30.6665],[77.3901,30.6285],[77.45,30.5987],[77.4911,30.5636],[77.5228,30.5525],[77.6739,30.5959],[77.673,30.651],[77.681,30.6914],[77.7059,30.7347]]]}},{"type":"Feature","properties":{"id":"united-province--dehra-dun","name":"Dehra Dun","division":"United Province","type":"British districts"},"geometry":{"type":"Polygon","coordinates":[[[78.1622,29.8889],[78.2297,29.9939],[78.2344,30.0124],[78.2209,30.1044],[78.154,30.3801],[78.1311,30.4129],[78.1082,30.4206],[78.0421,30.42],[78.0165,30.4471],[78.0064,30.4659],[78.0345,30.5197],[78.0432,30.5882],[77.9918,30.6388],[77.9369,30.766],[77.8687,30.8126],[77.8145,30.831],[77.785,30.8137],[77.7592,30.7842],[77.7257,30.7687],[77.681,30.6914],[77.673,30.651],[77.6741,30.5889],[77.7168,30.4902],[77.7236,30.3875],[77.643,30.3246],[77.6823,30.2775],[77.7044,30.2048],[77.7221,30.1758],[77.769,30.1349],[77.9663,30.0751],[78.0644,30.009],[78.0855,29.9817],[78.1028,29.9234],[78.1664,29.8687],[78.1622,29.8889]]]}},{"type":"Feature","properties":{"id":"united-province--garhwal","name":"Garhwal","division":"United Province","type":"British districts"},"geometry":{"type":"Polygon","coordinates":[[[80.0574,30.7913],[79.8294,30.9151],[79.764,30.9394],[79.6355,30.9248],[79.5715,30.9341],[79.4633,30.9796],[79.4029,30.8976],[79.3946,30.8598],[79.3489,30.8022],[79.2496,30.7559],[79.2201,30.7378],[79.1943,30.7043],[79.1516,30.6866],[79.0768,30.6909],[79.0175,30.6727],[79.0048,30.6597],[78.9929,30.6114],[79.0049,30.3936],[78.9665,30.286],[78.9299,30.2222],[78.8326,30.206],[78.7182,30.1731],[78.6376,30.1324],[78.5727,30.1275],[78.4982,30.1009],[78.442,30.0299],[78.3586,29.9633],[78.2151,29.8991],[78.1719,29.9047],[78.1622,29.8889],[78.1664,29.8687],[78.2335,29.8338],[78.2834,29.7711],[78.3259,29.6925],[78.3614,29.6707],[78.5042,29.6116],[78.6084,29.5861],[78.6922,29.5104],[78.7455,29.4761],[78.7738,29.467],[78.8436,29.4733],[78.9326,29.5017],[79.0038,29.4937],[79.0624,29.5098],[79.0846,29.5001],[79.0838,29.5182],[79.0595,29.5667],[79.0993,29.6065],[79.1062,29.6396],[79.0791,29.7347],[79.0819,29.7825],[79.1252,29.837],[79.1804,29.8631],[79.3536,29.8826],[79.4336,29.9107],[79.4624,29.9118],[79.4947,29.9],[79.518,29.9056],[79.5453,29.929],[79.5627,29.9334],[79.6605,29.9336],[79.7441,30.0007],[79.7758,30.0453],[79.8317,30.2134],[79.9083,30.2463],[79.9662,30.3006],[80.0359,30.4066],[80.0491,30.4547],[80.0472,30.4977],[80.0255,30.5407],[80.0098,30.6221],[80.0127,30.7092],[80.0322,30.7349],[80.0745,30.7628],[80.0648,30.7689],[80.0574,30.7913]]]}},{"type":"Feature","properties":{"id":"united-province--united-province","name":"United Province","division":"United Province","type":"Princely states"},"geometry":{"type":"Polygon","coordinates":[[[78.8863,31.2352],[78.8922,31.1592],[78.9314,31.0893],[78.9499,30.9991],[78.9439,30.9611],[78.9077,30.9412],[78.8507,30.9563],[78.7627,31.0275],[78.7107,31.0577],[78.6579,31.0668],[78.5395,31.0434],[78.4931,31.0447],[78.337,31.1442],[78.2356,31.1339],[78.0661,31.088],[78.0187,31.0633],[77.9652,31.0531],[77.8327,31.069],[77.7575,31.0563],[77.7288,31.044],[77.704,30.9902],[77.7109,30.9385],[77.7329,30.8936],[77.74,30.852],[77.7391,30.7928],[77.7257,30.7687],[77.7592,30.7842],[77.785,30.8137],[77.8145,30.831],[77.8687,30.8126],[77.9369,30.766],[77.9918,30.6388],[78.0432,30.5882],[78.0345,30.5197],[78.0064,30.4659],[78.0165,30.4471],[78.0421,30.42],[78.1082,30.4206],[78.1311,30.4129],[78.154,30.3801],[78.2209,30.1044],[78.2344,30.0124],[78.2297,29.9939],[78.1719,29.9047],[78.2151,29.8991],[78.3586,29.9633],[78.442,30.0299],[78.4982,30.1009],[78.5727,30.1275],[78.6376,30.1324],[78.7182,30.1731],[78.8326,30.206],[78.9299,30.2222],[78.9665,30.286],[79.0049,30.3936],[78.9929,30.6114],[79.0048,30.6597],[79.0175,30.6727],[79.0768,30.6909],[79.1516,30.6866],[79.1943,30.7043],[79.2201,30.7378],[79.2496,30.7559],[79.3489,30.8022],[79.3946,30.8598],[79.4029,30.8976],[79.4633,30.9796],[79.3735,31.0255],[79.3025,31.1114],[79.2185,31.2683],[79.1355,31.3581],[79.0753,31.3962],[79.0259,31.4004],[79.0027,31.3925],[78.9809,31.3728],[78.945,31.3134],[78.9192,31.2381],[78.8964,31.2288],[78.8863,31.2352]]]}},{"type":"Feature","properties":{"id":"punjab--bashahr","name":"Bashahr","division":"Punjab","type":"Princely states"},"geometry":{"type":"Polygon","coordinates":[[[78.6823,32.0019],[78.5075,31.8673],[78.4225,31.8359],[78.3355,31.8168],[78.2792,31.7875],[78.2487,31.7539],[78.2363,31.7099],[78.1949,31.6766],[78.1517,31.659],[78.0337,31.6583],[77.9741,31.6275],[77.9793,31.6052],[78.0302,31.5518],[78.0221,31.509],[77.9897,31.4876],[77.951,31.4792],[77.7917,31.5121],[77.6996,31.5076],[77.6318,31.4733],[77.6068,31.4437],[77.5968,31.4153],[77.6179,31.364],[77.6238,31.3067],[77.614,31.2546],[77.5692,31.2011],[77.5113,31.1717],[77.5843,31.085],[77.7046,30.9861],[77.7288,31.044],[77.7575,31.0563],[77.8327,31.069],[77.9652,31.0531],[78.0187,31.0633],[78.0661,31.088],[78.2356,31.1339],[78.337,31.1442],[78.4931,31.0447],[78.5395,31.0434],[78.6579,31.0668],[78.7107,31.0577],[78.7627,31.0275],[78.8507,30.9563],[78.9077,30.9412],[78.9439,30.9611],[78.9499,30.9991],[78.9451,31.045],[78.9314,31.0893],[78.8922,31.1592],[78.8863,31.2352],[78.8554,31.255],[78.7997,31.3402],[78.7832,31.385],[78.7831,31.4178],[78.7699,31.4572],[78.7757,31.4895],[78.8029,31.5212],[78.8064,31.5472],[78.7932,31.5868],[78.7479,31.653],[78.7218,31.6762],[78.7147,31.7015],[78.714,31.7735],[78.7325,31.9353],[78.7148,31.9788],[78.6823,32.0019]]]}},{"type":"Feature","properties":{"id":"punjab--chamba","name":"Chamba","division":"Punjab","type":"Princely states"},"geometry":{"type":"Polygon","coordinates":[[[77.0782,32.93],[76.6494,33.1036],[76.5799,33.1174],[76.52,33.0981],[76.4629,33.0415],[76.4475,33.0359],[76.3901,33.0609],[76.3291,33.073],[76.3136,33.0617],[76.288,32.936],[76.2568,32.8948],[76.0524,32.8294],[75.8809,32.8107],[75.8435,32.798],[75.8264,32.7838],[75.8243,32.7423],[75.9398,32.6098],[75.9479,32.571],[75.9406,32.5253],[75.9181,32.471],[75.8786,32.4345],[75.9021,32.406],[75.9226,32.345],[75.9392,32.3217],[76.0678,32.2586],[76.1392,32.1863],[76.1608,32.1742],[76.1769,32.1729],[76.2158,32.1952],[76.26,32.249],[76.3415,32.3001],[76.3663,32.3088],[76.4519,32.3055],[76.4799,32.2986],[76.5292,32.2628],[76.5912,32.1952],[76.6052,32.1532],[76.6244,32.1279],[76.6426,32.1259],[76.7124,32.1459],[76.7782,32.1426],[76.8401,32.1184],[76.8817,32.128],[76.9234,32.1763],[76.922,32.2449],[76.856,32.3479],[76.8611,32.528],[76.8697,32.5696],[76.8887,32.6027],[77.0055,32.688],[77.0223,32.7146],[77.0496,32.7625],[77.0545,32.825],[77.0782,32.93]]]}},{"type":"Feature","properties":{"id":"punjab--kangra","name":"Kangra","division":"Punjab","type":"British districts"},"geometry":{"type":"Polygon","coordinates":[[[78.4581,32.4795],[78.3174,32.6382],[78.2778,32.6664],[78.2257,32.6763],[78.1881,32.6644],[78.0992,32.5908],[78.0756,32.5427],[78.0277,32.5253],[77.9517,32.5242],[77.9182,32.5336],[77.9164,32.5823],[77.96,32.6743],[77.9558,32.703],[77.8649,32.771],[77.8488,32.7957],[77.8558,32.8556],[77.833,32.8862],[77.7761,32.9104],[77.7318,32.9056],[77.6667,32.8841],[77.6088,32.8209],[77.5759,32.7973],[77.5405,32.8023],[77.4843,32.855],[77.4401,32.8501],[77.3579,32.8188],[77.3225,32.8266],[77.0782,32.93],[77.0545,32.825],[77.0496,32.7625],[77.0223,32.7146],[77.0055,32.688],[76.8887,32.6027],[76.8697,32.5696],[76.8611,32.528],[76.856,32.3479],[76.922,32.2449],[76.9234,32.1763],[76.8817,32.128],[76.8401,32.1184],[76.7782,32.1426],[76.7124,32.1459],[76.6426,32.1259],[76.6244,32.1279],[76.6052,32.1532],[76.5912,32.1952],[76.5292,32.2628],[76.4799,32.2986],[76.4519,32.3055],[76.3663,32.3088],[76.3415,32.3001],[76.26,32.249],[76.2158,32.1952],[76.1769,32.1729],[76.1608,32.1742],[76.1392,32.1863],[76.0678,32.2586],[75.9392,32.3217],[75.9226,32.345],[75.9021,32.406],[75.8786,32.4345],[75.8397,32.3985],[75.721,32.3305],[75.6116,32.279],[75.6612,32.2487],[75.7038,32.2361],[75.717,32.2007],[75.7122,32.1568],[75.6403,32.0709],[75.5211,31.9975],[75.5119,31.9584],[75.5483,31.8685],[75.5734,31.8507],[75.6516,31.8374],[75.7047,31.8372],[75.7337,31.8303],[75.7754,31.8038],[75.8033,31.7239],[75.822,31.6971],[75.8737,31.6719],[75.9216,31.6615],[75.988,31.6061],[76.3191,31.2172],[76.3777,31.1729],[76.4491,31.1578],[76.4721,31.1374],[76.4896,31.138],[76.5425,31.1696],[76.5469,31.181],[76.5388,31.2469],[76.542,31.2934],[76.559,31.3104],[76.5462,31.4459],[76.5108,31.4807],[76.4994,31.6047],[76.5452,31.64],[76.5666,31.6684],[76.5669,31.6877],[76.548,31.7094],[76.5197,31.7212],[76.5244,31.7505],[76.5542,31.7759],[76.7304,31.7858],[76.8314,31.7658],[76.8849,31.6755],[76.9097,31.6608],[76.9498,31.6552],[77.0161,31.5883],[77.0369,31.5822],[77.0983,31.5977],[77.1406,31.5827],[77.1746,31.5342],[77.1737,31.4604],[77.2254,31.4195],[77.2061,31.3074],[77.208,31.2458],[77.3206,31.1479],[77.3511,31.138],[77.3853,31.1388],[77.5294,31.1754],[77.5692,31.2011],[77.614,31.2546],[77.6238,31.3067],[77.6179,31.364],[77.5968,31.4153],[77.6068,31.4437],[77.6318,31.4733],[77.6996,31.5076],[77.7917,31.5121],[77.951,31.4792],[77.9897,31.4876],[78.0221,31.509],[78.0302,31.5518],[77.9793,31.6052],[77.9741,31.6275],[78.0337,31.6583],[78.1517,31.659],[78.1949,31.6766],[78.2363,31.7099],[78.2487,31.7539],[78.2792,31.7875],[78.3355,31.8168],[78.4225,31.8359],[78.5075,31.8673],[78.6823,32.0019],[78.6338,32.0362],[78.4875,32.1866],[78.45,32.2123],[78.4514,32.265],[78.4778,32.3189],[78.4662,32.3528],[78.4303,32.4042],[78.4414,32.463],[78.4581,32.4795]]]}},{"type":"Feature","properties":{"id":"jammu-and-kashmir--jammu-and-kashmir","name":"Jammu and kashmir","division":"Jammu and kashmir","type":"Princely states"},"geometry":{"type":"Polygon","coordinates":[[[78.4975,32.5194],[78.5504,32.5508],[78.5843,32.556],[78.6171,32.5743],[78.708,32.647],[78.731,32.6322],[78.7489,32.6049],[78.7711,32.4551],[78.8504,32.3674],[78.9172,32.3267],[78.9552,32.3134],[79.0601,32.3078],[79.1359,32.4271],[79.1918,32.4638],[79.2446,32.5185],[79.3083,32.5406],[79.3263,32.5203],[79.3721,32.4975],[79.3996,32.4914],[79.4214,32.4963],[79.4796,32.5346],[79.5167,32.5893],[79.5168,32.6469],[79.3804,32.8401],[79.3605,32.8798],[79.3564,32.9153],[79.3614,32.9488],[79.4514,33.1449],[79.4556,33.1961],[79.4233,33.2281],[79.291,33.2315],[79.1703,33.2124],[79.0472,33.2212],[78.9854,33.243],[78.9042,33.4853],[78.9073,33.5286],[78.9369,33.5321],[78.9393,33.5449],[78.9597,33.5554],[79.0631,33.5541],[79.1154,33.5644],[79.1192,33.5909],[79.0887,33.6264],[79.0243,33.6502],[78.9983,33.6817],[79.028,33.7661],[78.9328,33.8902],[78.9425,33.9609],[78.9913,34.0024],[79.0809,33.9974],[79.2017,34.0059],[79.2884,34.0207],[79.3351,34.0184],[79.3586,34.0019],[79.4193,33.9794],[79.4382,33.9802],[79.4448,34.0883],[79.4693,34.1549],[79.5705,34.1995],[79.5757,34.2325],[79.5602,34.2739],[79.5478,34.4096],[79.565,34.4428],[79.5967,34.4457],[79.6357,34.47],[79.6947,34.4833],[79.8623,34.4811],[79.8648,34.4993],[79.837,34.5313],[79.777,34.5757],[79.8021,34.6165],[79.9531,34.6956],[80.1038,34.706],[80.1944,34.9591],[80.2106,35.1943],[80.3108,35.3766],[80.3506,35.4822],[80.3397,35.5605],[80.2796,35.6121],[80.1303,35.6816],[79.9729,35.8125],[79.9083,35.8174],[79.833,35.7782],[79.7747,35.7805],[79.4386,35.8836],[79.35,35.96],[79.3005,35.9822],[79.2629,35.989],[79.2377,35.9626],[79.2231,35.9004],[79.1681,35.8762],[79.1381,35.8725],[79.105,35.8449],[79.0462,35.8394],[79.0129,35.8457],[78.8961,35.8891],[78.8477,35.8747],[78.7636,35.8672],[78.5767,35.8],[78.4265,35.7691],[78.2305,35.6445],[78.1474,35.6006],[78.1139,35.559],[78.0707,35.5411],[77.8964,35.5602],[77.8805,35.5438],[77.8705,35.5136],[77.8523,35.4221],[77.8344,35.4101],[77.7768,35.3989],[77.7512,35.4185],[77.6683,35.4423],[77.6055,35.429],[77.5856,35.4114],[77.374,35.3714],[77.2882,35.3718],[77.2292,35.3859],[77.1815,35.4471],[77.1917,35.4648],[77.2468,35.4908],[77.3192,35.47],[77.3522,35.4799],[77.3578,35.4869],[77.3552,35.5488],[77.3405,35.5819],[77.2825,35.6045],[77.1703,35.6109],[77.1228,35.621],[77.0549,35.6785],[77.01,35.7044],[76.9649,35.7183],[76.7642,35.7304],[76.7215,35.7502],[76.6177,35.8631],[76.5941,35.9843],[76.5084,36.0839],[76.4581,36.1097],[76.3784,36.1131],[76.3231,36.1327],[76.2848,36.1765],[76.2565,36.2405],[76.1771,36.2879],[76.1163,36.2872],[76.022,36.3022],[75.9737,36.3377],[75.8455,36.3964],[75.6619,36.4464],[75.5675,36.4853],[75.4008,36.6566],[75.2744,36.7088],[75.2377,36.7322],[75.2054,36.7755],[75.1423,36.912],[75.0728,36.9908],[75.0264,37.0059],[74.9595,36.9671],[74.8891,36.8806],[74.7004,36.8347],[74.6634,36.818],[74.6006,36.8239],[74.565,36.8927],[74.4879,36.9422],[74.4529,36.956],[74.4019,36.9561],[74.3574,36.9439],[74.3225,36.917],[74.3331,36.883],[74.3165,36.8631],[74.3146,36.8483],[74.1366,36.835],[74.0046,36.7584],[73.9253,36.7473],[73.8797,36.696],[73.8267,36.6667],[73.7345,36.675],[73.5932,36.7407],[73.5272,36.7569],[73.4269,36.7463],[73.4038,36.7338],[73.3999,36.7099],[73.4277,36.678],[73.6109,36.6119],[73.6378,36.5667],[73.6382,36.5508],[73.5783,36.5256],[73.3718,36.5189],[73.3206,36.5311],[73.2444,36.5337],[73.0187,36.5178],[72.9352,36.5035],[72.8732,36.4781],[72.8002,36.3184],[72.6688,36.2319],[72.5285,36.0862],[72.4646,36.0626],[72.3537,36.04],[72.3182,36.0132],[72.2608,35.8967],[72.2634,35.8508],[72.2913,35.791],[72.2776,35.7354],[72.253,35.6847],[72.2687,35.6497],[72.3407,35.6316],[72.4284,35.6255],[72.7892,35.6819],[72.8684,35.6681],[72.8959,35.6381],[72.8985,35.5302],[73.0917,35.4082],[73.1662,35.3793],[73.4088,35.4035],[73.4898,35.3836],[73.5368,35.3619],[73.5625,35.3392],[73.5708,35.3116],[73.4798,35.1972],[73.4765,35.1399],[73.5039,35.0674],[73.669,35.061],[73.8535,35.0393],[73.9187,35.0163],[73.9434,34.9896],[73.9429,34.9584],[73.9167,34.9292],[73.8871,34.8712],[73.8682,34.8066],[73.8722,34.7744],[73.8538,34.7433],[73.7651,34.6827],[73.6127,34.6453],[73.5557,34.5993],[73.5097,34.5117],[73.5177,34.3842],[73.511,34.3554],[73.4997,34.3434],[73.4551,34.3428],[73.3626,34.3667],[73.2895,34.3573],[73.254,34.3353],[73.2428,34.3173],[73.212,34.2119],[73.2257,34.1763],[73.3084,34.0606],[73.3371,33.9834],[73.3581,33.8608],[73.3963,33.8064],[73.4262,33.7329],[73.4505,33.5721],[73.4555,33.4493],[73.4953,33.3722],[73.4592,33.2429],[73.4766,33.1358],[73.509,33.0669],[73.5437,33.0232],[73.55,32.9863],[73.5378,32.9563],[73.5382,32.9277],[73.546,32.9175],[73.6636,32.8599],[73.7846,32.8511],[73.8316,32.8377],[73.9063,32.8007],[74.0287,32.7675],[74.1984,32.6625],[74.3626,32.6219],[74.4569,32.6245],[74.4986,32.6832],[74.5201,32.6971],[74.5497,32.7044],[74.577,32.698],[74.5908,32.6779],[74.5911,32.6304],[74.5568,32.4692],[74.5527,32.4091],[74.5779,32.3698],[74.6188,32.3423],[74.8272,32.3431],[74.9597,32.3533],[75.0832,32.3254],[75.1929,32.2595],[75.2449,32.2105],[75.2992,32.2069],[75.3104,32.1886],[75.2924,32.1382],[75.4624,32.2086],[75.721,32.3305],[75.8397,32.3985],[75.9181,32.471],[75.9406,32.5253],[75.9479,32.571],[75.9398,32.6098],[75.8243,32.7423],[75.8264,32.7838],[75.8435,32.798],[75.8809,32.8107],[76.0524,32.8294],[76.2568,32.8948],[76.288,32.936],[76.3136,33.0617],[76.3291,33.073],[76.3901,33.0609],[76.4475,33.0359],[76.4629,33.0415],[76.52,33.0981],[76.5799,33.1174],[76.6494,33.1036],[77.3225,32.8266],[77.3579,32.8188],[77.4401,32.8501],[77.4843,32.855],[77.5405,32.8023],[77.5759,32.7973],[77.6088,32.8209],[77.6667,32.8841],[77.7318,32.9056],[77.7761,32.9104],[77.833,32.8862],[77.8558,32.8556],[77.8488,32.7957],[77.8649,32.771],[77.9558,32.703],[77.96,32.6743],[77.9164,32.5823],[77.9182,32.5336],[77.9517,32.5242],[78.0277,32.5253],[78.0756,32.5427],[78.0992,32.5908],[78.1881,32.6644],[78.2257,32.6763],[78.2778,32.6664],[78.3174,32.6382],[78.4581,32.4795],[78.4975,32.5194]]]}},{"type":"Feature","properties":{"id":"united-province--almora","name":"Almora","division":"United Province","type":"British districts"},"geometry":{"type":"Polygon","coordinates":[[[80.0322,30.7349],[80.0127,30.7092],[80.0098,30.6221],[80.0255,30.5407],[80.0472,30.4977],[80.0491,30.4547],[80.0359,30.4066],[79.9444,30.2778],[79.9083,30.2463],[79.8317,30.2134],[79.7758,30.0453],[79.7441,30.0007],[79.6605,29.9336],[79.5627,29.9334],[79.5453,29.929],[79.518,29.9056],[79.4947,29.9],[79.4624,29.9118],[79.4336,29.9107],[79.3536,29.8826],[79.1804,29.8631],[79.1252,29.837],[79.0819,29.7825],[79.0791,29.7347],[79.1062,29.6396],[79.0993,29.6065],[79.0595,29.5667],[79.0838,29.5182],[79.0846,29.5001],[79.1314,29.4796],[79.1645,29.4744],[79.1953,29.4782],[79.2634,29.51],[79.3212,29.5225],[79.3649,29.524],[79.3886,29.4881],[79.4019,29.4817],[79.574,29.4907],[79.6299,29.4477],[79.6398,29.4259],[79.6425,29.3638],[79.6603,29.3381],[79.6822,29.3255],[79.6999,29.3248],[79.7535,29.3521],[79.776,29.3537],[79.7875,29.3527],[79.7991,29.3392],[79.7964,29.2952],[79.8177,29.2432],[79.8174,29.1931],[79.798,29.1545],[79.7966,29.0812],[79.8323,29.0329],[79.8769,29.014],[80.0513,29.0039],[80.1431,29.0243],[80.19,29.0188],[80.2743,29.1313],[80.2834,29.1774],[80.2789,29.2217],[80.2503,29.3002],[80.2419,29.347],[80.2521,29.4145],[80.361,29.4924],[80.4197,29.5722],[80.4192,29.739],[80.4398,29.7679],[80.5313,29.8415],[80.6171,29.8855],[80.7132,29.9171],[80.9322,30.1608],[81.0453,30.1539],[81.047,30.1651],[81.0144,30.2279],[80.9007,30.2428],[80.8091,30.2879],[80.7206,30.3754],[80.6785,30.4055],[80.5984,30.3998],[80.4974,30.412],[80.4601,30.4477],[80.2951,30.4959],[80.2489,30.5337],[80.2081,30.5867],[80.1986,30.674],[80.1453,30.739],[80.1091,30.7605],[80.0745,30.7628],[80.0322,30.7349]]]}},{"type":"Feature","properties":{"id":"united-province--gonda","name":"Gonda","division":"United Province","type":"British districts"},"geometry":{"type":"Polygon","coordinates":[[[81.7581,26.7389],[81.7631,26.7481],[81.8916,26.7704],[82.0836,26.7902],[82.0894,26.8569],[82.1625,26.906],[82.1565,26.9377],[82.1813,26.965],[82.2139,26.9769],[82.2242,26.9763],[82.2421,26.9447],[82.2718,26.9354],[82.3511,26.9811],[82.4294,26.9734],[82.4655,26.9772],[82.4813,26.9878],[82.551,26.9948],[82.597,27.0393],[82.5986,27.0856],[82.5765,27.1602],[82.5346,27.1882],[82.446,27.2115],[82.4382,27.2368],[82.4599,27.2642],[82.61,27.3815],[82.6953,27.4595],[82.7466,27.5351],[82.7277,27.5504],[82.7113,27.7332],[82.697,27.7577],[82.672,27.7639],[82.649,27.7592],[82.5182,27.7022],[82.4761,27.6927],[82.4275,27.7048],[82.2443,27.8071],[82.0861,27.717],[82.0071,27.6426],[81.9932,27.5707],[81.9985,27.4961],[81.9919,27.4667],[81.8594,27.4044],[81.8326,27.3801],[81.8227,27.3491],[81.7932,27.3131],[81.7535,27.2853],[81.6371,27.2748],[81.6037,27.2621],[81.5623,27.2266],[81.5076,27.156],[81.4815,27.1086],[81.4035,27.0364],[81.431,27.0171],[81.4507,26.9848],[81.5088,26.9707],[81.5582,26.9434],[81.5938,26.9117],[81.6266,26.8602],[81.7581,26.7389]]]}},{"type":"Feature","properties":{"id":"united-province--basti","name":"Basti","division":"United Province","type":"British districts"},"geometry":{"type":"Polygon","coordinates":[[[83.1913,27.4557],[83.1533,27.4856],[83.0049,27.4777],[82.8519,27.5351],[82.7791,27.5238],[82.7466,27.5351],[82.6953,27.4595],[82.61,27.3815],[82.4599,27.2642],[82.4382,27.2368],[82.446,27.2115],[82.5346,27.1882],[82.5765,27.1602],[82.5986,27.0856],[82.597,27.0393],[82.551,26.9948],[82.4813,26.9878],[82.4655,26.9772],[82.4294,26.9734],[82.3511,26.9811],[82.2718,26.9354],[82.2421,26.9447],[82.2242,26.9763],[82.1813,26.965],[82.1565,26.9377],[82.1625,26.906],[82.0894,26.8569],[82.0836,26.7902],[82.1181,26.7427],[82.1356,26.6669],[82.2837,26.5873],[82.468,26.5178],[82.6191,26.4905],[82.8214,26.4253],[82.8957,26.4227],[82.9717,26.4013],[83.0152,26.3779],[83.102,26.4598],[83.1296,26.537],[83.0955,26.7698],[83.0976,26.7849],[83.1448,26.8382],[83.1602,26.8753],[83.1587,26.9134],[83.1229,26.9753],[83.1276,27.0102],[83.1639,27.0574],[83.1655,27.0792],[83.1089,27.1775],[83.1231,27.2261],[83.1725,27.2916],[83.1904,27.3323],[83.1913,27.4557]]]}},{"type":"Feature","properties":{"id":"united-province--fyzabad","name":"Fyzabad","division":"United Province","type":"British districts"},"geometry":{"type":"Polygon","coordinates":[[[83.0152,26.3779],[82.9717,26.4013],[82.8957,26.4227],[82.8214,26.4253],[82.6191,26.4905],[82.468,26.5178],[82.2837,26.5873],[82.1356,26.6669],[82.1181,26.7427],[82.0836,26.7902],[81.8916,26.7704],[81.7631,26.7481],[81.7315,26.7125],[81.6468,26.6494],[81.5093,26.5807],[81.605,26.5156],[81.7399,26.5022],[81.8636,26.5019],[81.9815,26.4834],[82.0384,26.4285],[82.0897,26.4002],[82.1625,26.3852],[82.2762,26.393],[82.3098,26.3863],[82.3672,26.3541],[82.4183,26.3129],[82.6793,26.252],[82.7471,26.2605],[82.8193,26.3236],[82.8372,26.3304],[82.8636,26.324],[82.9359,26.2708],[82.9707,26.271],[83.0274,26.3376],[83.0152,26.3779]]]}},{"type":"Feature","properties":{"id":"united-province--sultanpur","name":"Sultanpur","division":"United Province","type":"British districts"},"geometry":{"type":"Polygon","coordinates":[[[82.6875,26.2516],[82.4183,26.3129],[82.3672,26.3541],[82.3098,26.3863],[82.2762,26.393],[82.1625,26.3852],[82.0897,26.4002],[82.0384,26.4285],[81.9815,26.4834],[81.8636,26.5019],[81.7399,26.5022],[81.605,26.5156],[81.5093,26.5807],[81.472,26.5654],[81.4563,26.5247],[81.4597,26.4867],[81.497,26.4165],[81.4973,26.3794],[81.467,26.3336],[81.4636,26.3166],[81.4664,26.2808],[81.4864,26.2278],[81.4845,26.1786],[81.4665,26.1395],[81.4637,26.0896],[81.4548,26.0707],[81.7204,26.0466],[81.9582,26.0603],[82.0277,26.0331],[82.0648,26.0373],[82.1869,26.0764],[82.2449,26.077],[82.3821,26.0201],[82.5594,26.0348],[82.5988,26.147],[82.6875,26.2516]]]}},{"type":"Feature","properties":{"id":"united-province--rae-bareli","name":"Rae Bareli","division":"United Province","type":"British districts"},"geometry":{"type":"Polygon","coordinates":[[[81.4697,26.5618],[81.3734,26.533],[81.3466,26.5146],[81.3041,26.5004],[81.2662,26.508],[81.1607,26.5525],[81.1357,26.5786],[81.0965,26.5886],[81.0359,26.5704],[80.9684,26.5196],[80.8855,26.5008],[80.8862,26.405],[80.8718,26.357],[80.7778,26.3151],[80.7201,26.3031],[80.6897,26.2822],[80.6676,26.2338],[80.6589,26.1034],[80.6703,26.0943],[80.799,26.0892],[80.816,26.0814],[80.8402,26.0418],[80.852,25.9942],[80.8682,25.9685],[80.8834,25.9579],[81.0052,25.96],[81.0319,25.8946],[81.0542,25.883],[81.1618,25.8713],[81.1791,25.88],[81.203,25.9133],[81.2377,25.9275],[81.291,25.9209],[81.3099,25.9058],[81.3418,25.8958],[81.3567,25.8945],[81.3858,25.9074],[81.4055,25.9201],[81.4122,25.9427],[81.3933,26.0306],[81.4185,26.0574],[81.4548,26.0707],[81.4637,26.0896],[81.4665,26.1395],[81.4845,26.1786],[81.4864,26.2278],[81.4664,26.2808],[81.4636,26.3166],[81.467,26.3336],[81.4973,26.3794],[81.497,26.4165],[81.4597,26.4867],[81.4563,26.5247],[81.4697,26.5618]]]}},{"type":"Feature","properties":{"id":"united-province--bara-banki","name":"Bara Banki","division":"United Province","type":"British districts"},"geometry":{"type":"Polygon","coordinates":[[[81.431,27.0171],[81.3816,27.0451],[81.3232,27.0984],[81.2723,27.2292],[81.2675,27.2716],[81.2148,27.3367],[81.0193,27.2635],[80.9149,27.2451],[80.873,27.2173],[80.8117,27.1465],[80.815,27.1264],[80.8861,27.0205],[80.8926,26.9622],[80.8693,26.8622],[80.8815,26.8112],[80.9853,26.6839],[81.0791,26.5852],[81.1182,26.5871],[81.1607,26.5525],[81.2662,26.508],[81.3041,26.5004],[81.3466,26.5146],[81.3734,26.533],[81.4697,26.5618],[81.5951,26.6211],[81.6857,26.6761],[81.7581,26.7389],[81.6266,26.8602],[81.5938,26.9117],[81.5582,26.9434],[81.5088,26.9707],[81.4507,26.9848],[81.431,27.0171]]]}},{"type":"Feature","properties":{"id":"united-province--bahraich","name":"Bahraich","division":"United Province","type":"British districts"},"geometry":{"type":"Polygon","coordinates":[[[82.2443,27.8071],[82.1335,27.8856],[82.0202,27.9331],[81.9776,27.9376],[81.9206,27.9251],[81.9075,27.8877],[81.892,27.8766],[81.8273,27.8905],[81.6214,28.0041],[81.514,28.0902],[81.424,28.1777],[81.3977,28.1885],[81.3705,28.1826],[81.3406,28.1531],[81.3204,28.1528],[81.3077,28.1641],[81.2393,28.3268],[81.1103,28.4243],[81.0176,28.4348],[81.0463,28.3035],[81.0172,28.2305],[81.056,28.161],[81.0546,28.1082],[81.0992,28.0283],[81.0945,27.9307],[81.1212,27.7909],[81.1649,27.7118],[81.1753,27.6671],[81.2156,27.4303],[81.2148,27.3304],[81.2675,27.2716],[81.2723,27.2292],[81.3232,27.0984],[81.3816,27.0451],[81.4035,27.0364],[81.4815,27.1086],[81.5076,27.156],[81.5623,27.2266],[81.6037,27.2621],[81.6673,27.2805],[81.7535,27.2853],[81.7932,27.3131],[81.8227,27.3491],[81.8326,27.3801],[81.8594,27.4044],[81.9919,27.4667],[81.9985,27.4961],[81.9932,27.5707],[82.0071,27.6426],[82.0861,27.717],[82.2443,27.8071]]]}},{"type":"Feature","properties":{"id":"united-province--hardoi","name":"Hardoi","division":"United Province","type":"British districts"},"geometry":{"type":"Polygon","coordinates":[[[80.4987,26.9618],[80.4908,26.9797],[80.5084,27.0297],[80.5548,27.0651],[80.6049,27.1252],[80.6031,27.1853],[80.5905,27.2209],[80.5441,27.2835],[80.485,27.3172],[80.4059,27.3368],[80.3485,27.3754],[80.294,27.4404],[80.2556,27.5591],[80.244,27.6368],[80.1831,27.6898],[80.1739,27.7331],[80.1782,27.7729],[80.1716,27.786],[80.1417,27.7986],[80.0864,27.8035],[79.9391,27.7824],[79.8169,27.7274],[79.7193,27.7007],[79.697,27.6857],[79.6671,27.6446],[79.5867,27.5651],[79.612,27.5321],[79.6317,27.478],[79.6384,27.4092],[79.6504,27.3694],[79.699,27.2677],[79.7088,27.2537],[79.7662,27.2482],[79.7977,27.2371],[79.8184,27.1978],[79.8425,27.0697],[79.8537,27.0528],[79.8996,27.0248],[79.9101,27.008],[79.9438,26.8917],[79.9957,26.9345],[80.0899,26.9883],[80.2398,26.9941],[80.3908,26.9688],[80.4987,26.9618]]]}},{"type":"Feature","properties":{"id":"united-province--sitapur","name":"Sitapur","division":"United Province","type":"British districts"},"geometry":{"type":"Polygon","coordinates":[[[80.82,27.1184],[80.8117,27.1465],[80.8211,27.1623],[80.873,27.2173],[80.9149,27.2451],[81.0193,27.2635],[81.2148,27.3367],[81.2156,27.4303],[81.1753,27.6671],[81.1649,27.7118],[81.1364,27.7637],[81.0454,27.7784],[80.9262,27.8157],[80.845,27.8299],[80.772,27.8323],[80.6236,27.792],[80.5749,27.7661],[80.367,27.7379],[80.3186,27.7183],[80.2331,27.6517],[80.244,27.6368],[80.2556,27.5591],[80.294,27.4404],[80.3485,27.3754],[80.4059,27.3368],[80.485,27.3172],[80.5441,27.2835],[80.5905,27.2209],[80.6085,27.1487],[80.6036,27.1236],[80.82,27.1184]]]}},{"type":"Feature","properties":{"id":"united-province--lucknow","name":"Lucknow","division":"United Province","type":"British districts"},"geometry":{"type":"Polygon","coordinates":[[[80.6036,27.1236],[80.5548,27.0651],[80.5084,27.0297],[80.4908,26.9797],[80.5281,26.9275],[80.5355,26.85],[80.5811,26.8225],[80.6107,26.7748],[80.6121,26.7562],[80.5825,26.7359],[80.5816,26.7188],[80.5924,26.6955],[80.6087,26.6856],[80.6172,26.6324],[80.7036,26.5639],[80.826,26.5332],[80.8855,26.5008],[80.9684,26.5196],[81.0359,26.5704],[81.0791,26.5852],[80.9853,26.6839],[80.8815,26.8112],[80.8693,26.8622],[80.8926,26.9622],[80.8861,27.0205],[80.82,27.1184],[80.6036,27.1236]]]}},{"type":"Feature","properties":{"id":"united-province--unao","name":"Unao","division":"United Province","type":"British districts"},"geometry":{"type":"Polygon","coordinates":[[[80.4987,26.9618],[80.3908,26.9688],[80.2398,26.9941],[80.0899,26.9883],[79.9957,26.9345],[79.9438,26.8917],[80.037,26.7933],[80.0815,26.7002],[80.1356,26.6124],[80.1427,26.5743],[80.3325,26.3307],[80.3332,26.2577],[80.3438,26.2309],[80.386,26.1835],[80.4234,26.1514],[80.4585,26.1401],[80.5787,26.1547],[80.5991,26.1497],[80.6408,26.1123],[80.658,26.1098],[80.6676,26.2338],[80.6897,26.2822],[80.7201,26.3031],[80.7778,26.3151],[80.8718,26.357],[80.8862,26.405],[80.8855,26.5008],[80.826,26.5332],[80.7036,26.5639],[80.6172,26.6324],[80.6087,26.6856],[80.5924,26.6955],[80.5816,26.7188],[80.5825,26.7359],[80.6121,26.7562],[80.6107,26.7748],[80.5811,26.8225],[80.5355,26.85],[80.5281,26.9275],[80.4987,26.9618]]]}},{"type":"Feature","properties":{"id":"united-province--cawnpore","name":"Cawnpore","division":"United Province","type":"British districts"},"geometry":{"type":"Polygon","coordinates":[[[80.0815,26.7002],[80.037,26.7933],[79.9438,26.8917],[79.7824,26.7119],[79.7656,26.7092],[79.6441,26.7387],[79.6347,26.735],[79.5936,26.5039],[79.5356,26.4443],[79.5293,26.4259],[79.4273,26.3434],[79.4757,26.301],[79.5597,26.121],[79.5767,26.0689],[79.5825,26.002],[79.5578,25.9627],[79.5004,25.9374],[79.5401,25.9076],[79.5652,25.9025],[79.6774,25.9336],[79.6535,25.9634],[79.6565,26.0405],[79.7501,26.1777],[79.8253,26.1794],[79.8573,26.1483],[79.8746,26.1077],[79.8979,25.9883],[80.0192,25.997],[80.0441,25.9866],[80.1151,25.8402],[80.1455,25.8106],[80.1988,25.8017],[80.1834,25.9724],[80.1861,25.9846],[80.2164,26.0026],[80.2247,26.0233],[80.2244,26.0405],[80.2069,26.0745],[80.2421,26.1294],[80.2313,26.1956],[80.2874,26.233],[80.3034,26.2645],[80.3312,26.2677],[80.3325,26.3307],[80.1427,26.5743],[80.1356,26.6124],[80.0815,26.7002]]]}},{"type":"Feature","properties":{"id":"united-province--farrukhabad","name":"Farrukhabad","division":"United Province","type":"British districts"},"geometry":{"type":"Polygon","coordinates":[[[79.5867,27.5651],[79.56,27.5609],[79.4982,27.6001],[79.4743,27.6059],[79.4463,27.6075],[79.3885,27.5886],[79.3608,27.598],[79.3235,27.6293],[79.2907,27.6739],[79.2724,27.6773],[79.2267,27.6802],[79.103,27.6554],[79.0963,27.586],[79.1712,27.4858],[79.1781,27.434],[79.2439,27.3512],[79.2558,27.3287],[79.2566,27.3072],[79.3457,27.2093],[79.3591,27.1423],[79.3383,27.1001],[79.3093,27.0738],[79.3061,27.0531],[79.3229,26.9445],[79.3937,26.9436],[79.4462,26.9247],[79.5199,26.8785],[79.6346,26.7344],[79.6441,26.7387],[79.7521,26.7115],[79.7824,26.7119],[79.9438,26.8917],[79.9101,27.008],[79.8996,27.0248],[79.8537,27.0528],[79.8425,27.0697],[79.8184,27.1978],[79.7977,27.2371],[79.7662,27.2482],[79.7088,27.2537],[79.699,27.2677],[79.6504,27.3694],[79.6384,27.4092],[79.6317,27.478],[79.612,27.5321],[79.5867,27.5651]]]}},{"type":"Feature","properties":{"id":"united-province--bareilly","name":"Bareilly","division":"United Province","type":"British districts"},"geometry":{"type":"Polygon","coordinates":[[[79.6624,28.7554],[79.597,28.789],[79.5371,28.7952],[79.5034,28.813],[79.4627,28.8114],[79.4287,28.7923],[79.3917,28.7834],[79.3379,28.7008],[79.1848,28.5654],[79.0611,28.4883],[79.0147,28.4396],[78.966,28.4195],[79.0161,28.2789],[79.0524,28.2339],[79.0788,28.2188],[79.1609,28.202],[79.2851,28.1952],[79.4097,28.1425],[79.4533,28.1166],[79.4732,28.0873],[79.5042,28.1058],[79.5791,28.1205],[79.6577,28.1093],[79.6846,28.117],[79.7586,28.1698],[79.7112,28.2475],[79.7271,28.401],[79.7596,28.4632],[79.7567,28.4948],[79.7339,28.5171],[79.6759,28.5238],[79.6543,28.5346],[79.6337,28.5591],[79.6818,28.6795],[79.6804,28.7106],[79.6624,28.7554]]]}},{"type":"Feature","properties":{"id":"united-province--pilibhit","name":"Pilibhit","division":"United Province","type":"British districts"},"geometry":{"type":"Polygon","coordinates":[[[80.3812,28.6302],[80.2766,28.6975],[80.086,28.789],[80.0237,28.7291],[80.0045,28.6798],[79.9631,28.6473],[79.9292,28.645],[79.9019,28.6543],[79.8619,28.6939],[79.8584,28.7798],[79.8472,28.8005],[79.7776,28.803],[79.7451,28.772],[79.7161,28.7593],[79.6893,28.7501],[79.6624,28.7554],[79.6804,28.7106],[79.6818,28.6795],[79.6337,28.5591],[79.6543,28.5346],[79.6759,28.5238],[79.7429,28.5125],[79.7604,28.4823],[79.7539,28.4458],[79.7271,28.401],[79.7122,28.2961],[79.7112,28.2475],[79.727,28.215],[79.7586,28.1698],[79.7844,28.1843],[79.8685,28.1885],[79.9074,28.21],[79.9182,28.2511],[80.0263,28.3336],[80.0763,28.3318],[80.1038,28.3508],[80.1451,28.4007],[80.179,28.418],[80.2161,28.4151],[80.2418,28.3784],[80.2633,28.3718],[80.2812,28.3919],[80.3057,28.3959],[80.3838,28.355],[80.3897,28.4577],[80.3483,28.5344],[80.3416,28.5625],[80.3487,28.5908],[80.3812,28.6302]]]}},{"type":"Feature","properties":{"id":"united-province--shahjahanpur","name":"Shahjahanpur","division":"United Province","type":"British districts"},"geometry":{"type":"Polygon","coordinates":[[[80.3838,28.355],[80.3057,28.3959],[80.2812,28.3919],[80.2633,28.3718],[80.2418,28.3784],[80.2161,28.4151],[80.179,28.418],[80.1451,28.4007],[80.1038,28.3508],[80.0763,28.3318],[80.0263,28.3336],[79.9182,28.2511],[79.9074,28.21],[79.8685,28.1885],[79.7844,28.1843],[79.6846,28.117],[79.6577,28.1093],[79.5791,28.1205],[79.482,28.0951],[79.4602,28.0758],[79.3935,27.9821],[79.4247,27.9174],[79.4207,27.8775],[79.4102,27.8585],[79.3477,27.8047],[79.3397,27.7857],[79.3513,27.7123],[79.305,27.6567],[79.3106,27.6475],[79.3413,27.6122],[79.3885,27.5886],[79.4463,27.6075],[79.4743,27.6059],[79.4982,27.6001],[79.5434,27.5678],[79.5753,27.5618],[79.5932,27.5669],[79.697,27.6857],[79.7193,27.7007],[79.8169,27.7274],[79.9391,27.7824],[79.9835,27.7894],[80.0008,27.8728],[80.0406,27.9506],[80.1063,28.0351],[80.2016,28.0847],[80.2989,28.1617],[80.3275,28.2185],[80.3373,28.2682],[80.3811,28.305],[80.3838,28.355]]]}},{"type":"Feature","properties":{"id":"united-province--kheri","name":"Kheri","division":"United Province","type":"British districts"},"geometry":{"type":"Polygon","coordinates":[[[81.0176,28.4348],[80.8672,28.4838],[80.8013,28.4867],[80.7444,28.5058],[80.709,28.5251],[80.6219,28.636],[80.5749,28.6665],[80.5176,28.6819],[80.5061,28.6669],[80.5008,28.5933],[80.47,28.5707],[80.4446,28.5765],[80.3812,28.6302],[80.3487,28.5908],[80.3416,28.5625],[80.3483,28.5344],[80.3897,28.4577],[80.3811,28.305],[80.3373,28.2682],[80.3275,28.2185],[80.2989,28.1617],[80.2016,28.0847],[80.1063,28.0351],[80.0528,27.9674],[80.0008,27.8728],[79.9835,27.7894],[80.015,27.7883],[80.0864,27.8035],[80.1417,27.7986],[80.1716,27.786],[80.1782,27.7729],[80.1739,27.7331],[80.1831,27.6898],[80.2331,27.6517],[80.3186,27.7183],[80.367,27.7379],[80.5749,27.7661],[80.6236,27.792],[80.772,27.8323],[80.845,27.8299],[80.9262,27.8157],[81.0454,27.7784],[81.1364,27.7637],[81.1212,27.7909],[81.0945,27.9307],[81.0992,28.0283],[81.0546,28.1082],[81.056,28.161],[81.0172,28.2305],[81.0463,28.3035],[81.0176,28.4348]]]}},{"type":"Feature","properties":{"id":"united-province--nainital","name":"Nainital","division":"United Province","type":"British districts"},"geometry":{"type":"Polygon","coordinates":[[[79.3884,28.7793],[79.4627,28.8114],[79.5034,28.813],[79.5371,28.7952],[79.597,28.789],[79.6685,28.7526],[79.6893,28.7501],[79.7451,28.772],[79.7776,28.803],[79.8472,28.8005],[79.8584,28.7798],[79.8619,28.6939],[79.9019,28.6543],[79.9292,28.645],[79.9631,28.6473],[80.0045,28.6798],[80.0237,28.7291],[80.086,28.789],[80.0706,28.796],[80.0504,28.854],[80.0575,28.8882],[80.0814,28.9338],[80.1086,28.9638],[80.19,29.0188],[80.1431,29.0243],[80.0513,29.0039],[79.8769,29.014],[79.8323,29.0329],[79.7966,29.0812],[79.798,29.1545],[79.8174,29.1931],[79.8177,29.2432],[79.7964,29.2952],[79.7991,29.3392],[79.7875,29.3527],[79.776,29.3537],[79.7535,29.3521],[79.6999,29.3248],[79.6822,29.3255],[79.6603,29.3381],[79.6425,29.3638],[79.6398,29.4259],[79.6299,29.4477],[79.574,29.4907],[79.4019,29.4817],[79.3886,29.4881],[79.3649,29.524],[79.2634,29.51],[79.1953,29.4782],[79.1645,29.4744],[79.1314,29.4796],[79.0624,29.5098],[79.0038,29.4937],[78.9326,29.5017],[78.9045,29.4978],[78.8222,29.4714],[78.7676,29.3439],[78.7708,29.2261],[78.8201,29.1754],[78.8978,29.1321],[78.9603,29.1179],[79.0284,29.1378],[79.0868,29.1294],[79.1059,29.1183],[79.1546,29.0319],[79.1705,29.0238],[79.2467,29.029],[79.2764,28.9594],[79.2954,28.9464],[79.3643,28.9356],[79.3766,28.918],[79.3884,28.7793]]]}},{"type":"Feature","properties":{"id":"united-province--bijnor","name":"Bijnor","division":"United Province","type":"British districts"},"geometry":{"type":"Polygon","coordinates":[[[78.8222,29.4714],[78.7738,29.467],[78.7455,29.4761],[78.6922,29.5104],[78.6084,29.5861],[78.5042,29.6116],[78.3614,29.6707],[78.3134,29.7071],[78.2834,29.7711],[78.2335,29.8338],[78.1664,29.8687],[78.165,29.8473],[78.1015,29.677],[78.0659,29.6392],[77.9984,29.6007],[77.9871,29.5794],[77.974,29.4945],[77.9109,29.4072],[77.9116,29.3456],[77.9471,29.2739],[77.9146,29.1357],[77.9692,29.0186],[77.9727,28.9699],[78.0578,28.9519],[78.1106,28.9506],[78.3896,28.9773],[78.4492,29.0163],[78.4873,29.0177],[78.5141,29.0087],[78.5743,29.0226],[78.6046,29.0449],[78.6075,29.0659],[78.6585,29.095],[78.6644,29.1082],[78.6517,29.1773],[78.7283,29.1914],[78.7693,29.2122],[78.7676,29.3439],[78.8222,29.4714]]]}},{"type":"Feature","properties":{"id":"united-province--united-province-2","name":"United Province","division":"United Province","type":"Princely states"},"geometry":{"type":"Polygon","coordinates":[[[79.3884,28.7793],[79.3766,28.918],[79.3643,28.9356],[79.2954,28.9464],[79.2764,28.9594],[79.2467,29.029],[79.1705,29.0238],[79.1546,29.0319],[79.1059,29.1183],[79.0868,29.1294],[79.0284,29.1378],[78.9603,29.1179],[78.9206,29.125],[78.9291,29.0542],[78.9144,29.0103],[78.9151,28.9845],[78.9354,28.9195],[78.8991,28.8633],[78.8997,28.8347],[78.9144,28.7927],[78.8686,28.6834],[78.8808,28.6103],[78.9034,28.5631],[78.9234,28.4826],[78.966,28.4195],[79.0147,28.4396],[79.0611,28.4883],[79.1848,28.5654],[79.3379,28.7008],[79.3884,28.7793]]]}},{"type":"Feature","properties":{"id":"united-province--budaun","name":"Budaun","division":"United Province","type":"British districts"},"geometry":{"type":"Polygon","coordinates":[[[78.966,28.4195],[78.7973,28.3571],[78.7512,28.3576],[78.7,28.3762],[78.6622,28.3579],[78.6452,28.3104],[78.6155,28.2933],[78.578,28.285],[78.5187,28.3016],[78.3944,28.284],[78.3752,28.2902],[78.3392,28.3526],[78.3233,28.3637],[78.2584,28.3574],[78.2166,28.42],[78.1742,28.4396],[78.1555,28.4644],[78.1408,28.5127],[78.098,28.5466],[78.0386,28.5626],[78.0539,28.3748],[78.0733,28.3185],[78.0983,28.2871],[78.1033,28.2662],[78.0997,28.1682],[78.1529,28.0553],[78.1748,28.0312],[78.3057,27.9565],[78.325,27.931],[78.3921,27.885],[78.4687,27.8609],[78.5365,27.8663],[78.6431,27.85],[78.6942,27.7885],[78.7717,27.7263],[78.7947,27.7185],[78.8365,27.7166],[79.0835,27.6566],[79.1342,27.6579],[79.2267,27.6802],[79.2907,27.6739],[79.305,27.6567],[79.3513,27.7123],[79.3397,27.7857],[79.3477,27.8047],[79.4102,27.8585],[79.4207,27.8775],[79.4247,27.9174],[79.3935,27.9821],[79.4732,28.0873],[79.4533,28.1166],[79.4097,28.1425],[79.2851,28.1952],[79.1609,28.202],[79.0788,28.2188],[79.0524,28.2339],[79.0078,28.2949],[78.966,28.4195]]]}},{"type":"Feature","properties":{"id":"united-province--moradabad","name":"Moradabad","division":"United Province","type":"British districts"},"geometry":{"type":"Polygon","coordinates":[[[78.9206,29.125],[78.8615,29.1475],[78.8201,29.1754],[78.7708,29.2261],[78.7693,29.2122],[78.7558,29.2011],[78.6517,29.1773],[78.6644,29.1082],[78.6585,29.095],[78.6075,29.0659],[78.6046,29.0449],[78.5468,29.0126],[78.5141,29.0087],[78.4873,29.0177],[78.4492,29.0163],[78.3896,28.9773],[78.1106,28.9506],[78.0578,28.9519],[77.9727,28.9699],[77.961,28.9328],[77.959,28.8892],[77.9683,28.816],[78.0353,28.6047],[78.0386,28.5626],[78.098,28.5466],[78.1408,28.5127],[78.1555,28.4644],[78.1742,28.4396],[78.2166,28.42],[78.2584,28.3574],[78.3233,28.3637],[78.3392,28.3526],[78.3752,28.2902],[78.3944,28.284],[78.5187,28.3016],[78.578,28.285],[78.6155,28.2933],[78.6452,28.3104],[78.6622,28.3579],[78.7,28.3762],[78.7512,28.3576],[78.7973,28.3571],[78.966,28.4195],[78.9234,28.4826],[78.9034,28.5631],[78.8808,28.6103],[78.8686,28.6834],[78.9144,28.7927],[78.8997,28.8347],[78.8991,28.8633],[78.9354,28.9195],[78.9151,28.9845],[78.9144,29.0103],[78.9291,29.0542],[78.9206,29.125]]]}},{"type":"Feature","properties":{"id":"united-province--bulandshahr","name":"Bulandshahr","division":"United Province","type":"British districts"},"geometry":{"type":"Polygon","coordinates":[[[78.1523,28.0567],[78.0997,28.1682],[78.1033,28.2662],[78.0983,28.2871],[78.0733,28.3185],[78.0539,28.3748],[78.0372,28.5804],[77.9439,28.5737],[77.6915,28.5345],[77.5935,28.54],[77.4528,28.5605],[77.2529,28.5375],[77.2648,28.4854],[77.3368,28.3639],[77.3413,28.274],[77.3532,28.228],[77.4194,28.143],[77.6381,28.1323],[77.678,28.1136],[77.7438,28.0538],[77.7653,28.051],[77.868,28.0704],[77.9636,28.0719],[78.0733,28.0528],[78.1523,28.0567]]]}},{"type":"Feature","properties":{"id":"united-province--meerut","name":"Meerut","division":"United Province","type":"British districts"},"geometry":{"type":"Polygon","coordinates":[[[78.0372,28.5804],[78.0095,28.6948],[77.9683,28.816],[77.959,28.8892],[77.961,28.9328],[77.9732,28.9591],[77.9692,29.0186],[77.9161,29.1323],[77.8851,29.1059],[77.7957,29.0992],[77.6344,29.1674],[77.5855,29.1693],[77.491,29.1301],[77.4655,29.1076],[77.3949,29.1118],[77.2587,29.1476],[77.1824,29.1421],[77.1381,29.1027],[77.0966,29.0929],[77.0661,29.0976],[77.047,28.9998],[77.059,28.922],[77.0896,28.8893],[77.1068,28.8043],[77.163,28.7008],[77.1897,28.686],[77.2142,28.6283],[77.229,28.557],[77.2529,28.5375],[77.4528,28.5605],[77.5935,28.54],[77.6915,28.5345],[77.9439,28.5737],[78.0372,28.5804]]]}},{"type":"Feature","properties":{"id":"united-province--muzaffarnagar","name":"Muzaffarnagar","division":"United Province","type":"British districts"},"geometry":{"type":"Polygon","coordinates":[[[78.0294,29.619],[77.9414,29.638],[77.8769,29.6356],[77.713,29.5551],[77.6185,29.5321],[77.5423,29.4964],[77.5046,29.5162],[77.472,29.5693],[77.3497,29.6145],[77.2194,29.6292],[77.1273,29.6135],[77.0799,29.6156],[77.0874,29.5184],[77.0345,29.4022],[77.0311,29.3653],[77.057,29.2969],[77.0402,29.2076],[77.0434,29.1622],[77.0661,29.0976],[77.0966,29.0929],[77.1381,29.1027],[77.1824,29.1421],[77.2587,29.1476],[77.3949,29.1118],[77.4655,29.1076],[77.491,29.1301],[77.5538,29.1604],[77.6073,29.1699],[77.6344,29.1674],[77.7957,29.0992],[77.8851,29.1059],[77.9161,29.1323],[77.9471,29.2739],[77.9116,29.3456],[77.9109,29.4072],[77.974,29.4945],[77.9871,29.5794],[77.9984,29.6007],[78.0294,29.619]]]}},{"type":"Feature","properties":{"id":"punjab--karnal","name":"Karnal","division":"Punjab","type":"British districts"},"geometry":{"type":"Polygon","coordinates":[[[77.17,29.8017],[77.1326,29.8528],[77.0678,29.8603],[77.0011,29.9308],[76.9412,29.9367],[76.916,29.955],[76.8387,29.9518],[76.7752,29.9928],[76.715,29.9835],[76.6131,29.9361],[76.5426,29.9351],[76.52,29.8962],[76.4721,29.8832],[76.4197,29.8945],[76.376,29.9487],[76.3457,29.954],[76.3157,29.9256],[76.3126,29.8784],[76.2868,29.855],[76.2737,29.8566],[76.2118,29.9718],[76.1979,29.9726],[76.1746,29.9535],[76.1542,29.8963],[76.1546,29.862],[76.1303,29.7433],[76.1451,29.6772],[76.1573,29.6614],[76.2167,29.6229],[76.2295,29.6034],[76.2331,29.5575],[76.2671,29.5293],[76.3679,29.5276],[76.387,29.4901],[76.3868,29.4751],[76.376,29.4609],[76.2756,29.4189],[76.2473,29.3834],[76.2434,29.3261],[76.2903,29.2225],[76.2925,29.2023],[76.437,29.2002],[76.493,29.2354],[76.5804,29.2366],[76.6331,29.2653],[76.656,29.2672],[76.6761,29.2497],[76.6887,29.2216],[76.6877,29.2045],[76.6633,29.1604],[76.6169,29.1187],[76.6273,29.0512],[76.6081,29.0262],[76.6404,29.006],[76.6663,28.9985],[76.7342,29.0134],[76.8074,28.9587],[76.8393,28.9669],[76.9126,29.0117],[77.0561,29.035],[77.0676,29.0818],[77.0434,29.1622],[77.0402,29.2076],[77.057,29.2969],[77.0311,29.3653],[77.0345,29.4022],[77.0874,29.5184],[77.0787,29.6307],[77.0922,29.6854],[77.1447,29.7765],[77.17,29.8017]]]}},{"type":"Feature","properties":{"id":"punjab--nabha","name":"Nabha","division":"Punjab","type":"Princely states"},"geometry":{"type":"MultiPolygon","coordinates":[[[[76.5165,27.9767],[76.4813,27.998],[76.4315,28.0115],[76.4323,27.9026],[76.4404,27.8652],[76.4498,27.8441],[76.5,27.8197],[76.5237,27.8242],[76.5562,27.8449],[76.5876,27.9343],[76.6105,27.9541],[76.6459,27.969],[76.6004,27.9805],[76.5681,27.9732],[76.5165,27.9767]]],[[[76.3802,28.0795],[76.3916,28.1477],[76.3424,28.1563],[76.2813,28.1891],[76.2225,28.2054],[76.2035,28.221],[76.175,28.1849],[76.1597,28.074],[76.0914,27.8411],[76.1052,27.8093],[76.1695,27.7466],[76.1866,27.8524],[76.238,27.9283],[76.2623,27.9845],[76.305,28.0519],[76.3452,28.0773],[76.3802,28.0795]]],[[[75.2514,30.2626],[75.1182,30.2669],[75.1263,30.2277],[75.118,30.184],[75.1064,30.1683],[75.0767,30.154],[75.0281,30.1475],[75.0248,30.1311],[75.0248,30.1046],[75.0692,30.0694],[75.0725,30.0257],[75.0955,30.0057],[75.1078,29.9827],[75.1119,29.9498],[75.1042,29.9219],[75.1571,29.8838],[75.1867,29.8867],[75.2418,29.9188],[75.2355,30.0198],[75.2717,30.0226],[75.2947,30.0161],[75.3086,29.9882],[75.3292,29.9831],[75.3868,29.9901],[75.4065,29.9843],[75.4401,29.9412],[75.4532,29.9362],[75.4771,29.9411],[75.5052,29.9625],[75.5546,29.9759],[75.6687,29.9934],[75.6664,30.0614],[75.649,30.0722],[75.5898,30.086],[75.5258,30.1286],[75.497,30.1323],[75.3724,30.1062],[75.3527,30.1098],[75.2779,30.168],[75.2631,30.1917],[75.2514,30.2626]]],[[[76.1389,30.1073],[76.1644,30.1233],[76.2083,30.2127],[76.2025,30.2786],[76.1762,30.3753],[76.1348,30.4446],[76.0658,30.4508],[76.0036,30.4121],[76.0007,30.3434],[75.9653,30.3255],[75.9575,30.3112],[75.9484,30.2817],[75.964,30.1947],[75.9799,30.1325],[76.0094,30.1122],[76.0586,30.0975],[76.1389,30.1073]]]]}},{"type":"Feature","properties":{"id":"punjab--patiala","name":"Patiala","division":"Punjab","type":"Princely states"},"geometry":{"type":"MultiPolygon","coordinates":[[[[76.0448,27.6376],[76.1299,27.6685],[76.1537,27.6903],[76.1626,27.716],[76.1695,27.7466],[76.1052,27.8093],[76.0914,27.8411],[76.1597,28.074],[76.175,28.1849],[76.22,28.2422],[76.0725,28.2539],[75.9886,28.2739],[75.8155,28.2619],[75.8068,28.239],[75.828,28.2247],[75.8114,28.1675],[75.848,28.1243],[75.9337,28.0702],[75.9378,28.0473],[75.9398,28.0224],[75.9191,27.9958],[75.8791,27.9731],[75.8714,27.9531],[75.8944,27.8775],[75.8704,27.827],[75.8692,27.8089],[75.9043,27.7657],[75.9416,27.7348],[75.9454,27.6756],[75.9559,27.6545],[76.0019,27.637],[76.0448,27.6376]]],[[[76.5466,30.4435],[76.519,30.474],[76.4768,30.4923],[76.4304,30.5731],[76.4417,30.5806],[76.4498,30.6015],[76.4364,30.6714],[76.4027,30.709],[76.3541,30.7281],[76.3589,30.6066],[76.3726,30.5587],[76.2613,30.4844],[76.2369,30.475],[76.1762,30.4708],[76.1348,30.4446],[76.1762,30.3753],[76.1911,30.3313],[76.2083,30.2127],[76.1644,30.1233],[76.1389,30.1073],[76.0586,30.0975],[76.0094,30.1122],[75.9799,30.1325],[75.964,30.1947],[75.9484,30.2817],[75.9653,30.3255],[76.0007,30.3434],[76.0036,30.4111],[75.9652,30.4267],[75.979,30.4877],[75.9693,30.505],[75.9656,30.5757],[75.9457,30.6032],[75.8939,30.5838],[75.8672,30.5621],[75.7956,30.4355],[75.7801,30.4356],[75.7876,30.4002],[75.8464,30.3282],[75.8571,30.2852],[75.793,30.2512],[75.7795,30.2093],[75.7264,30.1742],[75.7056,30.1801],[75.6859,30.1983],[75.6522,30.2606],[75.6205,30.2865],[75.6251,30.318],[75.6385,30.3428],[75.6068,30.4165],[75.597,30.407],[75.489,30.4017],[75.403,30.3771],[75.3041,30.3601],[75.3062,30.3187],[75.2514,30.2626],[75.2631,30.1917],[75.2779,30.168],[75.3527,30.1098],[75.3724,30.1062],[75.497,30.1323],[75.5258,30.1286],[75.5668,30.0962],[75.6664,30.0614],[75.814,30.1035],[75.832,30.0933],[75.8514,30.0495],[75.8897,30.0056],[75.9009,29.9625],[75.88,29.9233],[75.8303,29.8878],[75.7998,29.8794],[75.767,29.8867],[75.733,29.9564],[75.6905,29.9953],[75.5546,29.9759],[75.5052,29.9625],[75.4771,29.9411],[75.4532,29.9362],[75.4401,29.9412],[75.4065,29.9843],[75.3868,29.9901],[75.3292,29.9831],[75.3086,29.9882],[75.2947,30.0161],[75.2717,30.0226],[75.2355,30.0198],[75.2418,29.9188],[75.1867,29.8867],[75.1571,29.8838],[75.1004,29.9247],[75.0823,29.924],[75.0354,29.899],[74.9244,29.9326],[74.8619,29.9319],[74.8125,29.9476],[74.7821,29.9432],[74.6928,29.9039],[74.6843,29.8796],[74.6853,29.8129],[74.7067,29.7829],[74.8078,29.7716],[74.8546,29.7194],[74.9212,29.6779],[75.0622,29.6364],[75.0991,29.6012],[75.1375,29.5425],[75.171,29.4507],[75.2291,29.4356],[75.3385,29.3652],[75.3639,29.3722],[75.3763,29.4045],[75.329,29.4698],[75.361,29.489],[75.3677,29.5284],[75.3842,29.5506],[75.4006,29.5584],[75.4137,29.5641],[75.5022,29.5552],[75.5202,29.5594],[75.5565,29.5951],[75.5819,29.6007],[75.6106,29.5963],[75.6317,29.5733],[75.6669,29.5602],[75.6989,29.5629],[75.7892,29.5932],[75.8375,29.5814],[75.8579,29.5677],[75.8675,29.5483],[75.8765,29.4501],[75.9505,29.3106],[75.9893,29.2623],[76.0322,29.2269],[76.1589,29.1482],[76.2925,29.2023],[76.2903,29.2225],[76.2434,29.3261],[76.2473,29.3834],[76.2756,29.4189],[76.376,29.4609],[76.3868,29.4751],[76.387,29.4901],[76.3679,29.5276],[76.2671,29.5293],[76.2331,29.5575],[76.2295,29.6034],[76.2167,29.6229],[76.1573,29.6614],[76.1451,29.6772],[76.1303,29.7433],[76.1342,29.7648],[76.0431,29.8345],[76.0169,29.8419],[75.9836,29.8801],[75.9749,29.9167],[75.9824,29.9288],[76.0204,29.9393],[76.1179,29.907],[76.1613,29.9211],[76.1746,29.9535],[76.1979,29.9726],[76.2118,29.9718],[76.2336,29.9386],[76.2737,29.8566],[76.3042,29.8641],[76.3126,29.8784],[76.3157,29.9256],[76.3457,29.954],[76.376,29.9487],[76.4197,29.8945],[76.4434,29.8856],[76.4721,29.8832],[76.52,29.8962],[76.5401,29.9225],[76.5437,29.9403],[76.5386,29.9805],[76.5137,30.0252],[76.5173,30.0409],[76.5993,30.0758],[76.618,30.1092],[76.7311,30.1887],[76.7481,30.2195],[76.7443,30.3902],[76.7243,30.4287],[76.6902,30.4325],[76.5884,30.4194],[76.5631,30.4441],[76.5466,30.4435]]]]}},{"type":"Feature","properties":{"id":"punjab--jind","name":"Jind","division":"Punjab","type":"Princely states"},"geometry":{"type":"MultiPolygon","coordinates":[[[[76.3309,28.6267],[76.1274,28.625],[76.0916,28.6186],[76.0491,28.5941],[76.0196,28.5609],[75.8618,28.4559],[75.7815,28.4236],[75.8193,28.3703],[75.8264,28.3359],[75.8155,28.2619],[75.9886,28.2739],[76.0725,28.2539],[76.22,28.2422],[76.3081,28.321],[76.3215,28.3698],[76.3852,28.4414],[76.3909,28.5166],[76.3747,28.5645],[76.3309,28.6267]]],[[[76.6887,29.2216],[76.656,29.2672],[76.6331,29.2653],[76.5804,29.2366],[76.493,29.2354],[76.437,29.2002],[76.2876,29.2025],[76.1589,29.1482],[76.1758,29.1391],[76.2118,29.0814],[76.229,29.0189],[76.2259,28.966],[76.2563,28.9184],[76.3739,28.885],[76.418,28.8896],[76.4418,28.9101],[76.4702,29.0122],[76.4883,29.0264],[76.5096,29.0361],[76.5608,29.0255],[76.6081,29.0262],[76.6273,29.0512],[76.6169,29.1187],[76.6633,29.1604],[76.68,29.1881],[76.6887,29.2216]]],[[[76.072,29.9181],[76.054,29.9311],[76.0204,29.9393],[75.9824,29.9288],[75.9748,29.9031],[75.9836,29.8801],[76.0169,29.8419],[76.0431,29.8345],[76.1342,29.7648],[76.1613,29.9211],[76.1179,29.907],[76.072,29.9181]]],[[[75.8897,30.0056],[75.8514,30.0495],[75.832,30.0933],[75.814,30.1035],[75.6662,30.0613],[75.6687,29.9934],[75.6905,29.9953],[75.7159,29.9765],[75.767,29.8867],[75.7801,29.8795],[75.8303,29.8878],[75.88,29.9233],[75.9009,29.9625],[75.8897,30.0056]]]]}},{"type":"Feature","properties":{"id":"punjab--loharu","name":"Loharu","division":"Punjab","type":"Princely states"},"geometry":{"type":"Polygon","coordinates":[[[75.7815,28.4236],[75.7437,28.4453],[75.5718,28.4951],[75.5659,28.3789],[75.6007,28.3226],[75.6411,28.2997],[75.8068,28.239],[75.8211,28.2764],[75.8264,28.3359],[75.8193,28.3703],[75.7815,28.4236]]]}},{"type":"Feature","properties":{"id":"punjab--pataudi","name":"Pataudi","division":"Punjab","type":"Princely states"},"geometry":{"type":"Polygon","coordinates":[[[76.6744,28.1778],[76.6851,28.1399],[76.714,28.1267],[76.7415,28.1306],[76.7595,28.1462],[76.7614,28.1619],[76.7316,28.1997],[76.6744,28.1778]]]}},{"type":"Feature","properties":{"id":"punjab--dujana","name":"Dujana","division":"Punjab","type":"Princely states"},"geometry":{"type":"MultiPolygon","coordinates":[[[[76.3916,28.1477],[76.4521,28.2108],[76.4276,28.2468],[76.3689,28.2999],[76.3104,28.3297],[76.2035,28.221],[76.2225,28.2054],[76.2813,28.1891],[76.3424,28.1563],[76.3916,28.1477]]],[[[76.663,28.476],[76.7385,28.5324],[76.7469,28.5494],[76.7032,28.5572],[76.6859,28.5716],[76.6543,28.542],[76.6394,28.5221],[76.6501,28.4805],[76.663,28.476]]]]}},{"type":"Feature","properties":{"id":"punjab--rohtak","name":"Rohtak","division":"Punjab","type":"British districts"},"geometry":{"type":"Polygon","coordinates":[[[77.047,28.9998],[77.0561,29.035],[76.9126,29.0117],[76.8393,28.9669],[76.8074,28.9587],[76.7342,29.0134],[76.6557,28.9986],[76.6122,29.0264],[76.5608,29.0255],[76.5096,29.0361],[76.4702,29.0122],[76.4418,28.9101],[76.418,28.8896],[76.3739,28.885],[76.2777,28.9097],[76.277,28.8168],[76.3238,28.7184],[76.3275,28.6318],[76.3747,28.5645],[76.3909,28.5166],[76.3852,28.4414],[76.3215,28.3698],[76.3104,28.3297],[76.3689,28.2999],[76.4063,28.2709],[76.4521,28.2108],[76.495,28.2138],[76.5358,28.199],[76.603,28.2231],[76.6551,28.1795],[76.6713,28.1764],[76.7309,28.1986],[76.7376,28.21],[76.7338,28.2425],[76.7555,28.3186],[76.7776,28.347],[76.8059,28.3613],[76.8056,28.3941],[76.8263,28.4213],[76.8894,28.4717],[76.9016,28.5122],[76.902,28.5372],[76.8824,28.5751],[76.8506,28.6096],[76.8511,28.6382],[76.8778,28.6575],[76.9555,28.6869],[77.1592,28.7078],[77.1068,28.8043],[77.0896,28.8893],[77.059,28.922],[77.047,28.9998]],[[76.7385,28.5324],[76.663,28.476],[76.6501,28.4805],[76.6394,28.5221],[76.6543,28.542],[76.6859,28.5716],[76.7032,28.5572],[76.7469,28.5494],[76.7385,28.5324]]]}},{"type":"Feature","properties":{"id":"delhi--delhi","name":"Delhi","division":"Delhi","type":"British districts"},"geometry":{"type":"Polygon","coordinates":[[[77.3372,28.3609],[77.2648,28.4854],[77.2529,28.5375],[77.229,28.557],[77.2142,28.6283],[77.1897,28.686],[77.1592,28.7078],[76.9555,28.6869],[76.8778,28.6575],[76.8511,28.6382],[76.8506,28.6096],[76.8824,28.5751],[76.902,28.5372],[76.9016,28.5122],[76.8894,28.4717],[76.8263,28.4213],[76.8056,28.3941],[76.8012,28.3726],[76.8116,28.3474],[76.9037,28.3677],[76.9428,28.3671],[76.9805,28.3594],[77.0754,28.3126],[77.0956,28.3111],[77.1254,28.3155],[77.1829,28.3575],[77.3372,28.3609]]]}},{"type":"Feature","properties":{"id":"punjab--gurgaon","name":"Gurgaon","division":"Punjab","type":"British districts"},"geometry":{"type":"Polygon","coordinates":[[[76.6744,28.1778],[76.6551,28.1795],[76.603,28.2231],[76.5358,28.199],[76.495,28.2138],[76.4562,28.2142],[76.4191,28.1831],[76.3851,28.1395],[76.3802,28.0795],[76.4162,28.0728],[76.4299,28.0459],[76.4315,28.0115],[76.4813,27.998],[76.5282,27.9727],[76.6004,27.9805],[76.6459,27.969],[76.6828,27.9723],[76.7928,28.0531],[76.8306,28.0593],[76.8742,28.0281],[76.8887,27.9983],[76.9002,27.79],[76.8476,27.6665],[76.8371,27.6179],[76.8692,27.5506],[76.8915,27.5341],[76.9406,27.5248],[76.9643,27.534],[77.0886,27.6468],[77.1385,27.6776],[77.2119,27.6974],[77.3276,27.6908],[77.3547,27.7027],[77.3815,27.75],[77.4663,27.8459],[77.4738,27.8916],[77.4221,27.9823],[77.405,28.0361],[77.4102,28.0761],[77.4273,28.1197],[77.4244,28.136],[77.3532,28.228],[77.3413,28.274],[77.3372,28.3609],[77.1829,28.3575],[77.1254,28.3155],[77.0956,28.3111],[77.0754,28.3126],[76.9805,28.3594],[76.9428,28.3671],[76.9037,28.3677],[76.8116,28.3474],[76.8059,28.3613],[76.7776,28.347],[76.7555,28.3186],[76.7338,28.2425],[76.7376,28.21],[76.7316,28.1997],[76.7614,28.1619],[76.7595,28.1462],[76.7415,28.1306],[76.714,28.1267],[76.6851,28.1399],[76.6744,28.1778]]]}},{"type":"Feature","properties":{"id":"rajputana-agency--alwar","name":"Alwar","division":"Rajputana Agency","type":"Princely states"},"geometry":{"type":"Polygon","coordinates":[[[76.5738,27.9024],[76.5562,27.8449],[76.5237,27.8242],[76.5,27.8197],[76.4498,27.8441],[76.4323,27.9026],[76.4299,28.0459],[76.4162,28.0728],[76.3733,28.0809],[76.3452,28.0773],[76.305,28.0519],[76.2623,27.9845],[76.238,27.9283],[76.1866,27.8524],[76.1695,27.7466],[76.1883,27.7006],[76.2079,27.5772],[76.2253,27.3577],[76.2096,27.1945],[76.1974,27.1497],[76.1989,27.0895],[76.2095,27.0817],[76.2684,27.1041],[76.2823,27.1002],[76.2922,27.0399],[76.3135,27.0321],[76.3519,27.0317],[76.383,27.0448],[76.3982,27.0647],[76.4495,27.0709],[76.4686,27.064],[76.4947,27.0188],[76.532,27.0194],[76.541,27.0498],[76.5584,27.0726],[76.5885,27.0923],[76.6422,27.043],[76.6912,27.0366],[76.7575,27.0454],[76.7775,27.0298],[76.8021,26.9684],[76.8298,26.9652],[76.8748,26.977],[76.9191,27.0108],[76.9161,27.028],[76.8849,27.0733],[76.8973,27.1143],[76.9219,27.1139],[76.9726,27.0874],[76.9845,27.0347],[77.0014,27.0211],[77.0496,27.0338],[77.0927,27.0561],[77.1059,27.0807],[77.1185,27.1827],[77.1638,27.2623],[77.1644,27.2938],[77.1359,27.3124],[77.1039,27.3128],[77.0393,27.2909],[77.0119,27.3132],[76.9992,27.3793],[76.9876,27.391],[76.9568,27.4],[76.9506,27.4144],[76.9519,27.4268],[76.9778,27.4417],[77.0572,27.4473],[77.0767,27.4594],[77.0845,27.4793],[77.0059,27.568],[76.9643,27.534],[76.9406,27.5248],[76.8915,27.5341],[76.8692,27.5506],[76.8371,27.6179],[76.8476,27.6665],[76.9002,27.79],[76.8887,27.9983],[76.8742,28.0281],[76.8306,28.0593],[76.8043,28.055],[76.8035,28.0034],[76.8307,27.8985],[76.7947,27.8631],[76.7349,27.8553],[76.7076,27.8599],[76.6305,27.8781],[76.5738,27.9024]]]}},{"type":"Feature","properties":{"id":"rajputana-agency--jaipur","name":"Jaipur","division":"Rajputana Agency","type":"Princely states"},"geometry":{"type":"MultiPolygon","coordinates":[[[[76.7947,27.8631],[76.8307,27.8985],[76.8035,28.0034],[76.8043,28.055],[76.6828,27.9723],[76.6451,27.969],[76.6105,27.9541],[76.5876,27.9343],[76.5738,27.9024],[76.6305,27.8781],[76.7076,27.8599],[76.7349,27.8553],[76.7947,27.8631]]],[[[75.5827,28.3462],[75.5421,28.3317],[75.4628,28.342],[75.2781,28.3454],[75.2311,28.3125],[75.2341,28.2112],[75.219,28.1855],[75.1424,28.1607],[75.1024,28.0776],[75.0819,28.0633],[74.9667,28.0347],[74.9441,28.0203],[74.928,27.9429],[74.913,27.9143],[74.8464,27.8598],[74.8281,27.8311],[74.8325,27.7738],[74.8465,27.7327],[74.8123,27.6457],[74.7984,27.6285],[74.7953,27.554],[74.7355,27.4784],[74.7323,27.4535],[74.7774,27.3934],[74.8407,27.3333],[74.8803,27.2435],[74.8932,27.2349],[74.9391,27.2608],[75.0225,27.2856],[75.0514,27.2856],[75.0824,27.2741],[75.1006,27.2569],[75.1005,27.2187],[75.123,27.1948],[75.1667,27.1709],[75.1656,27.1498],[75.1432,27.1116],[75.1474,27.0906],[75.1869,27.0724],[75.2882,27.0522],[75.301,27.0244],[75.302,27.0053],[75.2656,26.9739],[75.208,26.9549],[75.1919,26.8966],[75.1663,26.8718],[75.0821,26.8891],[75.0342,26.8795],[75.0161,26.8681],[74.9958,26.7754],[75.0607,26.6846],[75.066,26.6005],[75.084,26.5842],[75.1764,26.5421],[75.1912,26.5],[75.172,26.4322],[75.1698,26.3787],[75.21,26.307],[75.2098,26.1722],[75.2726,26.0476],[75.3124,26.0252],[75.3606,25.8817],[75.394,25.7402],[75.4002,25.6962],[75.3916,25.6676],[75.4842,25.5985],[75.5284,25.5849],[75.5663,25.5848],[75.5877,25.6229],[75.5881,25.7032],[75.5992,25.7175],[75.6497,25.7001],[75.702,25.7027],[75.7971,25.7381],[75.8258,25.7565],[75.9286,25.7559],[76.0004,25.7268],[76.0126,25.7767],[76.0559,25.8212],[76.1135,25.9163],[76.2328,25.9523],[76.2635,25.9843],[76.2926,25.99],[76.3188,25.9719],[76.3305,25.9515],[76.3302,25.9264],[76.3084,25.8633],[76.3051,25.8],[76.2875,25.7643],[76.2423,25.7313],[76.2209,25.7028],[76.2116,25.6591],[76.3532,25.6479],[76.404,25.6632],[76.5078,25.7468],[76.5764,25.7833],[76.6597,25.8583],[76.7435,25.9534],[76.8004,25.9656],[76.6903,26.0657],[76.678,26.0849],[76.6735,26.1387],[76.7069,26.21],[76.8669,26.3313],[76.8848,26.3583],[76.8844,26.4307],[76.8919,26.4464],[76.9144,26.4611],[76.9956,26.4607],[77.0276,26.4696],[77.1437,26.594],[77.166,26.6356],[77.2288,26.6846],[77.1779,26.7606],[77.1499,26.8546],[77.113,26.9297],[77.0792,27.0491],[77.0014,27.0211],[76.9845,27.0347],[76.9726,27.0874],[76.9219,27.1139],[76.8973,27.1143],[76.8851,27.0858],[76.8849,27.0733],[76.9161,27.028],[76.9191,27.0108],[76.8748,26.977],[76.8298,26.9652],[76.8021,26.9684],[76.7775,27.0298],[76.7575,27.0454],[76.6912,27.0366],[76.6422,27.043],[76.5885,27.0923],[76.5584,27.0726],[76.541,27.0498],[76.532,27.0194],[76.4947,27.0188],[76.4686,27.064],[76.4495,27.0709],[76.3982,27.0647],[76.383,27.0448],[76.3519,27.0317],[76.3135,27.0321],[76.2922,27.0399],[76.2823,27.1002],[76.2684,27.1041],[76.2095,27.0817],[76.1989,27.0895],[76.195,27.1229],[76.2096,27.1945],[76.2253,27.3577],[76.2238,27.4141],[76.1883,27.7006],[76.1695,27.7466],[76.1537,27.6903],[76.1094,27.6572],[76.0448,27.6376],[76.0019,27.637],[75.9559,27.6545],[75.9454,27.6756],[75.9416,27.7348],[75.9043,27.7657],[75.8692,27.8089],[75.8704,27.827],[75.8944,27.8775],[75.8714,27.9531],[75.8791,27.9731],[75.9191,27.9958],[75.9398,28.0224],[75.9337,28.0702],[75.848,28.1243],[75.8114,28.1675],[75.828,28.2247],[75.8213,28.2343],[75.6411,28.2997],[75.6007,28.3226],[75.5827,28.3462]],[[75.6731,26.2797],[75.6999,26.3262],[75.7544,26.3498],[75.7887,26.3257],[75.8186,26.2479],[75.8608,26.2214],[75.9801,26.2386],[76.0244,26.1499],[76.0134,26.0974],[75.9788,26.0737],[75.952,26.0297],[75.9451,25.9963],[75.9183,25.9571],[75.8627,25.9347],[75.8597,25.8846],[75.8371,25.8692],[75.6862,26.0252],[75.6718,26.0528],[75.6498,26.1353],[75.5983,26.1594],[75.5969,26.2337],[75.6089,26.241],[75.5745,26.2748],[75.5778,26.2919],[75.5969,26.299],[75.6271,26.296],[75.6573,26.2702],[75.6731,26.2797]]]]}},{"type":"Feature","properties":{"id":"rajputana-agency--lawa-estate","name":"Lawa (estate)","division":"Rajputana Agency","type":"Princely states"},"geometry":{"type":"Polygon","coordinates":[[[75.6573,26.2702],[75.6271,26.296],[75.5969,26.299],[75.5778,26.2919],[75.5745,26.2748],[75.6089,26.241],[75.6573,26.2702]]]}},{"type":"Feature","properties":{"id":"rajputana-agency--karauli","name":"Karauli","division":"Rajputana Agency","type":"Princely states"},"geometry":{"type":"Polygon","coordinates":[[[77.3848,26.2934],[77.3434,26.3702],[77.338,26.418],[77.3438,26.4418],[77.4169,26.5399],[77.4235,26.6506],[77.446,26.7367],[77.3826,26.7277],[77.2551,26.6801],[77.2288,26.6846],[77.166,26.6356],[77.1437,26.594],[77.0276,26.4696],[76.9956,26.4607],[76.9144,26.4611],[76.8919,26.4464],[76.8844,26.4307],[76.8848,26.3583],[76.8409,26.3092],[76.7069,26.21],[76.6735,26.1387],[76.678,26.0849],[76.6903,26.0657],[76.8004,25.9656],[76.8483,25.9664],[76.9041,25.9872],[76.9475,26.0238],[76.9848,26.0692],[77.0378,26.1043],[77.0998,26.112],[77.2832,26.241],[77.3848,26.2934]]]}},{"type":"Feature","properties":{"id":"gwalior--morena","name":"Morena","division":"Gwalior","type":"Princely districts"},"geometry":{"type":"Polygon","coordinates":[[[78.476,26.7696],[78.3907,26.779],[78.3048,26.772],[78.2852,26.7779],[77.7841,26.4599],[77.6748,26.3446],[77.5951,26.3331],[77.4965,26.3349],[77.4261,26.3146],[77.2832,26.241],[77.1505,26.1437],[77.215,26.0899],[77.2426,26.083],[77.4205,26.0923],[77.4292,26.09],[77.4388,26.0576],[77.4569,26.0516],[77.4744,26.0527],[77.5108,26.085],[77.5473,26.0858],[77.5574,26.0763],[77.5624,26.0519],[77.5163,25.9725],[77.519,25.9481],[77.5871,25.876],[77.6035,25.8642],[77.6519,25.8522],[77.6818,25.8749],[77.6812,25.9428],[77.7155,26.0577],[77.7554,26.1371],[77.7783,26.1653],[77.8235,26.196],[78.0135,26.258],[78.0672,26.2865],[78.0965,26.3116],[78.2071,26.343],[78.1817,26.4062],[78.1855,26.4309],[78.27,26.5311],[78.375,26.5993],[78.4654,26.6048],[78.4531,26.6901],[78.476,26.7696]]]}},{"type":"Feature","properties":{"id":"rajputana-agency--dholpur","name":"Dholpur","division":"Rajputana Agency","type":"Princely states"},"geometry":{"type":"Polygon","coordinates":[[[77.3848,26.2934],[77.4261,26.3146],[77.4965,26.3349],[77.5951,26.3331],[77.6748,26.3446],[77.7841,26.4599],[78.2852,26.7779],[78.2791,26.7798],[78.2787,26.8054],[78.2578,26.8546],[78.2315,26.8853],[78.2061,26.8887],[78.1643,26.8811],[78.0794,26.8113],[78.031,26.7923],[77.9862,26.7876],[77.864,26.8144],[77.8161,26.8154],[77.6627,26.7382],[77.5712,26.6424],[77.5294,26.626],[77.5104,26.6335],[77.4967,26.6638],[77.4974,26.6953],[77.5156,26.738],[77.446,26.7367],[77.4235,26.6506],[77.4169,26.5399],[77.3438,26.4418],[77.338,26.418],[77.3434,26.3702],[77.3848,26.2934]]]}},{"type":"Feature","properties":{"id":"united-province--agra","name":"Agra","division":"United Province","type":"British districts"},"geometry":{"type":"Polygon","coordinates":[[[78.3627,27.3252],[78.1647,27.4262],[78.1501,27.4399],[78.1392,27.4665],[78.0215,27.4131],[77.952,27.3931],[77.9362,27.3419],[77.8901,27.2971],[77.8676,27.2947],[77.8319,27.3083],[77.7315,27.3017],[77.6895,27.286],[77.6666,27.2678],[77.6533,27.2495],[77.6416,27.1851],[77.6485,27.1567],[77.6415,27.1296],[77.5921,27.0689],[77.5882,27.0418],[77.5956,27.013],[77.6111,26.9912],[77.6363,26.9764],[77.6829,26.987],[77.7847,27.0294],[77.8198,27.0259],[77.848,27.0038],[77.8539,26.9836],[77.8496,26.9408],[77.8252,26.9212],[77.6529,26.8673],[77.6093,26.8451],[77.5718,26.81],[77.5077,26.7295],[77.4967,26.6638],[77.5104,26.6335],[77.5294,26.626],[77.5712,26.6424],[77.6627,26.7382],[77.8161,26.8154],[77.864,26.8144],[77.9862,26.7876],[78.031,26.7923],[78.0794,26.8113],[78.1643,26.8811],[78.2061,26.8887],[78.2315,26.8853],[78.2578,26.8546],[78.2787,26.8054],[78.2791,26.7798],[78.3048,26.772],[78.3907,26.779],[78.496,26.7674],[78.6752,26.6967],[78.7191,26.7009],[78.7477,26.7216],[78.8155,26.7331],[78.812,26.7697],[78.7653,26.8062],[78.6882,26.8207],[78.6549,26.8435],[78.5168,26.8871],[78.4431,26.9471],[78.3972,27.1916],[78.3627,27.3252]]]}},{"type":"Feature","properties":{"id":"rajputana-agency--bharatpur","name":"Bharatpur","division":"Rajputana Agency","type":"Princely states"},"geometry":{"type":"Polygon","coordinates":[[[77.5156,26.738],[77.5718,26.81],[77.6093,26.8451],[77.6529,26.8673],[77.8252,26.9212],[77.8496,26.9408],[77.8539,26.9836],[77.848,27.0038],[77.8198,27.0259],[77.7847,27.0294],[77.6829,26.987],[77.6363,26.9764],[77.6111,26.9912],[77.5956,27.013],[77.5882,27.0418],[77.6037,27.0888],[77.6415,27.1296],[77.6485,27.1567],[77.6336,27.2014],[77.6146,27.2146],[77.5746,27.2153],[77.4741,27.1792],[77.446,27.1779],[77.4085,27.2036],[77.3856,27.2559],[77.3963,27.3811],[77.3913,27.5209],[77.377,27.6053],[77.3374,27.6951],[77.2119,27.6974],[77.1385,27.6776],[77.0886,27.6468],[77.0059,27.568],[77.0845,27.4793],[77.0767,27.4594],[77.0572,27.4473],[76.9778,27.4417],[76.9519,27.4268],[76.9506,27.4144],[76.9568,27.4],[76.9876,27.391],[76.9992,27.3793],[77.0119,27.3132],[77.0393,27.2909],[77.1039,27.3128],[77.1359,27.3124],[77.1644,27.2938],[77.1638,27.2623],[77.1185,27.1827],[77.1059,27.0807],[77.0927,27.0561],[77.0792,27.0491],[77.113,26.9297],[77.1499,26.8546],[77.1779,26.7606],[77.2244,26.6854],[77.2551,26.6801],[77.3826,26.7277],[77.5156,26.738]]]}},{"type":"Feature","properties":{"id":"united-province--muttra","name":"Muttra","division":"United Province","type":"British districts"},"geometry":{"type":"Polygon","coordinates":[[[78.1433,27.5069],[78.0464,27.5212],[77.9714,27.5216],[77.9278,27.4903],[77.9063,27.4884],[77.8481,27.5135],[77.7864,27.5963],[77.7075,27.6566],[77.6956,27.6927],[77.7011,27.7885],[77.6242,27.8716],[77.5939,27.8822],[77.4736,27.885],[77.4663,27.8459],[77.3815,27.75],[77.3547,27.7027],[77.3374,27.6951],[77.377,27.6053],[77.3913,27.5209],[77.3963,27.3811],[77.3856,27.2559],[77.4085,27.2036],[77.446,27.1779],[77.4741,27.1792],[77.5746,27.2153],[77.6146,27.2146],[77.6336,27.2014],[77.6416,27.1851],[77.6533,27.2495],[77.6666,27.2678],[77.6895,27.286],[77.7315,27.3017],[77.8319,27.3083],[77.8676,27.2947],[77.8901,27.2971],[77.9362,27.3419],[77.952,27.3931],[78.0215,27.4131],[78.1392,27.4665],[78.1433,27.5069]]]}},{"type":"Feature","properties":{"id":"united-province--aligarh","name":"Aligarh","division":"United Province","type":"British districts"},"geometry":{"type":"Polygon","coordinates":[[[78.1523,28.0567],[78.0733,28.0528],[77.9636,28.0719],[77.868,28.0704],[77.7653,28.051],[77.7438,28.0538],[77.678,28.1136],[77.6381,28.1323],[77.4194,28.143],[77.4273,28.1197],[77.4102,28.0761],[77.405,28.0361],[77.4221,27.9823],[77.4736,27.885],[77.5939,27.8822],[77.6242,27.8716],[77.7011,27.7885],[77.6956,27.6927],[77.7075,27.6566],[77.7864,27.5963],[77.8481,27.5135],[77.9063,27.4884],[77.9278,27.4903],[77.9714,27.5216],[78.0464,27.5212],[78.1433,27.5069],[78.1625,27.5341],[78.2246,27.5709],[78.2584,27.6283],[78.2553,27.7057],[78.3454,27.8458],[78.3479,27.9136],[78.3057,27.9565],[78.1748,28.0312],[78.1523,28.0567]]]}},{"type":"Feature","properties":{"id":"united-province--etah","name":"Etah","division":"United Province","type":"British districts"},"geometry":{"type":"Polygon","coordinates":[[[79.103,27.6554],[78.7717,27.7263],[78.6942,27.7885],[78.6431,27.85],[78.5365,27.8663],[78.4687,27.8609],[78.3921,27.885],[78.3479,27.9136],[78.3454,27.8458],[78.2553,27.7057],[78.2584,27.6283],[78.2246,27.5709],[78.1625,27.5341],[78.1491,27.5172],[78.139,27.4993],[78.14,27.4611],[78.1647,27.4262],[78.3627,27.3252],[78.4707,27.3855],[78.4948,27.4107],[78.5418,27.4252],[78.5625,27.4204],[78.5882,27.399],[78.6074,27.3233],[78.6228,27.3022],[78.6693,27.3024],[78.6824,27.3128],[78.7153,27.3856],[78.7459,27.4141],[78.9019,27.4256],[79.0074,27.414],[79.0883,27.3902],[79.1162,27.3651],[79.13,27.326],[79.1488,27.3161],[79.2564,27.3146],[79.2439,27.3512],[79.1781,27.434],[79.1712,27.4858],[79.0963,27.586],[79.103,27.6554]]]}},{"type":"Feature","properties":{"id":"united-province--mainpuri","name":"Mainpuri","division":"United Province","type":"British districts"},"geometry":{"type":"Polygon","coordinates":[[[79.2564,27.3146],[79.1488,27.3161],[79.13,27.326],[79.1162,27.3651],[79.0883,27.3902],[79.0074,27.414],[78.9019,27.4256],[78.7459,27.4141],[78.7153,27.3856],[78.6824,27.3128],[78.6693,27.3024],[78.6228,27.3022],[78.6074,27.3233],[78.5882,27.399],[78.5625,27.4204],[78.5418,27.4252],[78.4948,27.4107],[78.4707,27.3855],[78.3627,27.3252],[78.3972,27.1916],[78.4431,26.9471],[78.4886,26.9049],[78.542,26.8791],[78.5858,26.913],[78.7458,26.9881],[78.7981,26.9895],[78.9394,26.9484],[78.9829,26.9749],[79.0246,26.9813],[79.0632,26.9592],[79.1753,26.9378],[79.3229,26.9445],[79.3061,27.0531],[79.3093,27.0738],[79.3536,27.1239],[79.3598,27.1602],[79.3457,27.2093],[79.2564,27.3146]]]}},{"type":"Feature","properties":{"id":"united-province--etawah","name":"Etawah","division":"United Province","type":"British districts"},"geometry":{"type":"Polygon","coordinates":[[[79.3937,26.9436],[79.1753,26.9378],[79.0632,26.9592],[79.0246,26.9813],[78.9829,26.9749],[78.9394,26.9484],[78.7981,26.9895],[78.7458,26.9881],[78.5858,26.913],[78.542,26.8791],[78.6549,26.8435],[78.6882,26.8207],[78.7653,26.8062],[78.8007,26.7833],[78.812,26.7697],[78.8155,26.7331],[78.8552,26.7188],[78.8848,26.5927],[78.9155,26.5006],[78.9705,26.4239],[78.9841,26.3832],[79.1815,26.3871],[79.2284,26.41],[79.2669,26.4189],[79.3086,26.3883],[79.3536,26.3376],[79.4032,26.3268],[79.5293,26.4259],[79.5356,26.4443],[79.5936,26.5039],[79.6346,26.7344],[79.5199,26.8785],[79.4462,26.9247],[79.3937,26.9436]]]}},{"type":"Feature","properties":{"id":"gwalior--bhind","name":"Bhind","division":"Gwalior","type":"Princely districts"},"geometry":{"type":"Polygon","coordinates":[[[78.4662,26.1543],[78.5759,26.2597],[78.6443,26.2666],[78.682,26.2513],[78.6928,26.2438],[78.7061,26.0603],[78.6984,26.0189],[78.6788,26.0107],[78.7706,25.9334],[78.8099,25.9874],[78.8038,26.1908],[78.8202,26.2076],[78.9276,26.2132],[78.9691,26.2647],[78.9899,26.35],[78.9705,26.4239],[78.9155,26.5006],[78.8848,26.5927],[78.8552,26.7188],[78.8258,26.7339],[78.7899,26.7312],[78.7477,26.7216],[78.7191,26.7009],[78.6752,26.6967],[78.476,26.7696],[78.4531,26.6901],[78.4654,26.6048],[78.375,26.5993],[78.27,26.5311],[78.1989,26.4535],[78.1817,26.4062],[78.2067,26.3521],[78.2149,26.3042],[78.2529,26.2595],[78.2854,26.2511],[78.3433,26.2746],[78.3916,26.262],[78.441,26.2131],[78.4662,26.1543]]]}},{"type":"Feature","properties":{"id":"central-india-agency--samthar","name":"Samthar","division":"Central India Agency","type":"Princely states"},"geometry":{"type":"Polygon","coordinates":[[[78.7498,25.6439],[78.8124,25.6737],[78.8369,25.6993],[78.8849,25.7994],[78.8924,25.8684],[78.8559,25.9619],[78.8512,25.9978],[78.862,26.0279],[78.8826,26.0506],[78.9101,26.1035],[78.9212,26.139],[78.9276,26.2132],[78.8202,26.2076],[78.8038,26.1908],[78.8099,25.9874],[78.7472,25.9089],[78.7253,25.8651],[78.7128,25.7179],[78.7036,25.7114],[78.7498,25.6439]]]}},{"type":"Feature","properties":{"id":"central-india-agency--datia","name":"Datia","division":"Central India Agency","type":"Princely states"},"geometry":{"type":"Polygon","coordinates":[[[78.7036,25.7114],[78.6934,25.7041],[78.6572,25.7107],[78.5338,25.7567],[78.5139,25.7801],[78.5007,25.8162],[78.4923,25.8537],[78.4949,25.888],[78.5379,25.9499],[78.6089,25.9911],[78.6984,26.0189],[78.7054,26.0388],[78.6928,26.2438],[78.6443,26.2666],[78.5759,26.2597],[78.4109,26.1019],[78.365,25.9956],[78.1831,25.8293],[78.1732,25.7565],[78.2042,25.6742],[78.2534,25.6229],[78.3172,25.5335],[78.5487,25.573],[78.6589,25.6061],[78.7498,25.6439],[78.7036,25.7114]]]}},{"type":"Feature","properties":{"id":"united-province--jhansi","name":"Jhansi","division":"United Province","type":"British districts"},"geometry":{"type":"Polygon","coordinates":[[[79.2456,25.8294],[79.0543,25.8601],[78.8903,25.8738],[78.8849,25.7994],[78.8369,25.6993],[78.8124,25.6737],[78.6589,25.6061],[78.5487,25.573],[78.3307,25.5387],[78.2722,25.5162],[78.2236,25.4707],[78.2152,25.4494],[78.2233,25.4087],[78.275,25.2333],[78.2817,25.189],[78.2767,25.1461],[78.2408,25.03],[78.1286,24.8939],[78.1109,24.8632],[78.1091,24.8454],[78.1224,24.6434],[78.138,24.538],[78.161,24.4659],[78.1797,24.4333],[78.2105,24.4186],[78.3009,24.4066],[78.3365,24.3901],[78.3977,24.3414],[78.441,24.3247],[78.5428,24.3324],[78.5978,24.2853],[78.6081,24.265],[78.6343,24.25],[78.6715,24.2434],[78.7155,24.1965],[78.7728,24.1837],[78.8243,24.1824],[78.8743,24.184],[78.8889,24.2008],[78.914,24.3075],[78.9617,24.3945],[78.8581,24.4264],[78.799,24.4762],[78.8105,24.5958],[78.7997,24.6283],[78.7571,24.6455],[78.7236,24.6356],[78.6916,24.6149],[78.6412,24.6305],[78.6365,24.6717],[78.6581,24.741],[78.659,24.8376],[78.6347,24.8794],[78.5406,24.8817],[78.5053,24.9523],[78.434,25.2798],[78.4345,25.3675],[78.4491,25.3975],[78.5839,25.4229],[78.5904,25.4425],[78.6264,25.4613],[78.6852,25.4491],[78.7286,25.5142],[78.7585,25.526],[78.774,25.5166],[78.7869,25.4859],[78.814,25.4726],[78.8266,25.4956],[78.8608,25.5179],[78.8944,25.5188],[78.9272,25.4965],[79.0046,25.5141],[79.0156,25.4887],[79.0164,25.4511],[78.9905,25.3856],[78.9643,25.3666],[78.836,25.3557],[78.7998,25.3316],[78.7712,25.2984],[78.7703,25.2715],[78.8123,25.2293],[78.8755,25.2366],[78.9108,25.2321],[78.9198,25.2068],[78.9176,25.0762],[78.9389,25.0667],[78.9992,25.1098],[79.0285,25.1037],[79.0974,25.0499],[79.1312,25.0597],[79.1401,25.0934],[79.1945,25.1331],[79.199,25.149],[79.1788,25.189],[79.1648,25.2412],[79.1665,25.2895],[79.1795,25.3249],[79.1979,25.3458],[79.2394,25.35],[79.2444,25.3445],[79.2438,25.4376],[79.2691,25.5597],[79.3027,25.6172],[79.337,25.7223],[79.2896,25.7284],[79.268,25.7505],[79.2455,25.7834],[79.2456,25.8294]]]}},{"type":"Feature","properties":{"id":"central-india-agency--orchha","name":"Orchha","division":"Central India Agency","type":"Princely states"},"geometry":{"type":"Polygon","coordinates":[[[79.1391,25.0894],[79.1312,25.0597],[79.0974,25.0499],[79.0285,25.1037],[78.9992,25.1098],[78.9389,25.0667],[78.9176,25.0762],[78.9198,25.2068],[78.9108,25.2321],[78.8755,25.2366],[78.8123,25.2293],[78.7703,25.2715],[78.7712,25.2984],[78.7998,25.3316],[78.836,25.3557],[78.9643,25.3666],[78.9905,25.3856],[79.0164,25.4511],[79.0156,25.4887],[79.0046,25.5141],[78.9272,25.4965],[78.8944,25.5188],[78.8608,25.5179],[78.8266,25.4956],[78.814,25.4726],[78.7869,25.4859],[78.774,25.5166],[78.7585,25.526],[78.7286,25.5142],[78.6852,25.4491],[78.6264,25.4613],[78.5904,25.4425],[78.5839,25.4229],[78.4491,25.3975],[78.4345,25.3675],[78.434,25.2798],[78.5053,24.9523],[78.5406,24.8817],[78.6347,24.8794],[78.659,24.8376],[78.6581,24.741],[78.6365,24.6717],[78.6412,24.6305],[78.6916,24.6149],[78.7236,24.6356],[78.7571,24.6455],[78.7997,24.6283],[78.8105,24.5958],[78.7999,24.4754],[78.8393,24.4953],[78.8838,24.5418],[78.9506,24.5938],[79.0798,24.6345],[79.1653,24.6941],[79.2076,24.7478],[79.2915,24.7955],[79.2538,24.8765],[79.2554,24.923],[79.2346,24.9641],[79.1391,25.0894]]]}},{"type":"Feature","properties":{"id":"central-india-agency--kaniadhana","name":"Kaniadhana","division":"Central India Agency","type":"Princely states"},"geometry":{"type":"Polygon","coordinates":[[[77.8369,24.8166],[77.9749,24.8559],[78.0354,24.8919],[78.042,24.9042],[78.0425,24.9252],[78.0315,24.9465],[78.0067,24.9594],[77.9705,25.0212],[77.9114,25.0157],[77.8333,24.936],[77.7862,24.8433],[77.7972,24.8192],[77.8369,24.8166]]]}},{"type":"Feature","properties":{"id":"gwalior--goona","name":"Goona","division":"Gwalior","type":"Princely districts"},"geometry":{"type":"Polygon","coordinates":[[[77.7972,24.8192],[77.6728,24.8549],[77.5909,24.8435],[77.5159,24.8634],[77.463,24.8872],[77.4198,24.9294],[77.3709,24.9976],[77.2819,25.0584],[77.2332,25.0348],[76.9959,25.0191],[76.9049,24.9658],[76.7682,24.9331],[76.7478,24.898],[76.7454,24.8761],[76.7949,24.822],[76.8183,24.7787],[76.8066,24.7626],[76.737,24.7233],[76.7272,24.6947],[76.7352,24.6707],[76.7538,24.6524],[76.9032,24.6467],[76.9405,24.6291],[76.9445,24.6128],[76.9432,24.5956],[76.9066,24.5273],[76.9019,24.492],[76.9103,24.425],[76.9046,24.3945],[76.8771,24.3719],[76.8333,24.3724],[76.791,24.4044],[76.7485,24.4241],[76.7141,24.4283],[76.6907,24.3951],[76.7266,24.3507],[76.7408,24.319],[76.7362,24.2875],[76.7137,24.2438],[76.7175,24.2113],[76.7753,24.1734],[76.7884,24.1427],[76.79,24.1092],[76.7772,24.0713],[76.9265,24.0797],[76.9842,24.0747],[77.0213,24.0542],[77.0475,24.0294],[77.0848,23.9272],[77.1477,23.8647],[77.1997,23.8268],[77.1967,23.8765],[77.2186,23.9708],[77.2237,24.1785],[77.243,24.2069],[77.273,24.2237],[77.3246,24.2272],[77.3587,24.2109],[77.4197,24.2171],[77.4559,24.2294],[77.5272,24.2813],[77.5601,24.2807],[77.7437,24.2431],[77.7881,24.2036],[77.8118,24.1416],[77.8491,24.1074],[78.0362,24.1323],[78.0712,24.2553],[78.0852,24.2693],[78.1184,24.2687],[78.1499,24.2788],[78.1584,24.3054],[78.1564,24.3807],[78.1792,24.4342],[78.161,24.4659],[78.138,24.538],[78.1224,24.6434],[78.1091,24.8454],[78.1109,24.8632],[78.1327,24.8985],[78.0422,24.9111],[78.0354,24.8919],[77.9749,24.8559],[77.8369,24.8166],[77.7972,24.8192]]]}},{"type":"Feature","properties":{"id":"gwalior--shivpuri","name":"Shivpuri","division":"Gwalior","type":"Princely districts"},"geometry":{"type":"Polygon","coordinates":[[[78.1327,24.8985],[78.2408,25.03],[78.2767,25.1461],[78.2817,25.189],[78.275,25.2333],[78.2152,25.4494],[78.2426,25.493],[78.2722,25.5162],[78.3172,25.5335],[78.2534,25.6229],[78.2042,25.6742],[78.1827,25.7183],[78.1113,25.6967],[77.9896,25.6978],[77.9484,25.7258],[77.8607,25.7312],[77.8042,25.7824],[77.79,25.7848],[77.7275,25.7509],[77.7043,25.7707],[77.6779,25.8299],[77.6625,25.8467],[77.6041,25.8641],[77.5275,25.8195],[77.4749,25.828],[77.4284,25.8231],[77.4045,25.8445],[77.3803,25.8458],[77.3172,25.8029],[77.2524,25.78],[77.2434,25.7496],[77.2588,25.672],[77.2186,25.6115],[77.2094,25.5648],[77.2138,25.5218],[77.2009,25.5076],[77.1159,25.5184],[77.0978,25.5063],[77.0941,25.4805],[77.1061,25.4421],[77.0947,25.423],[77.0574,25.4084],[77.0461,25.3943],[77.0398,25.3478],[77.044,25.3133],[77.0591,25.2835],[77.0952,25.3091],[77.1469,25.317],[77.1909,25.3116],[77.2221,25.291],[77.2735,25.231],[77.3029,25.1217],[77.3024,25.0921],[77.2819,25.0584],[77.3709,24.9976],[77.4198,24.9294],[77.463,24.8872],[77.5159,24.8634],[77.5909,24.8435],[77.6728,24.8549],[77.7972,24.8192],[77.7862,24.8433],[77.8149,24.9106],[77.9114,25.0157],[77.9705,25.0212],[78.0067,24.9594],[78.0315,24.9465],[78.0422,24.9111],[78.1327,24.8985]]]}},{"type":"Feature","properties":{"id":"gwalior--gird","name":"Gird","division":"Gwalior","type":"Princely districts"},"geometry":{"type":"MultiPolygon","coordinates":[[[[78.6934,25.7041],[78.7128,25.7179],[78.7253,25.8651],[78.7472,25.9089],[78.7706,25.9334],[78.6788,26.0107],[78.6089,25.9911],[78.5379,25.9499],[78.4949,25.888],[78.4923,25.8537],[78.5139,25.7801],[78.5338,25.7567],[78.6572,25.7107],[78.6934,25.7041]]],[[[78.2529,26.2595],[78.2149,26.3042],[78.2071,26.343],[78.0965,26.3116],[78.0672,26.2865],[78.0135,26.258],[77.8235,26.196],[77.7783,26.1653],[77.7554,26.1371],[77.7155,26.0577],[77.6812,25.9428],[77.6818,25.8749],[77.6519,25.8522],[77.6779,25.8299],[77.7119,25.7598],[77.7275,25.7509],[77.7765,25.7822],[77.8042,25.7824],[77.8607,25.7312],[77.9484,25.7258],[77.9896,25.6978],[78.1113,25.6967],[78.1827,25.7183],[78.1732,25.7565],[78.1831,25.8293],[78.365,25.9956],[78.4109,26.1019],[78.4662,26.1543],[78.441,26.2131],[78.3916,26.262],[78.3433,26.2746],[78.2854,26.2511],[78.2529,26.2595]]]]}},{"type":"Feature","properties":{"id":"gwalior--sheopur","name":"Sheopur","division":"Gwalior","type":"Princely districts"},"geometry":{"type":"Polygon","coordinates":[[[77.6041,25.8641],[77.519,25.9481],[77.5163,25.9725],[77.5624,26.0519],[77.5574,26.0763],[77.5473,26.0858],[77.5108,26.085],[77.4744,26.0527],[77.4569,26.0516],[77.4388,26.0576],[77.4292,26.09],[77.4205,26.0923],[77.2426,26.083],[77.215,26.0899],[77.1505,26.1437],[77.0998,26.112],[77.0378,26.1043],[76.9848,26.0692],[76.9475,26.0238],[76.9041,25.9872],[76.8483,25.9664],[76.7658,25.9617],[76.7435,25.9534],[76.6597,25.8583],[76.5764,25.7833],[76.5078,25.7468],[76.404,25.6632],[76.3938,25.5573],[76.4126,25.452],[76.4341,25.3992],[76.4507,25.2959],[76.464,25.2632],[76.4838,25.2506],[76.5122,25.2484],[76.6126,25.298],[76.6463,25.2976],[76.7301,25.2088],[76.7521,25.1989],[76.8856,25.2097],[77.0463,25.2745],[77.0591,25.2835],[77.044,25.3133],[77.0398,25.3478],[77.0461,25.3943],[77.0574,25.4084],[77.0947,25.423],[77.1061,25.4421],[77.0941,25.4805],[77.0978,25.5063],[77.1159,25.5184],[77.2009,25.5076],[77.2138,25.5218],[77.2094,25.5648],[77.2186,25.6115],[77.2588,25.672],[77.2434,25.7496],[77.2524,25.78],[77.3172,25.8029],[77.3803,25.8458],[77.4045,25.8445],[77.4284,25.8231],[77.4749,25.828],[77.5275,25.8195],[77.6041,25.8641]]]}},{"type":"Feature","properties":{"id":"rajputana-agency--bundi","name":"Bundi","division":"Rajputana Agency","type":"Princely states"},"geometry":{"type":"Polygon","coordinates":[[[76.404,25.6632],[76.3532,25.6479],[76.2078,25.6593],[76.1224,25.6528],[76.0655,25.6647],[76.0451,25.6763],[76.0185,25.7166],[75.9286,25.7559],[75.8258,25.7565],[75.7971,25.7381],[75.702,25.7027],[75.6497,25.7001],[75.5992,25.7175],[75.5881,25.7032],[75.5877,25.6229],[75.5663,25.5848],[75.5284,25.5849],[75.4842,25.5985],[75.3916,25.6676],[75.3592,25.6424],[75.3196,25.6269],[75.3509,25.5834],[75.3595,25.5368],[75.3459,25.4924],[75.3521,25.44],[75.3236,25.3964],[75.325,25.3576],[75.3384,25.3225],[75.3792,25.278],[75.3712,25.2256],[75.4119,25.1338],[75.4177,25.0105],[75.4695,24.968],[75.5001,24.9557],[75.5512,24.9548],[75.5946,24.9748],[75.7638,25.1259],[75.9946,25.1425],[76.0168,25.1595],[76.0772,25.3068],[76.1178,25.3516],[76.1686,25.3828],[76.2243,25.4339],[76.2675,25.4866],[76.2937,25.5],[76.4056,25.5016],[76.3938,25.5573],[76.404,25.6632]]]}},{"type":"Feature","properties":{"id":"rajputana-agency--tonk","name":"Tonk","division":"Rajputana Agency","type":"Princely states"},"geometry":{"type":"MultiPolygon","coordinates":[[[[77.7881,24.2036],[77.7437,24.2431],[77.7049,24.2553],[77.5272,24.2813],[77.4559,24.2294],[77.4197,24.2171],[77.3587,24.2109],[77.3246,24.2272],[77.2996,24.2276],[77.273,24.2237],[77.243,24.2069],[77.2237,24.1785],[77.2186,23.9708],[77.1967,23.8765],[77.2013,23.8279],[77.3444,23.8557],[77.4703,23.9197],[77.502,23.9464],[77.565,23.9797],[77.6246,23.9988],[77.7789,23.9918],[77.845,24.0178],[77.8703,24.0345],[77.8695,24.0689],[77.8592,24.0977],[77.8118,24.1416],[77.7881,24.2036]]],[[[74.6473,24.4973],[74.6754,24.5619],[74.702,24.5673],[74.687,24.5929],[74.5001,24.6115],[74.4897,24.6007],[74.486,24.5433],[74.4534,24.5277],[74.3855,24.5251],[74.286,24.57],[74.2717,24.5652],[74.2536,24.5268],[74.2655,24.5054],[74.3009,24.4745],[74.3317,24.3325],[74.3422,24.3122],[74.3618,24.3051],[74.3956,24.3184],[74.4436,24.3783],[74.5168,24.3475],[74.5479,24.3894],[74.5675,24.3954],[74.6054,24.3776],[74.6209,24.4111],[74.6475,24.4209],[74.6473,24.4973]]],[[[76.7129,24.6661],[76.6498,24.6883],[76.6279,24.713],[76.5474,24.7581],[76.5042,24.7603],[76.4956,24.7532],[76.4976,24.6977],[76.5085,24.679],[76.528,24.6675],[76.5924,24.5444],[76.6393,24.4871],[76.6622,24.4415],[76.7024,24.4178],[76.7141,24.4283],[76.7485,24.4241],[76.791,24.4044],[76.8333,24.3724],[76.8771,24.3719],[76.9046,24.3945],[76.9103,24.425],[76.9019,24.492],[76.9066,24.5273],[76.9432,24.5956],[76.9405,24.6291],[76.9032,24.6467],[76.8604,24.653],[76.7986,24.6471],[76.7538,24.6524],[76.7374,24.6686],[76.7129,24.6661]]],[[[76.2209,25.7028],[76.2423,25.7313],[76.2875,25.7643],[76.3051,25.8],[76.3084,25.8633],[76.3302,25.9264],[76.3305,25.9515],[76.3188,25.9719],[76.2926,25.99],[76.2635,25.9843],[76.2328,25.9523],[76.1135,25.9163],[76.0559,25.8212],[76.0126,25.7767],[76.0004,25.7268],[76.0185,25.7166],[76.0451,25.6763],[76.0655,25.6647],[76.1224,25.6528],[76.2116,25.6591],[76.2209,25.7028]]],[[[75.8186,26.2479],[75.7887,26.3257],[75.7544,26.3498],[75.7411,26.3475],[75.6999,26.3262],[75.6731,26.2797],[75.5969,26.2337],[75.5932,26.1965],[75.5983,26.1594],[75.6498,26.1353],[75.6718,26.0528],[75.6862,26.0252],[75.8371,25.8692],[75.8597,25.8846],[75.8627,25.9347],[75.9183,25.9571],[75.9451,25.9963],[75.952,26.0297],[75.9788,26.0737],[76.0134,26.0974],[76.0244,26.1499],[75.9801,26.2386],[75.8608,26.2214],[75.8186,26.2479]]]]}},{"type":"Feature","properties":{"id":"rajputana-agency--kotah","name":"Kotah","division":"Rajputana Agency","type":"Princely states"},"geometry":{"type":"Polygon","coordinates":[[[76.1628,24.162],[76.1813,24.1495],[76.2561,24.1336],[76.3657,24.1518],[76.4879,24.1841],[76.5806,24.1784],[76.6301,24.1454],[76.6924,24.0501],[76.7182,24.0364],[76.7505,24.038],[76.7716,24.0559],[76.79,24.1092],[76.7884,24.1427],[76.7753,24.1734],[76.7175,24.2113],[76.7137,24.2438],[76.7362,24.2875],[76.7408,24.319],[76.7266,24.3507],[76.6907,24.3951],[76.7024,24.4178],[76.6622,24.4415],[76.6393,24.4871],[76.5924,24.5444],[76.528,24.6675],[76.5085,24.679],[76.4976,24.6977],[76.4942,24.7389],[76.5042,24.7603],[76.5474,24.7581],[76.6279,24.713],[76.6498,24.6883],[76.7129,24.6661],[76.7374,24.6686],[76.7272,24.6947],[76.737,24.7233],[76.8066,24.7626],[76.8183,24.7787],[76.7949,24.822],[76.7454,24.8761],[76.7478,24.898],[76.7682,24.9331],[76.7972,24.9408],[76.7855,25.0294],[76.7573,25.1119],[76.7138,25.1545],[76.7181,25.2209],[76.6463,25.2976],[76.6126,25.298],[76.5122,25.2484],[76.4838,25.2506],[76.464,25.2632],[76.4507,25.2959],[76.4341,25.3992],[76.4126,25.452],[76.4056,25.5016],[76.2937,25.5],[76.2675,25.4866],[76.2243,25.4339],[76.1686,25.3828],[76.1178,25.3516],[76.0772,25.3068],[76.0168,25.1595],[75.9946,25.1425],[75.7638,25.1259],[75.6236,24.999],[75.6498,24.9697],[75.6622,24.9417],[75.6775,24.8563],[75.7667,24.8],[75.7799,24.7748],[75.7872,24.6866],[75.7024,24.5315],[75.7301,24.5014],[75.8448,24.5049],[75.8823,24.4918],[75.9369,24.4578],[75.9854,24.446],[76.0916,24.5055],[76.1409,24.5058],[76.1846,24.4869],[76.2032,24.4638],[76.227,24.4141],[76.2359,24.3589],[76.2352,24.2951],[76.2223,24.2522],[76.1628,24.162]]]}},{"type":"Feature","properties":{"id":"rajputana-agency--jhalawar","name":"Jhalawar","division":"Rajputana Agency","type":"Princely states"},"geometry":{"type":"MultiPolygon","coordinates":[[[[76.227,24.4141],[76.1846,24.4869],[76.1409,24.5058],[76.0916,24.5055],[75.9854,24.446],[75.9369,24.4578],[75.8823,24.4918],[75.8448,24.5049],[75.7301,24.5014],[75.7559,24.4428],[75.7711,24.3768],[75.7585,24.351],[75.6498,24.3171],[75.6246,24.2857],[75.6255,24.257],[75.6606,24.19],[75.6831,24.1077],[75.6432,24.0447],[75.6378,24.0123],[75.648,23.9635],[75.6446,23.9166],[75.6269,23.8986],[75.4324,23.8742],[75.4417,23.8619],[75.4632,23.7663],[75.4942,23.726],[75.5782,23.6961],[75.6085,23.6992],[75.6178,23.7294],[75.6543,23.7531],[75.7272,23.7939],[75.8156,23.804],[75.8365,23.8268],[75.8598,23.8859],[75.8772,23.9996],[75.8274,24.0295],[75.784,24.0775],[75.7779,24.1072],[75.7814,24.1722],[75.7857,24.1932],[75.8373,24.2674],[75.8971,24.3264],[75.961,24.3632],[76.01,24.3572],[76.0599,24.331],[76.0969,24.2744],[76.1153,24.2274],[76.1628,24.162],[76.2223,24.2522],[76.2352,24.2951],[76.2359,24.3589],[76.227,24.4141]]],[[[77.2735,25.231],[77.2221,25.291],[77.1909,25.3116],[77.1469,25.317],[77.0952,25.3091],[77.0463,25.2745],[76.8856,25.2097],[76.7521,25.1989],[76.7181,25.2209],[76.7138,25.1545],[76.7573,25.1119],[76.7855,25.0294],[76.7972,24.9408],[76.9049,24.9658],[76.9959,25.0191],[77.2332,25.0348],[77.2616,25.044],[77.284,25.0599],[77.3024,25.0921],[77.3013,25.1456],[77.2735,25.231]]]]}},{"type":"Feature","properties":{"id":"central-india-agency--rajgarh","name":"Rajgarh","division":"Central India Agency","type":"Princely states"},"geometry":{"type":"Polygon","coordinates":[[[76.7772,24.0713],[76.7716,24.0559],[76.7505,24.038],[76.7182,24.0364],[76.6924,24.0501],[76.669,24.083],[76.6591,24.0636],[76.6543,24.0158],[76.6331,23.9807],[76.5902,23.9601],[76.567,23.9374],[76.5574,23.9156],[76.5528,23.8755],[76.5586,23.8458],[76.646,23.8496],[76.7007,23.8223],[76.7109,23.8059],[76.7083,23.7696],[76.6371,23.7245],[76.6587,23.7033],[76.6677,23.6793],[76.6436,23.6251],[76.6638,23.6148],[76.7002,23.5456],[76.7218,23.5311],[76.7343,23.5324],[76.7844,23.5652],[76.7772,23.6021],[76.7808,23.6436],[76.8099,23.7193],[76.8377,23.7376],[76.8679,23.7449],[76.94,23.7115],[76.9876,23.7023],[77.0267,23.6779],[77.0308,23.6071],[77.0637,23.55],[77.0928,23.6157],[77.1111,23.6871],[77.1362,23.7259],[77.0763,23.7547],[77.0585,23.7788],[77.0437,23.8244],[77.0156,23.8547],[77.0295,23.9166],[77.0698,23.9663],[77.0475,24.0294],[76.9842,24.0747],[76.9265,24.0797],[76.7772,24.0713]]]}},{"type":"Feature","properties":{"id":"central-india-agency--narsinghgarh","name":"Narsinghgarh","division":"Central India Agency","type":"Princely states"},"geometry":{"type":"MultiPolygon","coordinates":[[[[77.0308,23.6071],[77.0267,23.6779],[76.9876,23.7023],[76.94,23.7115],[76.8679,23.7449],[76.8377,23.7376],[76.8099,23.7193],[76.7808,23.6436],[76.7772,23.6021],[76.7844,23.5652],[76.7923,23.569],[76.834,23.547],[76.8769,23.5078],[76.9065,23.5074],[76.9599,23.5469],[76.9786,23.5495],[77.0035,23.5506],[77.0495,23.5213],[77.0637,23.55],[77.0308,23.6071]]],[[[76.4596,23.8123],[76.3476,23.8617],[76.2316,23.8024],[76.2528,23.7535],[76.2521,23.6832],[76.2612,23.6516],[76.2763,23.6128],[76.3056,23.5824],[76.3709,23.5761],[76.6157,23.6254],[76.6436,23.6251],[76.6677,23.6793],[76.6587,23.7033],[76.6371,23.7245],[76.7083,23.7696],[76.7109,23.8059],[76.7007,23.8223],[76.646,23.8496],[76.594,23.8483],[76.5585,23.8463],[76.4876,23.8073],[76.4596,23.8123]]],[[[77.1362,23.7259],[77.1997,23.8268],[77.1477,23.8647],[77.0848,23.9272],[77.0698,23.9663],[77.0295,23.9166],[77.0156,23.8547],[77.0437,23.8244],[77.0585,23.7788],[77.0763,23.7547],[77.1362,23.7259]]]]}},{"type":"Feature","properties":{"id":"central-india-agency--khilchipur","name":"Khilchipur","division":"Central India Agency","type":"Princely states"},"geometry":{"type":"Polygon","coordinates":[[[76.669,24.083],[76.6301,24.1454],[76.5806,24.1784],[76.4879,24.1841],[76.3524,24.1496],[76.3693,24.1142],[76.3641,24.0187],[76.3782,23.9803],[76.3776,23.924],[76.3476,23.8617],[76.4596,23.8123],[76.4876,23.8073],[76.5585,23.8463],[76.553,23.8955],[76.567,23.9374],[76.5902,23.9601],[76.6331,23.9807],[76.6543,24.0158],[76.6591,24.0636],[76.669,24.083]]]}},{"type":"Feature","properties":{"id":"gwalior--shajapur","name":"Shajapur","division":"Gwalior","type":"Princely districts"},"geometry":{"type":"Polygon","coordinates":[[[76.2316,23.8024],[76.1298,23.9437],[76.1257,24.0082],[76.1059,24.0686],[76.033,24.1293],[76.0272,24.1867],[75.9947,24.2242],[75.9572,24.223],[75.9368,24.2073],[75.9121,24.0311],[75.8746,24.0017],[75.877,23.9766],[75.8598,23.8859],[75.8365,23.8268],[75.8156,23.804],[75.7272,23.7939],[75.6178,23.7294],[75.6053,23.7055],[75.6588,23.6221],[75.7623,23.5767],[75.8209,23.4885],[75.8353,23.4798],[75.9815,23.4885],[76.0188,23.4826],[76.088,23.4505],[76.1167,23.415],[76.1471,23.345],[76.1436,23.2943],[76.134,23.2804],[76.1691,23.2758],[76.2126,23.2848],[76.2874,23.3122],[76.3402,23.3153],[76.42,23.3032],[76.4509,23.2893],[76.4747,23.2654],[76.4946,23.1734],[76.5562,23.1045],[76.7565,23.0822],[76.7947,23.0828],[76.8156,23.0978],[76.8421,23.1491],[76.8758,23.2701],[76.9369,23.342],[76.9965,23.3861],[77.0381,23.462],[77.0495,23.5213],[77.0035,23.5506],[76.9786,23.5495],[76.9599,23.5469],[76.9065,23.5074],[76.8769,23.5078],[76.834,23.547],[76.7923,23.569],[76.7218,23.5311],[76.7002,23.5456],[76.6638,23.6148],[76.6468,23.625],[76.6157,23.6254],[76.3709,23.5761],[76.3056,23.5824],[76.2763,23.6128],[76.2612,23.6516],[76.2521,23.6832],[76.2528,23.7535],[76.2316,23.8024]]]}},{"type":"Feature","properties":{"id":"central-india-agency--mehidpur-indore","name":"Mehidpur (Indore)","division":"Central India Agency","type":"Princely states"},"geometry":{"type":"Polygon","coordinates":[[[76.0527,23.1174],[76.0379,23.146],[76.0456,23.2013],[76.0561,23.2213],[76.107,23.2516],[76.1436,23.2943],[76.1471,23.345],[76.1013,23.438],[76.0188,23.4826],[75.9815,23.4885],[75.8353,23.4798],[75.8209,23.4885],[75.7623,23.5767],[75.6588,23.6221],[75.6085,23.6992],[75.5783,23.6961],[75.5891,23.6176],[75.5799,23.5937],[75.5526,23.5831],[75.5589,23.5436],[75.4967,23.5319],[75.4798,23.5152],[75.4788,23.4489],[75.498,23.4441],[75.5862,23.3634],[75.659,23.3216],[75.6947,23.3171],[75.7631,23.3283],[75.8129,23.3481],[75.8704,23.3578],[75.8999,23.3462],[75.9198,23.3045],[75.9375,23.1796],[75.9371,23.1119],[76.0527,23.1174]]]}},{"type":"Feature","properties":{"id":"central-india-agency--dewas","name":"Dewas","division":"Central India Agency","type":"Princely states"},"geometry":{"type":"MultiPolygon","coordinates":[[[[75.8173,22.2341],[75.8547,22.259],[75.869,22.29],[75.8678,22.3091],[75.8487,22.332],[75.7757,22.3622],[75.7177,22.3338],[75.7086,22.3111],[75.7148,22.2705],[75.7981,22.2366],[75.8173,22.2341]]],[[[75.652,22.3146],[75.6513,22.3411],[75.6354,22.3685],[75.606,22.37],[75.5758,22.3558],[75.5849,22.3249],[75.6411,22.3046],[75.652,22.3146]]],[[[76.1698,22.6643],[76.1411,22.7543],[76.1266,22.9972],[76.1065,23.0604],[76.0527,23.1174],[75.9371,23.1119],[75.9348,23.0162],[75.9079,22.975],[75.9538,22.8608],[76.0023,22.7876],[76.0096,22.7314],[76.0479,22.6821],[76.0684,22.6676],[76.1698,22.6643]]],[[[75.2742,23.7571],[75.2212,23.7716],[75.1889,23.6952],[75.2079,23.6504],[75.3039,23.6805],[75.33,23.7127],[75.3285,23.7548],[75.2742,23.7571]]],[[[75.5783,23.6961],[75.4942,23.726],[75.4632,23.7663],[75.4507,23.8078],[75.4161,23.7859],[75.3857,23.6792],[75.3777,23.6051],[75.3944,23.5572],[75.4035,23.4678],[75.4788,23.4489],[75.4798,23.5152],[75.4967,23.5319],[75.5589,23.5436],[75.5526,23.5831],[75.5799,23.5937],[75.5891,23.6176],[75.5783,23.6961]]]]}},{"type":"Feature","properties":{"id":"gwalior--ujjain","name":"Ujjain","division":"Gwalior","type":"Princely districts"},"geometry":{"type":"MultiPolygon","coordinates":[[[[76.4509,23.2893],[76.42,23.3032],[76.3402,23.3153],[76.2874,23.3122],[76.1691,23.2758],[76.134,23.2804],[76.107,23.2516],[76.0561,23.2213],[76.0413,23.1784],[76.0379,23.146],[76.0481,23.121],[76.1065,23.0604],[76.1197,23.0316],[76.1305,22.9618],[76.1411,22.7543],[76.1641,22.6709],[76.2049,22.6228],[76.2468,22.5881],[76.3196,22.555],[76.3968,22.5544],[76.4464,22.5778],[76.4869,22.6128],[76.5111,22.6547],[76.516,22.7253],[76.487,22.8078],[76.4222,22.926],[76.4064,22.9969],[76.4161,23.0369],[76.4487,23.0863],[76.5233,23.1076],[76.5562,23.1045],[76.4946,23.1734],[76.4747,23.2654],[76.4509,23.2893]]],[[[75.498,23.4441],[75.394,23.4702],[75.2991,23.4704],[75.2649,23.4604],[75.2509,23.4446],[75.24,23.4031],[75.2166,23.3916],[75.1514,23.3917],[75.1358,23.376],[75.1302,23.3282],[75.1419,23.2139],[75.1667,23.1938],[75.2287,23.1837],[75.2659,23.1621],[75.2658,23.142],[75.2363,23.1005],[75.2378,23.0776],[75.2795,23.0058],[75.2871,22.9355],[75.3133,22.8939],[75.3287,22.825],[75.3425,22.8063],[75.3812,22.7962],[75.4293,22.8434],[75.4309,22.8836],[75.4512,22.9237],[75.5336,23.0137],[75.5431,23.0696],[75.5603,23.0997],[75.5898,23.1053],[75.6176,23.0894],[75.6372,22.9746],[75.6619,22.9588],[75.6867,22.9544],[75.7828,22.9697],[75.8183,22.9609],[75.8353,22.9465],[75.8647,22.9492],[75.9035,22.969],[75.9348,23.0162],[75.9375,23.1796],[75.9198,23.3045],[75.8999,23.3462],[75.8704,23.3578],[75.8129,23.3481],[75.7631,23.3283],[75.6947,23.3171],[75.659,23.3216],[75.5862,23.3634],[75.498,23.4441]]]]}},{"type":"Feature","properties":{"id":"central-india-agency--indore","name":"Indore","division":"Central India Agency","type":"Princely states"},"geometry":{"type":"MultiPolygon","coordinates":[[[[75.3434,22.3185],[75.3293,22.3376],[75.2818,22.3484],[75.1458,22.3486],[75.1397,22.3202],[75.1134,22.3145],[75.0503,22.3231],[75.0009,22.3131],[74.984,22.2973],[74.9705,22.2575],[75.032,22.1906],[75.0633,22.2029],[75.1557,22.1813],[75.2049,22.1509],[75.3212,22.1846],[75.3495,22.2097],[75.3612,22.261],[75.3434,22.3185]]],[[[75.6619,22.9588],[75.6372,22.9746],[75.6176,23.0894],[75.5898,23.1053],[75.5603,23.0997],[75.5431,23.0696],[75.5336,23.0137],[75.4512,22.9237],[75.4309,22.8836],[75.4293,22.8434],[75.3969,22.8094],[75.4132,22.746],[75.467,22.6657],[75.4745,22.6214],[75.5763,22.6307],[75.6291,22.6186],[75.6624,22.6017],[75.6649,22.5706],[75.5344,22.4492],[75.4868,22.4245],[75.5017,22.2701],[75.4744,22.1925],[75.4626,22.1172],[75.4715,22.0969],[75.5587,22.028],[75.5638,22.0108],[75.5597,22.0012],[75.5083,21.9861],[75.4888,21.9661],[75.4314,21.9729],[75.4191,21.9643],[75.4118,21.9328],[75.3933,21.9223],[75.3667,21.9243],[75.3443,21.9855],[75.2829,22.0411],[75.2398,22.046],[75.2152,22.0317],[75.2039,21.9858],[75.212,21.959],[75.2386,21.9389],[75.2458,21.9178],[75.257,21.87],[75.2487,21.8289],[75.2179,21.806],[75.1647,21.8089],[75.1073,21.7774],[75.0449,21.7813],[75.0152,21.7296],[75.008,21.6646],[74.9641,21.5824],[74.9495,21.5324],[75.0231,21.537],[75.0399,21.5298],[75.0399,21.4351],[75.0614,21.405],[75.0843,21.3935],[75.1088,21.3949],[75.1395,21.4093],[75.1624,21.4078],[75.1931,21.392],[75.2435,21.3475],[75.2757,21.346],[75.3967,21.3744],[75.4288,21.3686],[75.4869,21.3355],[75.5618,21.308],[75.6553,21.3421],[75.8406,21.3369],[75.9479,21.3708],[76.011,21.4192],[76.0183,21.4638],[75.9967,21.4648],[75.946,21.5248],[75.9412,21.5631],[75.9504,21.6085],[75.9749,21.6346],[76.0951,21.6434],[76.1131,21.6589],[76.12,21.7245],[76.1023,21.7498],[76.0129,21.779],[75.9863,21.809],[75.975,21.845],[75.9816,21.8724],[76.081,21.9829],[76.1622,22.0409],[76.1714,22.0612],[76.1728,22.0863],[76.1488,22.1259],[76.1129,22.1261],[76.0587,22.0847],[76.0292,22.0848],[76.0127,22.1077],[76.0195,22.159],[76.015,22.2546],[76.0268,22.2761],[76.0733,22.3116],[76.1396,22.3235],[76.1038,22.4296],[76.0872,22.4476],[76.0372,22.4623],[76.0156,22.4971],[76.017,22.5114],[76.0506,22.5363],[76.1087,22.5527],[76.1229,22.5657],[76.1415,22.6349],[76.1747,22.6584],[76.1698,22.6643],[76.0684,22.6676],[76.0479,22.6821],[76.0096,22.7314],[76.0023,22.7876],[75.9538,22.8608],[75.9079,22.975],[75.8647,22.9492],[75.8353,22.9465],[75.8183,22.9609],[75.7828,22.9697],[75.6867,22.9544],[75.6619,22.9588]],[[75.6411,22.3046],[75.5849,22.3249],[75.5758,22.3558],[75.606,22.37],[75.6354,22.3685],[75.6513,22.3411],[75.652,22.3146],[75.6411,22.3046]],[[75.7086,22.3111],[75.7177,22.3338],[75.7757,22.3622],[75.8487,22.332],[75.8678,22.3091],[75.869,22.29],[75.8547,22.259],[75.8392,22.246],[75.8173,22.2341],[75.7981,22.2366],[75.7148,22.2705],[75.7086,22.3111]],[[75.8619,21.9571],[75.7571,22.015],[75.7278,22.0486],[75.7331,22.0749],[75.7588,22.1065],[75.8231,22.1139],[75.8948,22.0944],[75.9674,22.0259],[75.9632,21.9829],[75.9502,21.9507],[75.8619,21.9571]]],[[[76.1153,24.2274],[76.0969,24.2744],[76.0599,24.331],[76.01,24.3572],[75.961,24.3632],[75.8971,24.3264],[75.8373,24.2674],[75.7857,24.1932],[75.7779,24.1072],[75.784,24.0775],[75.8274,24.0295],[75.8746,24.0017],[75.9121,24.0311],[75.9368,24.2073],[75.9572,24.223],[75.9947,24.2242],[76.0272,24.1867],[76.033,24.1293],[76.1059,24.0686],[76.1257,24.0082],[76.1298,23.9437],[76.2316,23.8024],[76.3437,23.8554],[76.3563,23.8754],[76.3776,23.924],[76.3782,23.9803],[76.3641,24.0187],[76.3693,24.1142],[76.3524,24.1496],[76.2561,24.1336],[76.1813,24.1495],[76.1585,24.165],[76.1153,24.2274]]]]}},{"type":"Feature","properties":{"id":"central-india-agency--nemawar-indore","name":"Nemawar (Indore)","division":"Central India Agency","type":"Princely states"},"geometry":{"type":"Polygon","coordinates":[[[76.9413,22.595],[76.9176,22.7819],[76.9013,22.7974],[76.8234,22.8279],[76.7851,22.8207],[76.7187,22.7832],[76.6898,22.7788],[76.5534,22.8017],[76.4977,22.7773],[76.516,22.7253],[76.5111,22.6547],[76.4869,22.6128],[76.446,22.5776],[76.4309,22.4323],[76.5047,22.4217],[76.6267,22.3082],[76.6549,22.3019],[76.6833,22.3136],[76.706,22.3886],[76.7483,22.4814],[76.782,22.5013],[76.858,22.5136],[76.8891,22.5312],[76.9073,22.5477],[76.9154,22.5762],[76.9324,22.5951],[76.9413,22.595]]]}},{"type":"Feature","properties":{"id":"central-province-and-berar--hoshangabad","name":"Hoshangabad","division":"Central Province and Berar","type":"British districts"},"geometry":{"type":"Polygon","coordinates":[[[78.2872,22.2477],[78.351,22.2772],[78.3974,22.2877],[78.4974,22.2863],[78.5451,22.3168],[78.5538,22.4154],[78.5954,22.4746],[78.6946,22.4967],[78.73,22.4945],[78.7494,22.4711],[78.7903,22.4472],[78.8444,22.4524],[78.891,22.4384],[78.9724,22.43],[78.998,22.4386],[79.0163,22.4589],[79.0882,22.5724],[79.1372,22.5869],[79.1833,22.5842],[79.2924,22.5971],[79.3765,22.7208],[79.3993,22.8053],[79.4148,22.8335],[79.4277,22.8489],[79.5315,22.906],[79.5169,23.0467],[79.4381,23.0496],[79.4291,23.0578],[79.4153,23.1082],[79.3988,23.1237],[79.3745,23.1394],[79.3091,23.152],[79.2723,23.1845],[79.1791,23.2256],[79.1286,23.2219],[79.072,23.1919],[79.0455,23.1869],[78.8841,23.201],[78.6847,23.1893],[78.6368,23.1771],[78.6768,23.1434],[78.6879,23.1265],[78.6886,23.1038],[78.6294,23.061],[78.5796,23.0311],[78.5316,23.0191],[78.4503,23.0173],[78.3674,23.0024],[78.1965,22.8627],[78.1353,22.834],[77.9968,22.8642],[77.9477,22.8543],[77.8745,22.8043],[77.8538,22.8023],[77.8193,22.8161],[77.7915,22.8428],[77.7531,22.8518],[77.7144,22.8489],[77.6727,22.8246],[77.6462,22.7904],[77.5813,22.7604],[77.4908,22.6734],[77.3658,22.6598],[77.3282,22.6425],[77.259,22.5849],[77.2114,22.582],[77.1589,22.5958],[77.1241,22.5927],[77.0348,22.5557],[76.9697,22.5947],[76.9324,22.5951],[76.9154,22.5762],[76.9073,22.5477],[76.8891,22.5312],[76.858,22.5136],[76.782,22.5013],[76.7483,22.4814],[76.706,22.3886],[76.6843,22.3169],[76.729,22.2798],[76.8074,22.1881],[76.8208,22.133],[76.8619,22.037],[76.9125,21.9862],[76.9983,21.9732],[77.0326,22.0552],[77.0156,22.1223],[77.0236,22.1402],[77.043,22.1543],[77.0764,22.1598],[77.1337,22.1502],[77.1565,22.1633],[77.2099,22.1655],[77.2241,22.1538],[77.2419,22.1163],[77.2475,22.077],[77.2419,22.0494],[77.2364,22.0237],[77.2081,21.9839],[77.1698,21.9615],[77.1619,21.9389],[77.1769,21.9387],[77.2619,21.8971],[77.2888,21.9195],[77.3274,21.9318],[77.5106,21.9126],[77.5322,21.918],[77.5444,21.9566],[77.5376,22.0032],[77.4812,22.0779],[77.4694,22.1483],[77.4306,22.174],[77.425,22.2035],[77.4367,22.2126],[77.476,22.2156],[77.5111,22.2],[77.5833,22.2361],[77.6449,22.2373],[77.7116,22.224],[77.8333,22.2642],[77.9021,22.2458],[77.9644,22.2769],[78.0091,22.2818],[78.1532,22.2747],[78.2237,22.2977],[78.2872,22.2477]]]}},{"type":"Feature","properties":{"id":"central-india-agency--bhopal","name":"Bhopal","division":"Central India Agency","type":"Princely states"},"geometry":{"type":"Polygon","coordinates":[[[77.2015,23.8255],[77.1927,23.8221],[77.1829,23.795],[77.1111,23.6871],[77.0928,23.6157],[77.0526,23.5316],[77.0381,23.462],[76.9965,23.3861],[76.9369,23.342],[76.8758,23.2701],[76.8421,23.1491],[76.8156,23.0978],[76.7947,23.0828],[76.7565,23.0822],[76.5233,23.1076],[76.4487,23.0863],[76.434,23.0645],[76.4161,23.0369],[76.4064,22.9969],[76.4222,22.926],[76.4977,22.7773],[76.5534,22.8017],[76.664,22.78],[76.7187,22.7832],[76.7851,22.8207],[76.8234,22.8279],[76.9013,22.7974],[76.9176,22.7819],[76.9413,22.595],[76.9697,22.5947],[77.0348,22.5557],[77.1241,22.5927],[77.1589,22.5958],[77.2114,22.582],[77.259,22.5849],[77.3282,22.6425],[77.3658,22.6598],[77.4908,22.6734],[77.5813,22.7604],[77.6462,22.7904],[77.6727,22.8246],[77.7144,22.8489],[77.7531,22.8518],[77.7915,22.8428],[77.8193,22.8161],[77.8538,22.8023],[77.8745,22.8043],[77.9477,22.8543],[77.9968,22.8642],[78.1353,22.834],[78.1965,22.8627],[78.3674,23.0024],[78.4503,23.0173],[78.5316,23.0191],[78.5796,23.0311],[78.6886,23.1038],[78.6879,23.1265],[78.6768,23.1434],[78.6451,23.1657],[78.624,23.1948],[78.6058,23.2871],[78.5847,23.3198],[78.5328,23.3126],[78.481,23.3556],[78.4725,23.3796],[78.4718,23.4011],[78.5291,23.4142],[78.5359,23.4271],[78.5298,23.4905],[78.5956,23.5206],[78.6098,23.5436],[78.6067,23.5705],[78.5162,23.5994],[78.475,23.5842],[78.4571,23.5685],[78.4024,23.5554],[78.354,23.5601],[78.3311,23.5767],[78.3068,23.6166],[78.3046,23.6829],[78.2856,23.7012],[78.2312,23.7005],[78.2109,23.7167],[78.0744,23.584],[77.9612,23.5933],[77.9527,23.5634],[77.9654,23.5044],[77.9586,23.4802],[77.9366,23.4677],[77.8728,23.4632],[77.8663,23.449],[77.8743,23.3872],[77.8491,23.369],[77.8118,23.3668],[77.7539,23.4195],[77.721,23.4831],[77.6871,23.4951],[77.6218,23.4905],[77.501,23.5126],[77.4536,23.4689],[77.4207,23.4565],[77.3898,23.467],[77.3612,23.5176],[77.3586,23.5463],[77.3638,23.5749],[77.3861,23.6075],[77.4043,23.666],[77.3972,23.7034],[77.3358,23.7473],[77.2601,23.7828],[77.2015,23.8255]]]}},{"type":"Feature","properties":{"id":"gwalior--bhilsa","name":"Bhilsa","division":"Gwalior","type":"Princely districts"},"geometry":{"type":"Polygon","coordinates":[[[78.037,24.0465],[78.0224,24.0897],[78.0362,24.1323],[77.8491,24.1074],[77.8592,24.0977],[77.8721,24.0459],[77.8703,24.0345],[77.845,24.0178],[77.7789,23.9918],[77.6246,23.9988],[77.565,23.9797],[77.502,23.9464],[77.4703,23.9197],[77.3444,23.8557],[77.1997,23.8268],[77.2601,23.7828],[77.3358,23.7473],[77.3972,23.7034],[77.4043,23.666],[77.3861,23.6075],[77.3638,23.5749],[77.3586,23.5463],[77.3612,23.5176],[77.3898,23.467],[77.4207,23.4565],[77.4536,23.4689],[77.501,23.5126],[77.6218,23.4905],[77.6871,23.4951],[77.721,23.4831],[77.7539,23.4195],[77.8118,23.3668],[77.8491,23.369],[77.8743,23.3872],[77.8663,23.449],[77.8728,23.4632],[77.9366,23.4677],[77.9586,23.4802],[77.9654,23.5044],[77.9527,23.5634],[77.9612,23.5933],[78.0744,23.584],[78.2109,23.7167],[78.1873,23.7355],[78.1949,23.8087],[78.2114,23.846],[78.2451,23.8721],[78.2613,23.8968],[78.2621,23.9255],[78.2257,23.9531],[78.1929,23.9663],[78.178,23.9935],[78.1748,24.0222],[78.144,24.0354],[78.037,24.0465]]]}},{"type":"Feature","properties":{"id":"central-province-and-berar--saugor","name":"Saugor","division":"Central Province and Berar","type":"British districts"},"geometry":{"type":"Polygon","coordinates":[[[79.8306,23.8309],[79.8079,23.8348],[79.7941,23.8471],[79.7401,23.9721],[79.6828,24.0654],[79.6701,24.1016],[79.6716,24.143],[79.7172,24.2374],[79.7347,24.3327],[79.7311,24.403],[79.7224,24.4204],[79.6871,24.4372],[79.6269,24.4162],[79.5578,24.4054],[79.4676,24.4167],[79.3968,24.403],[79.3505,24.33],[79.3215,24.2592],[79.3254,24.1876],[79.3034,24.1367],[79.2488,24.0895],[79.1752,24.0801],[79.0725,24.0872],[79.0421,24.1109],[79.0196,24.1401],[79.0126,24.1647],[79.0228,24.193],[79.0677,24.229],[79.0824,24.2515],[79.0847,24.3216],[79.1258,24.3863],[79.1268,24.4149],[79.1073,24.4398],[79.0559,24.4484],[78.9988,24.4227],[78.962,24.395],[78.914,24.3075],[78.8889,24.2008],[78.8743,24.184],[78.8243,24.1824],[78.7728,24.1837],[78.7155,24.1965],[78.6715,24.2434],[78.6343,24.25],[78.6081,24.265],[78.5978,24.2853],[78.5428,24.3324],[78.441,24.3247],[78.3977,24.3414],[78.3365,24.3901],[78.3009,24.4066],[78.2105,24.4186],[78.1792,24.4342],[78.1564,24.3807],[78.1584,24.3054],[78.1499,24.2788],[78.1184,24.2687],[78.0852,24.2693],[78.0712,24.2553],[78.0473,24.1537],[78.0224,24.0897],[78.037,24.0465],[78.144,24.0354],[78.1748,24.0222],[78.178,23.9935],[78.1929,23.9663],[78.2257,23.9531],[78.2621,23.9255],[78.2613,23.8968],[78.2451,23.8721],[78.2114,23.846],[78.1949,23.8087],[78.1873,23.7355],[78.2312,23.7005],[78.2856,23.7012],[78.3046,23.6829],[78.3068,23.6166],[78.3311,23.5767],[78.354,23.5601],[78.4024,23.5554],[78.4571,23.5685],[78.475,23.5842],[78.5162,23.5994],[78.6067,23.5705],[78.6098,23.5436],[78.5956,23.5206],[78.5298,23.4905],[78.5359,23.4271],[78.5291,23.4142],[78.4718,23.4011],[78.4725,23.3796],[78.481,23.3556],[78.5328,23.3126],[78.5847,23.3198],[78.6058,23.2871],[78.6168,23.2176],[78.6368,23.1771],[78.6847,23.1893],[78.8841,23.201],[79.0455,23.1869],[79.072,23.1919],[79.1286,23.2219],[79.1791,23.2256],[79.2723,23.1845],[79.3091,23.152],[79.3745,23.1394],[79.4153,23.1082],[79.4229,23.0815],[79.5004,23.1866],[79.6231,23.2665],[79.6874,23.2956],[79.7206,23.322],[79.7264,23.3409],[79.7156,23.4009],[79.7301,23.4434],[79.8417,23.5696],[79.8853,23.6035],[79.8933,23.651],[79.8838,23.6722],[79.8296,23.6921],[79.8201,23.7143],[79.8306,23.8309]]]}},{"type":"Feature","properties":{"id":"central-province-and-berar--mandla","name":"Mandla","division":"Central Province and Berar","type":"British districts"},"geometry":{"type":"Polygon","coordinates":[[[81.6321,22.7276],[81.6021,22.7393],[81.579,22.7652],[81.5502,22.7807],[81.5195,22.7831],[81.4803,22.7681],[81.4256,22.7774],[81.4083,22.7924],[81.3834,22.8351],[81.2968,22.9063],[81.1544,22.9096],[81.1015,22.933],[81.0517,22.9695],[81.0505,23.0302],[81.127,23.1285],[81.1216,23.1513],[81.1012,23.183],[81.0473,23.2161],[80.9965,23.2323],[80.9599,23.2206],[80.9412,23.2046],[80.9093,23.2106],[80.8956,23.2218],[80.8826,23.2497],[80.8811,23.3307],[80.8657,23.3635],[80.848,23.3713],[80.7791,23.3572],[80.7308,23.2554],[80.7044,23.2408],[80.6719,23.2349],[80.6414,23.2443],[80.6265,23.2568],[80.6269,23.2972],[80.6464,23.3918],[80.6382,23.4124],[80.6077,23.4242],[80.5766,23.4193],[80.5366,23.3898],[80.5027,23.3815],[80.4635,23.3936],[80.421,23.3284],[80.4298,23.2573],[80.4188,23.217],[80.2481,23.2035],[80.1822,23.2171],[80.1424,23.2084],[80.1037,23.1467],[80.0551,23.129],[80.0154,23.0802],[79.9772,23.0507],[79.9735,23.015],[79.916,22.9416],[79.998,22.8883],[80.0294,22.9201],[80.0708,22.9087],[80.0663,22.8915],[80.0727,22.8568],[80.0872,22.8301],[80.1261,22.8408],[80.1475,22.8627],[80.1654,22.8603],[80.1891,22.8393],[80.1883,22.803],[80.1667,22.7751],[80.1606,22.7491],[80.1818,22.7162],[80.1808,22.6894],[80.0899,22.6971],[80.0445,22.6849],[80.019,22.6541],[80.0163,22.6154],[80.0059,22.5949],[79.9737,22.5548],[79.9836,22.5282],[80.0707,22.4898],[80.0815,22.4495],[80.0598,22.3995],[80.0631,22.3863],[80.0808,22.378],[80.1205,22.3791],[80.153,22.3215],[80.1727,22.3161],[80.2089,22.3251],[80.2686,22.3797],[80.3371,22.3799],[80.3553,22.3709],[80.3576,22.3131],[80.3766,22.291],[80.3944,22.2886],[80.4134,22.2999],[80.5182,22.2958],[80.5866,22.2601],[80.613,22.2657],[80.6544,22.3232],[80.7135,22.3455],[80.7449,22.423],[80.7659,22.4348],[80.8287,22.4063],[80.8622,22.3491],[80.9062,22.3303],[80.9507,22.2798],[81.0037,22.291],[81.0558,22.3729],[81.0637,22.4072],[81.0606,22.4525],[81.0862,22.526],[81.0986,22.532],[81.1144,22.5267],[81.1384,22.4823],[81.1648,22.4725],[81.2054,22.4923],[81.2228,22.5381],[81.2504,22.553],[81.3119,22.5536],[81.3784,22.5236],[81.4422,22.5318],[81.5021,22.5805],[81.5941,22.5886],[81.6214,22.6101],[81.6321,22.7276]]]}},{"type":"Feature","properties":{"id":"central-province-and-berar--jubbulpore","name":"Jubbulpore","division":"Central Province and Berar","type":"British districts"},"geometry":{"type":"Polygon","coordinates":[[[80.4635,23.3936],[80.4445,23.4085],[80.4145,23.4656],[80.4068,23.4968],[80.4093,23.5265],[80.44,23.5814],[80.4879,23.6143],[80.5456,23.6956],[80.6074,23.7184],[80.6575,23.7118],[80.7017,23.6875],[80.7555,23.676],[80.7987,23.6863],[80.8081,23.7538],[80.787,23.8904],[80.7907,23.9438],[80.7988,23.9792],[80.8141,24.0025],[80.8906,24.0603],[80.8815,24.1154],[80.8653,24.1315],[80.8252,24.1342],[80.74,24.1136],[80.6807,24.0646],[80.544,24.053],[80.4821,24.0004],[80.4103,23.9577],[80.3908,23.956],[80.3379,23.9948],[80.2549,23.9619],[80.1825,23.999],[80.1369,23.9957],[80.0308,23.9361],[80.0006,23.9597],[79.975,23.9665],[79.9227,23.9217],[79.8627,23.8426],[79.8306,23.8309],[79.8201,23.7143],[79.8296,23.6921],[79.8838,23.6722],[79.8933,23.651],[79.8903,23.6263],[79.8853,23.6035],[79.8417,23.5696],[79.7301,23.4434],[79.7156,23.4009],[79.7264,23.3409],[79.7206,23.322],[79.6874,23.2956],[79.6231,23.2665],[79.5004,23.1866],[79.4229,23.0815],[79.4291,23.0578],[79.4381,23.0496],[79.5169,23.0467],[79.5344,22.9236],[79.5794,22.9256],[79.6407,22.9115],[79.7257,22.867],[79.8827,22.9423],[79.916,22.9416],[79.9735,23.015],[79.9772,23.0507],[80.0154,23.0802],[80.0551,23.129],[80.1037,23.1467],[80.1424,23.2084],[80.1822,23.2171],[80.2481,23.2035],[80.4188,23.217],[80.4298,23.2573],[80.421,23.3284],[80.4635,23.3936]]]}},{"type":"Feature","properties":{"id":"central-india-agency--maihar","name":"Maihar","division":"Central India Agency","type":"Princely states"},"geometry":{"type":"Polygon","coordinates":[[[80.8307,24.1338],[80.8386,24.1765],[80.8728,24.2637],[80.8779,24.3083],[80.8716,24.3276],[80.8294,24.3835],[80.7807,24.412],[80.6918,24.3691],[80.5328,24.2549],[80.3751,24.1624],[80.3328,24.0705],[80.3156,24.0053],[80.3174,23.9863],[80.3379,23.9948],[80.3908,23.956],[80.4103,23.9577],[80.4821,24.0004],[80.544,24.053],[80.6807,24.0646],[80.74,24.1136],[80.8307,24.1338]]]}},{"type":"Feature","properties":{"id":"central-india-agency--panna","name":"Panna","division":"Central India Agency","type":"Princely states"},"geometry":{"type":"MultiPolygon","coordinates":[[[[79.2312,24.5563],[79.2464,24.6203],[79.1986,24.636],[79.1774,24.6258],[79.1579,24.5894],[79.0995,24.597],[79.0725,24.5691],[79.0713,24.4479],[79.1073,24.4398],[79.1268,24.4149],[79.1258,24.3863],[79.0847,24.3216],[79.0824,24.2515],[79.0677,24.229],[79.0228,24.193],[79.0126,24.1647],[79.0196,24.1401],[79.0421,24.1109],[79.0725,24.0872],[79.1752,24.0801],[79.2488,24.0895],[79.3034,24.1367],[79.3254,24.1876],[79.3215,24.2592],[79.3407,24.3061],[79.246,24.4545],[79.2312,24.5563]]],[[[80.7913,25.0119],[80.7843,25.0252],[80.685,24.9369],[80.691,24.909],[80.7036,24.8885],[80.7327,24.8626],[80.7674,24.8451],[80.7993,24.8115],[80.8433,24.7973],[80.9632,24.8939],[80.9969,24.9458],[80.9222,25.0174],[80.8512,25.0083],[80.7913,25.0119]]],[[[80.3971,24.935],[80.3371,24.9682],[80.3188,24.9974],[80.2917,25.0727],[80.1656,25.0248],[80.1837,24.9908],[80.1798,24.948],[80.1377,24.8904],[80.0591,24.833],[79.9809,24.8385],[79.9555,24.8522],[79.903,24.8005],[79.8992,24.7709],[79.8592,24.7162],[79.8372,24.6549],[79.6978,24.4829],[79.6923,24.4348],[79.7224,24.4204],[79.7311,24.403],[79.7347,24.3327],[79.7172,24.2374],[79.6716,24.143],[79.6701,24.1016],[79.6828,24.0654],[79.7401,23.9721],[79.7941,23.8471],[79.8079,23.8348],[79.8337,23.8304],[79.8627,23.8426],[79.9227,23.9217],[79.975,23.9665],[80.0006,23.9597],[80.0308,23.9361],[80.1369,23.9957],[80.1825,23.999],[80.2549,23.9619],[80.3174,23.9863],[80.3156,24.0053],[80.3399,24.0912],[80.3851,24.1705],[80.3234,24.2745],[80.2758,24.3048],[80.1947,24.3314],[80.0616,24.334],[80.0391,24.3443],[80.0052,24.4074],[80.0215,24.4755],[80.0148,24.5186],[80.0298,24.5534],[80.1354,24.587],[80.1684,24.6297],[80.1929,24.6413],[80.3109,24.6431],[80.32,24.6625],[80.3669,24.6866],[80.3944,24.7438],[80.4043,24.852],[80.4438,24.8919],[80.4062,24.9382],[80.3971,24.935]]]]}},{"type":"Feature","properties":{"id":"central-india-agency--chhatarpur","name":"Chhatarpur","division":"Central India Agency","type":"Princely states"},"geometry":{"type":"Polygon","coordinates":[[[80.0702,25.0255],[80.0377,25.0511],[80.0018,25.1477],[79.9493,25.2219],[79.928,25.2398],[79.859,25.2567],[79.8414,25.2283],[79.7681,25.2295],[79.7521,25.2217],[79.758,25.1381],[79.7463,25.1074],[79.7189,25.0749],[79.6655,25.0838],[79.6048,25.1059],[79.5592,25.1097],[79.5367,25.1057],[79.4721,25.0576],[79.4385,25.0441],[79.4377,24.9021],[79.6252,24.6699],[79.651,24.6262],[79.6489,24.6048],[79.6186,24.5974],[79.5678,24.6359],[79.5471,24.6389],[79.4565,24.4401],[79.4586,24.415],[79.5578,24.4054],[79.6923,24.4348],[79.6978,24.4829],[79.8372,24.6549],[79.8592,24.7162],[79.8992,24.7709],[79.903,24.8005],[79.9489,24.8396],[80.032,24.9797],[80.0702,25.0255]]]}},{"type":"Feature","properties":{"id":"central-india-agency--bijawar","name":"Bijawar","division":"Central India Agency","type":"Princely states"},"geometry":{"type":"Polygon","coordinates":[[[79.4385,25.0441],[79.3913,25.029],[79.3602,25.0388],[79.3125,25.0796],[79.327,25.2115],[79.3921,25.2168],[79.4142,25.2304],[79.4158,25.2733],[79.3992,25.306],[79.3798,25.3119],[79.3124,25.2996],[79.2773,25.3078],[79.2394,25.35],[79.1979,25.3458],[79.1795,25.3249],[79.1665,25.2895],[79.1648,25.2412],[79.1788,25.189],[79.199,25.149],[79.1945,25.1331],[79.1391,25.0894],[79.2346,24.9641],[79.2554,24.923],[79.2538,24.8765],[79.2915,24.7955],[79.2076,24.7478],[79.1653,24.6941],[79.0798,24.6345],[78.9506,24.5938],[78.8838,24.5418],[78.8393,24.4953],[78.7999,24.4754],[78.8581,24.4264],[78.9617,24.3945],[79.0291,24.4391],[79.0713,24.4479],[79.0725,24.5691],[79.0995,24.597],[79.1579,24.5894],[79.1774,24.6258],[79.1986,24.636],[79.2246,24.6317],[79.2464,24.6203],[79.2312,24.5563],[79.246,24.4545],[79.3407,24.3061],[79.3968,24.403],[79.4586,24.415],[79.4565,24.4401],[79.5471,24.6389],[79.5678,24.6359],[79.6186,24.5974],[79.6489,24.6048],[79.651,24.6262],[79.6252,24.6699],[79.4377,24.9021],[79.4385,25.0441]]]}},{"type":"Feature","properties":{"id":"central-india-agency--jigni","name":"Jigni","division":"Central India Agency","type":"Princely states"},"geometry":{"type":"Polygon","coordinates":[[[79.2896,25.7284],[79.3632,25.7263],[79.3843,25.7626],[79.395,25.8028],[79.3819,25.8402],[79.3219,25.8575],[79.2634,25.8543],[79.2459,25.8311],[79.2455,25.7834],[79.2896,25.7284]]]}},{"type":"Feature","properties":{"id":"united-province--jalaun","name":"Jalaun","division":"United Province","type":"British districts"},"geometry":{"type":"Polygon","coordinates":[[[79.5578,25.9627],[79.5825,26.002],[79.5767,26.0689],[79.5597,26.121],[79.4757,26.301],[79.4273,26.3434],[79.4032,26.3268],[79.3536,26.3376],[79.3086,26.3883],[79.2669,26.4189],[79.2284,26.41],[79.1815,26.3871],[78.9841,26.3832],[78.9899,26.35],[78.9691,26.2647],[78.9277,26.214],[78.9212,26.139],[78.9101,26.1035],[78.8826,26.0506],[78.862,26.0279],[78.8512,25.9978],[78.8559,25.9619],[78.8903,25.8738],[79.0543,25.8601],[79.2456,25.8294],[79.2634,25.8543],[79.3219,25.8575],[79.3612,25.8461],[79.4853,25.9307],[79.5578,25.9627]]]}},{"type":"Feature","properties":{"id":"central-india-agency--sarila","name":"Sarila","division":"Central India Agency","type":"Princely states"},"geometry":{"type":"Polygon","coordinates":[[[79.5994,25.7416],[79.6321,25.7692],[79.6306,25.7991],[79.57,25.8308],[79.492,25.8251],[79.4849,25.8108],[79.4889,25.7785],[79.514,25.7455],[79.5504,25.7336],[79.5994,25.7416]]]}},{"type":"Feature","properties":{"id":"central-india-agency--baoni","name":"Baoni","division":"Central India Agency","type":"Princely states"},"geometry":{"type":"Polygon","coordinates":[[[79.8966,26.0101],[79.8746,26.1077],[79.8573,26.1483],[79.8253,26.1794],[79.7501,26.1777],[79.6555,26.0342],[79.8966,26.0101]]]}},{"type":"Feature","properties":{"id":"central-india-agency--beri","name":"Beri","division":"Central India Agency","type":"Princely states"},"geometry":{"type":"Polygon","coordinates":[[[79.8966,26.0101],[79.6555,26.0342],[79.6535,25.9634],[79.7155,25.8927],[79.7626,25.8826],[79.8186,25.9007],[79.8817,25.9344],[79.899,25.9695],[79.8966,26.0101]]]}},{"type":"Feature","properties":{"id":"united-province--hamirpur","name":"Hamirpur","division":"United Province","type":"British districts"},"geometry":{"type":"Polygon","coordinates":[[[79.5004,25.9374],[79.3612,25.8461],[79.3819,25.8402],[79.395,25.8028],[79.3843,25.7626],[79.3632,25.7263],[79.337,25.7223],[79.3027,25.6172],[79.2691,25.5597],[79.2438,25.4376],[79.2444,25.3445],[79.2773,25.3078],[79.3124,25.2996],[79.3798,25.3119],[79.3992,25.306],[79.4158,25.2733],[79.4142,25.2304],[79.3921,25.2168],[79.327,25.2115],[79.3135,25.1064],[79.3125,25.0796],[79.3602,25.0388],[79.3913,25.029],[79.4721,25.0576],[79.5367,25.1057],[79.5592,25.1097],[79.6048,25.1059],[79.6655,25.0838],[79.7189,25.0749],[79.7463,25.1074],[79.758,25.1381],[79.7521,25.2217],[79.7681,25.2295],[79.8414,25.2283],[79.8567,25.2505],[79.8846,25.3258],[79.9055,25.3561],[79.9453,25.3667],[80.0011,25.3517],[80.0823,25.3811],[80.1037,25.3796],[80.1263,25.4548],[80.1051,25.5738],[80.1778,25.7228],[80.1996,25.7878],[80.1988,25.8017],[80.1455,25.8106],[80.1151,25.8402],[80.0441,25.9866],[80.0192,25.997],[79.8979,25.9883],[79.899,25.9695],[79.8817,25.9344],[79.8186,25.9007],[79.7626,25.8826],[79.7155,25.8927],[79.6774,25.9336],[79.5652,25.9025],[79.5401,25.9076],[79.5004,25.9374]],[[79.514,25.7455],[79.4889,25.7785],[79.4849,25.8108],[79.492,25.8251],[79.57,25.8308],[79.6306,25.7991],[79.6321,25.7692],[79.5994,25.7416],[79.5504,25.7336],[79.514,25.7455]],[[79.6697,25.4843],[79.7033,25.5047],[79.7579,25.522],[79.7904,25.5137],[79.8424,25.4679],[79.8556,25.4377],[79.8477,25.4034],[79.6932,25.344],[79.6577,25.344],[79.6243,25.3629],[79.5788,25.4073],[79.5682,25.4398],[79.5705,25.4659],[79.5846,25.473],[79.6126,25.467],[79.6697,25.4843]]]}},{"type":"Feature","properties":{"id":"central-india-agency--charkhari","name":"Charkhari","division":"Central India Agency","type":"Princely states"},"geometry":{"type":"MultiPolygon","coordinates":[[[[80.1164,25.3787],[80.0823,25.3811],[80.0011,25.3517],[79.9453,25.3667],[79.9055,25.3561],[79.8846,25.3258],[79.859,25.2567],[79.928,25.2398],[79.9493,25.2219],[80.0018,25.1477],[80.0377,25.0511],[80.0782,25.0192],[80.1398,25.0162],[80.2917,25.0727],[80.2855,25.1046],[80.2887,25.1796],[80.2626,25.2115],[80.1981,25.265],[80.1646,25.3413],[80.1164,25.3787]]],[[[79.8424,25.4679],[79.7904,25.5137],[79.7579,25.522],[79.6126,25.467],[79.5846,25.473],[79.5705,25.4659],[79.5682,25.4398],[79.5788,25.4073],[79.6243,25.3629],[79.6577,25.344],[79.6932,25.344],[79.8477,25.4034],[79.8556,25.4377],[79.8424,25.4679]]]]}},{"type":"Feature","properties":{"id":"united-province--fatehpur","name":"Fatehpur","division":"United Province","type":"British districts"},"geometry":{"type":"Polygon","coordinates":[[[81.1611,25.8714],[81.0542,25.883],[81.0319,25.8946],[81.0052,25.96],[80.8834,25.9579],[80.852,25.9942],[80.8402,26.0418],[80.816,26.0814],[80.799,26.0892],[80.6703,26.0943],[80.5991,26.1497],[80.5787,26.1547],[80.4585,26.1401],[80.4234,26.1514],[80.3438,26.2309],[80.3312,26.2677],[80.3034,26.2645],[80.2874,26.233],[80.2313,26.1956],[80.2421,26.1294],[80.2069,26.0745],[80.2244,26.0405],[80.2247,26.0233],[80.2164,26.0026],[80.1861,25.9846],[80.1834,25.9724],[80.1988,25.8017],[80.3202,25.7921],[80.3448,25.7769],[80.395,25.6998],[80.5054,25.6985],[80.5943,25.5989],[80.6275,25.5881],[80.7374,25.6238],[80.797,25.6176],[80.8138,25.596],[80.8312,25.4791],[80.8528,25.4696],[80.9503,25.4676],[80.9734,25.4257],[80.9727,25.3686],[80.9812,25.3502],[81.0337,25.309],[81.0603,25.2976],[81.0729,25.3204],[81.1578,25.3983],[81.161,25.4146],[81.1596,25.4639],[81.1309,25.5487],[81.1255,25.5975],[81.1263,25.6139],[81.1413,25.6304],[81.1778,25.6496],[81.1767,25.7039],[81.1541,25.7856],[81.1611,25.8714]]]}},{"type":"Feature","properties":{"id":"united-province--banda","name":"Banda","division":"United Province","type":"British districts"},"geometry":{"type":"Polygon","coordinates":[[[81.0603,25.2976],[81.0337,25.309],[80.9812,25.3502],[80.9727,25.3686],[80.9734,25.4257],[80.9503,25.4676],[80.8528,25.4696],[80.8312,25.4791],[80.8138,25.596],[80.797,25.6176],[80.7374,25.6238],[80.6275,25.5881],[80.5943,25.5989],[80.5054,25.6985],[80.395,25.6998],[80.3448,25.7769],[80.3202,25.7921],[80.1988,25.8017],[80.1778,25.7228],[80.1051,25.5738],[80.1263,25.4548],[80.1037,25.3796],[80.1164,25.3787],[80.1646,25.3413],[80.1981,25.265],[80.2626,25.2115],[80.2887,25.1796],[80.2855,25.1046],[80.3022,25.0385],[80.3371,24.9682],[80.3637,24.9481],[80.3971,24.935],[80.4249,24.9447],[80.4333,24.9563],[80.4297,24.9946],[80.4012,25.029],[80.3908,25.0615],[80.3877,25.1081],[80.415,25.1345],[80.4998,25.0992],[80.5398,25.1168],[80.5567,25.115],[80.5677,25.0967],[80.5721,25.0489],[80.5909,25.0029],[80.6075,24.9939],[80.6237,25.0052],[80.6324,25.024],[80.6483,25.2556],[80.6991,25.2775],[80.7272,25.2621],[80.7381,25.2438],[80.7365,25.1819],[80.7667,25.1283],[80.7793,25.035],[80.7913,25.0119],[80.8512,25.0083],[80.9222,25.0174],[81.0146,24.9304],[81.0768,24.9207],[81.1127,24.9335],[81.1193,25.0665],[81.1341,25.1005],[81.1588,25.1244],[81.1776,25.1282],[81.0729,25.2411],[81.0571,25.2718],[81.0603,25.2976]]]}},{"type":"Feature","properties":{"id":"central-india-agency--kothi","name":"Kothi","division":"Central India Agency","type":"Princely states"},"geometry":{"type":"Polygon","coordinates":[[[80.8433,24.7973],[80.8114,24.8034],[80.7674,24.8451],[80.7327,24.8626],[80.7036,24.8885],[80.6867,24.9287],[80.5601,24.9016],[80.481,24.8523],[80.5024,24.7954],[80.5212,24.7737],[80.6195,24.7301],[80.7197,24.7091],[80.7658,24.7082],[80.7707,24.73],[80.7895,24.7522],[80.8433,24.7973]]]}},{"type":"Feature","properties":{"id":"central-india-agency--baraundha","name":"Baraundha","division":"Central India Agency","type":"Princely states"},"geometry":{"type":"Polygon","coordinates":[[[80.7843,25.0252],[80.7667,25.1283],[80.7365,25.1819],[80.7381,25.2438],[80.7272,25.2621],[80.6991,25.2775],[80.6483,25.2556],[80.6324,25.024],[80.6237,25.0052],[80.6075,24.9939],[80.5837,25.0163],[80.5721,25.0489],[80.5677,25.0967],[80.5567,25.115],[80.5398,25.1168],[80.4998,25.0992],[80.415,25.1345],[80.3877,25.1081],[80.3964,25.0387],[80.4297,24.9946],[80.4333,24.9563],[80.4062,24.9382],[80.481,24.8523],[80.5601,24.9016],[80.6867,24.9287],[80.685,24.9369],[80.697,24.9488],[80.7577,24.995],[80.7843,25.0252]]]}},{"type":"Feature","properties":{"id":"central-india-agency--ajaigarh","name":"Ajaigarh","division":"Central India Agency","type":"Princely states"},"geometry":{"type":"MultiPolygon","coordinates":[[[[80.4091,24.3344],[80.3881,24.378],[80.3773,24.4432],[80.3877,24.5431],[80.3151,24.6208],[80.3109,24.6431],[80.1929,24.6413],[80.1684,24.6297],[80.1354,24.587],[80.052,24.5631],[80.0298,24.5534],[80.0187,24.5376],[80.0215,24.4755],[80.0052,24.4074],[80.0391,24.3443],[80.0616,24.334],[80.1947,24.3314],[80.2758,24.3048],[80.3234,24.2745],[80.3851,24.1705],[80.4826,24.2273],[80.4091,24.3344]]],[[[80.1656,25.0248],[80.1398,25.0162],[80.0782,25.0192],[80.0702,25.0255],[80.032,24.9797],[79.9555,24.8522],[79.9809,24.8385],[80.0266,24.8303],[80.0591,24.833],[80.1084,24.8647],[80.1377,24.8904],[80.1798,24.948],[80.1837,24.9908],[80.1656,25.0248]]]]}},{"type":"Feature","properties":{"id":"central-india-agency--jaso","name":"Jaso","division":"Central India Agency","type":"Princely states"},"geometry":{"type":"Polygon","coordinates":[[[80.4247,24.3195],[80.4708,24.3665],[80.4803,24.4404],[80.4546,24.4957],[80.3877,24.5431],[80.377,24.4842],[80.3839,24.4029],[80.4091,24.3344],[80.4247,24.3195]]]}},{"type":"Feature","properties":{"id":"central-india-agency--nagode","name":"Nagode","division":"Central India Agency","type":"Princely states"},"geometry":{"type":"Polygon","coordinates":[[[80.7626,24.6165],[80.679,24.6096],[80.5908,24.6167],[80.4891,24.651],[80.388,24.7254],[80.3669,24.6866],[80.32,24.6625],[80.3094,24.6353],[80.3151,24.6208],[80.4048,24.5261],[80.4546,24.4957],[80.4711,24.4684],[80.4803,24.4404],[80.4778,24.3843],[80.4708,24.3665],[80.4241,24.3205],[80.4826,24.2273],[80.5328,24.2549],[80.6918,24.3691],[80.7885,24.415],[80.8446,24.4576],[80.8553,24.5086],[80.8443,24.5424],[80.7626,24.6165]]]}},{"type":"Feature","properties":{"id":"central-india-agency--sohawal","name":"Sohawal","division":"Central India Agency","type":"Princely states"},"geometry":{"type":"Polygon","coordinates":[[[80.481,24.8523],[80.4438,24.8919],[80.4123,24.867],[80.4003,24.8312],[80.388,24.7254],[80.4891,24.651],[80.5908,24.6167],[80.679,24.6096],[80.7626,24.6165],[80.757,24.6362],[80.7658,24.7082],[80.7197,24.7091],[80.6195,24.7301],[80.5212,24.7737],[80.5024,24.7954],[80.481,24.8523]]]}},{"type":"Feature","properties":{"id":"united-province--partabgarh","name":"Partabgarh","division":"United Province","type":"British districts"},"geometry":{"type":"Polygon","coordinates":[[[82.3879,26.0206],[82.2449,26.077],[82.1869,26.0764],[82.0648,26.0373],[82.0277,26.0331],[81.9582,26.0603],[81.7204,26.0466],[81.4548,26.0707],[81.4185,26.0574],[81.3933,26.0306],[81.4122,25.9427],[81.4055,25.9201],[81.3567,25.8945],[81.3099,25.9058],[81.291,25.9209],[81.2377,25.9275],[81.203,25.9133],[81.1791,25.88],[81.1611,25.8714],[81.1541,25.7856],[81.1767,25.7039],[81.1762,25.6487],[81.3031,25.5826],[81.3676,25.5722],[81.4659,25.585],[81.4909,25.6001],[81.5109,25.6392],[81.5648,25.6653],[81.6009,25.6732],[81.639,25.7152],[81.6671,25.7292],[81.6844,25.7189],[81.6931,25.6871],[81.7052,25.6779],[81.7253,25.6808],[81.8225,25.7277],[81.8705,25.7235],[81.9854,25.6409],[82.0187,25.6304],[82.0331,25.664],[82.0359,25.7124],[82.0626,25.7768],[82.1421,25.8014],[82.1934,25.8597],[82.2815,25.8826],[82.3879,26.0206]]]}},{"type":"Feature","properties":{"id":"united-province--allahabad","name":"Allahabad","division":"United Province","type":"British districts"},"geometry":{"type":"Polygon","coordinates":[[[82.0187,25.6304],[81.9854,25.6409],[81.8705,25.7235],[81.8225,25.7277],[81.7253,25.6808],[81.7052,25.6779],[81.6931,25.6871],[81.6844,25.7189],[81.6671,25.7292],[81.639,25.7152],[81.6009,25.6732],[81.5648,25.6653],[81.5109,25.6392],[81.4909,25.6001],[81.4659,25.585],[81.3676,25.5722],[81.3031,25.5826],[81.1762,25.6487],[81.1263,25.6139],[81.1309,25.5487],[81.1596,25.4639],[81.1578,25.3983],[81.0729,25.3204],[81.0619,25.3045],[81.0571,25.2718],[81.0729,25.2411],[81.1776,25.1282],[81.2299,25.1345],[81.2753,25.1278],[81.3421,25.0798],[81.3807,25.0674],[81.4102,25.0816],[81.4436,25.1456],[81.4703,25.1563],[81.5055,25.1548],[81.5272,25.1455],[81.5738,25.0637],[81.6276,25.0446],[81.6914,24.968],[81.7871,24.953],[81.8393,24.8828],[81.883,24.8712],[81.9427,24.8899],[81.9608,24.8866],[81.9994,24.8476],[82.0463,24.878],[82.0725,24.9117],[82.1522,25.0591],[82.1612,25.1043],[82.1507,25.1405],[82.1376,25.1568],[82.0906,25.1847],[82.0823,25.2037],[82.0832,25.245],[82.1113,25.3107],[82.1622,25.3617],[82.1932,25.4073],[82.195,25.4379],[82.1829,25.4727],[82.0295,25.5358],[82.0078,25.5818],[82.0187,25.6304]]]}},{"type":"Feature","properties":{"id":"united-province--jaunpur","name":"Jaunpur","division":"United Province","type":"British districts"},"geometry":{"type":"Polygon","coordinates":[[[82.9738,25.68],[82.9474,25.6968],[82.9327,25.6967],[82.9164,25.6729],[82.8703,25.6573],[82.8431,25.6569],[82.7945,25.6994],[82.7454,25.7676],[82.682,25.7929],[82.6289,25.8004],[82.6257,25.831],[82.6548,25.8751],[82.6535,25.8885],[82.5928,25.9402],[82.5656,25.9758],[82.5594,26.0348],[82.3879,26.0206],[82.2815,25.8826],[82.1934,25.8597],[82.1421,25.8014],[82.0626,25.7768],[82.0359,25.7124],[82.0331,25.664],[82.0113,25.6159],[82.0078,25.5818],[82.0295,25.5358],[82.1829,25.4727],[82.1942,25.4454],[82.2834,25.4321],[82.46,25.4267],[82.4796,25.4393],[82.5209,25.4464],[82.6113,25.5094],[82.6643,25.5288],[82.8553,25.5058],[82.8948,25.5107],[82.9626,25.5338],[82.954,25.5732],[82.9738,25.68]]]}},{"type":"Feature","properties":{"id":"united-province--united-province-3","name":"United Province","division":"United Province","type":"Princely states"},"geometry":{"type":"MultiPolygon","coordinates":[[[[83.0053,24.6724],[83.0577,24.68],[83.0715,24.7153],[83.2021,24.7585],[83.2157,24.8525],[83.2149,24.9],[83.18,24.9221],[83.1514,24.9617],[83.1453,24.9881],[83.1606,25.0229],[83.223,25.0797],[83.1053,25.1038],[83.0646,25.1041],[82.9994,25.064],[82.9559,24.9875],[82.9592,24.9417],[82.9322,24.8795],[82.927,24.8466],[82.9388,24.7547],[82.9537,24.7103],[82.9747,24.6816],[83.0053,24.6724]]],[[[82.5374,25.4191],[82.5281,25.4524],[82.46,25.4267],[82.4138,25.4243],[82.1942,25.4454],[82.1932,25.4073],[82.1622,25.3617],[82.1113,25.3107],[82.0873,25.2619],[82.0823,25.2037],[82.0906,25.1847],[82.1471,25.145],[82.1786,25.1585],[82.229,25.1637],[82.3506,25.0825],[82.4164,25.083],[82.4991,25.1045],[82.5427,25.1679],[82.546,25.2048],[82.558,25.2298],[82.6259,25.2957],[82.6201,25.3359],[82.5972,25.3884],[82.5374,25.4191]]]]}},{"type":"Feature","properties":{"id":"united-province--mirzapur","name":"Mirzapur","division":"United Province","type":"British districts"},"geometry":{"type":"Polygon","coordinates":[[[82.998,25.0605],[82.9301,25.0886],[82.9073,25.0908],[82.8411,25.0839],[82.8036,25.0678],[82.7496,25.0716],[82.7019,25.1093],[82.6042,25.1495],[82.5309,25.1516],[82.5135,25.118],[82.4819,25.0968],[82.4164,25.083],[82.3506,25.0825],[82.229,25.1637],[82.1786,25.1585],[82.1471,25.145],[82.1612,25.1043],[82.1522,25.0591],[82.0939,24.9442],[82.0463,24.878],[81.9994,24.8476],[82.0507,24.7956],[82.1083,24.8],[82.1196,24.7935],[82.1278,24.7765],[82.1263,24.7516],[82.1073,24.7145],[82.1155,24.6986],[82.1536,24.6825],[82.1714,24.6068],[82.1884,24.5858],[82.2193,24.5807],[82.2694,24.6389],[82.3119,24.6749],[82.3447,24.6804],[82.4064,24.6251],[82.421,24.6291],[82.4553,24.682],[82.4814,24.7045],[82.5142,24.71],[82.5611,24.7112],[82.6136,24.6966],[82.649,24.6592],[82.6576,24.6302],[82.6557,24.5994],[82.6399,24.5741],[82.6017,24.5452],[82.5935,24.5159],[82.595,24.498],[82.6215,24.4634],[82.6247,24.4312],[82.5662,24.3866],[82.5586,24.3668],[82.5702,24.3223],[82.6168,24.2569],[82.6316,24.1802],[82.6103,24.1266],[82.5739,24.1023],[82.5514,24.05],[82.5477,23.986],[82.5625,23.9079],[82.5794,23.9189],[82.6631,23.9361],[82.8124,23.9262],[82.8814,23.9357],[82.9427,23.9658],[83.0263,24.0219],[83.1033,24.0345],[83.1027,24.0867],[83.1171,24.1097],[83.173,24.1542],[83.1889,24.1532],[83.1909,24.1952],[83.2003,24.2208],[83.2425,24.2731],[83.2487,24.3095],[83.2436,24.33],[83.2015,24.3999],[83.1966,24.4239],[83.2097,24.4457],[83.2991,24.4646],[83.3143,24.4791],[83.327,24.5342],[83.316,24.6416],[83.2914,24.6821],[83.2276,24.7189],[83.2021,24.7585],[83.0715,24.7153],[83.0577,24.68],[83.0053,24.6724],[82.9747,24.6816],[82.9537,24.7103],[82.9388,24.7547],[82.927,24.8466],[82.9322,24.8795],[82.9592,24.9417],[82.9559,24.9875],[82.998,25.0605]]]}},{"type":"Feature","properties":{"id":"central-india-agency--rewah","name":"Rewah","division":"Central India Agency","type":"Princely states"},"geometry":{"type":"Polygon","coordinates":[[[80.8307,24.1338],[80.8653,24.1315],[80.8815,24.1154],[80.8906,24.0603],[80.8141,24.0025],[80.7988,23.9792],[80.787,23.8904],[80.8081,23.7538],[80.7987,23.6863],[80.7555,23.676],[80.7017,23.6875],[80.6575,23.7118],[80.6074,23.7184],[80.5456,23.6956],[80.4879,23.6143],[80.44,23.5814],[80.4093,23.5265],[80.4068,23.4968],[80.4145,23.4656],[80.4445,23.4085],[80.4682,23.3898],[80.5027,23.3815],[80.5366,23.3898],[80.5766,23.4193],[80.6077,23.4242],[80.6382,23.4124],[80.6464,23.3918],[80.6421,23.3527],[80.6307,23.3269],[80.6265,23.2568],[80.6719,23.2349],[80.7044,23.2408],[80.7308,23.2554],[80.7791,23.3572],[80.848,23.3713],[80.8657,23.3635],[80.8811,23.3307],[80.8826,23.2497],[80.8956,23.2218],[80.9093,23.2106],[80.9412,23.2046],[80.9599,23.2206],[80.9965,23.2323],[81.0473,23.2161],[81.1012,23.183],[81.1216,23.1513],[81.127,23.1285],[81.0505,23.0302],[81.0517,22.9695],[81.1015,22.933],[81.1544,22.9096],[81.2968,22.9063],[81.3834,22.8351],[81.4083,22.7924],[81.4256,22.7774],[81.4803,22.7681],[81.5195,22.7831],[81.5502,22.7807],[81.579,22.7652],[81.6021,22.7393],[81.6501,22.7242],[81.678,22.7444],[81.691,22.7748],[81.7022,22.9004],[81.7218,22.9238],[81.7497,22.9269],[81.8366,22.9075],[81.8586,22.9165],[81.8579,23.025],[81.8688,23.0574],[81.8996,23.086],[82.0525,23.1206],[82.1448,23.2034],[82.1775,23.2661],[82.1745,23.3817],[82.1562,23.4154],[82.128,23.4366],[82.0718,23.4549],[81.7336,23.5256],[81.6737,23.5339],[81.6331,23.5271],[81.5557,23.4961],[81.5184,23.4934],[81.4954,23.4972],[81.4713,23.5125],[81.4589,23.5744],[81.4225,23.6231],[81.435,23.6608],[81.4393,23.6702],[81.546,23.7121],[81.5531,23.7237],[81.4943,23.8142],[81.4881,23.8454],[81.4949,23.8784],[81.5251,23.8867],[81.5896,23.8839],[81.6426,23.8578],[81.737,23.8323],[81.8821,23.8389],[82.2677,23.801],[82.4432,23.8436],[82.5337,23.8891],[82.5625,23.9079],[82.5477,23.986],[82.5594,24.0757],[82.5739,24.1023],[82.6103,24.1266],[82.6316,24.1802],[82.6168,24.2569],[82.5702,24.3223],[82.5586,24.3668],[82.5662,24.3866],[82.6247,24.4312],[82.6215,24.4634],[82.595,24.498],[82.5935,24.5159],[82.6017,24.5452],[82.6399,24.5741],[82.6557,24.5994],[82.6576,24.6302],[82.649,24.6592],[82.6136,24.6966],[82.5611,24.7112],[82.5142,24.71],[82.4814,24.7045],[82.4553,24.682],[82.421,24.6291],[82.4064,24.6251],[82.3447,24.6804],[82.3119,24.6749],[82.2694,24.6389],[82.2193,24.5807],[82.1884,24.5858],[82.1714,24.6068],[82.1536,24.6825],[82.1155,24.6986],[82.1073,24.7145],[82.1263,24.7516],[82.1278,24.7765],[82.1196,24.7935],[82.1083,24.8],[82.0507,24.7956],[81.9608,24.8866],[81.9427,24.8899],[81.883,24.8712],[81.8393,24.8828],[81.7871,24.953],[81.6914,24.968],[81.6276,25.0446],[81.5738,25.0637],[81.5272,25.1455],[81.5055,25.1548],[81.4703,25.1563],[81.4436,25.1456],[81.4102,25.0816],[81.3807,25.0674],[81.3421,25.0798],[81.2753,25.1278],[81.2299,25.1345],[81.1588,25.1244],[81.1341,25.1005],[81.1193,25.0665],[81.1127,24.9335],[81.0768,24.9207],[81.0494,24.9206],[81.0146,24.9304],[80.9969,24.9458],[80.9632,24.8939],[80.7707,24.73],[80.757,24.6362],[80.7633,24.6141],[80.8315,24.5581],[80.8553,24.5086],[80.8446,24.4576],[80.7807,24.412],[80.8294,24.3835],[80.8716,24.3276],[80.8779,24.3083],[80.8728,24.2637],[80.8386,24.1765],[80.8307,24.1338]]]}},{"type":"Feature","properties":{"id":"central-province-and-berar--chang-bhakar","name":"Chang Bhakar","division":"Central Province and Berar","type":"Princely states"},"geometry":{"type":"Polygon","coordinates":[[[82.1724,23.8078],[82.0624,23.826],[81.8821,23.8389],[81.737,23.8323],[81.6426,23.8578],[81.5896,23.8839],[81.5251,23.8867],[81.4949,23.8784],[81.4881,23.8454],[81.4943,23.8142],[81.5531,23.7237],[81.546,23.7121],[81.4393,23.6702],[81.4225,23.6231],[81.4589,23.5744],[81.4713,23.5125],[81.4954,23.4972],[81.5557,23.4961],[81.6331,23.5271],[81.6737,23.5339],[82.0718,23.4549],[82.121,23.4389],[82.1611,23.5212],[82.1907,23.5526],[82.1816,23.623],[82.154,23.6481],[82.1492,23.674],[82.1518,23.7575],[82.1724,23.8078]]]}},{"type":"Feature","properties":{"id":"central-province-and-berar--korea","name":"Korea","division":"Central Province and Berar","type":"Princely states"},"geometry":{"type":"Polygon","coordinates":[[[82.4892,22.9331],[82.4869,22.963],[82.5718,23.1328],[82.5771,23.1853],[82.6258,23.2413],[82.6292,23.2882],[82.622,23.3235],[82.5722,23.3979],[82.5667,23.5036],[82.5355,23.58],[82.5027,23.6001],[82.4849,23.6951],[82.4544,23.7213],[82.394,23.8303],[82.2677,23.801],[82.1724,23.8078],[82.1518,23.7575],[82.1492,23.674],[82.154,23.6481],[82.1816,23.623],[82.1907,23.5526],[82.1611,23.5212],[82.121,23.4389],[82.1562,23.4154],[82.1745,23.3817],[82.1775,23.2661],[82.1448,23.2034],[82.1037,23.1645],[82.1784,23.0027],[82.1861,22.9698],[82.179,22.8551],[82.1892,22.8337],[82.2159,22.8163],[82.2445,22.8131],[82.2865,22.8312],[82.3899,22.9224],[82.4171,22.9325],[82.4892,22.9331]]]}},{"type":"Feature","properties":{"id":"central-province-and-berar--surguja","name":"Surguja","division":"Central Province and Berar","type":"Princely states"},"geometry":{"type":"Polygon","coordinates":[[[84.0518,23.1045],[84.0462,23.1271],[83.9705,23.2203],[83.9712,23.3068],[83.9642,23.3356],[83.9146,23.3621],[83.7648,23.5426],[83.7543,23.6534],[83.7546,23.7542],[83.7298,23.7876],[83.6925,23.8075],[83.5371,23.8352],[83.4715,23.8578],[83.4198,23.9947],[83.3448,24.0724],[83.2503,24.1298],[83.173,24.1542],[83.1171,24.1097],[83.1027,24.0867],[83.1033,24.0345],[83.0263,24.0219],[82.9427,23.9658],[82.8814,23.9357],[82.8124,23.9262],[82.6631,23.9361],[82.5794,23.9189],[82.4432,23.8436],[82.394,23.8303],[82.4544,23.7213],[82.4849,23.6951],[82.5027,23.6001],[82.5355,23.58],[82.5712,23.487],[82.5722,23.3979],[82.6132,23.3446],[82.6292,23.2882],[82.6258,23.2413],[82.5771,23.1853],[82.5718,23.1328],[82.4869,22.963],[82.4842,22.9424],[82.5116,22.9097],[82.526,22.8777],[82.5017,22.7719],[82.5115,22.7551],[82.5568,22.7266],[82.6567,22.6847],[82.7547,22.6814],[82.8799,22.629],[82.9976,22.621],[83.0875,22.5759],[83.1501,22.614],[83.1879,22.617],[83.2192,22.6154],[83.3167,22.5661],[83.4413,22.6123],[83.4731,22.6434],[83.4806,22.665],[83.4811,22.9318],[83.5172,22.9797],[83.5561,22.9883],[83.6524,22.9801],[83.7559,23.0282],[83.7868,23.0312],[83.9186,22.9906],[83.9525,23.0005],[83.9768,23.0193],[84.0518,23.1045]]]}},{"type":"Feature","properties":{"id":"central-province-and-berar--jashpur","name":"Jashpur","division":"Central Province and Berar","type":"Princely states"},"geometry":{"type":"Polygon","coordinates":[[[83.6458,22.1778],[83.7369,22.2149],[83.8057,22.2562],[83.8528,22.3164],[83.9128,22.4214],[84.1619,22.6039],[84.1775,22.6279],[84.1793,22.7119],[84.1893,22.7646],[84.2301,22.8214],[84.1924,22.9054],[84.1226,22.9509],[84.0979,22.9831],[84.0914,23.019],[84.0518,23.1045],[83.9768,23.0193],[83.9525,23.0005],[83.9186,22.9906],[83.7868,23.0312],[83.7559,23.0282],[83.6524,22.9801],[83.5561,22.9883],[83.5172,22.9797],[83.4811,22.9318],[83.4806,22.665],[83.4731,22.6434],[83.4413,22.6123],[83.3167,22.5661],[83.3613,22.4942],[83.4289,22.4344],[83.4732,22.4072],[83.5367,22.3953],[83.5717,22.3678],[83.5705,22.3351],[83.5492,22.3036],[83.6458,22.1778]]]}},{"type":"Feature","properties":{"id":"bihar--palamau","name":"Palamau","division":"Bihar","type":"British districts"},"geometry":{"type":"Polygon","coordinates":[[[84.3307,24.3483],[84.2939,24.3541],[84.2489,24.386],[84.2433,24.4056],[84.2472,24.4786],[84.229,24.5173],[84.2161,24.521],[84.1901,24.5162],[84.1755,24.4865],[84.1642,24.4801],[84.1414,24.4772],[84.0842,24.4921],[84.0707,24.4879],[84.0488,24.4309],[84.0158,24.4045],[83.9993,24.4055],[83.9817,24.4198],[83.9587,24.4752],[83.9636,24.5868],[83.9405,24.5967],[83.9134,24.624],[83.863,24.7159],[83.7991,24.6631],[83.7488,24.5968],[83.7212,24.5434],[83.6519,24.4858],[83.5821,24.4509],[83.521,24.4364],[83.4478,24.4414],[83.3258,24.5159],[83.3143,24.4791],[83.2991,24.4646],[83.2097,24.4457],[83.1966,24.4239],[83.2015,24.3999],[83.2487,24.3095],[83.2425,24.2731],[83.2003,24.2208],[83.1909,24.1952],[83.1889,24.1532],[83.2503,24.1298],[83.3448,24.0724],[83.3863,24.0357],[83.4198,23.9947],[83.4715,23.8578],[83.5371,23.8352],[83.6925,23.8075],[83.7298,23.7876],[83.7546,23.7542],[83.7543,23.6534],[83.7648,23.5426],[83.9146,23.3621],[83.9642,23.3356],[83.9712,23.3068],[83.9705,23.2203],[84.011,23.1664],[84.1445,23.1727],[84.1563,23.1891],[84.1594,23.223],[84.1729,23.2513],[84.2307,23.2749],[84.2399,23.2857],[84.2505,23.3164],[84.2507,23.3626],[84.2617,23.3768],[84.3147,23.3751],[84.3301,23.3869],[84.3181,23.4672],[84.3417,23.5063],[84.5103,23.5265],[84.567,23.5223],[84.6762,23.4892],[84.7025,23.4599],[84.7241,23.45],[84.8159,23.4322],[84.8482,23.4329],[84.9126,23.4501],[84.9387,23.4797],[84.9528,23.5242],[84.9396,23.6137],[84.9189,23.6449],[84.8641,23.6945],[84.8294,23.7756],[84.8216,23.8151],[84.8224,23.9073],[84.8016,23.9477],[84.7055,24.0362],[84.6469,24.0691],[84.4513,24.0809],[84.4172,24.1086],[84.3974,24.1336],[84.389,24.1739],[84.3332,24.2294],[84.3325,24.2617],[84.3452,24.3073],[84.3307,24.3483]]]}},{"type":"Feature","properties":{"id":"united-province--benares","name":"Benares","division":"United Province","type":"British districts"},"geometry":{"type":"Polygon","coordinates":[[[83.5366,25.3318],[83.4348,25.3372],[83.3536,25.3875],[83.2505,25.4845],[83.184,25.5053],[82.9845,25.5117],[82.9626,25.5338],[82.8948,25.5107],[82.8553,25.5058],[82.6643,25.5288],[82.6113,25.5094],[82.5281,25.4524],[82.5374,25.4191],[82.5972,25.3884],[82.6201,25.3359],[82.6259,25.2957],[82.558,25.2298],[82.546,25.2048],[82.5427,25.1679],[82.5309,25.1516],[82.6042,25.1495],[82.6482,25.1349],[82.7019,25.1093],[82.7496,25.0716],[82.7651,25.0689],[82.8036,25.0678],[82.8411,25.0839],[82.9073,25.0908],[82.9301,25.0886],[82.998,25.0605],[83.0646,25.1041],[83.1053,25.1038],[83.223,25.0797],[83.2437,25.1156],[83.2603,25.168],[83.2855,25.1927],[83.3943,25.2198],[83.4828,25.2728],[83.5366,25.3318]]]}},{"type":"Feature","properties":{"id":"united-province--azamgarh","name":"Azamgarh","division":"United Province","type":"British districts"},"geometry":{"type":"Polygon","coordinates":[[[83.5219,25.8253],[83.5255,25.8459],[83.4986,25.9083],[83.5018,25.9679],[83.5267,26.0215],[83.5821,26.0801],[83.5282,26.1242],[83.4269,26.186],[83.3296,26.2142],[83.2222,26.2311],[83.1355,26.2331],[83.0796,26.2814],[83.0264,26.3496],[83.0274,26.3376],[82.9707,26.271],[82.9359,26.2708],[82.8636,26.324],[82.8372,26.3304],[82.8193,26.3236],[82.7471,26.2605],[82.6875,26.2516],[82.5988,26.147],[82.5588,26.0322],[82.5656,25.9758],[82.5928,25.9402],[82.6535,25.8885],[82.6548,25.8751],[82.6257,25.831],[82.6289,25.8004],[82.682,25.7929],[82.7454,25.7676],[82.7945,25.6994],[82.8431,25.6569],[82.8703,25.6573],[82.9164,25.6729],[82.9327,25.6967],[82.9474,25.6968],[82.9857,25.6738],[83.0338,25.6721],[83.0747,25.6879],[83.1419,25.7364],[83.1927,25.7278],[83.2347,25.7586],[83.2892,25.8334],[83.4919,25.8074],[83.5219,25.8253]]]}},{"type":"Feature","properties":{"id":"united-province--ghazipur","name":"Ghazipur","division":"United Province","type":"British districts"},"geometry":{"type":"Polygon","coordinates":[[[83.5366,25.3318],[83.5926,25.423],[83.6634,25.4805],[83.7345,25.5782],[83.754,25.6628],[83.6518,25.7653],[83.6101,25.7973],[83.5219,25.8253],[83.4919,25.8074],[83.2892,25.8334],[83.2347,25.7586],[83.1927,25.7278],[83.1419,25.7364],[83.0747,25.6879],[83.0338,25.6721],[82.9738,25.68],[82.9531,25.559],[82.9675,25.523],[82.9845,25.5117],[83.184,25.5053],[83.2505,25.4845],[83.3536,25.3875],[83.4348,25.3372],[83.5366,25.3318]]]}},{"type":"Feature","properties":{"id":"united-province--ballia","name":"Ballia","division":"United Province","type":"British districts"},"geometry":{"type":"Polygon","coordinates":[[[83.9366,26.1587],[83.8276,26.1916],[83.785,26.1847],[83.6699,26.1396],[83.6094,26.1029],[83.55,26.0533],[83.5101,25.9949],[83.4986,25.9083],[83.5255,25.8459],[83.5219,25.8253],[83.6101,25.7973],[83.6518,25.7653],[83.754,25.6628],[83.8208,25.6667],[83.9087,25.6352],[83.9401,25.6345],[83.9845,25.6507],[84.0406,25.7005],[84.0779,25.7101],[84.1438,25.7166],[84.2075,25.7113],[84.2983,25.6842],[84.3416,25.7027],[84.3693,25.7388],[84.4461,25.7836],[84.4539,25.8482],[84.4207,25.8919],[84.3917,25.9056],[84.3187,25.9104],[84.2833,25.9269],[84.2344,25.9715],[84.1527,25.9661],[84.1125,25.9888],[84.0795,26.0537],[84.0374,26.1026],[83.9794,26.1169],[83.9454,26.1356],[83.9366,26.1587]]]}},{"type":"Feature","properties":{"id":"bihar--saran","name":"Saran","division":"Bihar","type":"British districts"},"geometry":{"type":"Polygon","coordinates":[[[84.8306,26.2835],[84.8019,26.2967],[84.7532,26.3355],[84.7343,26.3546],[84.6947,26.4277],[84.6401,26.4726],[84.5553,26.4691],[84.5274,26.4753],[84.5153,26.491],[84.444,26.5178],[84.2783,26.5208],[84.2626,26.5053],[84.2228,26.502],[84.1602,26.5096],[84.0907,26.4809],[84.0592,26.4817],[84.0183,26.4986],[83.9274,26.515],[83.8888,26.5103],[83.8668,26.4987],[83.8537,26.4663],[83.8545,26.4425],[83.9195,26.3803],[83.9869,26.299],[83.9771,26.2404],[83.9375,26.1705],[83.9359,26.1493],[83.9454,26.1356],[83.9794,26.1169],[84.0374,26.1026],[84.0795,26.0537],[84.1125,25.9888],[84.1527,25.9661],[84.2344,25.9715],[84.2833,25.9269],[84.3187,25.9104],[84.3917,25.9056],[84.4207,25.8919],[84.4539,25.8482],[84.4537,25.8291],[84.5476,25.7978],[84.6462,25.7308],[84.6843,25.7259],[84.735,25.7379],[84.9005,25.7018],[85.0693,25.7055],[85.1064,25.6983],[85.1091,25.7692],[85.075,25.8752],[85.0832,25.9605],[85.0635,25.9875],[84.9796,26.0082],[84.904,26.0149],[84.896,26.0226],[84.8818,26.0413],[84.8798,26.0642],[84.8884,26.146],[84.8199,26.2395],[84.8153,26.259],[84.8306,26.2835]]]}},{"type":"Feature","properties":{"id":"bihar--shahabad","name":"Shahabad","division":"Bihar","type":"British districts"},"geometry":{"type":"Polygon","coordinates":[[[84.7245,25.7355],[84.6679,25.7246],[84.6462,25.7308],[84.5476,25.7978],[84.4537,25.8291],[84.4461,25.7836],[84.3693,25.7388],[84.3416,25.7027],[84.2983,25.6842],[84.2075,25.7113],[84.1438,25.7166],[84.0406,25.7005],[83.9845,25.6507],[83.9401,25.6345],[83.9087,25.6352],[83.8208,25.6667],[83.7553,25.6647],[83.7464,25.651],[83.7345,25.5782],[83.7053,25.5361],[83.6634,25.4805],[83.5926,25.423],[83.5393,25.3348],[83.4828,25.2728],[83.3943,25.2198],[83.2855,25.1927],[83.2603,25.168],[83.2437,25.1156],[83.2144,25.0674],[83.1492,25.0069],[83.1514,24.9617],[83.18,24.9221],[83.2149,24.9],[83.2024,24.75],[83.2276,24.7189],[83.2914,24.6821],[83.3059,24.6659],[83.3248,24.5782],[83.3258,24.5159],[83.4478,24.4414],[83.521,24.4364],[83.5821,24.4509],[83.6519,24.4858],[83.7212,24.5434],[83.7488,24.5968],[83.7991,24.6631],[83.92,24.7716],[84.0147,24.9157],[84.0827,24.9637],[84.1389,25.0342],[84.2595,25.1565],[84.5149,25.3325],[84.5808,25.4276],[84.6271,25.524],[84.7022,25.6507],[84.7271,25.7125],[84.7245,25.7355]]]}},{"type":"Feature","properties":{"id":"bihar--gaya","name":"Gaya","division":"Bihar","type":"British districts"},"geometry":{"type":"Polygon","coordinates":[[[85.5272,25.1135],[85.5062,25.0663],[85.4332,25.0549],[85.4064,25.0367],[85.3755,24.994],[85.3179,24.9809],[85.2789,25.0487],[85.2481,25.0603],[85.1723,25.0466],[85.1121,25.0804],[85.0842,25.1124],[85.0318,25.2633],[84.9918,25.2684],[84.9495,25.2435],[84.9023,25.2633],[84.8217,25.2729],[84.7876,25.245],[84.7564,25.1896],[84.6951,25.1623],[84.6565,25.1601],[84.6161,25.18],[84.5361,25.2487],[84.4686,25.2644],[84.4433,25.2809],[84.2595,25.1565],[84.1389,25.0342],[84.0827,24.9637],[84.0147,24.9157],[83.92,24.7716],[83.863,24.7159],[83.9134,24.624],[83.9405,24.5967],[83.9636,24.5868],[83.9587,24.4752],[83.9817,24.4198],[83.9993,24.4055],[84.0158,24.4045],[84.0488,24.4309],[84.0707,24.4879],[84.0842,24.4921],[84.1414,24.4772],[84.1642,24.4801],[84.1983,24.5221],[84.229,24.5173],[84.2407,24.4967],[84.2472,24.4786],[84.2433,24.4056],[84.2489,24.386],[84.3166,24.3463],[84.329,24.347],[84.3522,24.3669],[84.4082,24.3797],[84.4618,24.3699],[84.5053,24.3494],[84.5325,24.3506],[84.5487,24.3602],[84.5538,24.3868],[84.5316,24.4209],[84.5277,24.4411],[84.5388,24.4645],[84.58,24.4548],[84.6063,24.4133],[84.64,24.4282],[84.6653,24.4955],[84.6887,24.4968],[84.7403,24.4615],[84.7615,24.4147],[84.8279,24.3613],[84.8438,24.3568],[84.9718,24.3682],[85.2154,24.4681],[85.2561,24.4916],[85.2874,24.5143],[85.3353,24.5783],[85.3802,24.5674],[85.4203,24.5377],[85.4352,24.5388],[85.4812,24.5788],[85.5005,24.5689],[85.5142,24.5382],[85.5311,24.5363],[85.5473,24.545],[85.5758,24.5707],[85.5308,24.6703],[85.5279,24.7272],[85.5371,24.7627],[85.5721,24.7907],[85.608,24.7931],[85.6367,24.7832],[85.7247,24.6975],[85.7542,24.6798],[85.7797,24.6779],[85.8084,24.6879],[85.8477,24.7105],[85.8735,24.7398],[85.8758,24.7734],[85.849,24.7831],[85.7894,24.8258],[85.7544,24.8626],[85.7432,24.89],[85.7407,24.9498],[85.7173,24.9864],[85.6751,25.0296],[85.673,25.0652],[85.648,25.0978],[85.6346,25.1082],[85.5862,25.104],[85.5272,25.1135]]]}},{"type":"Feature","properties":{"id":"bihar--patna","name":"Patna","division":"Bihar","type":"British districts"},"geometry":{"type":"Polygon","coordinates":[[[85.1064,25.6983],[85.0693,25.7055],[84.9005,25.7018],[84.7245,25.7355],[84.7271,25.7125],[84.7022,25.6507],[84.6271,25.524],[84.5808,25.4276],[84.5149,25.3325],[84.4433,25.2809],[84.4686,25.2644],[84.5361,25.2487],[84.6161,25.18],[84.6565,25.1601],[84.6951,25.1623],[84.7564,25.1896],[84.7876,25.245],[84.8217,25.2729],[84.9023,25.2633],[84.9495,25.2435],[84.9918,25.2684],[85.0166,25.2685],[85.0318,25.2633],[85.0385,25.251],[85.0842,25.1124],[85.1121,25.0804],[85.1723,25.0466],[85.2481,25.0603],[85.2789,25.0487],[85.3096,24.9892],[85.3314,24.9794],[85.3755,24.994],[85.4064,25.0367],[85.4332,25.0549],[85.5062,25.0663],[85.5272,25.1135],[85.5122,25.1406],[85.514,25.1913],[85.5291,25.2157],[85.5468,25.225],[85.6214,25.2385],[85.6719,25.2372],[85.7906,25.2066],[85.8174,25.2159],[85.8288,25.2416],[85.827,25.2866],[85.8416,25.3115],[85.8539,25.3183],[85.8818,25.3174],[85.9647,25.294],[85.9871,25.2971],[85.9953,25.3083],[85.9981,25.3671],[85.9781,25.3904],[85.8999,25.4235],[85.771,25.4514],[85.6983,25.4899],[85.6873,25.512],[85.691,25.5829],[85.5028,25.5545],[85.4534,25.568],[85.4231,25.609],[85.3341,25.6276],[85.306,25.619],[85.2602,25.6252],[85.2108,25.6423],[85.1064,25.6983]]]}},{"type":"Feature","properties":{"id":"bihar--darbhanga","name":"Darbhanga","division":"Bihar","type":"British districts"},"geometry":{"type":"Polygon","coordinates":[[[86.6982,26.4802],[86.6066,26.4859],[86.3685,26.6363],[86.3244,26.6422],[86.2049,26.6294],[86.1262,26.6439],[86.0353,26.6818],[85.9908,26.6841],[85.9182,26.6685],[85.8983,26.6394],[85.8471,26.6126],[85.7951,26.619],[85.7757,26.6286],[85.7603,26.4899],[85.7692,26.4504],[85.7913,26.418],[85.7925,26.3971],[85.731,26.3228],[85.7153,26.2498],[85.6979,26.2147],[85.6808,26.1092],[85.5897,25.876],[85.5587,25.8315],[85.4828,25.6827],[85.4244,25.6174],[85.4314,25.5966],[85.4534,25.568],[85.5028,25.5545],[85.6155,25.5676],[85.657,25.5825],[85.706,25.5831],[85.8954,25.6427],[85.9302,25.6637],[85.9526,25.7026],[86.0034,25.728],[86.048,25.7142],[86.0679,25.6541],[86.0881,25.6299],[86.1188,25.619],[86.1716,25.6211],[86.2558,25.6844],[86.2907,25.6845],[86.3429,25.7078],[86.3686,25.7518],[86.3539,25.767],[86.3359,25.808],[86.342,25.8543],[86.444,25.9934],[86.4466,26.0116],[86.4189,26.0571],[86.4211,26.1036],[86.4446,26.1343],[86.6161,26.231],[86.6685,26.3145],[86.6982,26.4802]]]}},{"type":"Feature","properties":{"id":"bihar--monghyr","name":"Monghyr","division":"Bihar","type":"British districts"},"geometry":{"type":"Polygon","coordinates":[[[86.5889,24.4309],[86.5828,24.5311],[86.5575,24.567],[86.5233,24.5902],[86.5093,24.6146],[86.5141,24.6496],[86.5332,24.6885],[86.5346,24.7527],[86.5056,24.8074],[86.5079,24.873],[86.5144,24.8845],[86.5585,24.8839],[86.6112,24.8663],[86.6513,24.873],[86.6759,24.8866],[86.7215,24.9502],[86.7309,24.9996],[86.7307,25.0852],[86.7704,25.1429],[86.7848,25.2103],[86.7783,25.2794],[86.7852,25.3015],[86.8261,25.3456],[86.8429,25.3824],[86.838,25.4351],[86.7901,25.5642],[86.7775,25.5787],[86.6776,25.6179],[86.6326,25.6131],[86.5677,25.6438],[86.5197,25.6476],[86.4724,25.667],[86.4414,25.6694],[86.407,25.7182],[86.3686,25.7518],[86.3429,25.7078],[86.2907,25.6845],[86.2558,25.6844],[86.1716,25.6211],[86.1188,25.619],[86.0881,25.6299],[86.0679,25.6541],[86.048,25.7142],[86.0034,25.728],[85.9526,25.7026],[85.9302,25.6637],[85.8954,25.6427],[85.7598,25.5961],[85.691,25.5829],[85.6873,25.512],[85.6983,25.4899],[85.771,25.4514],[85.8999,25.4235],[85.9781,25.3904],[85.9981,25.3671],[85.9953,25.3083],[85.9871,25.2971],[85.9647,25.294],[85.8818,25.3174],[85.8539,25.3183],[85.8416,25.3115],[85.827,25.2866],[85.8288,25.2416],[85.8174,25.2159],[85.7906,25.2066],[85.6719,25.2372],[85.6214,25.2385],[85.5468,25.225],[85.5291,25.2157],[85.514,25.1913],[85.5122,25.1406],[85.5267,25.1136],[85.5862,25.104],[85.6346,25.1082],[85.648,25.0978],[85.673,25.0652],[85.6751,25.0296],[85.7173,24.9864],[85.7407,24.9498],[85.7432,24.89],[85.7631,24.8513],[85.849,24.7831],[85.9336,24.7603],[85.9798,24.7344],[86.0316,24.655],[86.0616,24.6445],[86.088,24.6503],[86.1342,24.6409],[86.1685,24.5982],[86.1774,24.5751],[86.1792,24.5089],[86.1964,24.4634],[86.2598,24.4238],[86.3173,24.4253],[86.3335,24.4188],[86.4094,24.3328],[86.4248,24.3034],[86.5889,24.4309]]]}},{"type":"Feature","properties":{"id":"bihar--hazaribagh","name":"Hazaribagh","division":"Bihar","type":"British districts"},"geometry":{"type":"Polygon","coordinates":[[[85.8758,24.7734],[85.8735,24.7398],[85.8477,24.7105],[85.7797,24.6779],[85.7542,24.6798],[85.7247,24.6975],[85.6367,24.7832],[85.608,24.7931],[85.5721,24.7907],[85.5371,24.7627],[85.5279,24.7272],[85.5308,24.6703],[85.5758,24.5707],[85.5473,24.545],[85.5311,24.5363],[85.5142,24.5382],[85.5005,24.5689],[85.4812,24.5788],[85.4352,24.5388],[85.4203,24.5377],[85.3802,24.5674],[85.3353,24.5783],[85.2874,24.5143],[85.2561,24.4916],[85.2154,24.4681],[84.9718,24.3682],[84.8438,24.3568],[84.8279,24.3613],[84.7615,24.4147],[84.7403,24.4615],[84.6887,24.4968],[84.6653,24.4955],[84.64,24.4282],[84.6063,24.4133],[84.58,24.4548],[84.5388,24.4645],[84.5277,24.4411],[84.5316,24.4209],[84.5538,24.3868],[84.5487,24.3602],[84.5325,24.3506],[84.5053,24.3494],[84.4618,24.3699],[84.4082,24.3797],[84.3522,24.3669],[84.3307,24.3483],[84.3452,24.3073],[84.3325,24.2617],[84.3332,24.2294],[84.389,24.1739],[84.3974,24.1336],[84.4513,24.0809],[84.6469,24.0691],[84.7055,24.0362],[84.7492,24.0008],[84.8016,23.9477],[84.8224,23.9073],[84.8238,23.7937],[84.8641,23.6945],[84.9338,23.6244],[84.989,23.6255],[85.0161,23.5906],[85.0576,23.5699],[85.0792,23.5704],[85.1399,23.6118],[85.1779,23.6254],[85.2181,23.6152],[85.223,23.5855],[85.2093,23.5023],[85.2562,23.433],[85.2877,23.4167],[85.3451,23.4043],[85.4069,23.37],[85.4447,23.3596],[85.48,23.3197],[85.5221,23.3097],[85.5432,23.2856],[85.5849,23.2601],[85.6167,23.2551],[85.6713,23.2846],[85.6763,23.3183],[85.6945,23.3348],[85.7399,23.3082],[85.797,23.3227],[85.8693,23.3176],[85.8782,23.326],[85.8799,23.4008],[85.9062,23.4556],[85.9181,23.5061],[85.9625,23.5325],[86.0126,23.5342],[86.0312,23.5429],[86.0439,23.6175],[86.0692,23.6587],[86.1142,23.6979],[86.1698,23.7269],[86.2094,23.7329],[86.2334,23.7506],[86.2584,23.787],[86.3035,23.8191],[86.378,23.843],[86.4184,23.8866],[86.4575,23.9944],[86.4878,24.1737],[86.4595,24.2442],[86.4094,24.3328],[86.3335,24.4188],[86.3173,24.4253],[86.2598,24.4238],[86.1964,24.4634],[86.1792,24.5089],[86.1774,24.5751],[86.1491,24.6268],[86.1342,24.6409],[86.1109,24.6474],[86.0616,24.6445],[86.0316,24.655],[85.9798,24.7344],[85.9336,24.7603],[85.8758,24.7734]]]}},{"type":"Feature","properties":{"id":"bihar--ranchi","name":"Ranchi","division":"Bihar","type":"British districts"},"geometry":{"type":"Polygon","coordinates":[[[85.8693,23.3176],[85.797,23.3227],[85.7399,23.3082],[85.6945,23.3348],[85.6763,23.3183],[85.6713,23.2846],[85.6167,23.2551],[85.5849,23.2601],[85.5432,23.2856],[85.5221,23.3097],[85.48,23.3197],[85.4447,23.3596],[85.4069,23.37],[85.3451,23.4043],[85.2877,23.4167],[85.2562,23.433],[85.2093,23.5023],[85.223,23.5855],[85.2181,23.6152],[85.1962,23.6242],[85.1779,23.6254],[85.1399,23.6118],[85.0792,23.5704],[85.0576,23.5699],[85.0161,23.5906],[84.989,23.6255],[84.9338,23.6244],[84.9528,23.5242],[84.9387,23.4797],[84.9126,23.4501],[84.8482,23.4329],[84.8159,23.4322],[84.7241,23.45],[84.7025,23.4599],[84.6762,23.4892],[84.567,23.5223],[84.5103,23.5265],[84.3417,23.5063],[84.3181,23.4672],[84.3301,23.3869],[84.3147,23.3751],[84.2617,23.3768],[84.2507,23.3626],[84.2505,23.3164],[84.2399,23.2857],[84.2307,23.2749],[84.1729,23.2513],[84.1594,23.223],[84.1563,23.1891],[84.1445,23.1727],[84.011,23.1664],[84.0462,23.1271],[84.0653,23.0679],[84.0914,23.019],[84.0979,22.9831],[84.1226,22.9509],[84.1924,22.9054],[84.2301,22.8214],[84.1893,22.7646],[84.1793,22.7119],[84.1775,22.6279],[84.1619,22.6039],[83.968,22.4681],[83.9102,22.4181],[84.0854,22.267],[84.1212,22.255],[84.1778,22.2561],[84.4102,22.3066],[84.4846,22.3022],[84.5524,22.2883],[84.6512,22.2611],[84.7085,22.2306],[84.7578,22.2163],[84.821,22.2252],[84.8601,22.2399],[84.9273,22.284],[84.9804,22.2807],[84.9979,22.2632],[85.0097,22.2784],[85.0018,22.3517],[85.0328,22.415],[85.0272,22.5752],[85.0519,22.6077],[85.0775,22.6231],[85.1958,22.625],[85.2384,22.6355],[85.3628,22.6917],[85.4453,22.7193],[85.5273,22.7168],[85.5322,22.7429],[85.5993,22.8007],[85.6564,22.8068],[85.6791,22.7719],[85.7401,22.9538],[85.7374,22.9829],[85.6927,23.0544],[85.6937,23.0673],[85.7039,23.0831],[85.7765,23.1366],[85.7996,23.1857],[85.8159,23.2672],[85.8693,23.3176]]]}},{"type":"Feature","properties":{"id":"orissa--kharsawan","name":"Kharsawan","division":"Orissa","type":"Princely states"},"geometry":{"type":"Polygon","coordinates":[[[85.7325,22.7424],[85.7048,22.7426],[85.6564,22.8068],[85.5993,22.8007],[85.5322,22.7429],[85.5271,22.6766],[85.5507,22.6268],[85.6339,22.5616],[85.7041,22.6336],[85.7169,22.6611],[85.7325,22.7424]]]}},{"type":"Feature","properties":{"id":"bihar--manbhum","name":"Manbhum","division":"Bihar","type":"British districts"},"geometry":{"type":"Polygon","coordinates":[[[86.6999,23.68],[86.599,23.6925],[86.5236,23.7218],[86.4511,23.7709],[86.3709,23.8415],[86.3035,23.8191],[86.2584,23.787],[86.2334,23.7506],[86.2094,23.7329],[86.1698,23.7269],[86.1142,23.6979],[86.0692,23.6587],[86.0439,23.6175],[86.0312,23.5429],[86.0126,23.5342],[85.9625,23.5325],[85.9181,23.5061],[85.9062,23.4556],[85.8799,23.4008],[85.8782,23.326],[85.8159,23.2672],[85.7996,23.1857],[85.7765,23.1366],[85.7039,23.0831],[85.6937,23.0673],[85.6927,23.0544],[85.7374,22.9829],[85.7401,22.9538],[85.6822,22.7668],[85.7048,22.7426],[85.8379,22.7463],[85.8774,22.7435],[85.919,22.7293],[85.9596,22.7025],[85.9843,22.6682],[85.9898,22.6422],[86.052,22.6304],[86.279,22.6109],[86.3723,22.6167],[86.5134,22.6411],[86.5209,22.7293],[86.5432,22.7683],[86.6174,22.8335],[86.6345,22.8764],[86.6237,23.038],[86.638,23.1801],[86.6654,23.2526],[86.7177,23.2896],[86.7204,23.4067],[86.7606,23.4786],[86.7675,23.5388],[86.7489,23.5869],[86.6973,23.6445],[86.6999,23.68]]]}},{"type":"Feature","properties":{"id":"bengal--bankura","name":"Bankura","division":"Bengal","type":"British districts"},"geometry":{"type":"Polygon","coordinates":[[[87.6199,23.1168],[87.6325,23.1976],[87.6257,23.2329],[87.5847,23.2432],[87.5222,23.2142],[87.49,23.2233],[87.4433,23.3017],[87.4303,23.3116],[87.3444,23.312],[87.3044,23.3334],[87.2038,23.4644],[87.1275,23.5075],[87.0043,23.5278],[86.9221,23.5159],[86.9018,23.5311],[86.858,23.5345],[86.8232,23.5236],[86.7664,23.5257],[86.7522,23.4538],[86.7204,23.4067],[86.7177,23.2896],[86.6654,23.2526],[86.638,23.1801],[86.6237,23.038],[86.6345,22.8764],[86.6174,22.8335],[86.5432,22.7683],[86.5209,22.7293],[86.5118,22.6216],[86.5848,22.6174],[86.669,22.6586],[86.815,22.6569],[87.0354,22.8168],[87.2441,22.9015],[87.2987,22.8902],[87.3757,22.8503],[87.4889,22.8314],[87.5372,22.8005],[87.5365,22.8237],[87.6199,23.1168]]]}},{"type":"Feature","properties":{"id":"bengal--birbhum","name":"Birbhum","division":"Bengal","type":"British districts"},"geometry":{"type":"Polygon","coordinates":[[[87.919,23.7574],[87.9059,23.77],[87.8734,23.8425],[87.871,23.9181],[87.8452,23.9513],[87.8596,23.9952],[87.8822,24.013],[87.9006,24.0439],[87.9063,24.1526],[87.9579,24.2807],[87.9593,24.3165],[87.9506,24.3441],[87.8301,24.4866],[87.7911,24.5194],[87.7471,24.4998],[87.6403,24.4808],[87.6244,24.4609],[87.6217,24.4188],[87.6383,24.4005],[87.689,24.3835],[87.7038,24.3625],[87.7055,24.3341],[87.6966,24.3067],[87.6586,24.2506],[87.6063,24.2198],[87.5878,24.1889],[87.5685,24.103],[87.5329,24.0848],[87.4751,24.0911],[87.429,24.0751],[87.4012,24.0266],[87.3467,23.9718],[87.3018,23.9528],[87.2094,23.9504],[87.1791,23.9388],[87.16,23.8669],[87.1268,23.8243],[87.0635,23.804],[87.0057,23.7644],[87.0596,23.6856],[87.0778,23.6757],[87.2118,23.6573],[87.2338,23.6471],[87.2825,23.5711],[87.3299,23.5455],[87.3931,23.5425],[87.4293,23.5529],[87.523,23.5404],[87.5697,23.5175],[87.7102,23.4841],[87.7889,23.4528],[87.8102,23.4588],[87.8582,23.5119],[87.9229,23.5248],[87.929,23.5707],[87.9236,23.593],[87.8869,23.6476],[87.8781,23.6744],[87.8936,23.7372],[87.919,23.7574]]]}},{"type":"Feature","properties":{"id":"bengal--murshidabad","name":"Murshidabad","division":"Bengal","type":"British districts"},"geometry":{"type":"Polygon","coordinates":[[[88.417,24.4052],[88.1573,24.4954],[88.0265,24.5692],[87.9852,24.6163],[87.9419,24.6941],[87.9355,24.7311],[87.9403,24.775],[87.8927,24.7717],[87.8601,24.7557],[87.7896,24.7411],[87.7493,24.7592],[87.7548,24.6797],[87.7992,24.5715],[87.7911,24.5194],[87.8301,24.4866],[87.9506,24.3441],[87.9593,24.3165],[87.9579,24.2807],[87.9063,24.1526],[87.9006,24.0439],[87.8822,24.013],[87.8596,23.9952],[87.8467,23.966],[87.8514,23.9367],[87.871,23.9181],[87.8734,23.8425],[87.9059,23.77],[87.9758,23.7034],[88.0293,23.6876],[88.1449,23.6819],[88.1911,23.6469],[88.212,23.6423],[88.237,23.6626],[88.2722,23.7145],[88.3029,23.709],[88.3348,23.6843],[88.359,23.6815],[88.424,23.7119],[88.4151,23.7484],[88.4197,23.7926],[88.4308,23.8103],[88.4602,23.9268],[88.473,23.9356],[88.5295,23.928],[88.5598,23.9514],[88.591,24.0039],[88.5684,24.1174],[88.5822,24.2115],[88.5764,24.2956],[88.5333,24.3836],[88.4892,24.3979],[88.417,24.4052]]]}},{"type":"Feature","properties":{"id":"bengal--burdwan","name":"Burdwan","division":"Bengal","type":"British districts"},"geometry":{"type":"Polygon","coordinates":[[[88.0747,23.6853],[87.9903,23.6951],[87.919,23.7574],[87.8936,23.7372],[87.8781,23.6744],[87.8869,23.6476],[87.9236,23.593],[87.929,23.5707],[87.9229,23.5248],[87.8582,23.5119],[87.8102,23.4588],[87.7889,23.4528],[87.7102,23.4841],[87.5697,23.5175],[87.523,23.5404],[87.4293,23.5529],[87.3931,23.5425],[87.3299,23.5455],[87.2825,23.5711],[87.2338,23.6471],[87.2118,23.6573],[87.0778,23.6757],[87.0596,23.6856],[87.0057,23.7644],[86.9913,23.7546],[86.9497,23.7522],[86.7899,23.7844],[86.7548,23.7702],[86.7232,23.7443],[86.7062,23.7089],[86.6973,23.6445],[86.7489,23.5869],[86.7664,23.5257],[86.8232,23.5236],[86.858,23.5345],[86.9018,23.5311],[86.9221,23.5159],[87.0043,23.5278],[87.1275,23.5075],[87.2038,23.4644],[87.3044,23.3334],[87.3444,23.312],[87.4303,23.3116],[87.4433,23.3017],[87.49,23.2233],[87.5222,23.2142],[87.5847,23.2432],[87.6257,23.2329],[87.6325,23.1976],[87.6199,23.1168],[87.6447,23.104],[87.6933,23.0487],[87.7321,23.0296],[87.7788,22.9872],[87.8066,22.9709],[87.8429,22.9679],[87.9173,22.9721],[87.9327,22.9839],[87.9554,23.0609],[87.9865,23.0997],[88.0471,23.1378],[88.1162,23.1582],[88.1664,23.1633],[88.2667,23.2116],[88.2713,23.3246],[88.2629,23.3471],[88.2524,23.3719],[88.2104,23.4234],[88.1989,23.4906],[88.1565,23.5175],[88.1125,23.5276],[88.0998,23.5379],[88.0928,23.5518],[88.1054,23.6233],[88.0747,23.6853]]]}},{"type":"Feature","properties":{"id":"bengal--hooghly","name":"Hooghly","division":"Bengal","type":"British districts"},"geometry":{"type":"Polygon","coordinates":[[[88.4488,22.9198],[88.3876,23.1228],[88.3412,23.1756],[88.3073,23.202],[88.2677,23.2119],[88.1664,23.1633],[88.1162,23.1582],[88.0471,23.1378],[87.9865,23.0997],[87.9554,23.0609],[87.9327,22.9839],[87.9173,22.9721],[87.8066,22.9709],[87.7321,23.0296],[87.6933,23.0487],[87.6447,23.104],[87.6199,23.1168],[87.5365,22.8237],[87.5372,22.8005],[87.6607,22.6844],[87.7716,22.6205],[87.7937,22.5757],[87.8184,22.6352],[87.824,22.67],[87.8344,22.684],[87.8493,22.6884],[87.9,22.6631],[87.9272,22.6623],[87.9567,22.669],[87.9757,22.6851],[88.0074,22.6909],[88.0459,22.6807],[88.1173,22.6191],[88.1418,22.6143],[88.2237,22.6531],[88.2693,22.6234],[88.3459,22.7235],[88.359,22.7864],[88.4035,22.8445],[88.4334,22.9087],[88.4488,22.9198]]]}},{"type":"Feature","properties":{"id":"bengal--nadia","name":"Nadia","division":"Bengal","type":"British districts"},"geometry":{"type":"Polygon","coordinates":[[[88.4415,23.6839],[88.424,23.7119],[88.359,23.6815],[88.3348,23.6843],[88.3029,23.709],[88.2722,23.7145],[88.237,23.6626],[88.212,23.6423],[88.1911,23.6469],[88.1449,23.6819],[88.0747,23.6853],[88.1054,23.6233],[88.0928,23.5518],[88.1125,23.5276],[88.1565,23.5175],[88.1989,23.4906],[88.2104,23.4234],[88.2524,23.3719],[88.2713,23.3246],[88.2667,23.2116],[88.3073,23.202],[88.3412,23.1756],[88.3876,23.1228],[88.4488,22.9198],[88.4647,22.925],[88.5286,22.9188],[88.5867,22.9004],[88.6312,22.8761],[88.6649,22.8717],[88.6938,22.872],[88.7588,22.8993],[88.8172,22.9047],[88.7979,22.9445],[88.7409,22.9925],[88.7143,23.0482],[88.7135,23.0711],[88.7289,23.1341],[88.8021,23.2108],[88.8155,23.2338],[88.8165,23.2649],[88.8049,23.2855],[88.7827,23.2898],[88.6743,23.2806],[88.6156,23.2918],[88.5689,23.3153],[88.5716,23.3602],[88.6162,23.4323],[88.6493,23.5207],[88.534,23.5953],[88.4711,23.6664],[88.4415,23.6839]]]}},{"type":"Feature","properties":{"id":"bengal--dinajpur","name":"Dinajpur","division":"Bengal","type":"British districts"},"geometry":{"type":"Polygon","coordinates":[[[88.732,25.2501],[88.7846,25.2348],[88.8145,25.2432],[88.8833,25.3544],[88.8765,25.3787],[88.7973,25.4147],[88.7345,25.4176],[88.6968,25.4376],[88.6718,25.471],[88.6959,25.5174],[88.6794,25.5395],[88.6501,25.5413],[88.5776,25.5146],[88.5451,25.513],[88.5121,25.5184],[88.4683,25.5435],[88.4395,25.5628],[88.3277,25.6966],[88.2006,25.8031],[88.0577,25.815],[88.0206,25.559],[88.0195,25.4491],[87.9851,25.4042],[87.9538,25.3857],[87.9914,25.3312],[87.9996,25.2494],[88.0183,25.2075],[88.0317,25.195],[88.0579,25.1863],[88.1653,25.1837],[88.2351,25.164],[88.265,25.1683],[88.3117,25.1908],[88.3611,25.1914],[88.3811,25.2604],[88.3946,25.2676],[88.6681,25.2444],[88.732,25.2501]]]}},{"type":"Feature","properties":{"id":"bihar--purnea","name":"Purnea","division":"Bihar","type":"British districts"},"geometry":{"type":"Polygon","coordinates":[[[88.38,26.353],[88.4651,26.3952],[88.4746,26.425],[88.4622,26.4415],[88.4272,26.4626],[88.3043,26.5083],[88.2976,26.5296],[88.0581,26.4834],[88.0057,26.4836],[87.9171,26.4176],[87.8885,26.4296],[87.8663,26.4528],[87.8471,26.5146],[87.8173,26.5173],[87.6923,26.4992],[87.6574,26.4789],[87.5535,26.4505],[87.516,26.4539],[87.4803,26.4747],[87.4369,26.4609],[87.2397,26.4275],[87.164,26.4294],[87.1043,26.4427],[87.1181,26.2785],[87.1314,26.2109],[87.1014,26.1266],[87.1013,26.1039],[87.1211,26.0535],[87.1207,26.004],[87.082,25.9182],[87.0515,25.8954],[87.0317,25.8468],[87.0353,25.8288],[87.0605,25.785],[87.077,25.7709],[87.0908,25.7379],[87.0925,25.7088],[87.0715,25.6639],[87.1039,25.6223],[87.1032,25.6082],[87.0689,25.5546],[87.0677,25.5349],[87.1133,25.4314],[87.0884,25.3777],[87.1084,25.3145],[87.1223,25.3056],[87.154,25.3036],[87.196,25.2655],[87.3729,25.2788],[87.3997,25.2751],[87.4306,25.2506],[87.5341,25.2459],[87.545,25.2386],[87.5556,25.2137],[87.5524,25.1907],[87.5311,25.165],[87.5117,25.1582],[87.5753,25.1329],[87.6552,25.1157],[87.7576,25.1061],[87.7628,25.2138],[87.781,25.2531],[87.813,25.2912],[87.8755,25.3393],[87.9851,25.4042],[88.0195,25.4491],[88.0206,25.559],[88.0577,25.815],[88.0246,25.8279],[88.0134,25.8442],[88.002,25.8934],[88.0166,25.9662],[88.0436,26.0096],[88.0994,26.1349],[88.1093,26.1528],[88.132,26.1695],[88.2489,26.2115],[88.2832,26.2494],[88.3189,26.2648],[88.3582,26.3116],[88.38,26.353]]]}},{"type":"Feature","properties":{"id":"bengal--malda","name":"Malda","division":"Bengal","type":"British districts"},"geometry":{"type":"Polygon","coordinates":[[[88.3125,25.0477],[88.349,25.1142],[88.3611,25.1914],[88.3117,25.1908],[88.265,25.1683],[88.2351,25.164],[88.1653,25.1837],[88.0579,25.1863],[88.0317,25.195],[88.0183,25.2075],[87.9996,25.2494],[87.9914,25.3312],[87.9538,25.3857],[87.8755,25.3393],[87.813,25.2912],[87.781,25.2531],[87.7628,25.2138],[87.7576,25.1056],[87.7908,24.9799],[87.786,24.9197],[87.7653,24.8552],[87.7493,24.7592],[87.7896,24.7411],[87.8601,24.7557],[87.8927,24.7717],[87.9403,24.775],[87.9528,24.8095],[88.014,24.8522],[88.0311,24.9518],[88.0513,24.9605],[88.1033,24.9641],[88.1311,24.9593],[88.1372,24.9497],[88.1785,24.9314],[88.2374,24.9649],[88.3125,25.0477]]]}},{"type":"Feature","properties":{"id":"bihar--santhal-parganas","name":"Santhal Parganas","division":"Bihar","type":"British districts"},"geometry":{"type":"Polygon","coordinates":[[[87.7576,25.1061],[87.6552,25.1157],[87.5753,25.1329],[87.5117,25.1582],[87.4569,25.1375],[87.4422,25.1154],[87.4267,25.0398],[87.3963,25.0077],[87.3856,25.0094],[87.3479,25.05],[87.3197,25.0467],[87.3146,25.0125],[87.3022,24.9966],[87.2276,24.9796],[87.145,24.99],[87.1019,24.9624],[87.0773,24.9249],[87.078,24.9093],[87.0973,24.8766],[87.0791,24.7947],[87.0017,24.659],[86.9743,24.6315],[86.9292,24.5645],[86.9349,24.5033],[86.9201,24.4621],[86.8378,24.4573],[86.8127,24.4204],[86.7417,24.4041],[86.7226,24.4233],[86.5921,24.4463],[86.5889,24.4309],[86.4248,24.3034],[86.4677,24.2277],[86.4878,24.1737],[86.4575,23.9944],[86.4184,23.8866],[86.3709,23.8415],[86.4511,23.7709],[86.5236,23.7218],[86.599,23.6925],[86.6999,23.68],[86.7232,23.7443],[86.7548,23.7702],[86.7899,23.7844],[86.9497,23.7522],[86.9913,23.7546],[87.0635,23.804],[87.1268,23.8243],[87.16,23.8669],[87.1791,23.9388],[87.2094,23.9504],[87.3018,23.9528],[87.3467,23.9718],[87.4012,24.0266],[87.429,24.0751],[87.4751,24.0911],[87.5329,24.0848],[87.5685,24.103],[87.5878,24.1889],[87.6063,24.2198],[87.6586,24.2506],[87.6966,24.3067],[87.7055,24.3341],[87.7038,24.3625],[87.689,24.3835],[87.6383,24.4005],[87.6217,24.4188],[87.6244,24.4609],[87.6403,24.4808],[87.7471,24.4998],[87.7923,24.5199],[87.7992,24.5715],[87.7548,24.6797],[87.7489,24.7564],[87.7653,24.8552],[87.786,24.9197],[87.7908,24.9799],[87.7576,25.1061]]]}},{"type":"Feature","properties":{"id":"bihar--bhagalpur","name":"Bhagalpur","division":"Bihar","type":"British districts"},"geometry":{"type":"Polygon","coordinates":[[[87.1043,26.4427],[87.0787,26.452],[87.0646,26.4674],[87.0453,26.6069],[87.0202,26.6174],[86.9802,26.6113],[86.9415,26.5298],[86.9082,26.4996],[86.8642,26.4797],[86.7915,26.474],[86.6982,26.4802],[86.6685,26.3145],[86.6161,26.231],[86.4446,26.1343],[86.4211,26.1036],[86.4189,26.0571],[86.4466,26.0116],[86.444,25.9934],[86.3384,25.8411],[86.3359,25.808],[86.3539,25.767],[86.407,25.7182],[86.4414,25.6694],[86.4724,25.667],[86.5197,25.6476],[86.5677,25.6438],[86.6326,25.6131],[86.6776,25.6179],[86.7775,25.5787],[86.7996,25.5429],[86.838,25.4351],[86.8429,25.3824],[86.8261,25.3456],[86.7852,25.3015],[86.7783,25.2794],[86.7848,25.2103],[86.7704,25.1429],[86.7307,25.0852],[86.7309,24.9996],[86.7215,24.9502],[86.6759,24.8866],[86.6513,24.873],[86.6112,24.8663],[86.5585,24.8839],[86.5144,24.8845],[86.5079,24.873],[86.5056,24.8074],[86.5346,24.7527],[86.5332,24.6885],[86.5141,24.6496],[86.5093,24.6146],[86.5233,24.5902],[86.5575,24.567],[86.5828,24.5311],[86.5921,24.4463],[86.7226,24.4233],[86.7417,24.4041],[86.8127,24.4204],[86.8378,24.4573],[86.9201,24.4621],[86.9349,24.5033],[86.9292,24.5645],[86.9743,24.6315],[87.0017,24.659],[87.0791,24.7947],[87.0973,24.8766],[87.078,24.9093],[87.0773,24.9249],[87.1019,24.9624],[87.145,24.99],[87.2276,24.9796],[87.3022,24.9966],[87.3146,25.0125],[87.3197,25.0467],[87.3479,25.05],[87.3856,25.0094],[87.3963,25.0077],[87.4267,25.0398],[87.4422,25.1154],[87.4569,25.1375],[87.5311,25.165],[87.5524,25.1907],[87.5556,25.2137],[87.545,25.2386],[87.5341,25.2459],[87.4306,25.2506],[87.3997,25.2751],[87.3729,25.2788],[87.196,25.2655],[87.154,25.3036],[87.1223,25.3056],[87.1084,25.3145],[87.0884,25.3777],[87.1133,25.4314],[87.0677,25.5349],[87.0689,25.5546],[87.1032,25.6082],[87.1039,25.6223],[87.0715,25.6639],[87.0925,25.7088],[87.0908,25.7379],[87.077,25.7709],[87.0605,25.785],[87.0353,25.8288],[87.0317,25.8468],[87.0515,25.8954],[87.082,25.9182],[87.1207,26.004],[87.1211,26.0535],[87.1013,26.1039],[87.1014,26.1266],[87.1314,26.2109],[87.1181,26.2785],[87.1043,26.4427]]]}},{"type":"Feature","properties":{"id":"bengal--darjeeling","name":"Darjeeling","division":"Bengal","type":"British districts"},"geometry":{"type":"Polygon","coordinates":[[[88.8122,27.2289],[88.6469,27.2176],[88.595,27.2281],[88.4949,27.2803],[88.4566,27.2893],[88.3981,27.2792],[88.2817,27.2146],[88.2215,27.2222],[88.1672,27.2468],[88.1001,27.2638],[87.9486,27.2524],[87.9376,27.1298],[88.0715,27.0054],[88.1306,26.8834],[88.1142,26.698],[88.0817,26.6211],[88.0057,26.4836],[88.0581,26.4834],[88.2976,26.5296],[88.3137,26.5779],[88.3601,26.6052],[88.3898,26.6023],[88.4192,26.6561],[88.4571,26.6929],[88.4805,26.731],[88.5444,26.8696],[88.569,26.9001],[88.5981,26.9066],[88.6906,26.9003],[88.715,26.911],[88.8033,27.0141],[88.8858,27.0781],[88.9315,27.1036],[88.93,27.1375],[88.9016,27.1704],[88.8271,27.1958],[88.8166,27.2044],[88.8122,27.2289]]]}},{"type":"Feature","properties":{"id":"bengal--jalpaiguri","name":"Jalpaiguri","division":"Bengal","type":"British districts"},"geometry":{"type":"Polygon","coordinates":[[[88.595,26.4434],[88.5944,26.4142],[88.7175,26.4841],[88.8418,26.5019],[88.8753,26.4948],[88.8916,26.4824],[88.9877,26.4664],[89.0068,26.4864],[89.1936,26.446],[89.2643,26.4613],[89.5487,26.4261],[89.5574,26.4564],[89.6055,26.547],[89.6122,26.5987],[89.6042,26.7543],[89.5647,26.7483],[89.5451,26.7579],[89.5409,26.7743],[89.5433,26.7928],[89.5851,26.8165],[89.6007,26.8317],[89.6016,26.8466],[89.5651,26.8636],[89.4172,26.8838],[89.3744,26.9089],[89.2127,26.8637],[89.1542,26.8725],[89.0766,26.9536],[89.033,27.0153],[88.9396,27.0389],[88.9315,27.1036],[88.8858,27.0781],[88.8033,27.0141],[88.715,26.911],[88.6906,26.9003],[88.5981,26.9066],[88.569,26.9001],[88.5444,26.8696],[88.4805,26.731],[88.4571,26.6929],[88.4192,26.6561],[88.39,26.6027],[88.466,26.5588],[88.5239,26.499],[88.5814,26.4676],[88.595,26.4434]]]}},{"type":"Feature","properties":{"id":"bengal--cooch-behar","name":"Cooch Behar","division":"Bengal","type":"Princely states"},"geometry":{"type":"MultiPolygon","coordinates":[[[[88.7373,26.1336],[88.7934,26.1676],[88.7963,26.1917],[88.7788,26.2197],[88.7231,26.2064],[88.7198,26.1616],[88.7373,26.1336]]],[[[88.9623,26.3281],[88.8522,26.4247],[88.8504,26.456],[88.8619,26.476],[88.8917,26.4824],[88.8753,26.4948],[88.8093,26.5013],[88.7175,26.4841],[88.5944,26.4142],[88.5899,26.3895],[88.5482,26.3094],[88.5474,26.2426],[88.5581,26.2274],[88.6361,26.189],[88.6564,26.1952],[88.6528,26.2963],[88.7216,26.3618],[88.7635,26.3636],[88.845,26.3368],[88.8687,26.318],[88.9001,26.3079],[88.9352,26.3079],[88.9601,26.3196],[88.9623,26.3281]]],[[[89.5487,26.4261],[89.2643,26.4613],[89.1936,26.446],[89.0068,26.4864],[88.9877,26.4664],[89.0035,26.4607],[89.0469,26.4118],[89.0932,26.2805],[89.1021,26.205],[89.1531,26.1865],[89.2406,26.1062],[89.3304,26.0971],[89.4106,26.0643],[89.5111,26.0364],[89.5509,26.1504],[89.5502,26.262],[89.5793,26.2929],[89.5392,26.3468],[89.5347,26.3772],[89.5487,26.4261]]]]}},{"type":"Feature","properties":{"id":"sikkim--sikkim","name":"Sikkim","division":"Sikkim","type":"Princely states"},"geometry":{"type":"Polygon","coordinates":[[[88.1638,27.8488],[88.1483,27.7875],[88.0858,27.6217],[88.0094,27.4913],[88.0042,27.3706],[87.9889,27.3191],[87.9562,27.2987],[87.9486,27.2524],[88.1001,27.2638],[88.1672,27.2468],[88.2215,27.2222],[88.2817,27.2146],[88.3981,27.2792],[88.4566,27.2893],[88.4949,27.2803],[88.595,27.2281],[88.6469,27.2176],[88.8122,27.2289],[88.8157,27.2561],[88.859,27.306],[88.8513,27.3362],[88.7697,27.44],[88.7447,27.4857],[88.7306,27.5492],[88.8403,27.8099],[88.7807,28.0232],[88.69,28.085],[88.6438,28.1028],[88.6124,28.1058],[88.4306,28.0219],[88.215,27.9777],[88.1693,27.9304],[88.1735,27.8487],[88.1638,27.8488]]]}},{"type":"Feature","properties":{"id":"bihar--muzaffarpur","name":"Muzaffarpur","division":"Bihar","type":"British districts"},"geometry":{"type":"Polygon","coordinates":[[[85.7757,26.6286],[85.7474,26.6427],[85.7377,26.6647],[85.736,26.7169],[85.7021,26.8034],[85.6084,26.8578],[85.5456,26.8768],[85.4947,26.8676],[85.4498,26.8106],[85.396,26.7851],[85.2894,26.7764],[85.2313,26.7024],[85.2141,26.6518],[85.1594,26.6139],[85.1509,26.5549],[85.1369,26.5474],[85.0728,26.5456],[85.0476,26.5197],[85.0614,26.4796],[85.0955,26.4367],[85.0999,26.4059],[85.1167,26.3905],[85.1617,26.383],[85.1666,26.3663],[85.1511,26.3426],[85.0137,26.3396],[84.8344,26.2896],[84.8153,26.259],[84.8272,26.2226],[84.8528,26.2003],[84.8884,26.146],[84.8798,26.0642],[84.8818,26.0413],[84.896,26.0226],[84.904,26.0149],[84.9796,26.0082],[85.0635,25.9875],[85.0832,25.9605],[85.075,25.8752],[85.1091,25.7692],[85.1064,25.6983],[85.2108,25.6423],[85.306,25.619],[85.3341,25.6276],[85.4231,25.609],[85.4287,25.6247],[85.4715,25.6665],[85.5587,25.8315],[85.5897,25.876],[85.6382,25.9866],[85.6639,26.0792],[85.6808,26.1092],[85.6979,26.2147],[85.7153,26.2498],[85.731,26.3228],[85.7925,26.3971],[85.7913,26.418],[85.7692,26.4504],[85.7603,26.4899],[85.7757,26.6286]]]}},{"type":"Feature","properties":{"id":"bihar--champaran","name":"Champaran","division":"Bihar","type":"British districts"},"geometry":{"type":"Polygon","coordinates":[[[85.2894,26.7764],[85.2282,26.795],[85.2059,26.8109],[85.1878,26.8441],[85.1655,26.86],[85.05,26.8813],[85.0263,26.8972],[84.9975,26.9443],[84.9515,26.976],[84.8357,26.9972],[84.6665,27.0588],[84.6288,27.0969],[84.6224,27.1294],[84.6575,27.2904],[84.6464,27.3148],[84.5525,27.364],[84.48,27.3844],[84.3364,27.3823],[84.2469,27.4227],[84.2152,27.4248],[84.1471,27.4697],[84.0818,27.4669],[84.0025,27.44],[83.8925,27.4448],[83.8474,27.4287],[83.8651,27.3849],[83.8691,27.3514],[83.8318,27.3502],[83.7873,27.382],[83.8109,27.1189],[83.8432,27.0753],[83.8887,27.0475],[83.9519,27.0435],[84.0004,27.0202],[84.0326,26.9601],[84.0809,26.9024],[84.1111,26.8838],[84.1269,26.8342],[84.1352,26.7566],[84.2696,26.576],[84.2783,26.5208],[84.444,26.5178],[84.5153,26.491],[84.5274,26.4753],[84.5553,26.4691],[84.6401,26.4726],[84.6947,26.4277],[84.7343,26.3546],[84.7532,26.3355],[84.8019,26.2967],[84.8306,26.2835],[85.0137,26.3396],[85.1511,26.3426],[85.1631,26.3545],[85.1617,26.383],[85.1167,26.3905],[85.0999,26.4059],[85.0955,26.4367],[85.0614,26.4796],[85.0476,26.5197],[85.0728,26.5456],[85.1369,26.5474],[85.1509,26.5549],[85.1594,26.6139],[85.2141,26.6518],[85.2313,26.7024],[85.2894,26.7764]]]}},{"type":"Feature","properties":{"id":"united-province--gorakhpur","name":"Gorakhpur","division":"United Province","type":"British districts"},"geometry":{"type":"Polygon","coordinates":[[[83.9366,26.1587],[83.9771,26.2404],[83.9869,26.299],[83.9195,26.3803],[83.8545,26.4425],[83.8537,26.4663],[83.8668,26.4987],[83.8888,26.5103],[83.9274,26.515],[84.0183,26.4986],[84.0592,26.4817],[84.0907,26.4809],[84.1602,26.5096],[84.2626,26.5053],[84.2782,26.5197],[84.2696,26.576],[84.1352,26.7566],[84.1269,26.8342],[84.1111,26.8838],[84.0809,26.9024],[84.0326,26.9601],[84.0004,27.0202],[83.9519,27.0435],[83.8887,27.0475],[83.8432,27.0753],[83.8109,27.1189],[83.7873,27.382],[83.7595,27.4106],[83.699,27.4523],[83.5592,27.5192],[83.4772,27.5255],[83.4113,27.5164],[83.3703,27.4857],[83.3589,27.3523],[83.3046,27.3377],[83.1913,27.4557],[83.1904,27.3323],[83.1725,27.2916],[83.1231,27.2261],[83.1089,27.1775],[83.1655,27.0792],[83.1639,27.0574],[83.1276,27.0102],[83.1229,26.9753],[83.1587,26.9134],[83.1602,26.8753],[83.1448,26.8382],[83.0976,26.7849],[83.0955,26.7698],[83.1296,26.537],[83.102,26.4598],[83.0152,26.3779],[83.0264,26.3496],[83.0796,26.2814],[83.1355,26.2331],[83.2222,26.2311],[83.3296,26.2142],[83.4269,26.186],[83.5282,26.1242],[83.5821,26.0801],[83.6699,26.1396],[83.785,26.1847],[83.8276,26.1916],[83.9366,26.1587]]]}},{"type":"Feature","properties":{"id":"assam--sadiya-frontier-tract-n-e-f-a","name":"Sadiya Frontier Tract(N.E.F.A.)","division":"Assam","type":"British districts"},"geometry":{"type":"Polygon","coordinates":[[[96.6573,27.4093],[96.7493,27.3669],[96.7738,27.3437],[96.787,27.2227],[96.875,27.1724],[96.9616,27.1424],[97.0202,27.1004],[97.0392,27.1021],[97.0353,27.1458],[97.0,27.2177],[96.8419,27.4886],[96.8127,27.5613],[96.8171,27.6389],[96.8403,27.6608],[96.9291,27.6761],[96.9826,27.694],[97.0248,27.7197],[97.205,27.8782],[97.2642,27.8884],[97.3157,27.9163],[97.3228,27.9248],[97.3211,27.9849],[97.3516,28.0277],[97.3581,28.0545],[97.2972,28.1111],[97.2969,28.143],[97.318,28.238],[97.3017,28.2543],[97.2218,28.2828],[97.1395,28.3435],[97.088,28.3646],[97.03,28.3581],[96.8911,28.4041],[96.7634,28.4039],[96.727,28.4464],[96.6717,28.47],[96.5816,28.4663],[96.395,28.3872],[96.3273,28.3827],[96.1947,28.4434],[96.1861,28.4675],[96.1926,28.4849],[96.2666,28.5384],[96.4944,28.6767],[96.5688,28.7615],[96.5828,28.7945],[96.5437,28.8897],[96.4848,28.9951],[96.4947,29.0817],[96.4891,29.0938],[96.4621,29.1008],[96.2108,28.9899],[96.1853,28.9837],[96.1746,28.9919],[96.1666,29.0128],[96.1804,29.093],[96.2421,29.1493],[96.3937,29.2248],[96.4003,29.2341],[96.3986,29.275],[96.3871,29.2883],[96.3478,29.2956],[96.2449,29.2521],[96.2196,29.2679],[96.184,29.3335],[96.1582,29.4471],[96.1197,29.469],[96.0631,29.4696],[95.8318,29.3923],[95.6204,29.2587],[95.5732,29.2238],[95.5237,29.1672],[95.4892,29.1014],[95.4521,29.0749],[95.3562,29.0898],[95.2765,29.1196],[95.0841,29.173],[95.0664,29.1751],[95.0566,29.1672],[95.0279,29.1756],[94.9978,29.1738],[94.8949,29.1973],[94.8786,29.1433],[94.8609,29.1284],[94.8429,29.033],[94.7597,28.9856],[94.7165,28.9376],[94.6471,28.7863],[94.6144,28.7517],[94.6033,28.711],[94.6365,28.5615],[94.7387,28.407],[94.7601,28.3375],[94.7583,28.2628],[94.7454,28.1954],[94.7545,28.1774],[94.7899,28.1665],[94.8903,28.1481],[94.9432,28.1253],[94.9834,28.1173],[95.036,28.1093],[95.0651,28.1141],[95.0865,28.1007],[95.1388,27.9681],[95.1497,27.8473],[95.1607,27.829],[95.1709,27.7676],[95.3616,27.8099],[95.4325,27.8183],[95.5503,27.8042],[95.6376,27.7346],[95.6871,27.608],[95.6989,27.5495],[95.6885,27.4331],[95.6531,27.4061],[95.5882,27.3347],[95.6225,27.2562],[95.6235,27.2332],[95.6115,27.195],[95.4382,26.9778],[95.4169,26.914],[95.4082,26.8387],[95.4107,26.7714],[95.7181,26.9977],[95.8809,27.0934],[95.9928,27.198],[96.1077,27.28],[96.6098,27.4171],[96.6573,27.4093]]]}},{"type":"Feature","properties":{"id":"naga-tribes--naga-tribes","name":"Naga tribes","division":"Naga tribes","type":"British districts"},"geometry":{"type":"Polygon","coordinates":[[[95.0383,26.3595],[95.0395,26.5239],[95.0463,26.5624],[95.0626,26.6067],[95.0904,26.6472],[95.1273,26.6827],[95.17,26.6992],[95.301,26.708],[95.3651,26.737],[95.4107,26.7714],[95.4082,26.8387],[95.4169,26.914],[95.4382,26.9778],[95.6115,27.195],[95.6235,27.2332],[95.6225,27.2562],[95.5907,27.3269],[95.4612,27.2847],[95.3132,27.2754],[95.1911,27.231],[94.9887,27.1409],[94.9025,27.0471],[94.7314,26.9558],[94.7509,26.8948],[94.7415,26.8657],[94.6398,26.7101],[94.5711,26.6559],[94.5029,26.6478],[94.4715,26.6338],[94.4189,26.572],[94.325,26.486],[94.3229,26.4702],[94.3548,26.3993],[94.35,26.3682],[94.2806,26.2666],[94.2063,26.229],[94.1698,26.1989],[94.1572,26.1585],[94.1544,26.0475],[94.1901,26.0281],[94.2208,25.9489],[94.2497,25.905],[94.3179,25.9048],[94.3898,25.851],[94.4782,25.8393],[94.5694,25.8438],[94.6154,25.8633],[94.6548,25.8589],[94.6733,25.8332],[94.6559,25.728],[94.7043,25.6584],[94.738,25.6255],[94.7654,25.6152],[94.7915,25.6696],[94.8559,25.7255],[94.9117,25.7562],[94.9518,25.79],[94.9657,25.8315],[94.9702,25.977],[95.0271,26.0055],[95.0809,26.0541],[95.121,26.1316],[95.12,26.1593],[95.0604,26.2098],[95.0501,26.2375],[95.0383,26.3595]]]}},{"type":"Feature","properties":{"id":"assam--sibsagar","name":"Sibsagar","division":"Assam","type":"British districts"},"geometry":{"type":"Polygon","coordinates":[[[95.132,27.2028],[95.053,27.2562],[94.9747,27.2769],[94.8522,27.2888],[94.7474,27.2752],[94.6985,27.245],[94.6055,27.2579],[94.5506,27.2333],[94.4598,27.2111],[94.4472,27.2143],[94.4149,27.2848],[94.3941,27.2941],[94.3592,27.2943],[94.3406,27.2817],[94.2979,27.1866],[94.2807,27.1641],[94.2618,27.1536],[94.1827,27.1537],[94.1617,27.1401],[94.135,27.1029],[94.0324,27.0355],[93.9622,27.0287],[93.8992,27.0542],[93.8538,27.0605],[93.8337,27.0522],[93.8037,27.0174],[93.7808,26.9748],[93.7323,26.9134],[93.6098,26.9064],[93.5228,26.8158],[93.4842,26.7858],[93.3698,26.7715],[93.3044,26.7349],[93.2118,26.7092],[93.1808,26.6934],[93.0991,26.6796],[93.0868,26.6678],[93.0844,26.618],[93.0316,26.579],[93.0165,26.5049],[92.9862,26.4801],[92.9187,26.4513],[92.858,26.455],[92.8336,26.4349],[92.8232,26.4117],[92.8509,26.365],[92.8507,26.3348],[92.8123,26.3133],[92.8073,26.2884],[92.856,26.2706],[92.9174,26.2849],[92.9571,26.2724],[92.968,26.2631],[92.9678,26.2524],[92.9496,26.2186],[92.9355,26.1653],[92.9411,26.1423],[92.9548,26.1317],[93.0014,26.147],[93.0131,26.1427],[93.0234,26.1298],[93.0309,26.0709],[93.0704,26.0488],[93.1293,26.0522],[93.1657,26.0672],[93.2102,26.0608],[93.243,26.0374],[93.2744,25.9974],[93.2903,25.9225],[93.3152,25.9102],[93.3891,25.8171],[93.4213,25.8171],[93.4299,25.8277],[93.4356,25.9013],[93.4409,25.9152],[93.457,25.9242],[93.5537,25.9148],[93.5944,25.8817],[93.6368,25.8788],[93.6733,25.9093],[93.7247,25.9891],[93.8094,26.0464],[93.8421,26.0953],[93.8136,26.2566],[93.8368,26.3076],[94.015,26.46],[94.1074,26.5941],[94.1912,26.6767],[94.3867,26.7459],[94.4411,26.7845],[94.5546,26.8971],[94.7236,26.9515],[94.9025,27.0471],[94.9887,27.1409],[95.132,27.2028]]]}},{"type":"Feature","properties":{"id":"assam--lakhimpur","name":"Lakhimpur","division":"Assam","type":"British districts"},"geometry":{"type":"Polygon","coordinates":[[[95.5907,27.3269],[95.5945,27.3433],[95.6885,27.4331],[95.6989,27.5495],[95.6698,27.6618],[95.6376,27.7346],[95.5503,27.8042],[95.4325,27.8183],[95.3616,27.8099],[95.163,27.7657],[95.0949,27.742],[94.7185,27.69],[94.5145,27.6536],[94.3985,27.6619],[94.3515,27.671],[94.3339,27.6817],[94.2685,27.69],[94.2169,27.6703],[94.1981,27.6458],[94.1699,27.5295],[94.1556,27.5217],[94.1107,27.5247],[94.0907,27.5183],[94.069,27.4913],[94.0382,27.4754],[93.9702,27.4833],[93.9496,27.477],[93.8501,27.3543],[93.7983,27.3066],[93.7302,27.2877],[93.7087,27.2721],[93.616,27.1483],[93.6128,27.1296],[93.6292,27.0932],[93.627,27.0691],[93.5707,27.0439],[93.5325,26.9763],[93.6048,26.9066],[93.7323,26.9134],[93.8337,27.0522],[93.8709,27.0609],[93.9622,27.0287],[94.0324,27.0355],[94.135,27.1029],[94.1617,27.1401],[94.1827,27.1537],[94.2618,27.1536],[94.2807,27.1641],[94.2979,27.1866],[94.3406,27.2817],[94.3714,27.2974],[94.4149,27.2848],[94.4472,27.2143],[94.4598,27.2111],[94.5506,27.2333],[94.6055,27.2579],[94.6985,27.245],[94.7474,27.2752],[94.8522,27.2888],[94.9747,27.2769],[95.053,27.2562],[95.132,27.2028],[95.2642,27.2614],[95.3132,27.2754],[95.4612,27.2847],[95.5907,27.3269]]]}},{"type":"Feature","properties":{"id":"assam--balipara-frontier-tract-n-e-f-a","name":"Balipara Frontier Tract(N.E.F.A.)","division":"Assam","type":"British districts"},"geometry":{"type":"Polygon","coordinates":[[[91.6151,27.8941],[91.5901,27.8823],[91.558,27.8517],[91.5742,27.8208],[91.5819,27.776],[91.5297,27.6965],[91.5146,27.6601],[91.517,27.6216],[91.5466,27.589],[91.6052,27.5482],[91.6893,27.5239],[91.7595,27.518],[91.863,27.5312],[91.9128,27.5287],[92.0049,27.5031],[92.087,27.4481],[92.0947,27.4303],[92.087,27.3624],[92.1254,27.3147],[92.1179,27.2942],[92.0805,27.2812],[92.0541,27.2594],[92.0535,27.2092],[92.0328,27.1438],[92.0351,27.1119],[92.1026,27.0513],[92.133,26.9795],[92.1216,26.9442],[92.1578,26.9331],[92.2669,26.9303],[92.464,26.9434],[92.6526,26.9229],[92.9731,26.9182],[93.2863,26.9471],[93.3676,26.963],[93.5291,26.9699],[93.5707,27.0439],[93.627,27.0691],[93.6292,27.0932],[93.6128,27.1296],[93.616,27.1483],[93.7087,27.2721],[93.7302,27.2877],[93.7983,27.3066],[93.8501,27.3543],[93.9496,27.477],[93.9702,27.4833],[94.0382,27.4754],[94.069,27.4913],[94.0907,27.5183],[94.1107,27.5247],[94.1556,27.5217],[94.1699,27.5295],[94.1981,27.6458],[94.2169,27.6703],[94.2685,27.69],[94.3339,27.6817],[94.3515,27.671],[94.3985,27.6619],[94.5145,27.6536],[94.7185,27.69],[95.0949,27.742],[95.1709,27.7676],[95.1607,27.829],[95.1497,27.8473],[95.1388,27.9681],[95.0865,28.1007],[95.0651,28.1141],[95.036,28.1093],[94.9432,28.1253],[94.8903,28.1481],[94.7545,28.1774],[94.7454,28.1954],[94.7583,28.2628],[94.7601,28.3375],[94.7387,28.407],[94.6365,28.5615],[94.6033,28.711],[94.6144,28.7517],[94.6471,28.7863],[94.6744,28.837],[94.7031,28.9174],[94.7334,28.9591],[94.7597,28.9856],[94.8429,29.033],[94.8609,29.1284],[94.8786,29.1433],[94.8958,29.1968],[94.8147,29.2049],[94.7954,29.2322],[94.8082,29.3085],[94.7946,29.333],[94.722,29.3553],[94.6983,29.3334],[94.685,29.2843],[94.6695,29.2653],[94.633,29.2468],[94.522,29.2414],[94.3085,29.1011],[94.1137,28.8985],[94.085,28.8432],[94.0617,28.7507],[94.0213,28.7372],[93.9601,28.7323],[93.9388,28.7177],[93.5348,28.7084],[93.4507,28.6889],[93.3773,28.662],[93.3569,28.6464],[93.3397,28.5593],[93.3275,28.5442],[93.2745,28.5191],[93.2647,28.4598],[93.2759,28.4237],[93.2603,28.4017],[93.1639,28.3576],[93.0943,28.3562],[93.0692,28.3431],[93.0571,28.3218],[93.0335,28.3074],[92.9979,28.3043],[92.9375,28.282],[92.9201,28.2652],[92.8487,28.2303],[92.7723,28.2258],[92.7341,28.2094],[92.7,28.1822],[92.6931,28.1252],[92.6951,28.1007],[92.7318,28.035],[92.5567,27.9051],[92.5294,27.908],[92.4235,27.8805],[92.3416,27.8466],[92.286,27.8613],[92.2458,27.8906],[92.2098,27.899],[92.0225,27.822],[91.9103,27.7533],[91.8681,27.7511],[91.8511,27.7607],[91.7941,27.8348],[91.6411,27.8556],[91.6151,27.8941]]]}},{"type":"Feature","properties":{"id":"assam--goalpara","name":"Goalpara","division":"Assam","type":"British districts"},"geometry":{"type":"Polygon","coordinates":[[[90.8225,26.8218],[90.6757,26.8047],[90.6132,26.8128],[90.5294,26.839],[90.3927,26.9208],[90.229,26.8763],[90.1391,26.8291],[90.1162,26.7913],[90.0753,26.7593],[90.0098,26.7449],[89.8639,26.769],[89.6669,26.7638],[89.6042,26.7543],[89.6122,26.5987],[89.6055,26.547],[89.5574,26.4564],[89.5347,26.3772],[89.5392,26.3468],[89.5793,26.2929],[89.624,26.2836],[89.6493,26.2681],[89.7084,26.1823],[89.7859,25.9881],[89.7792,25.956],[89.7265,25.8983],[89.7225,25.8765],[89.7545,25.762],[89.7539,25.5543],[89.8241,25.5499],[89.8699,25.5808],[89.9256,25.5931],[89.9319,25.6071],[89.9294,25.6383],[89.8781,25.7367],[89.8793,25.7869],[89.9986,25.9503],[90.0169,25.9969],[90.0311,26.006],[90.0589,26.0059],[90.0964,25.9914],[90.1282,25.9669],[90.1686,25.9597],[90.2975,26.0299],[90.3386,26.0132],[90.4166,26.0304],[90.6023,26.0129],[90.7316,25.9046],[90.7591,25.901],[90.8186,26.0915],[90.8005,26.1253],[90.7025,26.1344],[90.6699,26.153],[90.6089,26.2288],[90.584,26.2403],[90.5351,26.2475],[90.485,26.2367],[90.4762,26.2575],[90.4791,26.2695],[90.5223,26.2869],[90.5521,26.3105],[90.6414,26.4079],[90.6694,26.4416],[90.7222,26.574],[90.782,26.6204],[90.783,26.6547],[90.7693,26.7006],[90.7735,26.7393],[90.8066,26.7851],[90.8225,26.8218]]]}},{"type":"Feature","properties":{"id":"assam--kamrup","name":"Kamrup","division":"Assam","type":"British districts"},"geometry":{"type":"Polygon","coordinates":[[[90.7591,25.901],[90.8414,25.953],[90.8685,25.9622],[90.9054,25.9466],[90.9488,25.8782],[90.9821,25.8627],[91.0008,25.8671],[91.0298,25.8906],[91.0562,25.9272],[91.0724,25.937],[91.1148,25.9409],[91.2248,25.9709],[91.2367,25.9823],[91.2312,26.0121],[91.2439,26.0287],[91.281,26.0308],[91.341,25.9947],[91.3823,25.9951],[91.4854,26.056],[91.5442,26.0705],[91.8159,26.0112],[91.9659,26.0229],[92.0746,26.0683],[92.0969,26.0935],[92.1013,26.1367],[92.0916,26.1676],[92.0686,26.1797],[92.0155,26.1899],[91.9779,26.2485],[91.9303,26.2874],[91.8575,26.2825],[91.739,26.2496],[91.7076,26.2511],[91.6571,26.2763],[91.645,26.3034],[91.6502,26.3348],[91.7009,26.3933],[91.7031,26.4129],[91.6839,26.4443],[91.6435,26.4602],[91.6264,26.4756],[91.6096,26.5242],[91.6194,26.5592],[91.653,26.607],[91.6741,26.6844],[91.6477,26.737],[91.5971,26.7944],[91.5841,26.8399],[91.5506,26.8471],[91.4617,26.8363],[91.3968,26.8618],[91.3651,26.8581],[91.3189,26.8272],[91.2766,26.8154],[91.0214,26.8341],[90.9174,26.835],[90.8225,26.8218],[90.8066,26.7851],[90.7735,26.7393],[90.7693,26.7006],[90.783,26.6547],[90.782,26.6204],[90.7222,26.574],[90.6694,26.4416],[90.6414,26.4079],[90.5521,26.3105],[90.5223,26.2869],[90.4791,26.2695],[90.4762,26.2575],[90.485,26.2367],[90.5351,26.2475],[90.584,26.2403],[90.6089,26.2288],[90.6699,26.153],[90.7025,26.1344],[90.8005,26.1253],[90.8186,26.0915],[90.7591,25.901]]]}},{"type":"Feature","properties":{"id":"assam--darrang","name":"Darrang","division":"Assam","type":"British districts"},"geometry":{"type":"Polygon","coordinates":[[[93.0867,26.666],[93.0991,26.6796],[93.1808,26.6934],[93.2118,26.7092],[93.3044,26.7349],[93.3698,26.7715],[93.4842,26.7858],[93.5228,26.8158],[93.6098,26.9064],[93.5325,26.9763],[93.5291,26.9699],[93.4963,26.9651],[93.3676,26.963],[93.2863,26.9471],[92.9731,26.9182],[92.6526,26.9229],[92.464,26.9434],[92.2669,26.9303],[92.1578,26.9331],[92.1216,26.9442],[92.1076,26.9231],[91.9923,26.8891],[91.9213,26.9137],[91.8835,26.9183],[91.6893,26.8368],[91.6437,26.8302],[91.5841,26.8399],[91.5971,26.7944],[91.6477,26.737],[91.6741,26.6844],[91.653,26.607],[91.6194,26.5592],[91.6096,26.5242],[91.6264,26.4756],[91.6435,26.4602],[91.6839,26.4443],[91.7031,26.4129],[91.7009,26.3933],[91.6502,26.3348],[91.645,26.3034],[91.6571,26.2763],[91.7076,26.2511],[91.739,26.2496],[91.8575,26.2825],[91.9275,26.2845],[92.0578,26.4424],[92.1285,26.4611],[92.1942,26.5023],[92.3225,26.559],[92.3702,26.5541],[92.4963,26.5057],[92.6041,26.5257],[92.6708,26.5479],[92.7599,26.5603],[92.885,26.6323],[92.977,26.6261],[93.0101,26.6316],[93.0867,26.666]]]}},{"type":"Feature","properties":{"id":"assam--manipur","name":"Manipur","division":"Assam","type":"Princely states"},"geometry":{"type":"Polygon","coordinates":[[[94.6366,25.0408],[94.6597,25.1197],[94.6551,25.1531],[94.6306,25.1915],[94.5003,25.2529],[94.4924,25.2692],[94.4989,25.325],[94.5205,25.3741],[94.4723,25.428],[94.3995,25.5514],[94.3582,25.6382],[94.3429,25.7234],[94.3235,25.7473],[94.2963,25.7612],[94.2535,25.7486],[94.2323,25.7072],[94.1664,25.6664],[94.1461,25.6424],[94.1428,25.6225],[94.091,25.6047],[94.0709,25.5815],[94.0456,25.5702],[93.9696,25.5721],[93.929,25.6044],[93.8701,25.6178],[93.853,25.6127],[93.8345,25.5681],[93.813,25.5488],[93.779,25.5339],[93.741,25.5251],[93.6525,25.5387],[93.6251,25.5016],[93.5378,25.452],[93.5242,25.4242],[93.5221,25.3468],[93.4708,25.2666],[93.3942,25.2117],[93.3389,25.2096],[93.2634,25.1814],[93.2525,25.1837],[93.2268,25.2342],[93.2146,25.2413],[93.2064,25.2157],[93.158,25.1739],[93.1409,25.1171],[93.1178,25.0957],[93.0558,25.064],[93.051,25.0271],[93.0329,24.9884],[92.9817,24.9517],[92.9449,24.8181],[92.8879,24.7772],[92.8676,24.6915],[92.817,24.6679],[92.799,24.6437],[92.7948,24.5108],[92.7845,24.4607],[92.7665,24.4358],[92.7598,24.4109],[92.7514,24.3265],[92.7718,24.1838],[92.7823,24.1617],[92.8397,24.1242],[92.8631,24.1186],[92.8906,24.1208],[92.9338,24.1524],[93.0125,24.1636],[93.046,24.1602],[93.0729,24.1472],[93.1622,24.1362],[93.1703,24.1954],[93.1925,24.21],[93.2253,24.2144],[93.2475,24.2015],[93.2818,24.157],[93.3046,24.0901],[93.3203,24.0682],[93.3589,24.0449],[93.4269,24.0461],[93.4778,24.0841],[93.5197,24.0816],[93.5793,24.0672],[93.6292,24.0277],[93.6666,24.016],[93.7723,24.0275],[93.8878,23.9948],[93.9779,23.9543],[94.0143,23.9565],[94.1337,24.1885],[94.2008,24.3688],[94.2283,24.3983],[94.3159,24.5664],[94.4498,24.7321],[94.4812,24.7955],[94.5186,24.8208],[94.5781,24.9618],[94.6366,25.0408]]]}},{"type":"Feature","properties":{"id":"assam--cachar","name":"Cachar","division":"Assam","type":"British districts"},"geometry":{"type":"Polygon","coordinates":[[[92.2856,24.9209],[92.3262,24.8108],[92.3072,24.7491],[92.3207,24.7266],[92.3272,24.6868],[92.2961,24.5319],[92.2557,24.5046],[92.1061,24.4359],[92.1975,24.2874],[92.2177,24.2252],[92.2108,24.1425],[92.1599,23.8432],[92.2015,23.8453],[92.3216,23.9613],[92.366,23.9904],[92.4547,23.9976],[92.4907,24.0165],[92.5079,24.0386],[92.5094,24.0857],[92.5195,24.1002],[92.5503,24.1179],[92.62,24.1346],[92.6536,24.1313],[92.7273,24.1065],[92.7481,24.1151],[92.7892,24.1596],[92.7823,24.1617],[92.7667,24.2059],[92.7514,24.3265],[92.7598,24.4109],[92.7665,24.4358],[92.7845,24.4607],[92.7948,24.5108],[92.799,24.6437],[92.817,24.6679],[92.8676,24.6915],[92.8879,24.7772],[92.9449,24.8181],[92.9817,24.9517],[93.0329,24.9884],[93.051,25.0271],[93.0558,25.064],[93.1178,25.0957],[93.1409,25.1171],[93.158,25.1739],[93.2064,25.2157],[93.2188,25.2668],[93.2079,25.3738],[93.1628,25.4573],[93.1423,25.478],[93.0935,25.5044],[93.0816,25.5228],[93.043,25.5161],[92.981,25.5444],[92.9798,25.589],[93.008,25.679],[92.9909,25.7331],[92.9677,25.762],[92.898,25.8071],[92.7692,25.816],[92.6814,25.7714],[92.6531,25.7449],[92.6823,25.7116],[92.6838,25.6759],[92.6741,25.6472],[92.625,25.597],[92.6203,25.551],[92.598,25.5252],[92.5268,25.5104],[92.5036,25.484],[92.5033,25.4562],[92.5514,25.3883],[92.5944,25.3635],[92.6115,25.3294],[92.6101,25.3045],[92.5861,25.2873],[92.576,25.2656],[92.617,25.1917],[92.5902,25.1602],[92.416,25.1091],[92.3184,25.071],[92.3487,24.993],[92.3366,24.9492],[92.3109,24.9167],[92.2856,24.9209]]]}},{"type":"Feature","properties":{"id":"assam--sylhet","name":"Sylhet","division":"Assam","type":"British districts"},"geometry":{"type":"Polygon","coordinates":[[[92.0175,24.5263],[92.0747,24.4868],[92.1061,24.4359],[92.2557,24.5046],[92.2961,24.5319],[92.3272,24.6868],[92.3207,24.7266],[92.3072,24.7491],[92.3262,24.8108],[92.2856,24.9209],[92.1829,24.9583],[92.122,24.962],[92.1146,24.9321],[92.1345,24.8706],[92.1165,24.7439],[92.0933,24.6874],[92.0826,24.6243],[92.0633,24.6212],[92.0148,24.583],[92.0175,24.5263]]]}},{"type":"Feature","properties":{"id":"assam--khasi-and-jaintia-hills","name":"Khasi and Jaintia Hills","division":"Assam","type":"British districts"},"geometry":{"type":"Polygon","coordinates":[[[92.3184,25.071],[92.416,25.1091],[92.5902,25.1602],[92.6108,25.1806],[92.617,25.1917],[92.6125,25.2076],[92.576,25.2656],[92.5861,25.2873],[92.6101,25.3045],[92.6115,25.3294],[92.5944,25.3635],[92.5514,25.3883],[92.5033,25.4562],[92.5036,25.484],[92.5268,25.5104],[92.598,25.5252],[92.6115,25.5381],[92.6203,25.551],[92.625,25.597],[92.6741,25.6472],[92.6838,25.6759],[92.6823,25.7116],[92.6558,25.7442],[92.6261,25.7562],[92.6064,25.7831],[92.5675,25.8053],[92.5479,25.8078],[92.5171,25.7977],[92.4669,25.7656],[92.4457,25.7731],[92.4451,25.8247],[92.4383,25.836],[92.4037,25.8514],[92.3904,25.8705],[92.4004,25.9062],[92.4353,25.9276],[92.4454,25.9438],[92.443,25.9838],[92.4238,25.9994],[92.329,26.0349],[92.2539,26.0435],[92.181,26.0364],[92.1472,26.03],[92.1495,26.0128],[92.1335,25.9608],[92.0739,25.8919],[92.073,25.8355],[92.1213,25.6623],[92.1002,25.6286],[92.0138,25.5895],[91.9855,25.5434],[92.0011,25.4335],[91.9967,25.3761],[91.9879,25.3528],[91.9386,25.3028],[91.9314,25.2779],[92.0092,25.2652],[92.0746,25.24],[92.2568,25.1241],[92.3184,25.071]]]}},{"type":"Feature","properties":{"id":"assam--nowgong","name":"Nowgong","division":"Assam","type":"British districts"},"geometry":{"type":"Polygon","coordinates":[[[93.3714,25.8331],[93.3152,25.9102],[93.2903,25.9225],[93.2744,25.9974],[93.243,26.0374],[93.2102,26.0608],[93.1657,26.0672],[93.1293,26.0522],[93.0704,26.0488],[93.0309,26.0709],[93.0234,26.1298],[93.0131,26.1427],[93.0014,26.147],[92.9548,26.1317],[92.9411,26.1423],[92.9355,26.1653],[92.9496,26.2186],[92.9678,26.2524],[92.968,26.2631],[92.9571,26.2724],[92.9174,26.2849],[92.856,26.2706],[92.8073,26.2884],[92.8123,26.3133],[92.8507,26.3348],[92.8522,26.3444],[92.8509,26.365],[92.8232,26.4117],[92.8251,26.4235],[92.858,26.455],[92.9187,26.4513],[92.9862,26.4801],[93.0165,26.5049],[93.0316,26.579],[93.0844,26.618],[93.0867,26.666],[93.0101,26.6316],[92.977,26.6261],[92.885,26.6323],[92.7599,26.5603],[92.6708,26.5479],[92.6041,26.5257],[92.4963,26.5057],[92.3702,26.5541],[92.3225,26.559],[92.1942,26.5023],[92.1285,26.4611],[92.0578,26.4424],[91.9303,26.2874],[91.9779,26.2485],[92.0155,26.1899],[92.0686,26.1797],[92.0916,26.1676],[92.1029,26.1197],[92.0969,26.0935],[92.0834,26.0782],[92.1472,26.03],[92.2539,26.0435],[92.329,26.0349],[92.4238,25.9994],[92.443,25.9838],[92.4454,25.9438],[92.4353,25.9276],[92.4088,25.9156],[92.3894,25.8846],[92.4037,25.8514],[92.4383,25.836],[92.4451,25.8247],[92.4457,25.7731],[92.4541,25.7672],[92.4669,25.7656],[92.5171,25.7977],[92.5479,25.8078],[92.589,25.795],[92.6261,25.7562],[92.6531,25.7449],[92.6814,25.7714],[92.7692,25.816],[92.898,25.8071],[92.932,25.7889],[92.9677,25.762],[93.0024,25.7085],[93.008,25.679],[93.0031,25.6472],[92.9775,25.5745],[92.981,25.5444],[93.0156,25.5233],[93.0679,25.5167],[93.0967,25.5297],[93.1432,25.5577],[93.1461,25.6011],[93.1581,25.619],[93.1824,25.6368],[93.2434,25.64],[93.26,25.6531],[93.2915,25.7067],[93.2987,25.7668],[93.3124,25.7949],[93.3714,25.8331]]]}},{"type":"Feature","properties":{"id":"assam--khasi-states","name":"Khasi States","division":"Assam","type":"Princely states"},"geometry":{"type":"Polygon","coordinates":[[[91.2309,25.2699],[91.6036,25.2187],[91.6927,25.2501],[91.7677,25.2657],[91.8756,25.2827],[91.9314,25.2779],[91.9386,25.3028],[91.9879,25.3528],[92.0011,25.4335],[91.9855,25.5434],[92.0138,25.5895],[92.1002,25.6286],[92.1213,25.6623],[92.0927,25.755],[92.0704,25.8651],[92.078,25.8988],[92.1335,25.9608],[92.1495,26.0128],[92.1367,26.0441],[92.0834,26.0782],[92.0746,26.0683],[91.9659,26.0229],[91.8159,26.0112],[91.5442,26.0705],[91.4854,26.056],[91.3823,25.9951],[91.341,25.9947],[91.281,26.0308],[91.2439,26.0287],[91.2312,26.0121],[91.2367,25.9823],[91.2248,25.9709],[91.1148,25.9409],[91.0724,25.937],[91.0562,25.9272],[91.0298,25.8906],[91.0008,25.8671],[90.9821,25.8627],[90.9488,25.8782],[90.9054,25.9466],[90.8685,25.9622],[90.8414,25.953],[90.7591,25.901],[90.753,25.7852],[90.7402,25.752],[90.7147,25.7262],[90.6477,25.6879],[90.6376,25.674],[90.6203,25.6064],[90.5867,25.5783],[90.5753,25.5469],[90.5741,25.5297],[90.6164,25.484],[90.6055,25.3937],[90.6901,25.3733],[90.6901,25.3425],[90.6719,25.3095],[90.6853,25.2828],[90.7042,25.2738],[90.7442,25.2974],[90.7925,25.2935],[90.8058,25.2855],[90.8276,25.2245],[91.0189,25.2657],[91.2309,25.2699]]]}},{"type":"Feature","properties":{"id":"assam--garo-hills","name":"Garo Hills","division":"Assam","type":"British districts"},"geometry":{"type":"Polygon","coordinates":[[[90.2042,25.211],[90.3102,25.1991],[90.5145,25.2317],[90.8032,25.2196],[90.8276,25.2245],[90.8058,25.2855],[90.7925,25.2935],[90.7442,25.2974],[90.7042,25.2738],[90.6853,25.2828],[90.6719,25.3095],[90.6901,25.3425],[90.6901,25.3733],[90.6055,25.3937],[90.6164,25.484],[90.5741,25.5297],[90.5817,25.5714],[90.6203,25.6064],[90.6376,25.674],[90.6477,25.6879],[90.7147,25.7262],[90.7402,25.752],[90.753,25.7852],[90.7591,25.901],[90.7316,25.9046],[90.6023,26.0129],[90.4166,26.0304],[90.3386,26.0132],[90.2975,26.0299],[90.1686,25.9597],[90.1282,25.9669],[90.0964,25.9914],[90.0589,26.0059],[90.0311,26.006],[90.0169,25.9969],[89.9986,25.9503],[89.8793,25.7869],[89.8781,25.7367],[89.9294,25.6383],[89.9319,25.6071],[89.9256,25.5931],[89.8699,25.5808],[89.8241,25.5499],[89.7539,25.5543],[89.7294,25.4276],[89.7439,25.3477],[89.7618,25.326],[89.8856,25.318],[89.974,25.2948],[90.2042,25.211]]]}},{"type":"Feature","properties":{"id":"bengal--tripura","name":"Tripura","division":"Bengal","type":"Princely states"},"geometry":{"type":"Polygon","coordinates":[[[91.9852,24.472],[91.8495,24.4602],[91.8005,24.4273],[91.7743,24.3063],[91.7547,24.2737],[91.7315,24.2711],[91.666,24.3265],[91.624,24.3338],[91.5887,24.2799],[91.5799,24.2464],[91.5575,24.2489],[91.5124,24.2958],[91.4917,24.2981],[91.4705,24.2237],[91.4498,24.1824],[91.4159,24.1705],[91.2939,24.1822],[91.2804,24.1663],[91.2594,24.1075],[91.2189,24.0735],[91.1753,24.0617],[91.0953,23.8878],[91.0657,23.8441],[91.0226,23.7999],[91.0208,23.786],[91.0517,23.7146],[91.044,23.6683],[91.0777,23.6054],[91.1776,23.3453],[91.1816,23.3013],[91.1723,23.1959],[91.2106,23.1396],[91.2517,23.154],[91.2539,23.1692],[91.226,23.2514],[91.226,23.2684],[91.2537,23.2826],[91.2443,23.3347],[91.2733,23.3404],[91.3279,23.3241],[91.3547,23.2968],[91.3793,23.2227],[91.3929,23.1202],[91.4322,23.0585],[91.4656,23.0392],[91.486,23.037],[91.6428,23.1611],[91.6595,23.1927],[91.629,23.2807],[91.6315,23.3629],[91.6448,23.4175],[91.6745,23.4615],[91.7868,23.5543],[91.7661,23.6602],[91.7813,23.7216],[91.7804,23.7627],[91.8244,23.7903],[91.9377,23.785],[91.9822,23.8087],[92.0929,23.7998],[92.1599,23.8432],[92.2108,24.1425],[92.2177,24.2252],[92.1975,24.2874],[92.0747,24.4868],[92.0175,24.5263],[92.0136,24.4983],[91.9852,24.472]]]}},{"type":"Feature","properties":{"id":"assam--lushai-hills","name":"Lushai Hills","division":"Assam","type":"British districts"},"geometry":{"type":"Polygon","coordinates":[[[93.0981,24.1441],[93.046,24.1602],[92.9598,24.1596],[92.9338,24.1524],[92.8906,24.1208],[92.8631,24.1186],[92.8397,24.1242],[92.7892,24.1596],[92.7481,24.1151],[92.7273,24.1065],[92.6536,24.1313],[92.62,24.1346],[92.5503,24.1179],[92.5195,24.1002],[92.5094,24.0857],[92.5079,24.0386],[92.4907,24.0165],[92.4547,23.9976],[92.366,23.9904],[92.3216,23.9613],[92.2015,23.8453],[92.2115,23.8418],[92.2222,23.8091],[92.1685,23.6912],[92.203,23.5026],[92.2537,23.3865],[92.2332,23.3313],[92.2426,23.3069],[92.2267,23.2287],[92.2381,23.1863],[92.2304,23.1376],[92.235,23.0917],[92.2546,23.0454],[92.2765,23.0291],[92.2975,22.9906],[92.3025,22.8687],[92.3524,22.7159],[92.3854,22.6549],[92.3937,22.3874],[92.4123,22.3234],[92.41,22.282],[92.3896,22.2075],[92.3952,22.0969],[92.4015,22.0873],[92.4338,22.0969],[92.4514,22.2194],[92.4732,22.2497],[92.5082,22.2495],[92.5182,22.2629],[92.5421,22.263],[92.5865,22.2498],[92.6815,22.1781],[92.7154,22.0718],[92.7372,22.068],[92.7829,22.0767],[92.8301,22.1312],[92.849,22.2413],[92.9402,22.2791],[92.9594,22.2796],[92.9747,22.301],[93.008,22.4133],[93.0013,22.4925],[92.9548,22.609],[92.9049,22.9618],[92.9258,23.0852],[92.9397,23.1055],[92.9353,23.14],[92.9435,23.2],[92.951,23.2213],[93.0023,23.2457],[93.0404,23.2495],[93.0969,23.2363],[93.1208,23.2464],[93.2019,23.3426],[93.2098,23.3982],[93.2431,23.4953],[93.2716,23.7046],[93.2654,23.8211],[93.2288,23.9838],[93.1624,24.101],[93.1622,24.1362],[93.0981,24.1441]]]}},{"type":"Feature","properties":{"id":"assam--naga-hills","name":"Naga Hills","division":"Assam","type":"British districts"},"geometry":{"type":"Polygon","coordinates":[[[94.4723,25.428],[94.5205,25.3741],[94.5455,25.4309],[94.6182,25.5097],[94.7117,25.5388],[94.7311,25.5483],[94.753,25.5744],[94.7654,25.6152],[94.738,25.6255],[94.7043,25.6584],[94.6559,25.728],[94.6733,25.8332],[94.6548,25.8589],[94.6349,25.8652],[94.5694,25.8438],[94.4782,25.8393],[94.3898,25.851],[94.3179,25.9048],[94.2497,25.905],[94.2208,25.9489],[94.1901,26.0281],[94.1544,26.0475],[94.1572,26.1585],[94.1698,26.1989],[94.2063,26.229],[94.2806,26.2666],[94.35,26.3682],[94.3548,26.3993],[94.3229,26.4702],[94.3343,26.4992],[94.4189,26.572],[94.4715,26.6338],[94.5029,26.6478],[94.583,26.6617],[94.621,26.6909],[94.6643,26.7394],[94.7415,26.8657],[94.7509,26.8948],[94.7314,26.9558],[94.5546,26.8971],[94.4411,26.7845],[94.3867,26.7459],[94.1912,26.6767],[94.1074,26.5941],[94.015,26.46],[93.8368,26.3076],[93.8202,26.2821],[93.8136,26.2566],[93.8421,26.0953],[93.8094,26.0464],[93.7247,25.9891],[93.6733,25.9093],[93.6368,25.8788],[93.5944,25.8817],[93.5537,25.9148],[93.5294,25.9208],[93.457,25.9242],[93.4409,25.9152],[93.4345,25.8417],[93.4213,25.8171],[93.3891,25.8171],[93.3714,25.8331],[93.3124,25.7949],[93.2987,25.7668],[93.2915,25.7067],[93.276,25.6719],[93.2434,25.64],[93.1824,25.6368],[93.1581,25.619],[93.1461,25.6011],[93.1432,25.5577],[93.0816,25.5228],[93.0935,25.5044],[93.1423,25.478],[93.1628,25.4573],[93.2079,25.3738],[93.2196,25.2869],[93.2146,25.2413],[93.2268,25.2342],[93.2525,25.1837],[93.2634,25.1814],[93.3389,25.2096],[93.3942,25.2117],[93.4708,25.2666],[93.5221,25.3468],[93.5242,25.4242],[93.5378,25.452],[93.6251,25.5016],[93.6525,25.5387],[93.741,25.5251],[93.779,25.5339],[93.813,25.5488],[93.8345,25.5681],[93.853,25.6127],[93.8701,25.6178],[93.929,25.6044],[93.9696,25.5721],[94.0456,25.5702],[94.0709,25.5815],[94.091,25.6047],[94.1428,25.6225],[94.1461,25.6424],[94.1664,25.6664],[94.2323,25.7072],[94.2535,25.7486],[94.2725,25.7589],[94.2963,25.7612],[94.3235,25.7473],[94.3429,25.7234],[94.3582,25.6382],[94.428,25.4968],[94.4723,25.428]]]}},{"type":"Feature","properties":{"id":"bengal--24-parganas","name":"24 - Parganas","division":"Bengal","type":"British districts"},"geometry":{"type":"Polygon","coordinates":[[[88.7772,22.734],[88.7853,22.8326],[88.8176,22.8915],[88.8172,22.9047],[88.7588,22.8993],[88.6938,22.872],[88.6649,22.8717],[88.6312,22.8761],[88.5604,22.9111],[88.5055,22.9229],[88.4647,22.925],[88.4334,22.9087],[88.4035,22.8445],[88.359,22.7864],[88.3459,22.7235],[88.2954,22.6645],[88.2391,22.5754],[88.2925,22.5348],[88.29,22.509],[88.2765,22.4953],[88.188,22.4923],[88.179,22.48],[88.1663,22.3875],[88.1441,22.3372],[88.0835,22.2726],[88.0396,22.2488],[88.0435,22.2172],[88.055,22.2172],[88.0904,22.1677],[88.101,22.1149],[88.0652,21.9725],[88.0822,21.8893],[88.1133,21.8159],[88.1432,21.798],[88.1824,21.7962],[88.2435,21.8113],[88.3082,21.8399],[88.3441,21.8788],[88.4181,21.9905],[88.4696,22.022],[88.5071,22.0267],[88.5813,22.0708],[88.5945,22.0623],[88.6201,22.0631],[88.6341,22.001],[88.6543,21.9815],[88.7471,21.9652],[88.8379,21.9311],[88.8732,21.9324],[88.8926,21.9517],[88.9038,21.9753],[88.9075,22.0125],[88.8784,22.0968],[88.882,22.1966],[88.8617,22.2376],[88.8548,22.3412],[88.8319,22.4662],[88.8446,22.5787],[88.8361,22.612],[88.7883,22.6843],[88.7772,22.734]]]}},{"type":"Feature","properties":{"id":"orissa--nilgiri","name":"Nilgiri","division":"Orissa","type":"Princely states"},"geometry":{"type":"Polygon","coordinates":[[[86.6977,21.5232],[86.6588,21.5495],[86.6077,21.5399],[86.3634,21.4307],[86.3396,21.3711],[86.2495,21.298],[86.2326,21.2619],[86.2342,21.2095],[86.3528,21.2903],[86.5009,21.3043],[86.5825,21.3274],[86.6014,21.3438],[86.6658,21.443],[86.6977,21.5232]]]}},{"type":"Feature","properties":{"id":"orissa--balasore","name":"Balasore","division":"Orissa","type":"British districts"},"geometry":{"type":"Polygon","coordinates":[[[87.0352,21.4896],[87.3416,21.548],[87.4015,21.5477],[87.4306,21.5558],[87.444,21.7677],[87.4379,21.802],[87.3625,21.8021],[87.302,21.8193],[87.2729,21.9019],[87.2319,21.9163],[87.166,21.9241],[87.088,22.0189],[87.0653,22.0192],[87.0409,21.9998],[87.0299,21.9413],[86.9975,21.9169],[86.9622,21.9221],[86.9545,21.8044],[86.9355,21.6994],[86.9163,21.6622],[86.8931,21.6498],[86.8507,21.6491],[86.8391,21.6424],[86.8214,21.5863],[86.7894,21.5396],[86.7734,21.5295],[86.6964,21.5227],[86.6658,21.443],[86.6014,21.3438],[86.5825,21.3274],[86.5424,21.3126],[86.3528,21.2903],[86.2377,21.2157],[86.2143,21.1807],[86.1831,21.1598],[86.176,21.1485],[86.1766,21.0984],[86.1981,21.0174],[86.2333,20.9685],[86.2368,20.8746],[86.246,20.8546],[86.2866,20.836],[86.3253,20.834],[86.3764,20.847],[86.398,20.8432],[86.481,20.7734],[86.5829,20.7241],[86.6657,20.6466],[86.704,20.5999],[86.7252,20.5454],[86.7514,20.5552],[86.8744,20.6552],[86.8874,20.6732],[86.8844,20.6887],[86.8671,20.7019],[86.8724,20.7527],[86.8238,20.7626],[86.814,20.7803],[86.8168,20.8483],[86.808,20.8707],[86.7221,20.9879],[86.7003,21.0924],[86.7072,21.1396],[86.7368,21.2193],[86.8204,21.3304],[86.9103,21.4078],[87.0352,21.4896]]]}},{"type":"Feature","properties":{"id":"bengal--calcutta","name":"Calcutta","division":"Bengal","type":"British districts"},"geometry":{"type":"Polygon","coordinates":[[[88.188,22.4923],[88.2765,22.4953],[88.29,22.509],[88.2925,22.5348],[88.2391,22.5754],[88.2054,22.5341],[88.188,22.4923]]]}},{"type":"Feature","properties":{"id":"bengal--howrah","name":"Howrah","division":"Bengal","type":"British districts"},"geometry":{"type":"Polygon","coordinates":[[[88.2693,22.6234],[88.2237,22.6531],[88.1418,22.6143],[88.1173,22.6191],[88.0459,22.6807],[88.0074,22.6909],[87.9757,22.6851],[87.9567,22.669],[87.9272,22.6623],[87.9,22.6631],[87.8493,22.6884],[87.8344,22.684],[87.7937,22.5757],[87.8673,22.3641],[87.9096,22.3064],[87.9632,22.2641],[88.002,22.2504],[88.0372,22.2475],[88.0835,22.2726],[88.1233,22.3094],[88.1567,22.358],[88.179,22.48],[88.2054,22.5341],[88.2693,22.6234]]]}},{"type":"Feature","properties":{"id":"bengal--midnapore","name":"Midnapore","division":"Bengal","type":"British districts"},"geometry":{"type":"Polygon","coordinates":[[[88.0382,22.2155],[88.0435,22.2172],[88.0396,22.2488],[88.002,22.2504],[87.9318,22.2849],[87.8673,22.3641],[87.7881,22.5938],[87.7716,22.6205],[87.6607,22.6844],[87.5236,22.8117],[87.4889,22.8314],[87.3757,22.8503],[87.2987,22.8902],[87.2441,22.9015],[87.2098,22.8922],[87.0354,22.8168],[86.815,22.6569],[86.669,22.6586],[86.5848,22.6174],[86.5118,22.6216],[86.5113,22.5479],[86.528,22.5202],[86.6562,22.4402],[86.6837,22.4064],[86.6745,22.3107],[86.8835,22.1965],[86.9209,22.1555],[86.939,22.0653],[86.932,21.9655],[86.9386,21.9354],[86.9732,21.9159],[86.9975,21.9169],[87.0299,21.9413],[87.0409,21.9998],[87.0653,22.0192],[87.088,22.0189],[87.166,21.9241],[87.2319,21.9163],[87.2729,21.9019],[87.302,21.8193],[87.3625,21.8021],[87.4379,21.802],[87.444,21.7677],[87.4306,21.5558],[87.5538,21.5842],[87.6049,21.6155],[87.6673,21.6388],[87.7056,21.674],[87.7888,21.7966],[87.9757,21.9976],[88.0312,22.1005],[88.0382,22.2155]]]}},{"type":"Feature","properties":{"id":"orissa--seraikela","name":"Seraikela","division":"Orissa","type":"Princely states"},"geometry":{"type":"Polygon","coordinates":[[[86.0311,22.2888],[85.9362,22.3714],[85.9202,22.4008],[85.9211,22.4305],[85.9733,22.5699],[85.9898,22.6423],[85.9843,22.6682],[85.9596,22.7025],[85.919,22.7293],[85.8774,22.7435],[85.7325,22.7424],[85.7169,22.6611],[85.7041,22.6336],[85.6339,22.5616],[85.7561,22.4049],[85.9005,22.3045],[85.9427,22.2605],[85.9369,22.2359],[85.9885,22.2419],[86.0311,22.2888]]]}},{"type":"Feature","properties":{"id":"bihar--singhbhum","name":"Singhbhum","division":"Bihar","type":"British districts"},"geometry":{"type":"MultiPolygon","coordinates":[[[[86.5113,22.5479],[86.5134,22.6411],[86.3723,22.6167],[86.279,22.6109],[85.9898,22.6422],[85.9733,22.5699],[85.9211,22.4305],[85.9202,22.4008],[85.9362,22.3714],[86.0257,22.2916],[86.1029,22.2495],[86.1906,22.225],[86.2843,22.2185],[86.3317,22.2038],[86.4204,22.1184],[86.554,22.0467],[86.5771,22.0507],[86.6005,22.0589],[86.6198,22.09],[86.6059,22.2691],[86.646,22.3128],[86.6745,22.3107],[86.6837,22.4064],[86.6562,22.4402],[86.528,22.5202],[86.5113,22.5479]]],[[[85.7949,22.0015],[85.8803,22.0652],[85.8944,22.1095],[85.8976,22.1518],[85.9244,22.1825],[85.9427,22.2605],[85.9005,22.3045],[85.7561,22.4049],[85.6356,22.5603],[85.5507,22.6268],[85.5271,22.6766],[85.5273,22.7168],[85.4453,22.7193],[85.3628,22.6917],[85.2718,22.6475],[85.1958,22.625],[85.0775,22.6231],[85.0519,22.6077],[85.0272,22.5752],[85.0328,22.415],[85.0018,22.3517],[85.0097,22.2784],[84.9979,22.2632],[85.0031,22.258],[84.9735,22.0995],[84.973,22.0485],[85.013,22.0333],[85.145,22.0506],[85.2032,22.0342],[85.3717,21.9484],[85.4394,21.9596],[85.6071,22.0281],[85.647,22.034],[85.6814,21.9864],[85.6841,21.9225],[85.7035,21.8971],[85.7243,21.8915],[85.7491,21.8983],[85.7949,22.0015]]]]}},{"type":"Feature","properties":{"id":"orissa--mayurbhanj","name":"Mayurbhanj","division":"Orissa","type":"Princely states"},"geometry":{"type":"Polygon","coordinates":[[[86.6977,21.5232],[86.7734,21.5295],[86.7894,21.5396],[86.8214,21.5863],[86.8391,21.6424],[86.8507,21.6491],[86.8931,21.6498],[86.9163,21.6622],[86.9355,21.6994],[86.9545,21.8044],[86.9622,21.9221],[86.9386,21.9354],[86.932,21.9655],[86.939,22.0653],[86.9209,22.1555],[86.8835,22.1965],[86.6822,22.3101],[86.646,22.3128],[86.6059,22.2691],[86.6198,22.09],[86.6005,22.0589],[86.554,22.0467],[86.4204,22.1184],[86.3317,22.2038],[86.2843,22.2185],[86.1906,22.225],[86.1029,22.2495],[86.0311,22.2888],[85.9885,22.2419],[85.9369,22.2359],[85.9244,22.1825],[85.8976,22.1518],[85.8944,22.1095],[85.8803,22.0652],[85.7949,22.0015],[85.7491,21.8983],[85.7152,21.8939],[85.7083,21.8698],[85.6872,21.8447],[85.6891,21.8031],[85.7071,21.7735],[85.8196,21.6444],[85.8987,21.5958],[85.909,21.5583],[85.8608,21.4572],[85.8655,21.4392],[85.9338,21.342],[86.0257,21.2694],[86.0944,21.2797],[86.1554,21.2388],[86.2333,21.2374],[86.2326,21.2619],[86.2495,21.298],[86.3396,21.3711],[86.3634,21.4307],[86.6077,21.5399],[86.6588,21.5495],[86.6977,21.5232]]]}},{"type":"Feature","properties":{"id":"orissa--dhenkanal","name":"Dhenkanal","division":"Orissa","type":"Princely states"},"geometry":{"type":"Polygon","coordinates":[[[85.6747,20.9588],[85.6478,20.9573],[85.6185,20.9686],[85.5943,20.9907],[85.5165,21.1193],[85.4871,21.1306],[85.4708,21.1278],[85.4241,21.0807],[85.3758,21.0516],[85.3365,21.0512],[85.2984,21.0667],[85.264,21.1076],[85.2254,21.1184],[85.2144,21.1333],[85.2162,21.1499],[85.1875,21.1393],[85.1398,21.0678],[85.1301,21.0364],[85.1482,20.8959],[85.1461,20.8465],[85.1302,20.8155],[85.1028,20.7916],[85.122,20.7497],[85.2592,20.7434],[85.2894,20.7302],[85.3051,20.7104],[85.3162,20.5926],[85.33,20.5747],[85.3328,20.5559],[85.3549,20.5572],[85.4074,20.5342],[85.4087,20.5238],[85.4476,20.5355],[85.4954,20.5741],[85.5918,20.5372],[85.6546,20.5851],[85.6727,20.5868],[85.7232,20.5496],[85.8009,20.5106],[85.8519,20.5461],[85.8936,20.5923],[85.8947,20.6184],[85.867,20.6612],[85.869,20.6901],[85.8857,20.7131],[85.9349,20.7269],[85.9519,20.7541],[85.9531,20.7816],[85.9426,20.8014],[85.8937,20.8024],[85.837,20.7876],[85.7935,20.8003],[85.771,20.7699],[85.7439,20.7695],[85.7049,20.8038],[85.675,20.8588],[85.6747,20.9588]]]}},{"type":"Feature","properties":{"id":"orissa--keonjhar","name":"Keonjhar","division":"Orissa","type":"Princely states"},"geometry":{"type":"Polygon","coordinates":[[[85.7152,21.8939],[85.7035,21.8971],[85.6841,21.9225],[85.6814,21.9864],[85.647,22.034],[85.6071,22.0281],[85.4394,21.9596],[85.3717,21.9484],[85.2104,22.0302],[85.2176,21.9534],[85.2506,21.9017],[85.2516,21.8461],[85.1274,21.7227],[85.1014,21.6695],[85.1036,21.6429],[85.1629,21.5372],[85.1613,21.472],[85.1744,21.4419],[85.2245,21.3803],[85.2286,21.2647],[85.2469,21.2381],[85.2507,21.2067],[85.2475,21.1889],[85.2241,21.1714],[85.2144,21.1333],[85.2254,21.1184],[85.264,21.1076],[85.3079,21.0595],[85.3365,21.0512],[85.3758,21.0516],[85.4241,21.0807],[85.4708,21.1278],[85.4871,21.1306],[85.5165,21.1193],[85.5763,21.0119],[85.6185,20.9686],[85.6478,20.9573],[85.7401,20.9744],[85.8109,21.0064],[85.8552,21.003],[85.8814,20.9665],[85.8991,20.9595],[86.006,20.9956],[86.1254,20.9553],[86.1436,20.9559],[86.202,21.0107],[86.1766,21.0984],[86.176,21.1485],[86.2268,21.1964],[86.2342,21.2095],[86.2333,21.2374],[86.1554,21.2388],[86.0944,21.2797],[86.0257,21.2694],[85.9338,21.342],[85.8795,21.4149],[85.8608,21.4572],[85.909,21.5583],[85.8987,21.5958],[85.8196,21.6444],[85.7071,21.7735],[85.6891,21.8031],[85.6872,21.8447],[85.7083,21.8698],[85.7152,21.8939]]]}},{"type":"Feature","properties":{"id":"orissa--pal-lahara","name":"Pal Lahara","division":"Orissa","type":"Princely states"},"geometry":{"type":"Polygon","coordinates":[[[85.1375,21.0602],[85.1573,21.1021],[85.1875,21.1393],[85.2162,21.1499],[85.2241,21.1714],[85.2475,21.1889],[85.2507,21.2067],[85.2469,21.2381],[85.2286,21.2647],[85.2245,21.3803],[85.1744,21.4419],[85.1613,21.472],[85.1629,21.5372],[85.1473,21.5695],[85.102,21.5267],[85.0546,21.5001],[84.8866,21.3064],[85.1375,21.0602]]]}},{"type":"Feature","properties":{"id":"orissa--talcher","name":"Talcher","division":"Orissa","type":"Princely states"},"geometry":{"type":"Polygon","coordinates":[[[85.1375,21.0602],[84.8866,21.3064],[84.7942,21.2371],[84.777,21.2069],[84.7827,21.1101],[84.8424,21.0376],[84.9103,20.8766],[84.9251,20.8578],[85.0722,20.816],[85.1028,20.7916],[85.1302,20.8155],[85.1461,20.8465],[85.1482,20.8959],[85.1301,21.0364],[85.1375,21.0602]]]}},{"type":"Feature","properties":{"id":"orissa--bonai","name":"Bonai","division":"Orissa","type":"Princely states"},"geometry":{"type":"Polygon","coordinates":[[[85.2104,22.0302],[85.145,22.0506],[85.0138,22.0334],[84.9958,22.014],[84.8577,22.0196],[84.8043,21.9958],[84.7221,21.9319],[84.6883,21.9198],[84.618,21.931],[84.4649,21.9128],[84.4494,21.8018],[84.4588,21.748],[84.4829,21.7224],[84.5076,21.6592],[84.5918,21.6238],[84.6339,21.6178],[84.701,21.5656],[84.86,21.5619],[84.9069,21.5491],[84.9978,21.4301],[85.0546,21.5001],[85.102,21.5267],[85.1473,21.5695],[85.1036,21.6429],[85.1046,21.6863],[85.1274,21.7227],[85.2516,21.8461],[85.2506,21.9017],[85.2176,21.9534],[85.2104,22.0302]]]}},{"type":"Feature","properties":{"id":"orissa--gangpur","name":"Gangpur","division":"Orissa","type":"Princely states"},"geometry":{"type":"Polygon","coordinates":[[[85.0138,22.0334],[84.973,22.0485],[84.9735,22.0995],[85.0031,22.258],[84.9804,22.2807],[84.9273,22.284],[84.8601,22.2399],[84.821,22.2252],[84.7578,22.2163],[84.7085,22.2306],[84.6512,22.2611],[84.4846,22.3022],[84.4102,22.3066],[84.1778,22.2561],[84.1212,22.255],[84.0854,22.267],[83.9102,22.4181],[83.8528,22.3164],[83.8057,22.2562],[83.7369,22.2149],[83.6442,22.1772],[83.6253,22.1593],[83.6136,22.1137],[83.6066,22.0204],[83.5811,22.0182],[83.5367,22.0407],[83.5083,22.0339],[83.5018,21.9903],[83.5172,21.8437],[83.5574,21.8357],[83.5818,21.819],[83.5926,21.7876],[83.5916,21.7548],[83.7335,21.7888],[83.7912,21.8189],[83.8246,21.8171],[83.883,21.794],[84.0019,21.8444],[84.0333,21.8436],[84.0949,21.8222],[84.2018,21.8307],[84.1999,21.8995],[84.1618,21.9183],[84.1475,21.9333],[84.146,21.9487],[84.1573,21.986],[84.1696,21.9995],[84.2058,22.0294],[84.2437,22.0451],[84.3512,22.0578],[84.3683,22.0474],[84.3922,22.0058],[84.4026,21.9519],[84.4545,21.9134],[84.4735,21.9123],[84.618,21.931],[84.6883,21.9198],[84.7221,21.9319],[84.8043,21.9958],[84.8577,22.0196],[84.9958,22.014],[85.0138,22.0334]]]}},{"type":"Feature","properties":{"id":"central-province-and-berar--central-province-and-berar","name":"Central Province and Berar","division":"Central Province and Berar","type":"Princely states"},"geometry":{"type":"Polygon","coordinates":[[[83.3189,22.5647],[83.2192,22.6154],[83.1879,22.617],[83.1501,22.614],[83.0869,22.576],[83.0851,22.5042],[83.0742,22.4573],[83.0283,22.3839],[83.0205,22.3543],[83.0219,22.3265],[83.0646,22.2845],[83.0765,22.2519],[83.0653,22.2026],[83.0259,22.1426],[82.991,22.066],[83.0067,22.0068],[83.0171,22.0006],[83.0159,21.9445],[83.0466,21.9364],[83.098,21.941],[83.1635,21.9797],[83.1865,22.0198],[83.1945,22.1184],[83.2041,22.1521],[83.2449,22.197],[83.2664,22.25],[83.328,22.335],[83.4051,22.3574],[83.4413,22.3484],[83.5073,22.3022],[83.5423,22.2989],[83.565,22.3212],[83.5717,22.3678],[83.5367,22.3953],[83.4732,22.4072],[83.4289,22.4344],[83.3613,22.4942],[83.3189,22.5647]]]}},{"type":"Feature","properties":{"id":"central-province-and-berar--sakti","name":"Sakti","division":"Central Province and Berar","type":"Princely states"},"geometry":{"type":"Polygon","coordinates":[[[82.9915,22.0681],[82.8631,22.0751],[82.8268,22.0533],[82.8027,22.0189],[82.7777,21.9659],[82.7771,21.9282],[82.8627,21.8465],[82.9009,21.8468],[82.9576,21.8661],[83.0088,21.8574],[83.0197,21.9798],[83.0171,22.0006],[83.0067,22.0068],[83.0057,22.0289],[82.9901,22.0504],[82.9915,22.0681]]]}},{"type":"Feature","properties":{"id":"central-province-and-berar--raigarh","name":"Raigarh","division":"Central Province and Berar","type":"Princely states"},"geometry":{"type":"Polygon","coordinates":[[[83.5492,22.3036],[83.5073,22.3022],[83.4413,22.3484],[83.4051,22.3574],[83.328,22.335],[83.2664,22.25],[83.2449,22.197],[83.2041,22.1521],[83.1945,22.1184],[83.1865,22.0198],[83.1635,21.9797],[83.098,21.941],[83.0466,21.9364],[83.0159,21.9445],[83.0058,21.8673],[83.0135,21.842],[83.0953,21.7511],[83.1175,21.7123],[83.1307,21.7038],[83.1868,21.6996],[83.2099,21.6899],[83.2324,21.6582],[83.2649,21.6537],[83.3272,21.6634],[83.3479,21.6538],[83.3648,21.6039],[83.4169,21.5509],[83.4272,21.5649],[83.4993,21.6063],[83.5427,21.6527],[83.5481,21.7022],[83.5594,21.7218],[83.5913,21.745],[83.5926,21.7876],[83.5818,21.819],[83.5574,21.8357],[83.5172,21.8437],[83.5033,22.0152],[83.5083,22.0339],[83.5367,22.0407],[83.5811,22.0182],[83.6066,22.0204],[83.6136,22.1137],[83.6253,22.1593],[83.6458,22.1778],[83.5492,22.3036]]]}},{"type":"Feature","properties":{"id":"central-province-and-berar--sarangarh","name":"Sarangarh","division":"Central Province and Berar","type":"Princely states"},"geometry":{"type":"Polygon","coordinates":[[[83.4169,21.5509],[83.3648,21.6039],[83.3479,21.6538],[83.3272,21.6634],[83.2649,21.6537],[83.2324,21.6582],[83.2099,21.6899],[83.1868,21.6996],[83.1307,21.7038],[83.0608,21.7892],[83.0119,21.6778],[82.9999,21.6632],[82.9396,21.6376],[82.9176,21.5323],[82.919,21.4701],[82.9458,21.4161],[82.9565,21.3608],[83.1079,21.3513],[83.1984,21.28],[83.248,21.3106],[83.3371,21.3204],[83.3607,21.3347],[83.3865,21.3642],[83.4079,21.5386],[83.4169,21.5509]]]}},{"type":"Feature","properties":{"id":"orissa--sambalpur","name":"Sambalpur","division":"Orissa","type":"British districts"},"geometry":{"type":"Polygon","coordinates":[[[82.79,20.0514],[82.788,20.0738],[82.8104,20.1412],[82.7997,20.1683],[82.7999,20.2129],[82.8259,20.2696],[82.8327,20.3244],[82.8251,20.3532],[82.809,20.373],[82.7769,20.3962],[82.7272,20.408],[82.7094,20.4553],[82.7609,20.6363],[82.7544,20.6679],[82.7281,20.7052],[82.7148,20.7808],[82.7233,20.789],[82.8073,20.8118],[82.8741,20.8153],[82.9527,20.7936],[82.9902,20.7947],[83.0408,20.8351],[83.0669,20.8338],[83.1114,20.8156],[83.141,20.7838],[83.161,20.7819],[83.2512,20.806],[83.2787,20.8294],[83.2754,20.8608],[83.256,20.876],[83.1992,20.8901],[83.185,20.907],[83.1793,20.9319],[83.1815,20.9536],[83.1912,20.9655],[83.2429,21.0038],[83.3605,20.9762],[83.407,20.9578],[83.5084,20.948],[83.6407,20.9498],[83.7213,20.9599],[83.9005,21.0666],[83.9322,21.0697],[83.977,21.0578],[84.0027,21.0458],[84.0251,21.0211],[84.1167,21.0701],[84.1787,21.1254],[84.2154,21.1793],[84.2164,21.2114],[84.2054,21.23],[84.1435,21.2742],[84.1025,21.3465],[84.0914,21.4921],[84.0968,21.5145],[84.1687,21.6301],[84.2018,21.8307],[84.0949,21.8222],[84.0333,21.8436],[84.0019,21.8444],[83.883,21.794],[83.8246,21.8171],[83.7912,21.8189],[83.7335,21.7888],[83.5916,21.7548],[83.5913,21.745],[83.5594,21.7218],[83.5481,21.7022],[83.5427,21.6527],[83.4993,21.6063],[83.4272,21.5649],[83.4079,21.5386],[83.3865,21.3642],[83.3607,21.3347],[83.3371,21.3204],[83.2788,21.3186],[83.2272,21.3022],[83.1157,21.208],[83.0819,21.1906],[82.9378,21.2177],[82.8531,21.2193],[82.7776,21.205],[82.7003,21.275],[82.6693,21.2883],[82.639,21.2909],[82.5839,21.278],[82.5007,21.2128],[82.4219,21.208],[82.3854,21.1871],[82.3731,21.1686],[82.3673,21.1285],[82.3139,21.0726],[82.3017,21.0054],[82.3143,20.9775],[82.3161,20.937],[82.3057,20.9054],[82.2816,20.8779],[82.2693,20.7798],[82.353,20.5505],[82.3431,20.3716],[82.3468,20.2099],[82.3953,20.1449],[82.4521,20.0961],[82.6121,20.0513],[82.6848,20.0073],[82.7209,20.0367],[82.79,20.0514]]]}},{"type":"Feature","properties":{"id":"orissa--sonepur","name":"Sonepur","division":"Orissa","type":"Princely states"},"geometry":{"type":"Polygon","coordinates":[[[84.0251,21.0211],[84.0027,21.0458],[83.9322,21.0697],[83.9005,21.0666],[83.8668,21.0518],[83.7213,20.9599],[83.6407,20.9498],[83.5084,20.948],[83.3992,20.9609],[83.3899,20.9283],[83.402,20.8872],[83.4155,20.8709],[83.4812,20.8285],[83.4849,20.8134],[83.479,20.7767],[83.4481,20.7241],[83.4475,20.6993],[83.4851,20.6554],[83.5013,20.607],[83.4779,20.5406],[83.4827,20.494],[83.5398,20.479],[83.6601,20.4943],[83.7086,20.5412],[83.7179,20.5805],[83.7068,20.5972],[83.6629,20.6222],[83.6572,20.6632],[83.7002,20.7284],[83.7248,20.7366],[83.8108,20.7426],[83.8837,20.7312],[83.9475,20.6853],[83.9658,20.6549],[83.9971,20.6391],[84.0479,20.6478],[84.078,20.6623],[84.0448,20.7294],[84.0557,20.7771],[84.0478,20.8145],[84.1027,20.8646],[84.0682,20.887],[84.018,20.956],[84.01,21.0085],[84.0251,21.0211]]]}},{"type":"Feature","properties":{"id":"orissa--bamra","name":"Bamra","division":"Orissa","type":"Princely states"},"geometry":{"type":"Polygon","coordinates":[[[84.4649,21.9128],[84.4545,21.9134],[84.4026,21.9519],[84.3922,22.0058],[84.3683,22.0474],[84.3512,22.0578],[84.2437,22.0451],[84.2058,22.0294],[84.1573,21.986],[84.1475,21.9333],[84.1999,21.8995],[84.2019,21.8319],[84.1687,21.6301],[84.0968,21.5145],[84.0914,21.4921],[84.1025,21.3465],[84.1435,21.2742],[84.2054,21.23],[84.2139,21.2155],[84.3224,21.2273],[84.3848,21.2087],[84.4786,21.2536],[84.5037,21.2522],[84.5327,21.2316],[84.5936,21.2527],[84.6117,21.2517],[84.6351,21.2087],[84.6348,21.1888],[84.6197,21.1727],[84.623,21.1469],[84.6567,21.1213],[84.6693,21.0929],[84.6964,21.0963],[84.7377,21.0807],[84.7698,21.0788],[84.7984,21.0855],[84.7827,21.1101],[84.776,21.1616],[84.777,21.2069],[84.7839,21.2197],[84.7942,21.2371],[84.8866,21.3064],[84.9978,21.4301],[84.9069,21.5491],[84.86,21.5619],[84.701,21.5656],[84.6339,21.6178],[84.5918,21.6238],[84.5076,21.6592],[84.4917,21.7056],[84.4588,21.748],[84.4507,21.7754],[84.4649,21.9128]]]}},{"type":"Feature","properties":{"id":"orissa--rairakhol","name":"Rairakhol","division":"Orissa","type":"Princely states"},"geometry":{"type":"Polygon","coordinates":[[[84.6693,21.0929],[84.6567,21.1213],[84.623,21.1469],[84.6197,21.1727],[84.6348,21.1888],[84.6351,21.2087],[84.6117,21.2517],[84.5936,21.2527],[84.5327,21.2316],[84.5037,21.2522],[84.4786,21.2536],[84.3848,21.2087],[84.3224,21.2273],[84.2881,21.2274],[84.2139,21.2155],[84.2154,21.1793],[84.1787,21.1254],[84.1167,21.0701],[84.027,21.0228],[84.01,21.0085],[84.0088,20.9887],[84.018,20.956],[84.0427,20.9149],[84.0893,20.8688],[84.2091,20.834],[84.2656,20.8517],[84.3558,20.9244],[84.5576,21.0078],[84.5948,21.0539],[84.6693,21.0929]]]}},{"type":"Feature","properties":{"id":"orissa--athmallik","name":"Athmallik","division":"Orissa","type":"Princely states"},"geometry":{"type":"Polygon","coordinates":[[[84.6618,20.5089],[84.6981,20.5948],[84.6624,20.681],[84.6708,20.7175],[84.7032,20.7516],[84.7126,20.7889],[84.7099,20.8562],[84.7016,20.8832],[84.6734,20.898],[84.6323,20.9486],[84.5892,20.9833],[84.5672,21.0197],[84.5576,21.0078],[84.4931,20.9773],[84.3558,20.9244],[84.2656,20.8517],[84.2138,20.8347],[84.208,20.7652],[84.2176,20.7239],[84.225,20.7131],[84.2877,20.7012],[84.3144,20.6609],[84.3451,20.5882],[84.3614,20.576],[84.378,20.5685],[84.4486,20.5712],[84.514,20.5572],[84.5864,20.5257],[84.6618,20.5089]]]}},{"type":"Feature","properties":{"id":"orissa--baud","name":"Baud","division":"Orissa","type":"Princely states"},"geometry":{"type":"Polygon","coordinates":[[[83.9518,20.1888],[83.992,20.1935],[84.069,20.2243],[84.0936,20.2195],[84.1205,20.1918],[84.1383,20.1866],[84.171,20.1927],[84.1969,20.2153],[84.2324,20.2219],[84.323,20.1934],[84.3391,20.1944],[84.3547,20.2031],[84.3746,20.2342],[84.3956,20.2993],[84.4123,20.3268],[84.6264,20.4617],[84.6618,20.5089],[84.5864,20.5257],[84.514,20.5572],[84.4486,20.5712],[84.378,20.5685],[84.3614,20.576],[84.3451,20.5882],[84.3144,20.6609],[84.2877,20.7012],[84.225,20.7131],[84.2176,20.7239],[84.208,20.7652],[84.2138,20.8347],[84.1027,20.8646],[84.0478,20.8145],[84.0557,20.7771],[84.0448,20.7294],[84.078,20.6623],[84.0479,20.6478],[83.9812,20.6427],[83.9475,20.6853],[83.8837,20.7312],[83.8108,20.7426],[83.7248,20.7366],[83.7002,20.7284],[83.6687,20.6892],[83.6569,20.6414],[83.6704,20.6123],[83.7068,20.5972],[83.7179,20.5805],[83.7086,20.5412],[83.6601,20.4943],[83.5398,20.479],[83.4827,20.494],[83.5004,20.4292],[83.5991,20.3589],[83.868,20.2615],[83.9518,20.1888]]]}},{"type":"Feature","properties":{"id":"orissa--patna","name":"Patna","division":"Orissa","type":"Princely states"},"geometry":{"type":"Polygon","coordinates":[[[83.3992,20.9609],[83.2429,21.0038],[83.2242,20.9952],[83.1815,20.9536],[83.185,20.907],[83.1992,20.8901],[83.256,20.876],[83.2754,20.8608],[83.2787,20.8294],[83.2512,20.806],[83.1784,20.7858],[83.141,20.7838],[83.1114,20.8156],[83.0669,20.8338],[83.0408,20.8351],[82.9902,20.7947],[82.9527,20.7936],[82.8741,20.8153],[82.8073,20.8118],[82.7233,20.789],[82.7148,20.7808],[82.7281,20.7052],[82.7544,20.6679],[82.7609,20.6363],[82.7094,20.4553],[82.7272,20.408],[82.7769,20.3962],[82.809,20.373],[82.8251,20.3532],[82.8327,20.3244],[82.8259,20.2696],[82.7999,20.2129],[82.7997,20.1683],[82.8104,20.1412],[82.788,20.0738],[82.788,20.0539],[82.8126,20.0243],[82.8743,20.0121],[82.9213,20.027],[83.0133,20.0798],[83.0365,20.1006],[83.099,20.1243],[83.1396,20.1509],[83.1635,20.2238],[83.2117,20.2788],[83.2356,20.2883],[83.3006,20.2916],[83.3522,20.3126],[83.3786,20.3114],[83.4043,20.2987],[83.4318,20.2647],[83.4779,20.2525],[83.5912,20.2974],[83.6145,20.3247],[83.6132,20.3404],[83.5991,20.3589],[83.5004,20.4292],[83.4775,20.5185],[83.4779,20.5406],[83.5013,20.607],[83.4851,20.6554],[83.4475,20.6993],[83.4481,20.7241],[83.479,20.7767],[83.4849,20.8134],[83.4812,20.8285],[83.4155,20.8709],[83.402,20.8872],[83.3899,20.9283],[83.3992,20.9609]]]}},{"type":"Feature","properties":{"id":"orissa--kalahandi","name":"Kalahandi","division":"Orissa","type":"Princely states"},"geometry":{"type":"Polygon","coordinates":[[[83.9518,20.1888],[83.868,20.2615],[83.5991,20.3589],[83.6132,20.3404],[83.6145,20.3247],[83.5912,20.2974],[83.4779,20.2525],[83.4318,20.2647],[83.4043,20.2987],[83.3786,20.3114],[83.3522,20.3126],[83.3006,20.2916],[83.2356,20.2883],[83.2117,20.2788],[83.1635,20.2238],[83.1396,20.1509],[83.099,20.1243],[83.0365,20.1006],[83.0133,20.0798],[82.9213,20.027],[82.8743,20.0121],[82.8126,20.0243],[82.79,20.0514],[82.7209,20.0367],[82.6848,20.0073],[82.7324,19.9178],[82.7321,19.8335],[82.6773,19.7386],[82.6402,19.7224],[82.6116,19.7236],[82.6035,19.5324],[82.6801,19.4579],[82.6933,19.4194],[82.7411,19.3656],[82.7814,19.361],[82.7936,19.3491],[82.8188,19.2647],[82.8289,19.255],[82.8908,19.248],[82.9399,19.2096],[82.9531,19.1727],[82.9545,19.1093],[82.9629,19.0805],[83.017,19.0532],[83.0377,19.0323],[83.0956,18.9465],[83.1308,18.9471],[83.1575,18.9879],[83.2946,19.0835],[83.3125,19.1119],[83.3114,19.1482],[83.2919,19.1939],[83.3051,19.2324],[83.3458,19.2669],[83.3474,19.2981],[83.3286,19.3402],[83.2524,19.3608],[83.2347,19.4705],[83.2388,19.4902],[83.2934,19.5318],[83.3727,19.5274],[83.3835,19.5326],[83.4025,19.5665],[83.3936,19.6409],[83.4341,19.6966],[83.4423,19.7375],[83.4058,19.7862],[83.4082,19.8465],[83.4811,19.8736],[83.5341,19.9854],[83.5588,20.0105],[83.5814,20.0244],[83.6246,20.0308],[83.6899,19.9742],[83.7104,19.9768],[83.7835,20.0201],[83.9082,20.1772],[83.9518,20.1888]]]}},{"type":"Feature","properties":{"id":"orissa--ganjam","name":"Ganjam","division":"Orissa","type":"British districts"},"geometry":{"type":"Polygon","coordinates":[[[85.3007,19.558],[85.3015,19.5992],[85.292,19.6143],[85.2829,19.6132],[85.2785,19.6333],[85.2616,19.6493],[85.2366,19.5865],[85.1786,19.5104],[85.1047,19.5053],[85.086,19.515],[85.0782,19.5403],[85.0927,19.571],[85.1757,19.693],[85.1548,19.6914],[85.0518,19.7511],[85.0133,19.8364],[84.9916,19.8405],[84.8943,19.914],[84.8733,19.9786],[84.8877,20.0156],[84.8937,20.158],[84.8877,20.1744],[84.8644,20.1861],[84.8064,20.1866],[84.7891,20.1751],[84.7718,20.1784],[84.7542,20.1871],[84.7299,20.2198],[84.7147,20.226],[84.7,20.222],[84.6691,20.1782],[84.6423,20.029],[84.6135,20.0175],[84.5706,20.053],[84.534,20.1508],[84.4985,20.1841],[84.4898,20.2159],[84.491,20.2862],[84.4713,20.3234],[84.4443,20.3481],[84.4036,20.3159],[84.3746,20.2342],[84.3547,20.2031],[84.3391,20.1944],[84.323,20.1934],[84.2324,20.2219],[84.1969,20.2153],[84.171,20.1927],[84.1383,20.1866],[84.1205,20.1918],[84.0936,20.2195],[84.069,20.2243],[83.992,20.1935],[83.9398,20.1891],[83.9082,20.1772],[83.7835,20.0201],[83.7104,19.9768],[83.6899,19.9742],[83.6246,20.0308],[83.5814,20.0244],[83.5331,19.9833],[83.6387,19.8611],[83.6793,19.7667],[83.6797,19.7048],[83.6932,19.6622],[83.7095,19.6593],[83.7513,19.6829],[83.9536,19.6643],[83.9937,19.6161],[83.9949,19.5038],[83.9844,19.4638],[84.0287,19.3309],[84.0604,19.2682],[84.0724,19.1888],[84.056,19.0802],[84.0239,19.0257],[83.9659,18.9671],[84.0046,18.9442],[84.0531,18.8518],[84.0759,18.8365],[84.1188,18.8249],[84.2511,18.8586],[84.3112,18.8437],[84.3509,18.8429],[84.3831,18.8625],[84.3982,18.8878],[84.4093,18.9961],[84.4613,19.0371],[84.5387,19.084],[84.596,19.1082],[84.6689,19.1],[85.0099,19.3778],[85.0742,19.422],[85.1565,19.4635],[85.3007,19.558]]]}},{"type":"Feature","properties":{"id":"orissa--nayagarh","name":"Nayagarh","division":"Orissa","type":"Princely states"},"geometry":{"type":"Polygon","coordinates":[[[85.1503,20.1406],[85.0552,20.1478],[85.0198,20.1423],[84.9044,20.2807],[84.8634,20.2647],[84.7867,20.2076],[84.7859,20.1953],[84.7964,20.1871],[84.8644,20.1861],[84.8877,20.1744],[84.8937,20.158],[84.8877,20.0156],[84.8733,19.9786],[84.8854,19.9325],[84.9149,19.893],[85.0163,19.8304],[85.0741,19.8661],[85.0946,19.8904],[85.0988,19.9081],[85.1284,19.9347],[85.1562,19.9402],[85.1503,20.1406]]]}},{"type":"Feature","properties":{"id":"orissa--daspalla","name":"Daspalla","division":"Orissa","type":"Princely states"},"geometry":{"type":"Polygon","coordinates":[[[84.9246,20.4188],[84.7953,20.4799],[84.7311,20.4807],[84.6618,20.5089],[84.6264,20.4617],[84.4443,20.3481],[84.4713,20.3234],[84.491,20.2862],[84.4898,20.2159],[84.4985,20.1841],[84.534,20.1508],[84.5527,20.0877],[84.581,20.0382],[84.6135,20.0175],[84.6423,20.029],[84.6691,20.1782],[84.7,20.222],[84.7147,20.226],[84.7299,20.2198],[84.7542,20.1871],[84.7891,20.1751],[84.8064,20.1866],[84.7859,20.1953],[84.8007,20.2238],[84.9473,20.3072],[84.9542,20.3209],[84.9526,20.3579],[84.9246,20.4188]]]}},{"type":"Feature","properties":{"id":"orissa--narsinghpur","name":"Narsinghpur","division":"Orissa","type":"Princely states"},"geometry":{"type":"Polygon","coordinates":[[[85.2183,20.4551],[85.0803,20.4866],[85.0294,20.5094],[85.016,20.4847],[84.979,20.4547],[84.9265,20.435],[84.9243,20.4163],[84.9526,20.3579],[84.9515,20.3154],[85.1048,20.3103],[85.1775,20.3344],[85.2078,20.3827],[85.2183,20.4551]]]}},{"type":"Feature","properties":{"id":"orissa--hindol","name":"Hindol","division":"Orissa","type":"Princely states"},"geometry":{"type":"Polygon","coordinates":[[[85.3328,20.5559],[85.33,20.5747],[85.3162,20.5926],[85.3051,20.7104],[85.2894,20.7302],[85.2592,20.7434],[85.122,20.7497],[85.1117,20.6861],[85.0773,20.5917],[85.044,20.5445],[85.0294,20.5094],[85.0803,20.4866],[85.2183,20.4551],[85.2445,20.4826],[85.2873,20.5074],[85.3328,20.5559]]]}},{"type":"Feature","properties":{"id":"orissa--tigiria","name":"Tigiria","division":"Orissa","type":"Princely states"},"geometry":{"type":"Polygon","coordinates":[[[85.5918,20.5372],[85.4954,20.5741],[85.4476,20.5355],[85.4087,20.5238],[85.4124,20.4744],[85.4264,20.4594],[85.444,20.4092],[85.4438,20.3491],[85.5969,20.3865],[85.6065,20.5144],[85.5918,20.5372]]]}},{"type":"Feature","properties":{"id":"orissa--baramba","name":"Baramba","division":"Orissa","type":"Princely states"},"geometry":{"type":"Polygon","coordinates":[[[85.4124,20.4744],[85.4074,20.5342],[85.3549,20.5572],[85.3307,20.5558],[85.2873,20.5074],[85.2191,20.4623],[85.214,20.4012],[85.1971,20.3578],[85.181,20.3385],[85.2874,20.2681],[85.3384,20.2988],[85.3949,20.3131],[85.4438,20.3491],[85.444,20.4092],[85.4264,20.4594],[85.4124,20.4744]]]}},{"type":"Feature","properties":{"id":"orissa--khandpara","name":"Khandpara","division":"Orissa","type":"Princely states"},"geometry":{"type":"Polygon","coordinates":[[[85.344,20.2255],[85.3268,20.2265],[85.2874,20.2681],[85.181,20.3385],[85.1048,20.3103],[84.9515,20.3154],[84.9044,20.2807],[85.0198,20.1423],[85.0552,20.1478],[85.1538,20.1402],[85.2623,20.1436],[85.344,20.2255]]]}},{"type":"Feature","properties":{"id":"orissa--ranpur","name":"Ranpur","division":"Orissa","type":"Princely states"},"geometry":{"type":"Polygon","coordinates":[[[85.1562,19.9402],[85.2166,19.9391],[85.2988,19.9116],[85.3246,19.9101],[85.3676,19.9265],[85.38,19.9626],[85.3493,20.0277],[85.3433,20.0875],[85.3237,20.1236],[85.3085,20.1359],[85.269,20.1439],[85.1503,20.1406],[85.1562,19.9402]]]}},{"type":"Feature","properties":{"id":"orissa--puri","name":"Puri","division":"Orissa","type":"British districts"},"geometry":{"type":"Polygon","coordinates":[[[85.4031,19.8854],[85.4497,19.8916],[85.482,19.884],[85.5528,19.8273],[85.5541,19.8092],[85.4974,19.7234],[85.4067,19.6753],[85.4055,19.6557],[85.4346,19.6534],[85.5168,19.6811],[85.5824,19.6881],[85.6497,19.7182],[85.9843,19.8126],[86.2833,19.9664],[86.3319,19.9988],[86.3614,20.0501],[86.3242,20.0591],[86.2656,20.0544],[86.1306,20.0708],[86.0984,20.0813],[85.9929,20.1453],[85.9361,20.1673],[85.9118,20.2162],[85.8682,20.2352],[85.8409,20.3062],[85.7979,20.3231],[85.7523,20.3259],[85.6597,20.2885],[85.5982,20.2781],[85.4273,20.2701],[85.3765,20.2519],[85.2623,20.1436],[85.3085,20.1359],[85.3364,20.104],[85.3493,20.0277],[85.38,19.9626],[85.3676,19.9265],[85.3246,19.9101],[85.2988,19.9116],[85.2166,19.9391],[85.1438,19.9405],[85.0988,19.9081],[85.0946,19.8904],[85.0741,19.8661],[85.0163,19.8304],[85.0518,19.7511],[85.1548,19.6914],[85.1746,19.6941],[85.1848,19.7223],[85.223,19.7632],[85.3593,19.8644],[85.4031,19.8854]]]}},{"type":"Feature","properties":{"id":"orissa--athgarh","name":"Athgarh","division":"Orissa","type":"Princely states"},"geometry":{"type":"Polygon","coordinates":[[[85.8009,20.5106],[85.7232,20.5496],[85.6727,20.5868],[85.6546,20.5851],[85.5918,20.5372],[85.6065,20.5144],[85.5969,20.3865],[85.8009,20.5106]]]}},{"type":"Feature","properties":{"id":"orissa--cuttack","name":"Cuttack","division":"Orissa","type":"British districts"},"geometry":{"type":"MultiPolygon","coordinates":[[[[84.7698,21.0788],[84.6964,21.0963],[84.6608,21.0918],[84.5948,21.0539],[84.5672,21.0197],[84.5892,20.9833],[84.6323,20.9486],[84.6734,20.898],[84.7016,20.8832],[84.7099,20.8562],[84.7126,20.7889],[84.7032,20.7516],[84.6708,20.7175],[84.6624,20.681],[84.6981,20.5948],[84.6618,20.5089],[84.7311,20.4807],[84.7953,20.4799],[84.9246,20.4188],[84.9265,20.435],[84.979,20.4547],[85.0273,20.5029],[85.044,20.5445],[85.0773,20.5917],[85.1117,20.6861],[85.1234,20.7411],[85.1199,20.7631],[85.1094,20.7864],[85.0722,20.816],[84.9251,20.8578],[84.9103,20.8766],[84.8424,21.0376],[84.7984,21.0855],[84.7698,21.0788]]],[[[86.2333,20.9685],[86.202,21.0107],[86.1647,20.9692],[86.1436,20.9559],[86.1254,20.9553],[86.006,20.9956],[85.8991,20.9595],[85.8814,20.9665],[85.8552,21.003],[85.8109,21.0064],[85.7645,20.9823],[85.6747,20.9588],[85.675,20.8588],[85.7049,20.8038],[85.7439,20.7695],[85.771,20.7699],[85.7935,20.8003],[85.837,20.7876],[85.8937,20.8024],[85.9426,20.8014],[85.956,20.7687],[85.9349,20.7269],[85.8857,20.7131],[85.869,20.6901],[85.867,20.6612],[85.8947,20.6184],[85.8936,20.5923],[85.8519,20.5461],[85.6136,20.3926],[85.5238,20.3648],[85.4494,20.3523],[85.3949,20.3131],[85.2966,20.2793],[85.2869,20.2693],[85.292,20.2562],[85.3268,20.2265],[85.344,20.2255],[85.3765,20.2519],[85.4273,20.2701],[85.5982,20.2781],[85.6597,20.2885],[85.7523,20.3259],[85.7979,20.3231],[85.8409,20.3062],[85.8682,20.2352],[85.9118,20.2162],[85.9361,20.1673],[85.9929,20.1453],[86.0984,20.0813],[86.1306,20.0708],[86.2656,20.0544],[86.3242,20.0591],[86.3614,20.0501],[86.4453,20.1394],[86.5496,20.2218],[86.636,20.2726],[86.6721,20.3238],[86.6855,20.3817],[86.6834,20.4111],[86.6659,20.4187],[86.6473,20.3697],[86.5886,20.3292],[86.5692,20.3364],[86.5714,20.398],[86.611,20.4595],[86.6903,20.5324],[86.7252,20.5454],[86.704,20.5999],[86.6657,20.6466],[86.5627,20.7384],[86.481,20.7734],[86.398,20.8432],[86.3764,20.847],[86.3253,20.834],[86.2866,20.836],[86.246,20.8546],[86.2368,20.8746],[86.2333,20.9685]]]]}},{"type":"Feature","properties":{"id":"orissa--koraput","name":"Koraput","division":"Orissa","type":"British districts"},"geometry":{"type":"Polygon","coordinates":[[[83.9659,18.9671],[84.0239,19.0257],[84.056,19.0802],[84.0724,19.1888],[84.0604,19.2682],[84.0287,19.3309],[83.9844,19.4638],[83.9949,19.5038],[83.9937,19.6161],[83.9536,19.6643],[83.7513,19.6829],[83.7095,19.6593],[83.6932,19.6622],[83.6797,19.7048],[83.6793,19.7667],[83.6387,19.8611],[83.5331,19.9833],[83.4811,19.8736],[83.4082,19.8465],[83.4058,19.7862],[83.4423,19.7375],[83.4341,19.6966],[83.3936,19.6409],[83.4025,19.5665],[83.3835,19.5326],[83.3509,19.5263],[83.2934,19.5318],[83.2388,19.4902],[83.2412,19.4061],[83.2524,19.3608],[83.3286,19.3402],[83.3474,19.2981],[83.3458,19.2669],[83.3051,19.2324],[83.2919,19.1939],[83.3114,19.1482],[83.3065,19.0965],[83.2029,19.0137],[83.1575,18.9879],[83.1308,18.9471],[83.0956,18.9465],[83.0377,19.0323],[83.017,19.0532],[82.9629,19.0805],[82.9545,19.1093],[82.9531,19.1727],[82.9399,19.2096],[82.8908,19.248],[82.8289,19.255],[82.8188,19.2647],[82.7936,19.3491],[82.7814,19.361],[82.7411,19.3656],[82.6933,19.4194],[82.6801,19.4579],[82.6035,19.5324],[82.6116,19.7236],[82.552,19.7677],[82.5172,19.7739],[82.4818,19.7683],[82.4096,19.8069],[82.3272,19.8709],[82.2083,19.9067],[82.1136,20.008],[82.0571,20.0376],[82.0046,20.0456],[81.9384,20.0268],[81.9156,19.9945],[81.9109,19.9459],[81.9411,19.8888],[81.9578,19.8692],[82.044,19.8277],[82.1355,19.7694],[82.162,19.7434],[82.1767,19.7084],[82.1678,19.6778],[82.094,19.5679],[82.0913,19.5062],[82.1142,19.4589],[82.1363,19.4474],[82.1876,19.4453],[82.2305,19.4246],[82.2362,19.3852],[82.2297,19.2951],[82.1978,19.185],[82.1963,19.1523],[82.2043,19.1291],[82.243,19.0863],[82.2441,19.0092],[82.2731,18.9183],[82.2719,18.8912],[82.2529,18.8677],[82.1978,18.8385],[82.1827,18.802],[82.1968,18.7102],[82.1761,18.6818],[82.1568,18.6676],[82.0227,18.6449],[81.9585,18.6109],[81.9435,18.5915],[81.9478,18.5514],[81.9892,18.5399],[82.0475,18.5377],[82.0649,18.5249],[82.0704,18.4784],[82.0349,18.4326],[81.9746,18.3999],[81.9049,18.3768],[81.8924,18.363],[81.8635,18.312],[81.8265,18.1863],[81.7752,18.1546],[81.7141,18.1568],[81.654,18.1253],[81.6328,18.0968],[81.6341,17.9348],[81.6168,17.9104],[81.581,17.8888],[81.5602,17.8517],[81.5592,17.8046],[81.5893,17.7846],[81.6883,17.7774],[81.778,17.7857],[81.905,17.8364],[82.0217,17.9224],[82.1162,17.9746],[82.2481,17.9939],[82.3675,18.0008],[82.4109,18.0284],[82.441,18.0652],[82.4428,18.2243],[82.4688,18.2791],[82.4982,18.2993],[82.4998,18.3633],[82.486,18.4185],[82.5022,18.5045],[82.5456,18.5016],[82.6259,18.3476],[82.648,18.3123],[82.6695,18.2936],[82.7262,18.2842],[82.8748,18.2995],[82.8853,18.4212],[82.8976,18.4456],[82.925,18.4469],[82.9633,18.3871],[82.99,18.3741],[83.0614,18.3592],[83.0942,18.3709],[83.1151,18.3913],[83.1163,18.4174],[83.0616,18.4695],[83.0348,18.5086],[83.0415,18.544],[83.0594,18.5811],[83.1573,18.7299],[83.2062,18.787],[83.2461,18.8149],[83.3506,18.8375],[83.3801,18.8551],[83.3788,19.0034],[83.4196,19.0205],[83.455,19.007],[83.475,18.9824],[83.4984,18.9765],[83.5074,18.9832],[83.5213,19.011],[83.5189,19.1107],[83.5475,19.1319],[83.6166,19.1192],[83.6679,19.1464],[83.7026,19.1412],[83.73,19.0948],[83.7421,18.945],[83.753,18.9172],[83.7733,18.9009],[83.8094,18.9003],[83.9252,18.9705],[83.9659,18.9671]]]}},{"type":"Feature","properties":{"id":"madras--vizagapatam","name":"Vizagapatam","division":"Madras","type":"British districts"},"geometry":{"type":"Polygon","coordinates":[[[82.4405,17.24],[82.5032,17.1895],[82.5528,17.2264],[82.6178,17.2601],[82.6479,17.2909],[82.6803,17.308],[82.7601,17.3318],[82.8122,17.3664],[83.0163,17.4427],[83.1187,17.5081],[83.2567,17.6696],[83.4424,17.9384],[83.5016,18.0091],[83.804,18.1539],[83.9186,18.2234],[83.9625,18.2575],[84.0783,18.3847],[84.1056,18.4282],[84.2114,18.4853],[84.2493,18.5261],[84.2614,18.5667],[84.2952,18.6184],[84.3827,18.6942],[84.4379,18.7575],[84.4701,18.7678],[84.51,18.8455],[84.651,18.9989],[84.6598,19.027],[84.6566,19.0693],[84.6689,19.1],[84.596,19.1082],[84.5387,19.084],[84.4093,18.9961],[84.3982,18.8878],[84.3831,18.8625],[84.3509,18.8429],[84.3112,18.8437],[84.2511,18.8586],[84.1188,18.8249],[84.0759,18.8365],[84.0531,18.8518],[84.0046,18.9442],[83.9588,18.9713],[83.9252,18.9705],[83.8094,18.9003],[83.7733,18.9009],[83.753,18.9172],[83.7421,18.945],[83.73,19.0948],[83.7026,19.1412],[83.6679,19.1464],[83.6166,19.1192],[83.5475,19.1319],[83.5189,19.1107],[83.5213,19.011],[83.5074,18.9832],[83.4984,18.9765],[83.475,18.9824],[83.455,19.007],[83.4196,19.0205],[83.3788,19.0034],[83.3801,18.8551],[83.3506,18.8375],[83.2461,18.8149],[83.2062,18.787],[83.1573,18.7299],[83.0594,18.5811],[83.0415,18.544],[83.0348,18.5086],[83.0616,18.4695],[83.1163,18.4174],[83.1151,18.3913],[83.0942,18.3709],[83.0614,18.3592],[82.99,18.3741],[82.9633,18.3871],[82.925,18.4469],[82.8976,18.4456],[82.8853,18.4212],[82.8748,18.2995],[82.7262,18.2842],[82.6695,18.2936],[82.648,18.3123],[82.6259,18.3476],[82.5456,18.5016],[82.5022,18.5045],[82.486,18.4185],[82.4998,18.3633],[82.4982,18.2993],[82.4688,18.2791],[82.4428,18.2243],[82.441,18.0652],[82.4109,18.0284],[82.3675,18.0008],[82.2481,17.9939],[82.1162,17.9746],[82.0217,17.9224],[81.9563,17.8745],[81.9773,17.8217],[81.975,17.7636],[81.9596,17.7499],[81.9385,17.7494],[81.8978,17.6914],[81.941,17.6198],[82.0485,17.6136],[82.0748,17.5877],[82.0811,17.5672],[82.1693,17.5283],[82.223,17.4475],[82.2479,17.4385],[82.3615,17.4319],[82.3946,17.4193],[82.424,17.3873],[82.4244,17.2634],[82.4405,17.24]]]}}]}